               H2-H2      2400      6000   2053    120 4.560E-45 1.000                            44
 2400.0000  9.2300E-48
 2401.0000  9.2100E-48
 2402.0000  9.2000E-48
 2403.0000  9.1600E-48
 2404.0000  9.1000E-48
 2405.0000  9.0300E-48
 2406.0000  9.0100E-48
 2407.0000  8.9700E-48
 2408.0000  8.9500E-48
 2409.0000  8.9000E-48
 2410.0000  8.8300E-48
 2411.0000  8.8400E-48
 2412.0000  8.8200E-48
 2413.0000  8.7800E-48
 2414.0000  8.7300E-48
 2415.0000  8.7700E-48
 2416.0000  8.6700E-48
 2417.0000  8.6500E-48
 2418.0000  8.6400E-48
 2419.0000  8.4600E-48
 2420.0000  8.4400E-48
 2421.0000  8.4500E-48
 2422.0000  8.3500E-48
 2423.0000  8.3300E-48
 2424.0000  8.2800E-48
 2425.0000  8.1800E-48
 2426.0000  8.2400E-48
 2427.0000  8.2400E-48
 2428.0000  8.2200E-48
 2429.0000  8.0100E-48
 2430.0000  8.0300E-48
 2431.0000  8.1300E-48
 2432.0000  8.0000E-48
 2433.0000  7.9900E-48
 2434.0000  7.9900E-48
 2435.0000  7.8300E-48
 2436.0000  7.7900E-48
 2437.0000  7.8800E-48
 2438.0000  7.7800E-48
 2439.0000  7.6800E-48
 2440.0000  7.7100E-48
 2441.0000  7.6300E-48
 2442.0000  7.5100E-48
 2443.0000  7.6100E-48
 2444.0000  7.5600E-48
 2445.0000  7.5600E-48
 2446.0000  7.6200E-48
 2447.0000  7.5100E-48
 2448.0000  7.3900E-48
 2449.0000  7.3200E-48
 2450.0000  7.3200E-48
 2451.0000  7.2100E-48
 2452.0000  7.2400E-48
 2453.0000  7.3300E-48
 2454.0000  7.2900E-48
 2455.0000  7.1900E-48
 2456.0000  7.0400E-48
 2457.0000  7.0300E-48
 2458.0000  7.0400E-48
 2459.0000  7.0000E-48
 2460.0000  7.0000E-48
 2461.0000  6.9600E-48
 2462.0000  6.8400E-48
 2463.0000  6.8200E-48
 2464.0000  6.8000E-48
 2465.0000  6.8600E-48
 2466.0000  6.8400E-48
 2467.0000  6.7400E-48
 2468.0000  6.6500E-48
 2469.0000  6.6300E-48
 2470.0000  6.6200E-48
 2471.0000  6.5600E-48
 2472.0000  6.4800E-48
 2473.0000  6.3900E-48
 2474.0000  6.3600E-48
 2475.0000  6.4000E-48
 2476.0000  6.3500E-48
 2477.0000  6.2400E-48
 2478.0000  6.2400E-48
 2479.0000  6.2100E-48
 2480.0000  6.1400E-48
 2481.0000  6.1600E-48
 2482.0000  6.2200E-48
 2483.0000  6.1300E-48
 2484.0000  6.0900E-48
 2485.0000  5.9800E-48
 2486.0000  5.9300E-48
 2487.0000  5.9300E-48
 2488.0000  5.9400E-48
 2489.0000  5.9400E-48
 2490.0000  5.8000E-48
 2491.0000  5.7100E-48
 2492.0000  5.6300E-48
 2493.0000  5.4600E-48
 2494.0000  5.4900E-48
 2495.0000  5.6400E-48
 2496.0000  5.4500E-48
 2497.0000  5.3400E-48
 2498.0000  5.4200E-48
 2499.0000  5.2900E-48
 2500.0000  5.1400E-48
 2501.0000  5.2300E-48
 2502.0000  5.0600E-48
 2503.0000  4.9900E-48
 2504.0000  5.0100E-48
 2505.0000  4.9200E-48
 2506.0000  4.8900E-48
 2507.0000  4.8800E-48
 2508.0000  4.9300E-48
 2509.0000  4.9000E-48
 2510.0000  4.8300E-48
 2511.0000  4.8100E-48
 2512.0000  4.6400E-48
 2513.0000  4.6100E-48
 2514.0000  4.7000E-48
 2515.0000  4.6400E-48
 2516.0000  4.6100E-48
 2517.0000  4.6100E-48
 2518.0000  4.5600E-48
 2519.0000  4.4100E-48
 2520.0000  4.3700E-48
 2521.0000  4.3600E-48
 2522.0000  4.3800E-48
 2523.0000  4.3900E-48
 2524.0000  4.4000E-48
 2525.0000  4.3500E-48
 2526.0000  4.3400E-48
 2527.0000  4.2600E-48
 2528.0000  4.2600E-48
 2529.0000  4.1800E-48
 2530.0000  4.2200E-48
 2531.0000  4.2000E-48
 2532.0000  4.1000E-48
 2533.0000  4.1600E-48
 2534.0000  4.1200E-48
 2535.0000  4.0700E-48
 2536.0000  4.1000E-48
 2537.0000  4.1800E-48
 2538.0000  4.0300E-48
 2539.0000  3.9700E-48
 2540.0000  3.9700E-48
 2541.0000  3.8800E-48
 2542.0000  3.8600E-48
 2543.0000  3.8900E-48
 2544.0000  3.9300E-48
 2545.0000  3.8300E-48
 2546.0000  3.7800E-48
 2547.0000  3.7400E-48
 2548.0000  3.7200E-48
 2549.0000  3.8000E-48
 2550.0000  3.8600E-48
 2551.0000  3.7800E-48
 2552.0000  3.7700E-48
 2553.0000  3.7400E-48
 2554.0000  3.7000E-48
 2555.0000  3.5700E-48
 2556.0000  3.4500E-48
 2557.0000  3.4500E-48
 2558.0000  3.5000E-48
 2559.0000  3.5500E-48
 2560.0000  3.4700E-48
 2561.0000  3.4900E-48
 2562.0000  3.3400E-48
 2563.0000  3.2300E-48
 2564.0000  3.2600E-48
 2565.0000  3.3200E-48
 2566.0000  3.2900E-48
 2567.0000  3.1700E-48
 2568.0000  3.0200E-48
 2569.0000  3.1100E-48
 2570.0000  3.0400E-48
 2571.0000  2.9400E-48
 2572.0000  2.9200E-48
 2573.0000  2.9300E-48
 2574.0000  2.9000E-48
 2575.0000  2.8700E-48
 2576.0000  2.7800E-48
 2577.0000  2.7200E-48
 2578.0000  2.6800E-48
 2579.0000  2.7100E-48
 2580.0000  2.6600E-48
 2581.0000  2.5200E-48
 2582.0000  2.5300E-48
 2583.0000  2.5100E-48
 2584.0000  2.4500E-48
 2585.0000  2.4500E-48
 2586.0000  2.4200E-48
 2587.0000  2.3700E-48
 2588.0000  2.3800E-48
 2589.0000  2.3500E-48
 2590.0000  2.3500E-48
 2591.0000  2.2800E-48
 2592.0000  2.1800E-48
 2593.0000  2.0900E-48
 2594.0000  2.1000E-48
 2595.0000  2.1100E-48
 2596.0000  2.0900E-48
 2597.0000  2.0700E-48
 2598.0000  2.0400E-48
 2599.0000  1.9400E-48
 2600.0000  1.8300E-48
 2601.0000  1.8800E-48
 2602.0000  1.8500E-48
 2603.0000  1.6900E-48
 2604.0000  1.5800E-48
 2605.0000  1.6200E-48
 2606.0000  1.6700E-48
 2607.0000  1.6200E-48
 2608.0000  1.6400E-48
 2609.0000  1.5200E-48
 2610.0000  1.4700E-48
 2611.0000  1.4100E-48
 2612.0000  1.3500E-48
 2613.0000  1.2700E-48
 2614.0000  1.2500E-48
 2615.0000  1.2900E-48
 2616.0000  1.2500E-48
 2617.0000  1.4000E-48
 2618.0000  1.2600E-48
 2619.0000  1.0600E-48
 2620.0000  1.1100E-48
 2621.0000  1.1200E-48
 2622.0000  9.9000E-49
 2623.0000  1.0200E-48
 2624.0000  1.0000E-48
 2625.0000  9.2000E-49
 2626.0000  9.7000E-49
 2627.0000  9.8000E-49
 2628.0000  8.1000E-49
 2629.0000  7.9000E-49
 2630.0000  7.7000E-49
 2631.0000  6.6000E-49
 2632.0000  6.6000E-49
 2633.0000  7.4000E-49
 2634.0000  7.0000E-49
 2635.0000  6.5000E-49
 2636.0000  7.0000E-49
 2637.0000  6.7000E-49
 2638.0000  5.3000E-49
 2639.0000  4.8000E-49
 2640.0000  5.4000E-49
 2641.0000  4.0000E-49
 2642.0000  3.5000E-49
 2643.0000  4.5000E-49
 2644.0000  3.9000E-49
 2645.0000  3.5000E-49
 2646.0000  3.2000E-49
 2647.0000  1.9000E-49
 2648.0000  2.3000E-49
 2649.0000  1.7000E-49
 2650.0000  2.1000E-49
 2651.0000  1.3000E-49
 2652.0000  4.0000E-50
 2653.0000  9.0000E-50
 2654.0000  1.9000E-49
 2655.0000  1.0000E-49
 2656.0000  0.0000E+00
 2657.0000  0.0000E+00
 2658.0000  0.0000E+00
 2659.0000  0.0000E+00
 2660.0000  0.0000E+00
 2661.0000  0.0000E+00
 2662.0000  0.0000E+00
 2663.0000  0.0000E+00
 2664.0000  0.0000E+00
 2665.0000  0.0000E+00
 2666.0000  0.0000E+00
 2667.0000  0.0000E+00
 2668.0000  0.0000E+00
 2669.0000  0.0000E+00
 2670.0000  0.0000E+00
 2671.0000  0.0000E+00
 2672.0000  0.0000E+00
 2673.0000  0.0000E+00
 2674.0000  0.0000E+00
 2675.0000  0.0000E+00
 2676.0000  0.0000E+00
 2677.0000  0.0000E+00
 2678.0000  0.0000E+00
 2679.0000  0.0000E+00
 2680.0000  0.0000E+00
 2681.0000  0.0000E+00
 2682.0000  0.0000E+00
 2683.0000  0.0000E+00
 2684.0000  0.0000E+00
 2685.0000  0.0000E+00
 2686.0000  0.0000E+00
 2687.0000  0.0000E+00
 2688.0000  0.0000E+00
 2689.0000  0.0000E+00
 2690.0000  0.0000E+00
 2691.0000  0.0000E+00
 2692.0000  0.0000E+00
 2693.0000  0.0000E+00
 2694.0000  0.0000E+00
 2695.0000  0.0000E+00
 2696.0000  0.0000E+00
 2697.0000  0.0000E+00
 2698.0000  0.0000E+00
 2699.0000  0.0000E+00
 2700.0000  0.0000E+00
 2701.0000  0.0000E+00
 2702.0000  0.0000E+00
 2703.0000  0.0000E+00
 2704.0000  0.0000E+00
 2705.0000  0.0000E+00
 2706.0000  0.0000E+00
 2707.0000  0.0000E+00
 2708.0000  0.0000E+00
 2709.0000  0.0000E+00
 2710.0000  0.0000E+00
 2711.0000  0.0000E+00
 2712.0000  0.0000E+00
 2713.0000  0.0000E+00
 2714.0000  0.0000E+00
 2715.0000  0.0000E+00
 2716.0000  0.0000E+00
 2717.0000  0.0000E+00
 2718.0000  0.0000E+00
 2719.0000  0.0000E+00
 2720.0000  0.0000E+00
 2721.0000  0.0000E+00
 2722.0000  0.0000E+00
 2723.0000  0.0000E+00
 2724.0000  0.0000E+00
 2725.0000  0.0000E+00
 2726.0000  0.0000E+00
 2727.0000  0.0000E+00
 2728.0000  0.0000E+00
 2729.0000  0.0000E+00
 2730.0000  0.0000E+00
 2731.0000  0.0000E+00
 2732.0000  0.0000E+00
 2733.0000  0.0000E+00
 2734.0000  0.0000E+00
 2735.0000  0.0000E+00
 2736.0000  0.0000E+00
 2737.0000  0.0000E+00
 2738.0000  0.0000E+00
 2739.0000  0.0000E+00
 2740.0000  0.0000E+00
 2741.0000  0.0000E+00
 2742.0000  0.0000E+00
 2743.0000  0.0000E+00
 2744.0000  0.0000E+00
 2745.0000  0.0000E+00
 2746.0000  0.0000E+00
 2747.0000  0.0000E+00
 2748.0000  0.0000E+00
 2749.0000  0.0000E+00
 2750.0000  0.0000E+00
 2751.0000  0.0000E+00
 2752.0000  0.0000E+00
 2753.0000  0.0000E+00
 2754.0000  0.0000E+00
 2755.0000  0.0000E+00
 2756.0000  0.0000E+00
 2757.0000  0.0000E+00
 2758.0000  0.0000E+00
 2759.0000  0.0000E+00
 2760.0000  0.0000E+00
 2761.0000  0.0000E+00
 2762.0000  0.0000E+00
 2763.0000  0.0000E+00
 2764.0000  0.0000E+00
 2765.0000  0.0000E+00
 2766.0000  0.0000E+00
 2767.0000  0.0000E+00
 2768.0000  0.0000E+00
 2769.0000  0.0000E+00
 2770.0000  0.0000E+00
 2771.0000  0.0000E+00
 2772.0000  0.0000E+00
 2773.0000  0.0000E+00
 2774.0000  0.0000E+00
 2775.0000  0.0000E+00
 2776.0000  0.0000E+00
 2777.0000  0.0000E+00
 2778.0000  0.0000E+00
 2779.0000  0.0000E+00
 2780.0000  0.0000E+00
 2781.0000  0.0000E+00
 2782.0000  0.0000E+00
 2783.0000  0.0000E+00
 2784.0000  0.0000E+00
 2785.0000  0.0000E+00
 2786.0000  0.0000E+00
 2787.0000  0.0000E+00
 2788.0000  0.0000E+00
 2789.0000  0.0000E+00
 2790.0000  0.0000E+00
 2791.0000  0.0000E+00
 2792.0000  0.0000E+00
 2793.0000  0.0000E+00
 2794.0000  0.0000E+00
 2795.0000  0.0000E+00
 2796.0000  0.0000E+00
 2797.0000  0.0000E+00
 2798.0000  0.0000E+00
 2799.0000  0.0000E+00
 2800.0000  0.0000E+00
 3900.0000  6.0790E-47
 3901.0000  4.4260E-47
 3902.0000  6.2280E-47
 3903.0000  5.5660E-47
 3904.0000  5.8230E-47
 3905.0000  6.3510E-47
 3906.0000  5.6780E-47
 3907.0000  5.1630E-47
 3908.0000  4.7700E-47
 3909.0000  4.8620E-47
 3910.0000  4.9690E-47
 3911.0000  5.0330E-47
 3912.0000  5.0920E-47
 3913.0000  5.1920E-47
 3914.0000  5.3200E-47
 3915.0000  5.4120E-47
 3916.0000  5.6480E-47
 3917.0000  6.4780E-47
 3918.0000  6.4950E-47
 3919.0000  5.7930E-47
 3920.0000  6.5550E-47
 3921.0000  6.5960E-47
 3922.0000  6.1390E-47
 3923.0000  6.3670E-47
 3924.0000  6.9400E-47
 3925.0000  7.5920E-47
 3926.0000  7.2240E-47
 3927.0000  6.7380E-47
 3928.0000  6.8750E-47
 3929.0000  7.5160E-47
 3930.0000  7.9080E-47
 3931.0000  7.5900E-47
 3932.0000  7.8130E-47
 3933.0000  8.3890E-47
 3934.0000  7.9580E-47
 3935.0000  8.0670E-47
 3936.0000  8.1360E-47
 3937.0000  8.2230E-47
 3938.0000  8.3750E-47
 3939.0000  8.6280E-47
 3940.0000  8.7570E-47
 3941.0000  8.9200E-47
 3942.0000  9.1360E-47
 3943.0000  1.0117E-46
 3944.0000  9.7280E-47
 3945.0000  9.7690E-47
 3946.0000  9.8760E-47
 3947.0000  1.0128E-46
 3948.0000  1.0638E-46
 3949.0000  1.0597E-46
 3950.0000  1.1105E-46
 3951.0000  1.1249E-46
 3952.0000  1.1117E-46
 3953.0000  1.1532E-46
 3954.0000  1.1704E-46
 3955.0000  1.1796E-46
 3956.0000  1.2111E-46
 3957.0000  1.2416E-46
 3958.0000  1.2606E-46
 3959.0000  1.2790E-46
 3960.0000  1.3069E-46
 3961.0000  1.3303E-46
 3962.0000  1.3793E-46
 3963.0000  1.3995E-46
 3964.0000  1.4157E-46
 3965.0000  1.4469E-46
 3966.0000  1.4748E-46
 3967.0000  1.5049E-46
 3968.0000  1.5344E-46
 3969.0000  1.5675E-46
 3970.0000  1.5985E-46
 3971.0000  1.6268E-46
 3972.0000  1.6690E-46
 3973.0000  1.7120E-46
 3974.0000  1.7430E-46
 3975.0000  1.7710E-46
 3976.0000  1.8030E-46
 3977.0000  1.8410E-46
 3978.0000  1.8770E-46
 3979.0000  1.9140E-46
 3980.0000  1.9530E-46
 3981.0000  1.9900E-46
 3982.0000  2.0380E-46
 3983.0000  2.0890E-46
 3984.0000  2.1170E-46
 3985.0000  2.1590E-46
 3986.0000  2.1960E-46
 3987.0000  2.2390E-46
 3988.0000  2.2900E-46
 3989.0000  2.3280E-46
 3990.0000  2.3740E-46
 3991.0000  2.4310E-46
 3992.0000  2.4780E-46
 3993.0000  2.5250E-46
 3994.0000  2.5740E-46
 3995.0000  2.6420E-46
 3996.0000  2.6900E-46
 3997.0000  2.7310E-46
 3998.0000  2.7810E-46
 3999.0000  2.8410E-46
 4000.0000  2.9030E-46
 4001.0000  2.9620E-46
 4002.0000  3.0170E-46
 4003.0000  3.0750E-46
 4004.0000  3.1390E-46
 4005.0000  3.1990E-46
 4006.0000  3.2660E-46
 4007.0000  3.3320E-46
 4008.0000  3.3990E-46
 4009.0000  3.4830E-46
 4010.0000  3.5300E-46
 4011.0000  3.6020E-46
 4012.0000  3.6760E-46
 4013.0000  3.7520E-46
 4014.0000  3.8200E-46
 4015.0000  3.8930E-46
 4016.0000  3.9650E-46
 4017.0000  4.0440E-46
 4018.0000  4.1300E-46
 4019.0000  4.2190E-46
 4020.0000  4.3050E-46
 4021.0000  4.3790E-46
 4022.0000  4.4660E-46
 4023.0000  4.5530E-46
 4024.0000  4.6470E-46
 4025.0000  4.7460E-46
 4026.0000  4.8430E-46
 4027.0000  4.9220E-46
 4028.0000  5.0170E-46
 4029.0000  5.1160E-46
 4030.0000  5.2190E-46
 4031.0000  5.3190E-46
 4032.0000  5.4230E-46
 4033.0000  5.5280E-46
 4034.0000  5.6320E-46
 4035.0000  5.7450E-46
 4036.0000  5.8590E-46
 4037.0000  5.9750E-46
 4038.0000  6.0850E-46
 4039.0000  6.2050E-46
 4040.0000  6.3290E-46
 4041.0000  6.4560E-46
 4042.0000  6.5850E-46
 4043.0000  6.7090E-46
 4044.0000  6.8440E-46
 4045.0000  6.9910E-46
 4046.0000  7.1150E-46
 4047.0000  7.2460E-46
 4048.0000  7.3900E-46
 4049.0000  7.5290E-46
 4050.0000  7.6670E-46
 4051.0000  7.8220E-46
 4052.0000  7.9800E-46
 4053.0000  8.1330E-46
 4054.0000  8.2880E-46
 4055.0000  8.4520E-46
 4056.0000  8.6150E-46
 4057.0000  8.7830E-46
 4058.0000  8.9590E-46
 4059.0000  9.1260E-46
 4060.0000  9.3080E-46
 4061.0000  9.4900E-46
 4062.0000  9.6700E-46
 4063.0000  9.8600E-46
 4064.0000  1.0045E-45
 4065.0000  1.0238E-45
 4066.0000  1.0439E-45
 4067.0000  1.0639E-45
 4068.0000  1.0842E-45
 4069.0000  1.1051E-45
 4070.0000  1.1264E-45
 4071.0000  1.1482E-45
 4072.0000  1.1701E-45
 4073.0000  1.1930E-45
 4074.0000  1.2169E-45
 4075.0000  1.2404E-45
 4076.0000  1.2632E-45
 4077.0000  1.2869E-45
 4078.0000  1.3112E-45
 4079.0000  1.3369E-45
 4080.0000  1.3632E-45
 4081.0000  1.3885E-45
 4082.0000  1.4149E-45
 4083.0000  1.4421E-45
 4084.0000  1.4697E-45
 4085.0000  1.4979E-45
 4086.0000  1.5266E-45
 4087.0000  1.5554E-45
 4088.0000  1.5848E-45
 4089.0000  1.6147E-45
 4090.0000  1.6445E-45
 4091.0000  1.6759E-45
 4092.0000  1.7072E-45
 4093.0000  1.7393E-45
 4094.0000  1.7721E-45
 4095.0000  1.8047E-45
 4096.0000  1.8388E-45
 4097.0000  1.8732E-45
 4098.0000  1.9080E-45
 4099.0000  1.9433E-45
 4100.0000  1.9793E-45
 4101.0000  2.0155E-45
 4102.0000  2.0523E-45
 4103.0000  2.0902E-45
 4104.0000  2.1285E-45
 4105.0000  2.1670E-45
 4106.0000  2.2070E-45
 4107.0000  2.2463E-45
 4108.0000  2.2861E-45
 4109.0000  2.3268E-45
 4110.0000  2.3691E-45
 4111.0000  2.4110E-45
 4112.0000  2.4531E-45
 4113.0000  2.4957E-45
 4114.0000  2.5398E-45
 4115.0000  2.5839E-45
 4116.0000  2.6279E-45
 4117.0000  2.6730E-45
 4118.0000  2.7182E-45
 4119.0000  2.7644E-45
 4120.0000  2.8103E-45
 4121.0000  2.8564E-45
 4122.0000  2.9039E-45
 4123.0000  2.9506E-45
 4124.0000  2.9981E-45
 4125.0000  3.0452E-45
 4126.0000  3.0936E-45
 4127.0000  3.1415E-45
 4128.0000  3.1903E-45
 4129.0000  3.2390E-45
 4130.0000  3.2863E-45
 4131.0000  3.3352E-45
 4132.0000  3.3834E-45
 4133.0000  3.4315E-45
 4134.0000  3.4801E-45
 4135.0000  3.5277E-45
 4136.0000  3.5748E-45
 4137.0000  3.6210E-45
 4138.0000  3.6671E-45
 4139.0000  3.7133E-45
 4140.0000  3.7583E-45
 4141.0000  3.8014E-45
 4142.0000  3.8404E-45
 4143.0000  3.8758E-45
 4144.0000  3.9188E-45
 4145.0000  3.9670E-45
 4146.0000  4.0100E-45
 4147.0000  4.0500E-45
 4148.0000  4.0880E-45
 4149.0000  4.1260E-45
 4150.0000  4.1630E-45
 4151.0000  4.1930E-45
 4152.0000  4.2050E-45
 4153.0000  4.1680E-45
 4154.0000  3.9760E-45
 4155.0000  3.6815E-45
 4156.0000  3.8417E-45
 4157.0000  4.1690E-45
 4158.0000  4.3060E-45
 4159.0000  4.3450E-45
 4160.0000  4.3110E-45
 4161.0000  4.2430E-45
 4162.0000  4.3180E-45
 4163.0000  4.4220E-45
 4164.0000  4.4710E-45
 4165.0000  4.4960E-45
 4166.0000  4.5130E-45
 4167.0000  4.5250E-45
 4168.0000  4.5340E-45
 4169.0000  4.5440E-45
 4170.0000  4.5510E-45
 4171.0000  4.5560E-45
 4172.0000  4.5580E-45
 4173.0000  4.5600E-45
 4174.0000  4.5600E-45
 4175.0000  4.5590E-45
 4176.0000  4.5580E-45
 4177.0000  4.5540E-45
 4178.0000  4.5500E-45
 4179.0000  4.5430E-45
 4180.0000  4.5360E-45
 4181.0000  4.5280E-45
 4182.0000  4.5190E-45
 4183.0000  4.5100E-45
 4184.0000  4.4990E-45
 4185.0000  4.4870E-45
 4186.0000  4.4750E-45
 4187.0000  4.4620E-45
 4188.0000  4.4470E-45
 4189.0000  4.4330E-45
 4190.0000  4.4190E-45
 4191.0000  4.4020E-45
 4192.0000  4.3870E-45
 4193.0000  4.3710E-45
 4194.0000  4.3540E-45
 4195.0000  4.3380E-45
 4196.0000  4.3200E-45
 4197.0000  4.3020E-45
 4198.0000  4.2820E-45
 4199.0000  4.2630E-45
 4200.0000  4.2440E-45
 4201.0000  4.2260E-45
 4202.0000  4.2070E-45
 4203.0000  4.1880E-45
 4204.0000  4.1670E-45
 4205.0000  4.1470E-45
 4206.0000  4.1270E-45
 4207.0000  4.1070E-45
 4208.0000  4.0870E-45
 4209.0000  4.0660E-45
 4210.0000  4.0460E-45
 4211.0000  4.0260E-45
 4212.0000  4.0050E-45
 4213.0000  3.9850E-45
 4214.0000  3.9640E-45
 4215.0000  3.9440E-45
 4216.0000  3.9230E-45
 4217.0000  3.9020E-45
 4218.0000  3.8811E-45
 4219.0000  3.8612E-45
 4220.0000  3.8406E-45
 4221.0000  3.8200E-45
 4222.0000  3.7997E-45
 4223.0000  3.7788E-45
 4224.0000  3.7578E-45
 4225.0000  3.7375E-45
 4226.0000  3.7175E-45
 4227.0000  3.6969E-45
 4228.0000  3.6765E-45
 4229.0000  3.6561E-45
 4230.0000  3.6365E-45
 4231.0000  3.6159E-45
 4232.0000  3.5955E-45
 4233.0000  3.5746E-45
 4234.0000  3.5562E-45
 4235.0000  3.5369E-45
 4236.0000  3.5181E-45
 4237.0000  3.4982E-45
 4238.0000  3.4786E-45
 4239.0000  3.4589E-45
 4240.0000  3.4397E-45
 4241.0000  3.4213E-45
 4242.0000  3.4018E-45
 4243.0000  3.3832E-45
 4244.0000  3.3642E-45
 4245.0000  3.3441E-45
 4246.0000  3.3261E-45
 4247.0000  3.3080E-45
 4248.0000  3.2893E-45
 4249.0000  3.2699E-45
 4250.0000  3.2517E-45
 4251.0000  3.2347E-45
 4252.0000  3.2177E-45
 4253.0000  3.1990E-45
 4254.0000  3.1809E-45
 4255.0000  3.1621E-45
 4256.0000  3.1448E-45
 4257.0000  3.1275E-45
 4258.0000  3.1102E-45
 4259.0000  3.0928E-45
 4260.0000  3.0749E-45
 4261.0000  3.0583E-45
 4262.0000  3.0412E-45
 4263.0000  3.0235E-45
 4264.0000  3.0072E-45
 4265.0000  2.9907E-45
 4266.0000  2.9749E-45
 4267.0000  2.9581E-45
 4268.0000  2.9407E-45
 4269.0000  2.9241E-45
 4270.0000  2.9087E-45
 4271.0000  2.8928E-45
 4272.0000  2.8766E-45
 4273.0000  2.8608E-45
 4274.0000  2.8446E-45
 4275.0000  2.8286E-45
 4276.0000  2.8135E-45
 4277.0000  2.7979E-45
 4278.0000  2.7830E-45
 4279.0000  2.7676E-45
 4280.0000  2.7521E-45
 4281.0000  2.7371E-45
 4282.0000  2.7226E-45
 4283.0000  2.7083E-45
 4284.0000  2.6925E-45
 4285.0000  2.6777E-45
 4286.0000  2.6639E-45
 4287.0000  2.6493E-45
 4288.0000  2.6354E-45
 4289.0000  2.6202E-45
 4290.0000  2.6057E-45
 4291.0000  2.5917E-45
 4292.0000  2.5778E-45
 4293.0000  2.5647E-45
 4294.0000  2.5500E-45
 4295.0000  2.5361E-45
 4296.0000  2.5223E-45
 4297.0000  2.5090E-45
 4298.0000  2.4961E-45
 4299.0000  2.4820E-45
 4300.0000  2.4682E-45
 4301.0000  2.4557E-45
 4302.0000  2.4425E-45
 4303.0000  2.4298E-45
 4304.0000  2.4165E-45
 4305.0000  2.4037E-45
 4306.0000  2.3916E-45
 4307.0000  2.3788E-45
 4308.0000  2.3663E-45
 4309.0000  2.3539E-45
 4310.0000  2.3406E-45
 4311.0000  2.3282E-45
 4312.0000  2.3166E-45
 4313.0000  2.3054E-45
 4314.0000  2.2931E-45
 4315.0000  2.2807E-45
 4316.0000  2.2693E-45
 4317.0000  2.2573E-45
 4318.0000  2.2456E-45
 4319.0000  2.2346E-45
 4320.0000  2.2233E-45
 4321.0000  2.2125E-45
 4322.0000  2.2002E-45
 4323.0000  2.1882E-45
 4324.0000  2.1766E-45
 4325.0000  2.1655E-45
 4326.0000  2.1552E-45
 4327.0000  2.1451E-45
 4328.0000  2.1345E-45
 4329.0000  2.1238E-45
 4330.0000  2.1134E-45
 4331.0000  2.1036E-45
 4332.0000  2.0931E-45
 4333.0000  2.0821E-45
 4334.0000  2.0715E-45
 4335.0000  2.0613E-45
 4336.0000  2.0516E-45
 4337.0000  2.0424E-45
 4338.0000  2.0323E-45
 4339.0000  2.0217E-45
 4340.0000  2.0125E-45
 4341.0000  2.0028E-45
 4342.0000  1.9937E-45
 4343.0000  1.9842E-45
 4344.0000  1.9747E-45
 4345.0000  1.9666E-45
 4346.0000  1.9572E-45
 4347.0000  1.9474E-45
 4348.0000  1.9387E-45
 4349.0000  1.9307E-45
 4350.0000  1.9217E-45
 4351.0000  1.9135E-45
 4352.0000  1.9050E-45
 4353.0000  1.8967E-45
 4354.0000  1.8884E-45
 4355.0000  1.8799E-45
 4356.0000  1.8721E-45
 4357.0000  1.8651E-45
 4358.0000  1.8577E-45
 4359.0000  1.8485E-45
 4360.0000  1.8412E-45
 4361.0000  1.8338E-45
 4362.0000  1.8265E-45
 4363.0000  1.8183E-45
 4364.0000  1.8119E-45
 4365.0000  1.8051E-45
 4366.0000  1.7979E-45
 4367.0000  1.7912E-45
 4368.0000  1.7859E-45
 4369.0000  1.7786E-45
 4370.0000  1.7721E-45
 4371.0000  1.7664E-45
 4372.0000  1.7608E-45
 4373.0000  1.7539E-45
 4374.0000  1.7477E-45
 4375.0000  1.7420E-45
 4376.0000  1.7366E-45
 4377.0000  1.7319E-45
 4378.0000  1.7263E-45
 4379.0000  1.7209E-45
 4380.0000  1.7163E-45
 4381.0000  1.7108E-45
 4382.0000  1.7065E-45
 4383.0000  1.7021E-45
 4384.0000  1.6978E-45
 4385.0000  1.6932E-45
 4386.0000  1.6894E-45
 4387.0000  1.6856E-45
 4388.0000  1.6820E-45
 4389.0000  1.6779E-45
 4390.0000  1.6743E-45
 4391.0000  1.6709E-45
 4392.0000  1.6692E-45
 4393.0000  1.6661E-45
 4394.0000  1.6624E-45
 4395.0000  1.6604E-45
 4396.0000  1.6578E-45
 4397.0000  1.6559E-45
 4398.0000  1.6536E-45
 4399.0000  1.6523E-45
 4400.0000  1.6508E-45
 4401.0000  1.6494E-45
 4402.0000  1.6484E-45
 4403.0000  1.6470E-45
 4404.0000  1.6468E-45
 4405.0000  1.6467E-45
 4406.0000  1.6467E-45
 4407.0000  1.6459E-45
 4408.0000  1.6458E-45
 4409.0000  1.6466E-45
 4410.0000  1.6471E-45
 4411.0000  1.6477E-45
 4412.0000  1.6484E-45
 4413.0000  1.6507E-45
 4414.0000  1.6529E-45
 4415.0000  1.6551E-45
 4416.0000  1.6568E-45
 4417.0000  1.6588E-45
 4418.0000  1.6619E-45
 4419.0000  1.6651E-45
 4420.0000  1.6674E-45
 4421.0000  1.6711E-45
 4422.0000  1.6759E-45
 4423.0000  1.6796E-45
 4424.0000  1.6841E-45
 4425.0000  1.6902E-45
 4426.0000  1.6954E-45
 4427.0000  1.6996E-45
 4428.0000  1.7054E-45
 4429.0000  1.7128E-45
 4430.0000  1.7190E-45
 4431.0000  1.7254E-45
 4432.0000  1.7323E-45
 4433.0000  1.7388E-45
 4434.0000  1.7466E-45
 4435.0000  1.7550E-45
 4436.0000  1.7636E-45
 4437.0000  1.7724E-45
 4438.0000  1.7822E-45
 4439.0000  1.7921E-45
 4440.0000  1.8009E-45
 4441.0000  1.8116E-45
 4442.0000  1.8225E-45
 4443.0000  1.8343E-45
 4444.0000  1.8455E-45
 4445.0000  1.8569E-45
 4446.0000  1.8700E-45
 4447.0000  1.8823E-45
 4448.0000  1.8954E-45
 4449.0000  1.9091E-45
 4450.0000  1.9225E-45
 4451.0000  1.9366E-45
 4452.0000  1.9519E-45
 4453.0000  1.9664E-45
 4454.0000  1.9824E-45
 4455.0000  1.9984E-45
 4456.0000  2.0143E-45
 4457.0000  2.0313E-45
 4458.0000  2.0483E-45
 4459.0000  2.0645E-45
 4460.0000  2.0829E-45
 4461.0000  2.1027E-45
 4462.0000  2.1211E-45
 4463.0000  2.1397E-45
 4464.0000  2.1589E-45
 4465.0000  2.1790E-45
 4466.0000  2.1998E-45
 4467.0000  2.2202E-45
 4468.0000  2.2391E-45
 4469.0000  2.2595E-45
 4470.0000  2.2809E-45
 4471.0000  2.3009E-45
 4472.0000  2.3216E-45
 4473.0000  2.3437E-45
 4474.0000  2.3658E-45
 4475.0000  2.3869E-45
 4476.0000  2.4086E-45
 4477.0000  2.4304E-45
 4478.0000  2.4526E-45
 4479.0000  2.4736E-45
 4480.0000  2.4958E-45
 4481.0000  2.5176E-45
 4482.0000  2.5383E-45
 4483.0000  2.5573E-45
 4484.0000  2.5774E-45
 4485.0000  2.5990E-45
 4486.0000  2.6185E-45
 4487.0000  2.6369E-45
 4488.0000  2.6564E-45
 4489.0000  2.6733E-45
 4490.0000  2.6926E-45
 4491.0000  2.7123E-45
 4492.0000  2.7322E-45
 4493.0000  2.7503E-45
 4494.0000  2.7675E-45
 4495.0000  2.7763E-45
 4496.0000  2.7779E-45
 4497.0000  2.7757E-45
 4498.0000  2.7892E-45
 4499.0000  2.8042E-45
 4500.0000  2.8279E-45
 4501.0000  2.8444E-45
 4502.0000  2.8566E-45
 4503.0000  2.8654E-45
 4504.0000  2.8715E-45
 4505.0000  2.8784E-45
 4506.0000  2.8855E-45
 4507.0000  2.8885E-45
 4508.0000  2.8897E-45
 4509.0000  2.8914E-45
 4510.0000  2.8934E-45
 4511.0000  2.8957E-45
 4512.0000  2.8968E-45
 4513.0000  2.8956E-45
 4514.0000  2.8919E-45
 4515.0000  2.8881E-45
 4516.0000  2.8846E-45
 4517.0000  2.8788E-45
 4518.0000  2.8741E-45
 4519.0000  2.8697E-45
 4520.0000  2.8657E-45
 4521.0000  2.8579E-45
 4522.0000  2.8494E-45
 4523.0000  2.8414E-45
 4524.0000  2.8309E-45
 4525.0000  2.8210E-45
 4526.0000  2.8093E-45
 4527.0000  2.7959E-45
 4528.0000  2.7837E-45
 4529.0000  2.7705E-45
 4530.0000  2.7573E-45
 4531.0000  2.7426E-45
 4532.0000  2.7278E-45
 4533.0000  2.7132E-45
 4534.0000  2.6985E-45
 4535.0000  2.6828E-45
 4536.0000  2.6676E-45
 4537.0000  2.6503E-45
 4538.0000  2.6342E-45
 4539.0000  2.6185E-45
 4540.0000  2.6006E-45
 4541.0000  2.5827E-45
 4542.0000  2.5663E-45
 4543.0000  2.5503E-45
 4544.0000  2.5318E-45
 4545.0000  2.5135E-45
 4546.0000  2.4980E-45
 4547.0000  2.4805E-45
 4548.0000  2.4619E-45
 4549.0000  2.4441E-45
 4550.0000  2.4265E-45
 4551.0000  2.4080E-45
 4552.0000  2.3910E-45
 4553.0000  2.3723E-45
 4554.0000  2.3535E-45
 4555.0000  2.3365E-45
 4556.0000  2.3198E-45
 4557.0000  2.3036E-45
 4558.0000  2.2866E-45
 4559.0000  2.2692E-45
 4560.0000  2.2514E-45
 4561.0000  2.2349E-45
 4562.0000  2.2194E-45
 4563.0000  2.2033E-45
 4564.0000  2.1876E-45
 4565.0000  2.1711E-45
 4566.0000  2.1540E-45
 4567.0000  2.1378E-45
 4568.0000  2.1234E-45
 4569.0000  2.1087E-45
 4570.0000  2.0930E-45
 4571.0000  2.0785E-45
 4572.0000  2.0639E-45
 4573.0000  2.0490E-45
 4574.0000  2.0346E-45
 4575.0000  2.0201E-45
 4576.0000  2.0072E-45
 4577.0000  1.9940E-45
 4578.0000  1.9814E-45
 4579.0000  1.9685E-45
 4580.0000  1.9543E-45
 4581.0000  1.9432E-45
 4582.0000  1.9320E-45
 4583.0000  1.9194E-45
 4584.0000  1.9081E-45
 4585.0000  1.8976E-45
 4586.0000  1.8854E-45
 4587.0000  1.8750E-45
 4588.0000  1.8647E-45
 4589.0000  1.8544E-45
 4590.0000  1.8461E-45
 4591.0000  1.8362E-45
 4592.0000  1.8256E-45
 4593.0000  1.8182E-45
 4594.0000  1.8101E-45
 4595.0000  1.8002E-45
 4596.0000  1.7921E-45
 4597.0000  1.7831E-45
 4598.0000  1.7770E-45
 4599.0000  1.7705E-45
 4600.0000  1.7632E-45
 4601.0000  1.7560E-45
 4602.0000  1.7511E-45
 4603.0000  1.7462E-45
 4604.0000  1.7406E-45
 4605.0000  1.7353E-45
 4606.0000  1.7315E-45
 4607.0000  1.7271E-45
 4608.0000  1.7233E-45
 4609.0000  1.7187E-45
 4610.0000  1.7154E-45
 4611.0000  1.7127E-45
 4612.0000  1.7089E-45
 4613.0000  1.7064E-45
 4614.0000  1.7039E-45
 4615.0000  1.7034E-45
 4616.0000  1.7040E-45
 4617.0000  1.7028E-45
 4618.0000  1.7006E-45
 4619.0000  1.7010E-45
 4620.0000  1.7041E-45
 4621.0000  1.7042E-45
 4622.0000  1.7042E-45
 4623.0000  1.7057E-45
 4624.0000  1.7100E-45
 4625.0000  1.7119E-45
 4626.0000  1.7137E-45
 4627.0000  1.7175E-45
 4628.0000  1.7231E-45
 4629.0000  1.7270E-45
 4630.0000  1.7308E-45
 4631.0000  1.7367E-45
 4632.0000  1.7430E-45
 4633.0000  1.7511E-45
 4634.0000  1.7564E-45
 4635.0000  1.7623E-45
 4636.0000  1.7702E-45
 4637.0000  1.7788E-45
 4638.0000  1.7871E-45
 4639.0000  1.7960E-45
 4640.0000  1.8063E-45
 4641.0000  1.8161E-45
 4642.0000  1.8256E-45
 4643.0000  1.8377E-45
 4644.0000  1.8521E-45
 4645.0000  1.8633E-45
 4646.0000  1.8761E-45
 4647.0000  1.8910E-45
 4648.0000  1.9052E-45
 4649.0000  1.9190E-45
 4650.0000  1.9328E-45
 4651.0000  1.9499E-45
 4652.0000  1.9673E-45
 4653.0000  1.9835E-45
 4654.0000  2.0002E-45
 4655.0000  2.0208E-45
 4656.0000  2.0403E-45
 4657.0000  2.0580E-45
 4658.0000  2.0786E-45
 4659.0000  2.1004E-45
 4660.0000  2.1222E-45
 4661.0000  2.1428E-45
 4662.0000  2.1653E-45
 4663.0000  2.1907E-45
 4664.0000  2.2146E-45
 4665.0000  2.2380E-45
 4666.0000  2.2639E-45
 4667.0000  2.2912E-45
 4668.0000  2.3167E-45
 4669.0000  2.3442E-45
 4670.0000  2.3736E-45
 4671.0000  2.4021E-45
 4672.0000  2.4302E-45
 4673.0000  2.4610E-45
 4674.0000  2.4927E-45
 4675.0000  2.5233E-45
 4676.0000  2.5563E-45
 4677.0000  2.5899E-45
 4678.0000  2.6220E-45
 4679.0000  2.6541E-45
 4680.0000  2.6903E-45
 4681.0000  2.7259E-45
 4682.0000  2.7602E-45
 4683.0000  2.7947E-45
 4684.0000  2.8317E-45
 4685.0000  2.8684E-45
 4686.0000  2.9062E-45
 4687.0000  2.9452E-45
 4688.0000  2.9814E-45
 4689.0000  3.0168E-45
 4690.0000  3.0576E-45
 4691.0000  3.0971E-45
 4692.0000  3.1335E-45
 4693.0000  3.1738E-45
 4694.0000  3.2123E-45
 4695.0000  3.2496E-45
 4696.0000  3.2888E-45
 4697.0000  3.3285E-45
 4698.0000  3.3668E-45
 4699.0000  3.4046E-45
 4700.0000  3.4396E-45
 4701.0000  3.4790E-45
 4702.0000  3.5148E-45
 4703.0000  3.5487E-45
 4704.0000  3.5863E-45
 4705.0000  3.6219E-45
 4706.0000  3.6550E-45
 4707.0000  3.6949E-45
 4708.0000  3.7315E-45
 4709.0000  3.7593E-45
 4710.0000  3.7834E-45
 4711.0000  3.7918E-45
 4712.0000  3.7872E-45
 4713.0000  3.8274E-45
 4714.0000  3.8736E-45
 4715.0000  3.9300E-45
 4716.0000  3.9700E-45
 4717.0000  3.9970E-45
 4718.0000  4.0190E-45
 4719.0000  4.0400E-45
 4720.0000  4.0580E-45
 4721.0000  4.0790E-45
 4722.0000  4.0990E-45
 4723.0000  4.1160E-45
 4724.0000  4.1320E-45
 4725.0000  4.1470E-45
 4726.0000  4.1570E-45
 4727.0000  4.1690E-45
 4728.0000  4.1770E-45
 4729.0000  4.1870E-45
 4730.0000  4.1950E-45
 4731.0000  4.2000E-45
 4732.0000  4.2080E-45
 4733.0000  4.2080E-45
 4734.0000  4.2110E-45
 4735.0000  4.2140E-45
 4736.0000  4.2130E-45
 4737.0000  4.2150E-45
 4738.0000  4.2100E-45
 4739.0000  4.2050E-45
 4740.0000  4.1960E-45
 4741.0000  4.1850E-45
 4742.0000  4.1780E-45
 4743.0000  4.1710E-45
 4744.0000  4.1680E-45
 4745.0000  4.1580E-45
 4746.0000  4.1460E-45
 4747.0000  4.1300E-45
 4748.0000  4.1150E-45
 4749.0000  4.1010E-45
 4750.0000  4.0870E-45
 4751.0000  4.0750E-45
 4752.0000  4.0570E-45
 4753.0000  4.0400E-45
 4754.0000  4.0200E-45
 4755.0000  4.0010E-45
 4756.0000  3.9790E-45
 4757.0000  3.9580E-45
 4758.0000  3.9330E-45
 4759.0000  3.9113E-45
 4760.0000  3.8886E-45
 4761.0000  3.8644E-45
 4762.0000  3.8388E-45
 4763.0000  3.8127E-45
 4764.0000  3.7885E-45
 4765.0000  3.7607E-45
 4766.0000  3.7323E-45
 4767.0000  3.7056E-45
 4768.0000  3.6796E-45
 4769.0000  3.6493E-45
 4770.0000  3.6199E-45
 4771.0000  3.5887E-45
 4772.0000  3.5593E-45
 4773.0000  3.5302E-45
 4774.0000  3.4979E-45
 4775.0000  3.4680E-45
 4776.0000  3.4360E-45
 4777.0000  3.4046E-45
 4778.0000  3.3719E-45
 4779.0000  3.3416E-45
 4780.0000  3.3110E-45
 4781.0000  3.2804E-45
 4782.0000  3.2491E-45
 4783.0000  3.2172E-45
 4784.0000  3.1852E-45
 4785.0000  3.1536E-45
 4786.0000  3.1230E-45
 4787.0000  3.0910E-45
 4788.0000  3.0609E-45
 4789.0000  3.0306E-45
 4790.0000  2.9996E-45
 4791.0000  2.9695E-45
 4792.0000  2.9394E-45
 4793.0000  2.9083E-45
 4794.0000  2.8800E-45
 4795.0000  2.8509E-45
 4796.0000  2.8205E-45
 4797.0000  2.7905E-45
 4798.0000  2.7620E-45
 4799.0000  2.7334E-45
 4800.0000  2.7048E-45
 4801.0000  2.6751E-45
 4802.0000  2.6476E-45
 4803.0000  2.6194E-45
 4804.0000  2.5905E-45
 4805.0000  2.5637E-45
 4806.0000  2.5382E-45
 4807.0000  2.5116E-45
 4808.0000  2.4858E-45
 4809.0000  2.4590E-45
 4810.0000  2.4315E-45
 4811.0000  2.4038E-45
 4812.0000  2.3784E-45
 4813.0000  2.3543E-45
 4814.0000  2.3304E-45
 4815.0000  2.3067E-45
 4816.0000  2.2819E-45
 4817.0000  2.2579E-45
 4818.0000  2.2334E-45
 4819.0000  2.2115E-45
 4820.0000  2.1860E-45
 4821.0000  2.1620E-45
 4822.0000  2.1384E-45
 4823.0000  2.1173E-45
 4824.0000  2.0951E-45
 4825.0000  2.0728E-45
 4826.0000  2.0515E-45
 4827.0000  2.0302E-45
 4828.0000  2.0112E-45
 4829.0000  1.9880E-45
 4830.0000  1.9670E-45
 4831.0000  1.9465E-45
 4832.0000  1.9264E-45
 4833.0000  1.9079E-45
 4834.0000  1.8870E-45
 4835.0000  1.8669E-45
 4836.0000  1.8467E-45
 4837.0000  1.8284E-45
 4838.0000  1.8114E-45
 4839.0000  1.7920E-45
 4840.0000  1.7731E-45
 4841.0000  1.7546E-45
 4842.0000  1.7368E-45
 4843.0000  1.7202E-45
 4844.0000  1.7025E-45
 4845.0000  1.6870E-45
 4846.0000  1.6678E-45
 4847.0000  1.6506E-45
 4848.0000  1.6340E-45
 4849.0000  1.6176E-45
 4850.0000  1.6034E-45
 4851.0000  1.5868E-45
 4852.0000  1.5706E-45
 4853.0000  1.5562E-45
 4854.0000  1.5430E-45
 4855.0000  1.5267E-45
 4856.0000  1.5091E-45
 4857.0000  1.4938E-45
 4858.0000  1.4795E-45
 4859.0000  1.4656E-45
 4860.0000  1.4506E-45
 4861.0000  1.4377E-45
 4862.0000  1.4261E-45
 4863.0000  1.4124E-45
 4864.0000  1.3990E-45
 4865.0000  1.3853E-45
 4866.0000  1.3714E-45
 4867.0000  1.3572E-45
 4868.0000  1.3456E-45
 4869.0000  1.3348E-45
 4870.0000  1.3197E-45
 4871.0000  1.3072E-45
 4872.0000  1.2938E-45
 4873.0000  1.2833E-45
 4874.0000  1.2723E-45
 4875.0000  1.2602E-45
 4876.0000  1.2472E-45
 4877.0000  1.2370E-45
 4878.0000  1.2254E-45
 4879.0000  1.2149E-45
 4880.0000  1.2047E-45
 4881.0000  1.1928E-45
 4882.0000  1.1827E-45
 4883.0000  1.1719E-45
 4884.0000  1.1600E-45
 4885.0000  1.1502E-45
 4886.0000  1.1410E-45
 4887.0000  1.1305E-45
 4888.0000  1.1214E-45
 4889.0000  1.1114E-45
 4890.0000  1.1006E-45
 4891.0000  1.0916E-45
 4892.0000  1.0812E-45
 4893.0000  1.0730E-45
 4894.0000  1.0651E-45
 4895.0000  1.0548E-45
 4896.0000  1.0449E-45
 4897.0000  1.0367E-45
 4898.0000  1.0282E-45
 4899.0000  1.0200E-45
 4900.0000  1.0119E-45
 4901.0000  1.0048E-45
 4902.0000  9.9640E-46
 4903.0000  9.8560E-46
 4904.0000  9.7930E-46
 4905.0000  9.7080E-46
 4906.0000  9.6130E-46
 4907.0000  9.5530E-46
 4908.0000  9.5000E-46
 4909.0000  9.4010E-46
 4910.0000  9.3150E-46
 4911.0000  9.2290E-46
 4912.0000  9.1560E-46
 4913.0000  9.0900E-46
 4914.0000  9.0300E-46
 4915.0000  8.9720E-46
 4916.0000  8.8700E-46
 4917.0000  8.8000E-46
 4918.0000  8.7310E-46
 4919.0000  8.6530E-46
 4920.0000  8.5780E-46
 4921.0000  8.5210E-46
 4922.0000  8.4700E-46
 4923.0000  8.4060E-46
 4924.0000  8.3310E-46
 4925.0000  8.2760E-46
 4926.0000  8.1970E-46
 4927.0000  8.1420E-46
 4928.0000  8.1040E-46
 4929.0000  8.0530E-46
 4930.0000  7.9640E-46
 4931.0000  7.9050E-46
 4932.0000  7.8460E-46
 4933.0000  7.7870E-46
 4934.0000  7.7230E-46
 4935.0000  7.6530E-46
 4936.0000  7.6150E-46
 4937.0000  7.5530E-46
 4938.0000  7.4730E-46
 4939.0000  7.4100E-46
 4940.0000  7.3620E-46
 4941.0000  7.3020E-46
 4942.0000  7.2560E-46
 4943.0000  7.2270E-46
 4944.0000  7.1730E-46
 4945.0000  7.1110E-46
 4946.0000  7.0590E-46
 4947.0000  7.0020E-46
 4948.0000  6.9520E-46
 4949.0000  6.9090E-46
 4950.0000  6.8690E-46
 4951.0000  6.8090E-46
 4952.0000  6.7630E-46
 4953.0000  6.7030E-46
 4954.0000  6.6330E-46
 4955.0000  6.5980E-46
 4956.0000  6.5690E-46
 4957.0000  6.5200E-46
 4958.0000  6.4510E-46
 4959.0000  6.4180E-46
 4960.0000  6.3680E-46
 4961.0000  6.3250E-46
 4962.0000  6.2740E-46
 4963.0000  6.2270E-46
 4964.0000  6.1770E-46
 4965.0000  6.1500E-46
 4966.0000  6.0930E-46
 4967.0000  6.0520E-46
 4968.0000  6.0280E-46
 4969.0000  5.9740E-46
 4970.0000  5.9240E-46
 4971.0000  5.8680E-46
 4972.0000  5.8390E-46
 4973.0000  5.7810E-46
 4974.0000  5.7440E-46
 4975.0000  5.7070E-46
 4976.0000  5.6640E-46
 4977.0000  5.6220E-46
 4978.0000  5.5890E-46
 4979.0000  5.5670E-46
 4980.0000  5.5180E-46
 4981.0000  5.4850E-46
 4982.0000  5.4330E-46
 4983.0000  5.3780E-46
 4984.0000  5.3410E-46
 4985.0000  5.3110E-46
 4986.0000  5.3000E-46
 4987.0000  5.2380E-46
 4988.0000  5.1990E-46
 4989.0000  5.1990E-46
 4990.0000  5.1440E-46
 4991.0000  5.0970E-46
 4992.0000  5.0740E-46
 4993.0000  5.0290E-46
 4994.0000  4.9970E-46
 4995.0000  4.9540E-46
 4996.0000  4.9100E-46
 4997.0000  4.8770E-46
 4998.0000  4.8450E-46
 4999.0000  4.8080E-46
 5000.0000  4.7730E-46
 5001.0000  4.7440E-46
 5002.0000  4.6990E-46
 5003.0000  4.6570E-46
 5004.0000  4.6260E-46
 5005.0000  4.6040E-46
 5006.0000  4.5710E-46
 5007.0000  4.5520E-46
 5008.0000  4.5260E-46
 5009.0000  4.4820E-46
 5010.0000  4.4700E-46
 5011.0000  4.4260E-46
 5012.0000  4.3810E-46
 5013.0000  4.3680E-46
 5014.0000  4.3360E-46
 5015.0000  4.3100E-46
 5016.0000  4.2890E-46
 5017.0000  4.2570E-46
 5018.0000  4.2210E-46
 5019.0000  4.1910E-46
 5020.0000  4.1710E-46
 5021.0000  4.1440E-46
 5022.0000  4.0940E-46
 5023.0000  4.0790E-46
 5024.0000  4.0600E-46
 5025.0000  4.0340E-46
 5026.0000  3.9990E-46
 5027.0000  3.9690E-46
 5028.0000  3.9610E-46
 5029.0000  3.9290E-46
 5030.0000  3.9170E-46
 5031.0000  3.8920E-46
 5032.0000  3.8640E-46
 5033.0000  3.8350E-46
 5034.0000  3.8080E-46
 5035.0000  3.7920E-46
 5036.0000  3.7840E-46
 5037.0000  3.7530E-46
 5038.0000  3.7290E-46
 5039.0000  3.7240E-46
 5040.0000  3.7070E-46
 5041.0000  3.6910E-46
 5042.0000  3.6610E-46
 5043.0000  3.6480E-46
 5044.0000  3.6300E-46
 5045.0000  3.6070E-46
 5046.0000  3.5800E-46
 5047.0000  3.5680E-46
 5048.0000  3.5470E-46
 5049.0000  3.5410E-46
 5050.0000  3.5220E-46
 5051.0000  3.4820E-46
 5052.0000  3.4500E-46
 5053.0000  3.4380E-46
 5054.0000  3.4320E-46
 5055.0000  3.4190E-46
 5056.0000  3.4020E-46
 5057.0000  3.3960E-46
 5058.0000  3.3870E-46
 5059.0000  3.3600E-46
 5060.0000  3.3500E-46
 5061.0000  3.3300E-46
 5062.0000  3.3250E-46
 5063.0000  3.3050E-46
 5064.0000  3.2980E-46
 5065.0000  3.2920E-46
 5066.0000  3.2490E-46
 5067.0000  3.2290E-46
 5068.0000  3.2290E-46
 5069.0000  3.2160E-46
 5070.0000  3.1930E-46
 5071.0000  3.1780E-46
 5072.0000  3.1640E-46
 5073.0000  3.1390E-46
 5074.0000  3.1150E-46
 5075.0000  3.1170E-46
 5076.0000  3.1050E-46
 5077.0000  3.0810E-46
 5078.0000  3.0590E-46
 5079.0000  3.0440E-46
 5080.0000  3.0470E-46
 5081.0000  3.0110E-46
 5082.0000  3.0120E-46
 5083.0000  2.9890E-46
 5084.0000  2.9640E-46
 5085.0000  2.9550E-46
 5086.0000  2.9090E-46
 5087.0000  2.9020E-46
 5088.0000  2.8930E-46
 5089.0000  2.9060E-46
 5090.0000  2.8920E-46
 5091.0000  2.8620E-46
 5092.0000  2.8280E-46
 5093.0000  2.8120E-46
 5094.0000  2.7810E-46
 5095.0000  2.7510E-46
 5096.0000  2.7370E-46
 5097.0000  2.7410E-46
 5098.0000  2.7280E-46
 5099.0000  2.7140E-46
 5100.0000  2.7010E-46
 5101.0000  2.6870E-46
 5102.0000  2.6790E-46
 5103.0000  2.6440E-46
 5104.0000  2.6090E-46
 5105.0000  2.5900E-46
 5106.0000  2.5950E-46
 5107.0000  2.5730E-46
 5108.0000  2.5480E-46
 5109.0000  2.5130E-46
 5110.0000  2.4950E-46
 5111.0000  2.4920E-46
 5112.0000  2.4920E-46
 5113.0000  2.4550E-46
 5114.0000  2.4340E-46
 5115.0000  2.4190E-46
 5116.0000  2.3820E-46
 5117.0000  2.3940E-46
 5118.0000  2.3820E-46
 5119.0000  2.3650E-46
 5120.0000  2.3550E-46
 5121.0000  2.3300E-46
 5122.0000  2.3050E-46
 5123.0000  2.2760E-46
 5124.0000  2.2640E-46
 5125.0000  2.2420E-46
 5126.0000  2.2190E-46
 5127.0000  2.2170E-46
 5128.0000  2.2050E-46
 5129.0000  2.1640E-46
 5130.0000  2.1570E-46
 5131.0000  2.1530E-46
 5132.0000  2.1380E-46
 5133.0000  2.1220E-46
 5134.0000  2.0860E-46
 5135.0000  2.0520E-46
 5136.0000  2.0440E-46
 5137.0000  2.0450E-46
 5138.0000  2.0250E-46
 5139.0000  1.9870E-46
 5140.0000  1.9540E-46
 5141.0000  1.9310E-46
 5142.0000  1.9610E-46
 5143.0000  1.9560E-46
 5144.0000  1.9250E-46
 5145.0000  1.8990E-46
 5146.0000  1.8960E-46
 5147.0000  1.8790E-46
 5148.0000  1.8700E-46
 5149.0000  1.8440E-46
 5150.0000  1.8540E-46
 5600.0000  3.4400E-48
 5601.0000  2.6000E-49
 5602.0000  2.3600E-48
 5603.0000  5.1000E-48
 5604.0000  3.5500E-48
 5605.0000  1.8300E-48
 5606.0000  1.7900E-48
 5607.0000  5.4100E-48
 5608.0000  8.2100E-48
 5609.0000  8.3400E-48
 5610.0000  3.4600E-48
 5611.0000  1.6000E-49
 5612.0000  9.4000E-49
 5613.0000  4.9500E-48
 5614.0000  3.0000E-48
 5615.0000  0.0000E+00
 5616.0000  8.1000E-49
 5617.0000  8.1000E-49
 5618.0000  5.7600E-48
 5619.0000  4.9300E-48
 5620.0000  3.8400E-48
 5621.0000  3.6500E-48
 5622.0000  5.4100E-48
 5623.0000  5.4600E-48
 5624.0000  2.4100E-48
 5625.0000  2.2400E-48
 5626.0000  6.2000E-48
 5627.0000  3.5300E-48
 5628.0000  0.0000E+00
 5629.0000  0.0000E+00
 5630.0000  3.2300E-48
 5631.0000  3.9100E-48
 5632.0000  3.2800E-48
 5633.0000  7.6000E-49
 5634.0000  1.4500E-48
 5635.0000  1.1000E-48
 5636.0000  2.4500E-48
 5637.0000  5.0800E-48
 5638.0000  1.3400E-48
 5639.0000  4.4200E-48
 5640.0000  6.1000E-48
 5641.0000  2.6800E-48
 5642.0000  2.7000E-49
 5643.0000  3.2600E-48
 5644.0000  2.8300E-48
 5645.0000  1.9600E-48
 5646.0000  4.5000E-48
 5647.0000  4.7000E-48
 5648.0000  3.1100E-48
 5649.0000  0.0000E+00
 5650.0000  1.6400E-48
 5651.0000  3.3700E-48
 5652.0000  6.2100E-48
 5653.0000  3.5000E-48
 5654.0000  3.1000E-49
 5655.0000  2.4000E-48
 5656.0000  0.0000E+00
 5657.0000  3.1400E-48
 5658.0000  4.3500E-48
 5659.0000  6.4900E-48
 5660.0000  7.5200E-48
 5661.0000  5.8900E-48
 5662.0000  1.5000E-48
 5663.0000  4.3500E-48
 5664.0000  3.1200E-48
 5665.0000  4.0600E-48
 5666.0000  2.5900E-48
 5667.0000  4.8600E-48
 5668.0000  3.6400E-48
 5669.0000  4.0500E-48
 5670.0000  4.9300E-48
 5671.0000  0.0000E+00
 5672.0000  0.0000E+00
 5673.0000  0.0000E+00
 5674.0000  3.4400E-48
 5675.0000  5.4700E-48
 5676.0000  8.8500E-48
 5677.0000  7.3500E-48
 5678.0000  6.7700E-48
 5679.0000  2.8900E-48
 5680.0000  0.0000E+00
 5681.0000  6.6000E-49
 5682.0000  5.6800E-48
 5683.0000  5.7100E-48
 5684.0000  0.0000E+00
 5685.0000  3.6400E-48
 5686.0000  6.4800E-48
 5687.0000  6.3900E-48
 5688.0000  4.4700E-48
 5689.0000  3.1200E-48
 5690.0000  2.2400E-48
 5691.0000  2.0000E-48
 5692.0000  4.5600E-48
 5693.0000  3.7900E-48
 5694.0000  6.1400E-48
 5695.0000  0.0000E+00
 5696.0000  3.6700E-48
 5697.0000  1.9100E-48
 5698.0000  1.1700E-48
 5699.0000  4.1000E-48
 5700.0000  0.0000E+00
 5701.0000  1.7200E-48
 5702.0000  8.3000E-48
 5703.0000  9.0400E-48
 5704.0000  0.0000E+00
 5705.0000  1.4600E-48
 5706.0000  3.8500E-48
 5707.0000  2.8700E-48
 5708.0000  2.9600E-48
 5709.0000  2.5000E-48
 5710.0000  7.3200E-48
 5711.0000  9.5000E-49
 5712.0000  4.4000E-49
 5713.0000  2.0100E-48
 5714.0000  2.4200E-48
 5715.0000  4.5200E-48
 5716.0000  3.7900E-48
 5717.0000  1.1200E-48
 5718.0000  0.0000E+00
 5719.0000  0.0000E+00
 5720.0000  2.2900E-48
 5721.0000  8.8900E-48
 5722.0000  1.0310E-47
 5723.0000  6.7300E-48
 5724.0000  2.8200E-48
 5725.0000  3.2400E-48
 5726.0000  5.5000E-48
 5727.0000  7.2800E-48
 5728.0000  6.5500E-48
 5729.0000  9.3000E-49
 5730.0000  1.7200E-48
 5731.0000  3.5500E-48
 5732.0000  0.0000E+00
 5733.0000  0.0000E+00
 5734.0000  0.0000E+00
 5735.0000  2.6100E-48
 5736.0000  1.3200E-48
 5737.0000  4.1000E-48
 5738.0000  7.7600E-48
 5739.0000  4.3400E-48
 5740.0000  4.9400E-48
 5741.0000  5.2400E-48
 5742.0000  3.4000E-48
 5743.0000  2.3400E-48
 5744.0000  9.6000E-49
 5745.0000  6.8000E-49
 5746.0000  1.2400E-48
 5747.0000  4.6300E-48
 5748.0000  4.0600E-48
 5749.0000  7.0300E-48
 5750.0000  5.3800E-48
 5751.0000  0.0000E+00
 5752.0000  1.2500E-48
 5753.0000  2.0400E-48
 5754.0000  2.1000E-49
 5755.0000  3.5300E-48
 5756.0000  6.1600E-48
 5757.0000  5.2600E-48
 5758.0000  1.0200E-48
 5759.0000  0.0000E+00
 5760.0000  7.8000E-49
 5761.0000  4.0000E-48
 5762.0000  5.7300E-48
 5763.0000  3.6600E-48
 5764.0000  3.2100E-48
 5765.0000  3.9200E-48
 5766.0000  4.6100E-48
 5767.0000  3.9900E-48
 5768.0000  7.7700E-48
 5769.0000  5.8800E-48
 5770.0000  2.6100E-48
 5771.0000  6.7100E-48
 5772.0000  7.0900E-48
 5773.0000  8.8400E-48
 5774.0000  2.4000E-49
 5775.0000  1.7500E-48
 5776.0000  3.3600E-48
 5777.0000  1.7400E-48
 5778.0000  5.5700E-48
 5779.0000  7.4500E-48
 5780.0000  3.7800E-48
 5781.0000  1.7400E-48
 5782.0000  3.3200E-48
 5783.0000  5.8900E-48
 5784.0000  3.2100E-48
 5785.0000  0.0000E+00
 5786.0000  1.5900E-48
 5787.0000  1.9300E-48
 5788.0000  3.4400E-48
 5789.0000  0.0000E+00
 5790.0000  2.7500E-48
 5791.0000  4.3800E-48
 5792.0000  0.0000E+00
 5793.0000  3.0000E-50
 5794.0000  6.1400E-48
 5795.0000  3.4200E-48
 5796.0000  2.0400E-48
 5797.0000  3.8500E-48
 5798.0000  7.8800E-48
 5799.0000  3.3700E-48
 5800.0000  8.2000E-49
 5801.0000  8.1000E-49
 5802.0000  7.9000E-49
 5803.0000  2.2900E-48
 5804.0000  0.0000E+00
 5805.0000  0.0000E+00
 5806.0000  0.0000E+00
 5807.0000  0.0000E+00
 5808.0000  1.9300E-48
 5809.0000  3.6100E-48
 5810.0000  4.3100E-48
 5811.0000  4.8300E-48
 5812.0000  2.0000E-48
 5813.0000  0.0000E+00
 5814.0000  9.1000E-49
 5815.0000  0.0000E+00
 5816.0000  0.0000E+00
 5817.0000  4.4000E-48
 5818.0000  7.5900E-48
 5819.0000  5.9400E-48
 5820.0000  4.4500E-48
 5821.0000  0.0000E+00
 5822.0000  0.0000E+00
 5823.0000  0.0000E+00
 5824.0000  0.0000E+00
 5825.0000  0.0000E+00
 5826.0000  2.1200E-48
 5827.0000  2.7300E-48
 5828.0000  5.0000E-49
 5829.0000  1.6100E-48
 5830.0000  3.7000E-48
 5831.0000  5.2500E-48
 5832.0000  1.5500E-48
 5833.0000  4.1400E-48
 5834.0000  4.2400E-48
 5835.0000  2.3700E-48
 5836.0000  0.0000E+00
 5837.0000  2.2100E-48
 5838.0000  0.0000E+00
 5839.0000  3.4000E-48
 5840.0000  5.4400E-48
 5841.0000  2.2700E-48
 5842.0000  1.9100E-48
 5843.0000  1.8200E-48
 5844.0000  2.5300E-48
 5845.0000  0.0000E+00
 5846.0000  0.0000E+00
 5847.0000  0.0000E+00
 5848.0000  1.1900E-48
 5849.0000  0.0000E+00
 5850.0000  3.0400E-48
 5851.0000  3.9400E-48
 5852.0000  0.0000E+00
 5853.0000  0.0000E+00
 5854.0000  0.0000E+00
 5855.0000  2.0700E-48
 5856.0000  5.2000E-48
 5857.0000  1.6000E-49
 5858.0000  0.0000E+00
 5859.0000  0.0000E+00
 5860.0000  9.0000E-50
 5861.0000  0.0000E+00
 5862.0000  3.0800E-48
 5863.0000  0.0000E+00
 5864.0000  0.0000E+00
 5865.0000  4.6200E-48
 5866.0000  4.4700E-48
 5867.0000  1.5100E-48
 5868.0000  2.1300E-48
 5869.0000  0.0000E+00
 5870.0000  0.0000E+00
 5871.0000  5.4000E-49
 5872.0000  4.4300E-48
 5873.0000  2.7600E-48
 5874.0000  7.7500E-48
 5875.0000  5.8100E-48
 5876.0000  0.0000E+00
 5877.0000  3.2900E-48
 5878.0000  8.7000E-49
 5879.0000  2.3800E-48
 5880.0000  1.6600E-48
 5881.0000  1.4100E-48
 5882.0000  6.3000E-49
 5883.0000  3.2900E-48
 5884.0000  0.0000E+00
 5885.0000  0.0000E+00
 5886.0000  2.2400E-48
 5887.0000  5.0500E-48
 5888.0000  2.6500E-48
 5889.0000  2.2200E-48
 5890.0000  3.4900E-48
 5891.0000  4.4400E-48
 5892.0000  1.3000E-48
 5893.0000  0.0000E+00
 5894.0000  0.0000E+00
 5895.0000  4.6000E-49
 5896.0000  3.6800E-48
 5897.0000  3.6000E-49
 5898.0000  0.0000E+00
 5899.0000  0.0000E+00
 5900.0000  0.0000E+00
 5901.0000  0.0000E+00
 5902.0000  0.0000E+00
 5903.0000  0.0000E+00
 5904.0000  3.1000E-49
 5905.0000  0.0000E+00
 5906.0000  0.0000E+00
 5907.0000  3.5900E-48
 5908.0000  0.0000E+00
 5909.0000  0.0000E+00
 5910.0000  0.0000E+00
 5911.0000  5.4800E-48
 5912.0000  0.0000E+00
 5913.0000  0.0000E+00
 5914.0000  3.4500E-48
 5915.0000  3.7000E-49
 5916.0000  0.0000E+00
 5917.0000  0.0000E+00
 5918.0000  0.0000E+00
 5919.0000  8.7000E-49
 5920.0000  0.0000E+00
 5921.0000  0.0000E+00
 5922.0000  0.0000E+00
 5923.0000  0.0000E+00
 5924.0000  0.0000E+00
 5925.0000  0.0000E+00
 5926.0000  0.0000E+00
 5927.0000  0.0000E+00
 5928.0000  0.0000E+00
 5929.0000  0.0000E+00
 5930.0000  0.0000E+00
 5931.0000  0.0000E+00
 5932.0000  0.0000E+00
 5933.0000  0.0000E+00
 5934.0000  2.5500E-48
 5935.0000  2.5200E-48
 5936.0000  1.1000E-48
 5937.0000  8.5000E-49
 5938.0000  0.0000E+00
 5939.0000  0.0000E+00
 5940.0000  0.0000E+00
 5941.0000  0.0000E+00
 5942.0000  0.0000E+00
 5943.0000  0.0000E+00
 5944.0000  0.0000E+00
 5945.0000  4.2000E-48
 5946.0000  9.7000E-49
 5947.0000  0.0000E+00
 5948.0000  3.2000E-49
 5949.0000  0.0000E+00
 5950.0000  0.0000E+00
 5951.0000  0.0000E+00
 5952.0000  0.0000E+00
 5953.0000  0.0000E+00
 5954.0000  1.5700E-48
 5955.0000  1.4900E-48
 5956.0000  1.4600E-48
 5957.0000  1.6600E-48
 5958.0000  2.0800E-48
 5959.0000  3.3000E-49
 5960.0000  2.1800E-48
 5961.0000  0.0000E+00
 5962.0000  0.0000E+00
 5963.0000  0.0000E+00
 5964.0000  0.0000E+00
 5965.0000  1.4200E-48
 5966.0000  2.2900E-48
 5967.0000  0.0000E+00
 5968.0000  1.1100E-48
 5969.0000  0.0000E+00
 5970.0000  0.0000E+00
 5971.0000  0.0000E+00
 5972.0000  0.0000E+00
 5973.0000  1.3000E-48
 5974.0000  3.7100E-48
 5975.0000  0.0000E+00
 5976.0000  0.0000E+00
 5977.0000  0.0000E+00
 5978.0000  0.0000E+00
 5979.0000  0.0000E+00
 5980.0000  1.9000E-49
 5981.0000  0.0000E+00
 5982.0000  0.0000E+00
 5983.0000  0.0000E+00
 5984.0000  0.0000E+00
 5985.0000  0.0000E+00
 5986.0000  2.9500E-48
 5987.0000  1.7300E-48
 5988.0000  1.2300E-48
 5989.0000  6.8000E-49
 5990.0000  0.0000E+00
 5991.0000  0.0000E+00
 5992.0000  0.0000E+00
 5993.0000  0.0000E+00
 5994.0000  0.0000E+00
 5995.0000  0.0000E+00
 5996.0000  0.0000E+00
 5997.0000  0.0000E+00
 5998.0000  1.7700E-48
 5999.0000  3.0800E-48
 6000.0000  0.0000E+00
               H2-H2      2500      6000   1903    183 4.709E-45 1.000                            44
 2500.0000  8.1600E-48
 2501.0000  8.1800E-48
 2502.0000  8.3900E-48
 2503.0000  8.3300E-48
 2504.0000  8.3200E-48
 2505.0000  8.2700E-48
 2506.0000  8.3100E-48
 2507.0000  8.3300E-48
 2508.0000  8.2300E-48
 2509.0000  8.1300E-48
 2510.0000  7.9600E-48
 2511.0000  7.9200E-48
 2512.0000  7.8000E-48
 2513.0000  7.6800E-48
 2514.0000  7.4500E-48
 2515.0000  7.4300E-48
 2516.0000  7.2700E-48
 2517.0000  7.3000E-48
 2518.0000  7.1000E-48
 2519.0000  6.7500E-48
 2520.0000  6.6800E-48
 2521.0000  6.7700E-48
 2522.0000  6.6800E-48
 2523.0000  6.7000E-48
 2524.0000  6.6600E-48
 2525.0000  6.4500E-48
 2526.0000  6.3100E-48
 2527.0000  6.3600E-48
 2528.0000  6.3100E-48
 2529.0000  6.3900E-48
 2530.0000  6.5700E-48
 2531.0000  6.6800E-48
 2532.0000  6.5600E-48
 2533.0000  6.4600E-48
 2534.0000  6.5300E-48
 2535.0000  6.4700E-48
 2536.0000  6.5600E-48
 2537.0000  6.5600E-48
 2538.0000  6.5600E-48
 2539.0000  6.3200E-48
 2540.0000  6.3100E-48
 2541.0000  6.1600E-48
 2542.0000  6.0500E-48
 2543.0000  6.0100E-48
 2544.0000  5.9100E-48
 2545.0000  5.7000E-48
 2546.0000  5.5600E-48
 2547.0000  5.3500E-48
 2548.0000  5.2400E-48
 2549.0000  5.0400E-48
 2550.0000  5.0700E-48
 2551.0000  5.0400E-48
 2552.0000  4.8700E-48
 2553.0000  4.9500E-48
 2554.0000  4.7100E-48
 2555.0000  4.6300E-48
 2556.0000  4.7200E-48
 2557.0000  4.7400E-48
 2558.0000  4.7600E-48
 2559.0000  4.9500E-48
 2560.0000  4.7800E-48
 2561.0000  4.8400E-48
 2562.0000  4.7400E-48
 2563.0000  4.7800E-48
 2564.0000  4.6000E-48
 2565.0000  4.7600E-48
 2566.0000  4.7700E-48
 2567.0000  4.6100E-48
 2568.0000  4.5700E-48
 2569.0000  4.5500E-48
 2570.0000  4.5200E-48
 2571.0000  4.3900E-48
 2572.0000  4.5300E-48
 2573.0000  4.3400E-48
 2574.0000  4.2300E-48
 2575.0000  4.3700E-48
 2576.0000  4.3400E-48
 2577.0000  3.9100E-48
 2578.0000  3.8100E-48
 2579.0000  3.8600E-48
 2580.0000  3.8400E-48
 2581.0000  3.7300E-48
 2582.0000  3.5700E-48
 2583.0000  3.2800E-48
 2584.0000  3.0800E-48
 2585.0000  2.9600E-48
 2586.0000  2.9300E-48
 2587.0000  2.9300E-48
 2588.0000  2.9300E-48
 2589.0000  2.7500E-48
 2590.0000  2.5600E-48
 2591.0000  2.4900E-48
 2592.0000  2.4000E-48
 2593.0000  2.5500E-48
 2594.0000  2.5100E-48
 2595.0000  2.5000E-48
 2596.0000  2.4600E-48
 2597.0000  2.5500E-48
 2598.0000  2.6100E-48
 2599.0000  2.6100E-48
 2600.0000  2.5900E-48
 2601.0000  2.8900E-48
 2602.0000  2.7700E-48
 2603.0000  2.7800E-48
 2604.0000  2.8300E-48
 2605.0000  2.8900E-48
 2606.0000  2.6000E-48
 2607.0000  2.7500E-48
 2608.0000  2.7000E-48
 2609.0000  2.6400E-48
 2610.0000  2.7100E-48
 2611.0000  2.6100E-48
 2612.0000  2.3400E-48
 2613.0000  2.2900E-48
 2614.0000  2.3000E-48
 2615.0000  2.2200E-48
 2616.0000  2.1300E-48
 2617.0000  1.9500E-48
 2618.0000  1.8800E-48
 2619.0000  1.8400E-48
 2620.0000  1.6600E-48
 2621.0000  1.6600E-48
 2622.0000  1.6100E-48
 2623.0000  1.5100E-48
 2624.0000  1.6700E-48
 2625.0000  1.3300E-48
 2626.0000  1.2600E-48
 2627.0000  1.2200E-48
 2628.0000  1.0500E-48
 2629.0000  9.3000E-49
 2630.0000  1.2000E-48
 2631.0000  1.1900E-48
 2632.0000  1.1300E-48
 2633.0000  1.0700E-48
 2634.0000  9.8000E-49
 2635.0000  9.8000E-49
 2636.0000  1.2500E-48
 2637.0000  1.2400E-48
 2638.0000  1.2100E-48
 2639.0000  1.3100E-48
 2640.0000  1.3900E-48
 2641.0000  1.4200E-48
 2642.0000  1.5200E-48
 2643.0000  1.3400E-48
 2644.0000  1.2300E-48
 2645.0000  1.4500E-48
 2646.0000  1.4800E-48
 2647.0000  1.4900E-48
 2648.0000  1.3400E-48
 2649.0000  1.2800E-48
 2650.0000  1.3400E-48
 2651.0000  1.1400E-48
 2652.0000  1.0400E-48
 2653.0000  1.1600E-48
 2654.0000  9.6000E-49
 2655.0000  8.5000E-49
 2656.0000  7.6000E-49
 2657.0000  7.1000E-49
 2658.0000  5.3000E-49
 2659.0000  5.4000E-49
 2660.0000  5.2000E-49
 2661.0000  4.2000E-49
 2662.0000  3.0000E-49
 2663.0000  2.2000E-49
 2664.0000  2.0000E-49
 2665.0000  3.8000E-49
 2666.0000  1.4000E-49
 2667.0000  0.0000E+00
 2668.0000  1.1000E-49
 2669.0000  2.5000E-49
 2670.0000  1.4000E-49
 2671.0000  0.0000E+00
 2672.0000  0.0000E+00
 2673.0000  0.0000E+00
 2674.0000  8.0000E-50
 2675.0000  2.1000E-49
 2676.0000  2.8000E-49
 2677.0000  7.0000E-50
 2678.0000  0.0000E+00
 2679.0000  0.0000E+00
 2680.0000  5.0000E-50
 2681.0000  1.2000E-49
 2682.0000  2.9000E-49
 2683.0000  2.6000E-49
 2684.0000  1.1000E-49
 2685.0000  8.0000E-50
 2686.0000  2.8000E-49
 2687.0000  1.6000E-49
 2688.0000  8.0000E-50
 2689.0000  1.7000E-49
 2690.0000  2.3000E-49
 2691.0000  1.1000E-49
 2692.0000  1.0000E-50
 2693.0000  2.0000E-50
 2694.0000  0.0000E+00
 2695.0000  0.0000E+00
 2696.0000  0.0000E+00
 2697.0000  0.0000E+00
 2698.0000  0.0000E+00
 2699.0000  0.0000E+00
 2700.0000  0.0000E+00
 2701.0000  0.0000E+00
 2702.0000  0.0000E+00
 2703.0000  0.0000E+00
 2704.0000  0.0000E+00
 2705.0000  0.0000E+00
 2706.0000  0.0000E+00
 2707.0000  0.0000E+00
 2708.0000  0.0000E+00
 2709.0000  0.0000E+00
 2710.0000  0.0000E+00
 2711.0000  0.0000E+00
 2712.0000  0.0000E+00
 2713.0000  0.0000E+00
 2714.0000  0.0000E+00
 2715.0000  0.0000E+00
 2716.0000  0.0000E+00
 2717.0000  0.0000E+00
 2718.0000  0.0000E+00
 2719.0000  0.0000E+00
 2720.0000  0.0000E+00
 2721.0000  0.0000E+00
 2722.0000  0.0000E+00
 2723.0000  0.0000E+00
 2724.0000  0.0000E+00
 2725.0000  0.0000E+00
 2726.0000  0.0000E+00
 2727.0000  0.0000E+00
 2728.0000  0.0000E+00
 2729.0000  0.0000E+00
 2730.0000  0.0000E+00
 2731.0000  0.0000E+00
 2732.0000  0.0000E+00
 2733.0000  0.0000E+00
 2734.0000  0.0000E+00
 2735.0000  0.0000E+00
 2736.0000  0.0000E+00
 2737.0000  0.0000E+00
 2738.0000  0.0000E+00
 2739.0000  0.0000E+00
 2740.0000  0.0000E+00
 2741.0000  0.0000E+00
 2742.0000  0.0000E+00
 2743.0000  0.0000E+00
 2744.0000  0.0000E+00
 2745.0000  0.0000E+00
 2746.0000  0.0000E+00
 2747.0000  0.0000E+00
 2748.0000  0.0000E+00
 2749.0000  0.0000E+00
 2750.0000  0.0000E+00
 2751.0000  0.0000E+00
 2752.0000  0.0000E+00
 2753.0000  0.0000E+00
 2754.0000  0.0000E+00
 2755.0000  0.0000E+00
 2756.0000  0.0000E+00
 2757.0000  0.0000E+00
 2758.0000  0.0000E+00
 2759.0000  0.0000E+00
 2760.0000  0.0000E+00
 2761.0000  0.0000E+00
 2762.0000  0.0000E+00
 2763.0000  0.0000E+00
 2764.0000  0.0000E+00
 2765.0000  0.0000E+00
 2766.0000  0.0000E+00
 2767.0000  0.0000E+00
 2768.0000  0.0000E+00
 2769.0000  0.0000E+00
 2770.0000  0.0000E+00
 2771.0000  0.0000E+00
 2772.0000  0.0000E+00
 2773.0000  0.0000E+00
 2774.0000  0.0000E+00
 2775.0000  0.0000E+00
 2776.0000  0.0000E+00
 2777.0000  0.0000E+00
 2778.0000  0.0000E+00
 2779.0000  0.0000E+00
 2780.0000  0.0000E+00
 2781.0000  0.0000E+00
 2782.0000  0.0000E+00
 2783.0000  0.0000E+00
 2784.0000  0.0000E+00
 2785.0000  0.0000E+00
 2786.0000  0.0000E+00
 2787.0000  0.0000E+00
 2788.0000  0.0000E+00
 2789.0000  0.0000E+00
 2790.0000  0.0000E+00
 2791.0000  0.0000E+00
 2792.0000  0.0000E+00
 2793.0000  0.0000E+00
 2794.0000  0.0000E+00
 2795.0000  0.0000E+00
 2796.0000  0.0000E+00
 2797.0000  0.0000E+00
 2798.0000  0.0000E+00
 2799.0000  0.0000E+00
 2800.0000  0.0000E+00
 4000.0000  7.2520E-46
 4001.0000  7.3490E-46
 4002.0000  7.4570E-46
 4003.0000  7.5620E-46
 4004.0000  7.6680E-46
 4005.0000  7.7700E-46
 4006.0000  7.8700E-46
 4007.0000  7.9800E-46
 4008.0000  8.1120E-46
 4009.0000  8.2310E-46
 4010.0000  8.3100E-46
 4011.0000  8.4270E-46
 4012.0000  8.5450E-46
 4013.0000  8.6620E-46
 4014.0000  8.7840E-46
 4015.0000  8.9120E-46
 4016.0000  9.0280E-46
 4017.0000  9.1560E-46
 4018.0000  9.2720E-46
 4019.0000  9.4030E-46
 4020.0000  9.5270E-46
 4021.0000  9.6510E-46
 4022.0000  9.7890E-46
 4023.0000  9.9230E-46
 4024.0000  1.0063E-45
 4025.0000  1.0215E-45
 4026.0000  1.0345E-45
 4027.0000  1.0481E-45
 4028.0000  1.0626E-45
 4029.0000  1.0767E-45
 4030.0000  1.0914E-45
 4031.0000  1.1064E-45
 4032.0000  1.1215E-45
 4033.0000  1.1376E-45
 4034.0000  1.1526E-45
 4035.0000  1.1684E-45
 4036.0000  1.1835E-45
 4037.0000  1.1995E-45
 4038.0000  1.2158E-45
 4039.0000  1.2322E-45
 4040.0000  1.2494E-45
 4041.0000  1.2671E-45
 4042.0000  1.2841E-45
 4043.0000  1.3020E-45
 4044.0000  1.3216E-45
 4045.0000  1.3409E-45
 4046.0000  1.3562E-45
 4047.0000  1.3744E-45
 4048.0000  1.3934E-45
 4049.0000  1.4120E-45
 4050.0000  1.4316E-45
 4051.0000  1.4509E-45
 4052.0000  1.4704E-45
 4053.0000  1.4898E-45
 4054.0000  1.5099E-45
 4055.0000  1.5310E-45
 4056.0000  1.5516E-45
 4057.0000  1.5724E-45
 4058.0000  1.5930E-45
 4059.0000  1.6150E-45
 4060.0000  1.6382E-45
 4061.0000  1.6598E-45
 4062.0000  1.6813E-45
 4063.0000  1.7033E-45
 4064.0000  1.7258E-45
 4065.0000  1.7490E-45
 4066.0000  1.7728E-45
 4067.0000  1.7964E-45
 4068.0000  1.8202E-45
 4069.0000  1.8452E-45
 4070.0000  1.8697E-45
 4071.0000  1.8946E-45
 4072.0000  1.9187E-45
 4073.0000  1.9443E-45
 4074.0000  1.9704E-45
 4075.0000  1.9968E-45
 4076.0000  2.0223E-45
 4077.0000  2.0488E-45
 4078.0000  2.0760E-45
 4079.0000  2.1043E-45
 4080.0000  2.1324E-45
 4081.0000  2.1589E-45
 4082.0000  2.1867E-45
 4083.0000  2.2145E-45
 4084.0000  2.2437E-45
 4085.0000  2.2728E-45
 4086.0000  2.3028E-45
 4087.0000  2.3325E-45
 4088.0000  2.3634E-45
 4089.0000  2.3917E-45
 4090.0000  2.4217E-45
 4091.0000  2.4528E-45
 4092.0000  2.4840E-45
 4093.0000  2.5152E-45
 4094.0000  2.5460E-45
 4095.0000  2.5778E-45
 4096.0000  2.6114E-45
 4097.0000  2.6442E-45
 4098.0000  2.6766E-45
 4099.0000  2.7083E-45
 4100.0000  2.7403E-45
 4101.0000  2.7746E-45
 4102.0000  2.8088E-45
 4103.0000  2.8431E-45
 4104.0000  2.8771E-45
 4105.0000  2.9135E-45
 4106.0000  2.9494E-45
 4107.0000  2.9823E-45
 4108.0000  3.0166E-45
 4109.0000  3.0525E-45
 4110.0000  3.0880E-45
 4111.0000  3.1233E-45
 4112.0000  3.1584E-45
 4113.0000  3.1946E-45
 4114.0000  3.2307E-45
 4115.0000  3.2673E-45
 4116.0000  3.3035E-45
 4117.0000  3.3400E-45
 4118.0000  3.3750E-45
 4119.0000  3.4115E-45
 4120.0000  3.4486E-45
 4121.0000  3.4837E-45
 4122.0000  3.5207E-45
 4123.0000  3.5556E-45
 4124.0000  3.5876E-45
 4125.0000  3.6156E-45
 4126.0000  3.6440E-45
 4127.0000  3.6883E-45
 4128.0000  3.7322E-45
 4129.0000  3.7702E-45
 4130.0000  3.8061E-45
 4131.0000  3.8400E-45
 4132.0000  3.8741E-45
 4133.0000  3.9093E-45
 4134.0000  3.9434E-45
 4135.0000  3.9774E-45
 4136.0000  4.0094E-45
 4137.0000  4.0412E-45
 4138.0000  4.0739E-45
 4139.0000  4.1052E-45
 4140.0000  4.1336E-45
 4141.0000  4.1598E-45
 4142.0000  4.1733E-45
 4143.0000  4.1620E-45
 4144.0000  4.1877E-45
 4145.0000  4.2530E-45
 4146.0000  4.2950E-45
 4147.0000  4.3250E-45
 4148.0000  4.3520E-45
 4149.0000  4.3770E-45
 4150.0000  4.3990E-45
 4151.0000  4.4140E-45
 4152.0000  4.4110E-45
 4153.0000  4.3560E-45
 4154.0000  4.1092E-45
 4155.0000  3.6704E-45
 4156.0000  3.8357E-45
 4157.0000  4.2650E-45
 4158.0000  4.4330E-45
 4159.0000  4.4820E-45
 4160.0000  4.4500E-45
 4161.0000  4.3670E-45
 4162.0000  4.4390E-45
 4163.0000  4.5510E-45
 4164.0000  4.6010E-45
 4165.0000  4.6270E-45
 4166.0000  4.6440E-45
 4167.0000  4.6570E-45
 4168.0000  4.6680E-45
 4169.0000  4.6780E-45
 4170.0000  4.6850E-45
 4171.0000  4.6910E-45
 4172.0000  4.6960E-45
 4173.0000  4.7010E-45
 4174.0000  4.7040E-45
 4175.0000  4.7060E-45
 4176.0000  4.7080E-45
 4177.0000  4.7090E-45
 4178.0000  4.7080E-45
 4179.0000  4.7070E-45
 4180.0000  4.7060E-45
 4181.0000  4.7040E-45
 4182.0000  4.7010E-45
 4183.0000  4.6970E-45
 4184.0000  4.6920E-45
 4185.0000  4.6870E-45
 4186.0000  4.6810E-45
 4187.0000  4.6760E-45
 4188.0000  4.6690E-45
 4189.0000  4.6620E-45
 4190.0000  4.6540E-45
 4191.0000  4.6450E-45
 4192.0000  4.6360E-45
 4193.0000  4.6260E-45
 4194.0000  4.6160E-45
 4195.0000  4.6070E-45
 4196.0000  4.5960E-45
 4197.0000  4.5850E-45
 4198.0000  4.5740E-45
 4199.0000  4.5630E-45
 4200.0000  4.5510E-45
 4201.0000  4.5370E-45
 4202.0000  4.5250E-45
 4203.0000  4.5120E-45
 4204.0000  4.4990E-45
 4205.0000  4.4860E-45
 4206.0000  4.4740E-45
 4207.0000  4.4610E-45
 4208.0000  4.4470E-45
 4209.0000  4.4340E-45
 4210.0000  4.4190E-45
 4211.0000  4.4040E-45
 4212.0000  4.3890E-45
 4213.0000  4.3740E-45
 4214.0000  4.3600E-45
 4215.0000  4.3460E-45
 4216.0000  4.3300E-45
 4217.0000  4.3140E-45
 4218.0000  4.3000E-45
 4219.0000  4.2850E-45
 4220.0000  4.2690E-45
 4221.0000  4.2530E-45
 4222.0000  4.2370E-45
 4223.0000  4.2210E-45
 4224.0000  4.2060E-45
 4225.0000  4.1905E-45
 4226.0000  4.1736E-45
 4227.0000  4.1578E-45
 4228.0000  4.1412E-45
 4229.0000  4.1262E-45
 4230.0000  4.1104E-45
 4231.0000  4.0944E-45
 4232.0000  4.0775E-45
 4233.0000  4.0608E-45
 4234.0000  4.0441E-45
 4235.0000  4.0293E-45
 4236.0000  4.0134E-45
 4237.0000  3.9974E-45
 4238.0000  3.9798E-45
 4239.0000  3.9643E-45
 4240.0000  3.9481E-45
 4241.0000  3.9319E-45
 4242.0000  3.9158E-45
 4243.0000  3.8980E-45
 4244.0000  3.8835E-45
 4245.0000  3.8675E-45
 4246.0000  3.8516E-45
 4247.0000  3.8369E-45
 4248.0000  3.8205E-45
 4249.0000  3.8035E-45
 4250.0000  3.7872E-45
 4251.0000  3.7705E-45
 4252.0000  3.7555E-45
 4253.0000  3.7401E-45
 4254.0000  3.7243E-45
 4255.0000  3.7091E-45
 4256.0000  3.6930E-45
 4257.0000  3.6779E-45
 4258.0000  3.6618E-45
 4259.0000  3.6468E-45
 4260.0000  3.6309E-45
 4261.0000  3.6160E-45
 4262.0000  3.6015E-45
 4263.0000  3.5859E-45
 4264.0000  3.5704E-45
 4265.0000  3.5552E-45
 4266.0000  3.5411E-45
 4267.0000  3.5260E-45
 4268.0000  3.5114E-45
 4269.0000  3.4963E-45
 4270.0000  3.4824E-45
 4271.0000  3.4678E-45
 4272.0000  3.4536E-45
 4273.0000  3.4382E-45
 4274.0000  3.4239E-45
 4275.0000  3.4091E-45
 4276.0000  3.3950E-45
 4277.0000  3.3805E-45
 4278.0000  3.3659E-45
 4279.0000  3.3516E-45
 4280.0000  3.3384E-45
 4281.0000  3.3247E-45
 4282.0000  3.3093E-45
 4283.0000  3.2942E-45
 4284.0000  3.2810E-45
 4285.0000  3.2661E-45
 4286.0000  3.2518E-45
 4287.0000  3.2384E-45
 4288.0000  3.2247E-45
 4289.0000  3.2111E-45
 4290.0000  3.1979E-45
 4291.0000  3.1840E-45
 4292.0000  3.1706E-45
 4293.0000  3.1570E-45
 4294.0000  3.1439E-45
 4295.0000  3.1292E-45
 4296.0000  3.1169E-45
 4297.0000  3.1043E-45
 4298.0000  3.0915E-45
 4299.0000  3.0781E-45
 4300.0000  3.0650E-45
 4301.0000  3.0521E-45
 4302.0000  3.0386E-45
 4303.0000  3.0261E-45
 4304.0000  3.0131E-45
 4305.0000  3.0001E-45
 4306.0000  2.9880E-45
 4307.0000  2.9752E-45
 4308.0000  2.9626E-45
 4309.0000  2.9510E-45
 4310.0000  2.9398E-45
 4311.0000  2.9270E-45
 4312.0000  2.9149E-45
 4313.0000  2.9020E-45
 4314.0000  2.8911E-45
 4315.0000  2.8784E-45
 4316.0000  2.8662E-45
 4317.0000  2.8551E-45
 4318.0000  2.8442E-45
 4319.0000  2.8325E-45
 4320.0000  2.8202E-45
 4321.0000  2.8090E-45
 4322.0000  2.7989E-45
 4323.0000  2.7878E-45
 4324.0000  2.7755E-45
 4325.0000  2.7638E-45
 4326.0000  2.7546E-45
 4327.0000  2.7436E-45
 4328.0000  2.7331E-45
 4329.0000  2.7216E-45
 4330.0000  2.7106E-45
 4331.0000  2.6990E-45
 4332.0000  2.6890E-45
 4333.0000  2.6787E-45
 4334.0000  2.6684E-45
 4335.0000  2.6585E-45
 4336.0000  2.6479E-45
 4337.0000  2.6380E-45
 4338.0000  2.6281E-45
 4339.0000  2.6188E-45
 4340.0000  2.6093E-45
 4341.0000  2.5990E-45
 4342.0000  2.5890E-45
 4343.0000  2.5806E-45
 4344.0000  2.5713E-45
 4345.0000  2.5625E-45
 4346.0000  2.5527E-45
 4347.0000  2.5447E-45
 4348.0000  2.5351E-45
 4349.0000  2.5253E-45
 4350.0000  2.5160E-45
 4351.0000  2.5073E-45
 4352.0000  2.4989E-45
 4353.0000  2.4911E-45
 4354.0000  2.4826E-45
 4355.0000  2.4742E-45
 4356.0000  2.4661E-45
 4357.0000  2.4586E-45
 4358.0000  2.4494E-45
 4359.0000  2.4412E-45
 4360.0000  2.4337E-45
 4361.0000  2.4254E-45
 4362.0000  2.4195E-45
 4363.0000  2.4116E-45
 4364.0000  2.4042E-45
 4365.0000  2.3977E-45
 4366.0000  2.3908E-45
 4367.0000  2.3829E-45
 4368.0000  2.3759E-45
 4369.0000  2.3685E-45
 4370.0000  2.3631E-45
 4371.0000  2.3558E-45
 4372.0000  2.3495E-45
 4373.0000  2.3425E-45
 4374.0000  2.3370E-45
 4375.0000  2.3311E-45
 4376.0000  2.3249E-45
 4377.0000  2.3200E-45
 4378.0000  2.3149E-45
 4379.0000  2.3083E-45
 4380.0000  2.3031E-45
 4381.0000  2.2976E-45
 4382.0000  2.2929E-45
 4383.0000  2.2880E-45
 4384.0000  2.2829E-45
 4385.0000  2.2774E-45
 4386.0000  2.2738E-45
 4387.0000  2.2684E-45
 4388.0000  2.2631E-45
 4389.0000  2.2589E-45
 4390.0000  2.2562E-45
 4391.0000  2.2530E-45
 4392.0000  2.2494E-45
 4393.0000  2.2456E-45
 4394.0000  2.2428E-45
 4395.0000  2.2386E-45
 4396.0000  2.2342E-45
 4397.0000  2.2323E-45
 4398.0000  2.2298E-45
 4399.0000  2.2265E-45
 4400.0000  2.2239E-45
 4401.0000  2.2220E-45
 4402.0000  2.2198E-45
 4403.0000  2.2174E-45
 4404.0000  2.2143E-45
 4405.0000  2.2137E-45
 4406.0000  2.2135E-45
 4407.0000  2.2110E-45
 4408.0000  2.2092E-45
 4409.0000  2.2086E-45
 4410.0000  2.2087E-45
 4411.0000  2.2078E-45
 4412.0000  2.2066E-45
 4413.0000  2.2066E-45
 4414.0000  2.2069E-45
 4415.0000  2.2075E-45
 4416.0000  2.2081E-45
 4417.0000  2.2075E-45
 4418.0000  2.2081E-45
 4419.0000  2.2110E-45
 4420.0000  2.2122E-45
 4421.0000  2.2115E-45
 4422.0000  2.2123E-45
 4423.0000  2.2144E-45
 4424.0000  2.2155E-45
 4425.0000  2.2168E-45
 4426.0000  2.2191E-45
 4427.0000  2.2228E-45
 4428.0000  2.2275E-45
 4429.0000  2.2293E-45
 4430.0000  2.2331E-45
 4431.0000  2.2351E-45
 4432.0000  2.2377E-45
 4433.0000  2.2405E-45
 4434.0000  2.2442E-45
 4435.0000  2.2494E-45
 4436.0000  2.2537E-45
 4437.0000  2.2582E-45
 4438.0000  2.2624E-45
 4439.0000  2.2663E-45
 4440.0000  2.2729E-45
 4441.0000  2.2784E-45
 4442.0000  2.2820E-45
 4443.0000  2.2879E-45
 4444.0000  2.2938E-45
 4445.0000  2.3012E-45
 4446.0000  2.3080E-45
 4447.0000  2.3131E-45
 4448.0000  2.3199E-45
 4449.0000  2.3268E-45
 4450.0000  2.3326E-45
 4451.0000  2.3421E-45
 4452.0000  2.3499E-45
 4453.0000  2.3563E-45
 4454.0000  2.3636E-45
 4455.0000  2.3711E-45
 4456.0000  2.3798E-45
 4457.0000  2.3876E-45
 4458.0000  2.3964E-45
 4459.0000  2.4036E-45
 4460.0000  2.4120E-45
 4461.0000  2.4213E-45
 4462.0000  2.4306E-45
 4463.0000  2.4392E-45
 4464.0000  2.4467E-45
 4465.0000  2.4562E-45
 4466.0000  2.4668E-45
 4467.0000  2.4757E-45
 4468.0000  2.4842E-45
 4469.0000  2.4927E-45
 4470.0000  2.5026E-45
 4471.0000  2.5132E-45
 4472.0000  2.5231E-45
 4473.0000  2.5312E-45
 4474.0000  2.5406E-45
 4475.0000  2.5517E-45
 4476.0000  2.5603E-45
 4477.0000  2.5692E-45
 4478.0000  2.5769E-45
 4479.0000  2.5863E-45
 4480.0000  2.5976E-45
 4481.0000  2.6040E-45
 4482.0000  2.6122E-45
 4483.0000  2.6214E-45
 4484.0000  2.6282E-45
 4485.0000  2.6376E-45
 4486.0000  2.6456E-45
 4487.0000  2.6511E-45
 4488.0000  2.6576E-45
 4489.0000  2.6655E-45
 4490.0000  2.6731E-45
 4491.0000  2.6795E-45
 4492.0000  2.6873E-45
 4493.0000  2.6947E-45
 4494.0000  2.6967E-45
 4495.0000  2.6996E-45
 4496.0000  2.6988E-45
 4497.0000  2.6896E-45
 4498.0000  2.6915E-45
 4499.0000  2.6946E-45
 4500.0000  2.7119E-45
 4501.0000  2.7205E-45
 4502.0000  2.7248E-45
 4503.0000  2.7264E-45
 4504.0000  2.7289E-45
 4505.0000  2.7326E-45
 4506.0000  2.7337E-45
 4507.0000  2.7335E-45
 4508.0000  2.7334E-45
 4509.0000  2.7320E-45
 4510.0000  2.7318E-45
 4511.0000  2.7319E-45
 4512.0000  2.7311E-45
 4513.0000  2.7291E-45
 4514.0000  2.7266E-45
 4515.0000  2.7249E-45
 4516.0000  2.7215E-45
 4517.0000  2.7194E-45
 4518.0000  2.7151E-45
 4519.0000  2.7099E-45
 4520.0000  2.7075E-45
 4521.0000  2.7039E-45
 4522.0000  2.6987E-45
 4523.0000  2.6931E-45
 4524.0000  2.6870E-45
 4525.0000  2.6817E-45
 4526.0000  2.6763E-45
 4527.0000  2.6700E-45
 4528.0000  2.6638E-45
 4529.0000  2.6555E-45
 4530.0000  2.6489E-45
 4531.0000  2.6419E-45
 4532.0000  2.6357E-45
 4533.0000  2.6269E-45
 4534.0000  2.6186E-45
 4535.0000  2.6099E-45
 4536.0000  2.6004E-45
 4537.0000  2.5913E-45
 4538.0000  2.5843E-45
 4539.0000  2.5743E-45
 4540.0000  2.5651E-45
 4541.0000  2.5580E-45
 4542.0000  2.5486E-45
 4543.0000  2.5390E-45
 4544.0000  2.5297E-45
 4545.0000  2.5204E-45
 4546.0000  2.5103E-45
 4547.0000  2.4981E-45
 4548.0000  2.4891E-45
 4549.0000  2.4824E-45
 4550.0000  2.4731E-45
 4551.0000  2.4641E-45
 4552.0000  2.4539E-45
 4553.0000  2.4449E-45
 4554.0000  2.4359E-45
 4555.0000  2.4264E-45
 4556.0000  2.4166E-45
 4557.0000  2.4065E-45
 4558.0000  2.3966E-45
 4559.0000  2.3864E-45
 4560.0000  2.3780E-45
 4561.0000  2.3683E-45
 4562.0000  2.3622E-45
 4563.0000  2.3535E-45
 4564.0000  2.3435E-45
 4565.0000  2.3350E-45
 4566.0000  2.3279E-45
 4567.0000  2.3204E-45
 4568.0000  2.3129E-45
 4569.0000  2.3032E-45
 4570.0000  2.2951E-45
 4571.0000  2.2881E-45
 4572.0000  2.2810E-45
 4573.0000  2.2741E-45
 4574.0000  2.2653E-45
 4575.0000  2.2594E-45
 4576.0000  2.2530E-45
 4577.0000  2.2466E-45
 4578.0000  2.2389E-45
 4579.0000  2.2318E-45
 4580.0000  2.2252E-45
 4581.0000  2.2192E-45
 4582.0000  2.2134E-45
 4583.0000  2.2074E-45
 4584.0000  2.2004E-45
 4585.0000  2.1973E-45
 4586.0000  2.1922E-45
 4587.0000  2.1867E-45
 4588.0000  2.1834E-45
 4589.0000  2.1783E-45
 4590.0000  2.1757E-45
 4591.0000  2.1723E-45
 4592.0000  2.1685E-45
 4593.0000  2.1662E-45
 4594.0000  2.1632E-45
 4595.0000  2.1611E-45
 4596.0000  2.1585E-45
 4597.0000  2.1539E-45
 4598.0000  2.1534E-45
 4599.0000  2.1516E-45
 4600.0000  2.1487E-45
 4601.0000  2.1447E-45
 4602.0000  2.1455E-45
 4603.0000  2.1485E-45
 4604.0000  2.1450E-45
 4605.0000  2.1430E-45
 4606.0000  2.1432E-45
 4607.0000  2.1444E-45
 4608.0000  2.1447E-45
 4609.0000  2.1451E-45
 4610.0000  2.1473E-45
 4611.0000  2.1487E-45
 4612.0000  2.1497E-45
 4613.0000  2.1521E-45
 4614.0000  2.1533E-45
 4615.0000  2.1591E-45
 4616.0000  2.1612E-45
 4617.0000  2.1632E-45
 4618.0000  2.1661E-45
 4619.0000  2.1713E-45
 4620.0000  2.1752E-45
 4621.0000  2.1785E-45
 4622.0000  2.1828E-45
 4623.0000  2.1886E-45
 4624.0000  2.1939E-45
 4625.0000  2.1996E-45
 4626.0000  2.2069E-45
 4627.0000  2.2129E-45
 4628.0000  2.2197E-45
 4629.0000  2.2282E-45
 4630.0000  2.2342E-45
 4631.0000  2.2416E-45
 4632.0000  2.2512E-45
 4633.0000  2.2602E-45
 4634.0000  2.2679E-45
 4635.0000  2.2769E-45
 4636.0000  2.2870E-45
 4637.0000  2.2979E-45
 4638.0000  2.3074E-45
 4639.0000  2.3162E-45
 4640.0000  2.3300E-45
 4641.0000  2.3418E-45
 4642.0000  2.3518E-45
 4643.0000  2.3657E-45
 4644.0000  2.3793E-45
 4645.0000  2.3910E-45
 4646.0000  2.4029E-45
 4647.0000  2.4187E-45
 4648.0000  2.4328E-45
 4649.0000  2.4474E-45
 4650.0000  2.4621E-45
 4651.0000  2.4756E-45
 4652.0000  2.4907E-45
 4653.0000  2.5068E-45
 4654.0000  2.5213E-45
 4655.0000  2.5403E-45
 4656.0000  2.5602E-45
 4657.0000  2.5758E-45
 4658.0000  2.5929E-45
 4659.0000  2.6120E-45
 4660.0000  2.6313E-45
 4661.0000  2.6489E-45
 4662.0000  2.6678E-45
 4663.0000  2.6899E-45
 4664.0000  2.7112E-45
 4665.0000  2.7314E-45
 4666.0000  2.7527E-45
 4667.0000  2.7731E-45
 4668.0000  2.7930E-45
 4669.0000  2.8146E-45
 4670.0000  2.8384E-45
 4671.0000  2.8600E-45
 4672.0000  2.8823E-45
 4673.0000  2.9063E-45
 4674.0000  2.9291E-45
 4675.0000  2.9511E-45
 4676.0000  2.9756E-45
 4677.0000  2.9995E-45
 4678.0000  3.0211E-45
 4679.0000  3.0450E-45
 4680.0000  3.0707E-45
 4681.0000  3.0964E-45
 4682.0000  3.1235E-45
 4683.0000  3.1506E-45
 4684.0000  3.1749E-45
 4685.0000  3.1978E-45
 4686.0000  3.2225E-45
 4687.0000  3.2500E-45
 4688.0000  3.2744E-45
 4689.0000  3.2968E-45
 4690.0000  3.3263E-45
 4691.0000  3.3499E-45
 4692.0000  3.3740E-45
 4693.0000  3.4011E-45
 4694.0000  3.4248E-45
 4695.0000  3.4481E-45
 4696.0000  3.4735E-45
 4697.0000  3.4996E-45
 4698.0000  3.5257E-45
 4699.0000  3.5488E-45
 4700.0000  3.5716E-45
 4701.0000  3.5951E-45
 4702.0000  3.6151E-45
 4703.0000  3.6361E-45
 4704.0000  3.6580E-45
 4705.0000  3.6796E-45
 4706.0000  3.7010E-45
 4707.0000  3.7242E-45
 4708.0000  3.7433E-45
 4709.0000  3.7571E-45
 4710.0000  3.7689E-45
 4711.0000  3.7662E-45
 4712.0000  3.7447E-45
 4713.0000  3.7667E-45
 4714.0000  3.8011E-45
 4715.0000  3.8497E-45
 4716.0000  3.8800E-45
 4717.0000  3.8972E-45
 4718.0000  3.9082E-45
 4719.0000  3.9210E-45
 4720.0000  3.9315E-45
 4721.0000  3.9418E-45
 4722.0000  3.9537E-45
 4723.0000  3.9612E-45
 4724.0000  3.9697E-45
 4725.0000  3.9769E-45
 4726.0000  3.9846E-45
 4727.0000  3.9920E-45
 4728.0000  3.9939E-45
 4729.0000  3.9991E-45
 4730.0000  4.0017E-45
 4731.0000  4.0035E-45
 4732.0000  4.0078E-45
 4733.0000  4.0047E-45
 4734.0000  4.0050E-45
 4735.0000  4.0066E-45
 4736.0000  4.0073E-45
 4737.0000  4.0067E-45
 4738.0000  4.0001E-45
 4739.0000  3.9955E-45
 4740.0000  3.9917E-45
 4741.0000  3.9831E-45
 4742.0000  3.9741E-45
 4743.0000  3.9673E-45
 4744.0000  3.9651E-45
 4745.0000  3.9576E-45
 4746.0000  3.9496E-45
 4747.0000  3.9379E-45
 4748.0000  3.9279E-45
 4749.0000  3.9169E-45
 4750.0000  3.9059E-45
 4751.0000  3.8975E-45
 4752.0000  3.8851E-45
 4753.0000  3.8713E-45
 4754.0000  3.8561E-45
 4755.0000  3.8451E-45
 4756.0000  3.8286E-45
 4757.0000  3.8125E-45
 4758.0000  3.7972E-45
 4759.0000  3.7813E-45
 4760.0000  3.7638E-45
 4761.0000  3.7467E-45
 4762.0000  3.7292E-45
 4763.0000  3.7108E-45
 4764.0000  3.6935E-45
 4765.0000  3.6779E-45
 4766.0000  3.6587E-45
 4767.0000  3.6351E-45
 4768.0000  3.6173E-45
 4769.0000  3.5986E-45
 4770.0000  3.5773E-45
 4771.0000  3.5554E-45
 4772.0000  3.5324E-45
 4773.0000  3.5132E-45
 4774.0000  3.4912E-45
 4775.0000  3.4712E-45
 4776.0000  3.4482E-45
 4777.0000  3.4229E-45
 4778.0000  3.4008E-45
 4779.0000  3.3801E-45
 4780.0000  3.3581E-45
 4781.0000  3.3340E-45
 4782.0000  3.3120E-45
 4783.0000  3.2879E-45
 4784.0000  3.2646E-45
 4785.0000  3.2430E-45
 4786.0000  3.2202E-45
 4787.0000  3.1975E-45
 4788.0000  3.1729E-45
 4789.0000  3.1479E-45
 4790.0000  3.1258E-45
 4791.0000  3.1027E-45
 4792.0000  3.0767E-45
 4793.0000  3.0565E-45
 4794.0000  3.0343E-45
 4795.0000  3.0134E-45
 4796.0000  2.9889E-45
 4797.0000  2.9658E-45
 4798.0000  2.9420E-45
 4799.0000  2.9194E-45
 4800.0000  2.8987E-45
 4801.0000  2.8752E-45
 4802.0000  2.8543E-45
 4803.0000  2.8299E-45
 4804.0000  2.8064E-45
 4805.0000  2.7881E-45
 4806.0000  2.7654E-45
 4807.0000  2.7418E-45
 4808.0000  2.7200E-45
 4809.0000  2.6979E-45
 4810.0000  2.6762E-45
 4811.0000  2.6566E-45
 4812.0000  2.6367E-45
 4813.0000  2.6147E-45
 4814.0000  2.5935E-45
 4815.0000  2.5736E-45
 4816.0000  2.5526E-45
 4817.0000  2.5315E-45
 4818.0000  2.5135E-45
 4819.0000  2.4954E-45
 4820.0000  2.4712E-45
 4821.0000  2.4515E-45
 4822.0000  2.4354E-45
 4823.0000  2.4162E-45
 4824.0000  2.3948E-45
 4825.0000  2.3756E-45
 4826.0000  2.3571E-45
 4827.0000  2.3387E-45
 4828.0000  2.3203E-45
 4829.0000  2.3022E-45
 4830.0000  2.2825E-45
 4831.0000  2.2643E-45
 4832.0000  2.2470E-45
 4833.0000  2.2297E-45
 4834.0000  2.2124E-45
 4835.0000  2.1935E-45
 4836.0000  2.1766E-45
 4837.0000  2.1606E-45
 4838.0000  2.1450E-45
 4839.0000  2.1285E-45
 4840.0000  2.1088E-45
 4841.0000  2.0925E-45
 4842.0000  2.0764E-45
 4843.0000  2.0623E-45
 4844.0000  2.0445E-45
 4845.0000  2.0310E-45
 4846.0000  2.0144E-45
 4847.0000  2.0003E-45
 4848.0000  1.9857E-45
 4849.0000  1.9683E-45
 4850.0000  1.9523E-45
 4851.0000  1.9392E-45
 4852.0000  1.9277E-45
 4853.0000  1.9131E-45
 4854.0000  1.8955E-45
 4855.0000  1.8817E-45
 4856.0000  1.8666E-45
 4857.0000  1.8527E-45
 4858.0000  1.8452E-45
 4859.0000  1.8322E-45
 4860.0000  1.8172E-45
 4861.0000  1.8037E-45
 4862.0000  1.7904E-45
 4863.0000  1.7776E-45
 4864.0000  1.7659E-45
 4865.0000  1.7519E-45
 4866.0000  1.7379E-45
 4867.0000  1.7275E-45
 4868.0000  1.7155E-45
 4869.0000  1.7054E-45
 4870.0000  1.6933E-45
 4871.0000  1.6780E-45
 4872.0000  1.6665E-45
 4873.0000  1.6560E-45
 4874.0000  1.6449E-45
 4875.0000  1.6335E-45
 4876.0000  1.6243E-45
 4877.0000  1.6130E-45
 4878.0000  1.6016E-45
 4879.0000  1.5903E-45
 4880.0000  1.5819E-45
 4881.0000  1.5712E-45
 4882.0000  1.5610E-45
 4883.0000  1.5519E-45
 4884.0000  1.5431E-45
 4885.0000  1.5328E-45
 4886.0000  1.5218E-45
 4887.0000  1.5084E-45
 4888.0000  1.5007E-45
 4889.0000  1.4932E-45
 4890.0000  1.4828E-45
 4891.0000  1.4734E-45
 4892.0000  1.4672E-45
 4893.0000  1.4560E-45
 4894.0000  1.4488E-45
 4895.0000  1.4390E-45
 4896.0000  1.4276E-45
 4897.0000  1.4192E-45
 4898.0000  1.4111E-45
 4899.0000  1.4040E-45
 4900.0000  1.3969E-45
 4901.0000  1.3891E-45
 4902.0000  1.3826E-45
 4903.0000  1.3722E-45
 4904.0000  1.3650E-45
 4905.0000  1.3580E-45
 4906.0000  1.3501E-45
 4907.0000  1.3413E-45
 4908.0000  1.3344E-45
 4909.0000  1.3253E-45
 4910.0000  1.3153E-45
 4911.0000  1.3074E-45
 4912.0000  1.3004E-45
 4913.0000  1.2931E-45
 4914.0000  1.2851E-45
 4915.0000  1.2774E-45
 4916.0000  1.2711E-45
 4917.0000  1.2647E-45
 4918.0000  1.2558E-45
 4919.0000  1.2495E-45
 4920.0000  1.2436E-45
 4921.0000  1.2373E-45
 4922.0000  1.2309E-45
 4923.0000  1.2251E-45
 4924.0000  1.2177E-45
 4925.0000  1.2096E-45
 4926.0000  1.2009E-45
 4927.0000  1.1946E-45
 4928.0000  1.1894E-45
 4929.0000  1.1837E-45
 4930.0000  1.1783E-45
 4931.0000  1.1708E-45
 4932.0000  1.1641E-45
 4933.0000  1.1607E-45
 4934.0000  1.1532E-45
 4935.0000  1.1465E-45
 4936.0000  1.1404E-45
 4937.0000  1.1334E-45
 4938.0000  1.1275E-45
 4939.0000  1.1236E-45
 4940.0000  1.1175E-45
 4941.0000  1.1097E-45
 4942.0000  1.1029E-45
 4943.0000  1.0961E-45
 4944.0000  1.0907E-45
 4945.0000  1.0827E-45
 4946.0000  1.0788E-45
 4947.0000  1.0732E-45
 4948.0000  1.0687E-45
 4949.0000  1.0630E-45
 4950.0000  1.0562E-45
 4951.0000  1.0470E-45
 4952.0000  1.0431E-45
 4953.0000  1.0378E-45
 4954.0000  1.0295E-45
 4955.0000  1.0238E-45
 4956.0000  1.0179E-45
 4957.0000  1.0130E-45
 4958.0000  1.0062E-45
 4959.0000  1.0014E-45
 4960.0000  9.9610E-46
 4961.0000  9.8910E-46
 4962.0000  9.8480E-46
 4963.0000  9.8260E-46
 4964.0000  9.7440E-46
 4965.0000  9.6800E-46
 4966.0000  9.6270E-46
 4967.0000  9.5660E-46
 4968.0000  9.5230E-46
 4969.0000  9.4670E-46
 4970.0000  9.3960E-46
 4971.0000  9.3450E-46
 4972.0000  9.3060E-46
 4973.0000  9.2420E-46
 4974.0000  9.1930E-46
 4975.0000  9.1420E-46
 4976.0000  9.0880E-46
 4977.0000  9.0340E-46
 4978.0000  8.9620E-46
 4979.0000  8.8960E-46
 4980.0000  8.8740E-46
 4981.0000  8.8290E-46
 4982.0000  8.8000E-46
 4983.0000  8.7290E-46
 4984.0000  8.6870E-46
 4985.0000  8.6320E-46
 4986.0000  8.5800E-46
 4987.0000  8.5180E-46
 4988.0000  8.4780E-46
 4989.0000  8.4460E-46
 4990.0000  8.3920E-46
 4991.0000  8.3190E-46
 4992.0000  8.2590E-46
 4993.0000  8.2160E-46
 4994.0000  8.1670E-46
 4995.0000  8.1310E-46
 4996.0000  8.0560E-46
 4997.0000  8.0270E-46
 4998.0000  7.9560E-46
 4999.0000  7.8990E-46
 5000.0000  7.8660E-46
 5001.0000  7.8160E-46
 5002.0000  7.7620E-46
 5003.0000  7.7100E-46
 5004.0000  7.7110E-46
 5005.0000  7.6460E-46
 5006.0000  7.5820E-46
 5007.0000  7.5340E-46
 5008.0000  7.5000E-46
 5009.0000  7.4410E-46
 5010.0000  7.3960E-46
 5011.0000  7.3670E-46
 5012.0000  7.3230E-46
 5013.0000  7.2520E-46
 5014.0000  7.2210E-46
 5015.0000  7.1790E-46
 5016.0000  7.1240E-46
 5017.0000  7.0890E-46
 5018.0000  7.0350E-46
 5019.0000  6.9890E-46
 5020.0000  6.9440E-46
 5021.0000  6.9130E-46
 5022.0000  6.8870E-46
 5023.0000  6.8460E-46
 5024.0000  6.7970E-46
 5025.0000  6.7180E-46
 5026.0000  6.6960E-46
 5027.0000  6.6640E-46
 5028.0000  6.6080E-46
 5029.0000  6.5890E-46
 5030.0000  6.5520E-46
 5031.0000  6.5320E-46
 5032.0000  6.5020E-46
 5033.0000  6.4440E-46
 5034.0000  6.3780E-46
 5035.0000  6.3340E-46
 5036.0000  6.3110E-46
 5037.0000  6.2790E-46
 5038.0000  6.2430E-46
 5039.0000  6.2230E-46
 5040.0000  6.1510E-46
 5041.0000  6.1350E-46
 5042.0000  6.0960E-46
 5043.0000  6.0630E-46
 5044.0000  6.0540E-46
 5045.0000  6.0010E-46
 5046.0000  5.9560E-46
 5047.0000  5.9200E-46
 5048.0000  5.9000E-46
 5049.0000  5.8690E-46
 5050.0000  5.8400E-46
 5051.0000  5.8200E-46
 5052.0000  5.7660E-46
 5053.0000  5.7660E-46
 5054.0000  5.7550E-46
 5055.0000  5.7280E-46
 5056.0000  5.6880E-46
 5057.0000  5.6490E-46
 5058.0000  5.6060E-46
 5059.0000  5.5910E-46
 5060.0000  5.5650E-46
 5061.0000  5.5010E-46
 5062.0000  5.4620E-46
 5063.0000  5.4210E-46
 5064.0000  5.3900E-46
 5065.0000  5.3750E-46
 5066.0000  5.3560E-46
 5067.0000  5.3310E-46
 5068.0000  5.2700E-46
 5069.0000  5.2410E-46
 5070.0000  5.2480E-46
 5071.0000  5.2110E-46
 5072.0000  5.1860E-46
 5073.0000  5.1480E-46
 5074.0000  5.1290E-46
 5075.0000  5.1140E-46
 5076.0000  5.0830E-46
 5077.0000  5.0390E-46
 5078.0000  5.0270E-46
 5079.0000  4.9980E-46
 5080.0000  4.9730E-46
 5081.0000  4.9700E-46
 5082.0000  4.9590E-46
 5083.0000  4.9230E-46
 5084.0000  4.9190E-46
 5085.0000  4.8770E-46
 5086.0000  4.8220E-46
 5087.0000  4.7930E-46
 5088.0000  4.7450E-46
 5089.0000  4.7290E-46
 5090.0000  4.7260E-46
 5091.0000  4.7250E-46
 5092.0000  4.6940E-46
 5093.0000  4.6530E-46
 5094.0000  4.6290E-46
 5095.0000  4.6230E-46
 5096.0000  4.5980E-46
 5097.0000  4.5530E-46
 5098.0000  4.5410E-46
 5099.0000  4.5250E-46
 5100.0000  4.4780E-46
 5101.0000  4.4450E-46
 5102.0000  4.4400E-46
 5103.0000  4.4140E-46
 5104.0000  4.4240E-46
 5105.0000  4.3880E-46
 5106.0000  4.3650E-46
 5107.0000  4.3260E-46
 5108.0000  4.2700E-46
 5109.0000  4.2580E-46
 5110.0000  4.2680E-46
 5111.0000  4.2750E-46
 5112.0000  4.2440E-46
 5113.0000  4.2210E-46
 5114.0000  4.1860E-46
 5115.0000  4.1480E-46
 5116.0000  4.1520E-46
 5117.0000  4.1170E-46
 5118.0000  4.0940E-46
 5119.0000  4.0920E-46
 5120.0000  4.0850E-46
 5121.0000  4.0440E-46
 5122.0000  4.0000E-46
 5123.0000  3.9830E-46
 5124.0000  3.9520E-46
 5125.0000  3.9300E-46
 5126.0000  3.9020E-46
 5127.0000  3.8630E-46
 5128.0000  3.8360E-46
 5129.0000  3.8370E-46
 5130.0000  3.7970E-46
 5131.0000  3.7910E-46
 5132.0000  3.7720E-46
 5133.0000  3.7990E-46
 5134.0000  3.7560E-46
 5135.0000  3.7140E-46
 5136.0000  3.6770E-46
 5137.0000  3.6540E-46
 5138.0000  3.6470E-46
 5139.0000  3.6410E-46
 5140.0000  3.5680E-46
 5141.0000  3.5840E-46
 5142.0000  3.6640E-46
 5143.0000  3.5480E-46
 5144.0000  3.5380E-46
 5145.0000  3.5140E-46
 5146.0000  3.4970E-46
 5147.0000  3.4750E-46
 5148.0000  3.4230E-46
 5149.0000  3.4220E-46
 5150.0000  3.4420E-46
 5151.0000  3.4080E-46
 5152.0000  3.3990E-46
 5153.0000  3.3650E-46
 5154.0000  3.3260E-46
 5155.0000  3.3770E-46
 5156.0000  3.3710E-46
 5157.0000  3.3500E-46
 5158.0000  3.2770E-46
 5159.0000  3.2740E-46
 5160.0000  3.2810E-46
 5161.0000  3.2180E-46
 5162.0000  3.2110E-46
 5163.0000  3.2410E-46
 5164.0000  3.2600E-46
 5165.0000  3.1450E-46
 5166.0000  3.1390E-46
 5167.0000  3.1260E-46
 5168.0000  3.0980E-46
 5169.0000  3.0790E-46
 5170.0000  3.1250E-46
 5171.0000  3.1180E-46
 5172.0000  3.0590E-46
 5173.0000  3.0520E-46
 5174.0000  3.0180E-46
 5175.0000  2.9950E-46
 5176.0000  2.9980E-46
 5177.0000  2.9750E-46
 5178.0000  2.9380E-46
 5179.0000  2.9050E-46
 5180.0000  2.9300E-46
 5181.0000  2.9440E-46
 5182.0000  2.8940E-46
 5183.0000  2.8610E-46
 5184.0000  2.9060E-46
 5185.0000  3.0020E-46
 5186.0000  2.8600E-46
 5187.0000  2.8520E-46
 5188.0000  2.8380E-46
 5189.0000  2.8480E-46
 5190.0000  2.8100E-46
 5191.0000  2.7460E-46
 5192.0000  2.7690E-46
 5193.0000  2.7270E-46
 5194.0000  2.6940E-46
 5195.0000  2.7080E-46
 5196.0000  2.7670E-46
 5197.0000  2.8530E-46
 5198.0000  2.7210E-46
 5199.0000  2.6550E-46
 5200.0000  2.6180E-46
 5600.0000  1.9880E-47
 5601.0000  2.0250E-47
 5602.0000  2.4200E-47
 5603.0000  2.1030E-47
 5604.0000  1.8560E-47
 5605.0000  2.4000E-47
 5606.0000  2.6710E-47
 5607.0000  2.3860E-47
 5608.0000  2.5690E-47
 5609.0000  2.8940E-47
 5610.0000  2.5800E-47
 5611.0000  1.9090E-47
 5612.0000  2.1770E-47
 5613.0000  2.4970E-47
 5614.0000  2.7650E-47
 5615.0000  2.5690E-47
 5616.0000  1.8670E-47
 5617.0000  1.8140E-47
 5618.0000  2.4880E-47
 5619.0000  2.8680E-47
 5620.0000  3.1870E-47
 5621.0000  3.0620E-47
 5622.0000  2.7790E-47
 5623.0000  2.7540E-47
 5624.0000  2.0460E-47
 5625.0000  1.9640E-47
 5626.0000  2.2670E-47
 5627.0000  3.0180E-47
 5628.0000  3.1940E-47
 5629.0000  2.3530E-47
 5630.0000  1.6240E-47
 5631.0000  2.0710E-47
 5632.0000  2.2150E-47
 5633.0000  2.2860E-47
 5634.0000  1.7250E-47
 5635.0000  2.1610E-47
 5636.0000  1.9340E-47
 5637.0000  1.6520E-47
 5638.0000  1.6750E-47
 5639.0000  1.8700E-47
 5640.0000  2.2390E-47
 5641.0000  1.6580E-47
 5642.0000  1.5160E-47
 5643.0000  1.3610E-47
 5644.0000  1.8630E-47
 5645.0000  1.8360E-47
 5646.0000  1.4890E-47
 5647.0000  1.7680E-47
 5648.0000  2.0250E-47
 5649.0000  2.3100E-47
 5650.0000  2.6930E-47
 5651.0000  2.3950E-47
 5652.0000  1.4990E-47
 5653.0000  1.7220E-47
 5654.0000  1.5290E-47
 5655.0000  1.2710E-47
 5656.0000  1.3810E-47
 5657.0000  1.8970E-47
 5658.0000  1.8020E-47
 5659.0000  2.3160E-47
 5660.0000  2.5210E-47
 5661.0000  2.1250E-47
 5662.0000  1.0820E-47
 5663.0000  1.0640E-47
 5664.0000  1.3940E-47
 5665.0000  1.5320E-47
 5666.0000  1.8270E-47
 5667.0000  1.8650E-47
 5668.0000  1.5390E-47
 5669.0000  1.2030E-47
 5670.0000  2.0860E-47
 5671.0000  1.9030E-47
 5672.0000  1.9700E-47
 5673.0000  2.0400E-47
 5674.0000  1.9360E-47
 5675.0000  1.3060E-47
 5676.0000  1.6440E-47
 5677.0000  1.9460E-47
 5678.0000  1.7130E-47
 5679.0000  1.6430E-47
 5680.0000  2.0860E-47
 5681.0000  1.5300E-47
 5682.0000  1.5060E-47
 5683.0000  1.2080E-47
 5684.0000  1.4310E-47
 5685.0000  1.4880E-47
 5686.0000  1.5540E-47
 5687.0000  1.3420E-47
 5688.0000  1.8080E-47
 5689.0000  1.7570E-47
 5690.0000  1.1030E-47
 5691.0000  1.5340E-47
 5692.0000  2.1490E-47
 5693.0000  1.8620E-47
 5694.0000  1.2730E-47
 5695.0000  9.8700E-48
 5696.0000  1.7530E-47
 5697.0000  1.6170E-47
 5698.0000  2.1280E-47
 5699.0000  1.8570E-47
 5700.0000  1.4170E-47
 5701.0000  1.1870E-47
 5702.0000  1.4870E-47
 5703.0000  1.3120E-47
 5704.0000  1.1050E-47
 5705.0000  1.7940E-47
 5706.0000  1.5950E-47
 5707.0000  1.2890E-47
 5708.0000  9.1300E-48
 5709.0000  1.2980E-47
 5710.0000  1.3800E-47
 5711.0000  1.5770E-47
 5712.0000  1.0770E-47
 5713.0000  1.3740E-47
 5714.0000  1.6580E-47
 5715.0000  1.7410E-47
 5716.0000  1.0730E-47
 5717.0000  9.0100E-48
 5718.0000  1.2850E-47
 5719.0000  1.9280E-47
 5720.0000  2.0780E-47
 5721.0000  2.0770E-47
 5722.0000  1.3670E-47
 5723.0000  1.5920E-47
 5724.0000  1.8460E-47
 5725.0000  1.4990E-47
 5726.0000  9.3100E-48
 5727.0000  1.3520E-47
 5728.0000  1.2100E-47
 5729.0000  6.3700E-48
 5730.0000  1.1820E-47
 5731.0000  1.7750E-47
 5732.0000  1.5920E-47
 5733.0000  1.1680E-47
 5734.0000  8.3000E-48
 5735.0000  1.3680E-47
 5736.0000  1.1110E-47
 5737.0000  1.1740E-47
 5738.0000  8.8000E-48
 5739.0000  1.1450E-47
 5740.0000  1.5670E-47
 5741.0000  1.5760E-47
 5742.0000  1.8480E-47
 5743.0000  1.8540E-47
 5744.0000  1.2940E-47
 5745.0000  7.8400E-48
 5746.0000  1.0700E-47
 5747.0000  1.2960E-47
 5748.0000  1.2340E-47
 5749.0000  1.0590E-47
 5750.0000  6.4100E-48
 5751.0000  9.5300E-48
 5752.0000  3.8400E-48
 5753.0000  0.0000E+00
 5754.0000  6.3900E-48
 5755.0000  1.3380E-47
 5756.0000  1.3330E-47
 5757.0000  4.5100E-48
 5758.0000  4.0100E-48
 5759.0000  1.6670E-47
 5760.0000  1.3360E-47
 5761.0000  1.0570E-47
 5762.0000  1.7110E-47
 5763.0000  1.3920E-47
 5764.0000  1.3900E-47
 5765.0000  1.1680E-47
 5766.0000  1.4130E-47
 5767.0000  1.6000E-47
 5768.0000  1.2490E-47
 5769.0000  1.5060E-47
 5770.0000  1.2250E-47
 5771.0000  5.1600E-48
 5772.0000  4.8000E-48
 5773.0000  1.3190E-47
 5774.0000  1.3960E-47
 5775.0000  7.7600E-48
 5776.0000  1.2510E-47
 5777.0000  1.7580E-47
 5778.0000  1.2560E-47
 5779.0000  1.0690E-47
 5780.0000  1.4030E-47
 5781.0000  6.6400E-48
 5782.0000  1.1060E-47
 5783.0000  1.4910E-47
 5784.0000  1.2480E-47
 5785.0000  9.2900E-48
 5786.0000  8.7500E-48
 5787.0000  9.5800E-48
 5788.0000  1.5010E-47
 5789.0000  1.2540E-47
 5790.0000  1.3170E-47
 5791.0000  1.0900E-47
 5792.0000  1.0250E-47
 5793.0000  5.7200E-48
 5794.0000  8.9600E-48
 5795.0000  1.4220E-47
 5796.0000  1.2040E-47
 5797.0000  2.0660E-47
 5798.0000  2.0570E-47
 5799.0000  1.3480E-47
 5800.0000  9.1900E-48
 5801.0000  5.1900E-48
 5802.0000  1.3960E-47
 5803.0000  1.5330E-47
 5804.0000  7.2000E-48
 5805.0000  4.4600E-48
 5806.0000  3.0400E-48
 5807.0000  8.5000E-49
 5808.0000  7.5200E-48
 5809.0000  8.7500E-48
 5810.0000  9.2800E-48
 5811.0000  8.0700E-48
 5812.0000  4.7300E-48
 5813.0000  7.3100E-48
 5814.0000  1.0600E-47
 5815.0000  6.9400E-48
 5816.0000  1.5140E-47
 5817.0000  1.2300E-47
 5818.0000  7.7500E-48
 5819.0000  2.6600E-48
 5820.0000  7.1700E-48
 5821.0000  1.5640E-47
 5822.0000  1.2720E-47
 5823.0000  7.9200E-48
 5824.0000  8.4900E-48
 5825.0000  1.1640E-47
 5826.0000  7.1300E-48
 5827.0000  3.2300E-48
 5828.0000  0.0000E+00
 5829.0000  4.4900E-48
 5830.0000  3.6400E-48
 5831.0000  6.7800E-48
 5832.0000  7.2800E-48
 5833.0000  7.6800E-48
 5834.0000  5.7400E-48
 5835.0000  8.1300E-48
 5836.0000  4.6200E-48
 5837.0000  6.5300E-48
 5838.0000  6.4400E-48
 5839.0000  3.3800E-48
 5840.0000  8.6700E-48
 5841.0000  1.3520E-47
 5842.0000  1.0610E-47
 5843.0000  2.5500E-48
 5844.0000  5.0500E-48
 5845.0000  6.1600E-48
 5846.0000  3.6500E-48
 5847.0000  0.0000E+00
 5848.0000  1.1800E-48
 5849.0000  6.7100E-48
 5850.0000  0.0000E+00
 5851.0000  3.1700E-48
 5852.0000  5.2900E-48
 5853.0000  8.8200E-48
 5854.0000  7.4000E-48
 5855.0000  1.9500E-48
 5856.0000  5.0000E-50
 5857.0000  4.1000E-48
 5858.0000  1.0450E-47
 5859.0000  6.3300E-48
 5860.0000  1.1810E-47
 5861.0000  1.1040E-47
 5862.0000  1.5280E-47
 5863.0000  1.2460E-47
 5864.0000  1.4090E-47
 5865.0000  1.0160E-47
 5866.0000  1.2760E-47
 5867.0000  1.3590E-47
 5868.0000  6.9800E-48
 5869.0000  1.1520E-47
 5870.0000  1.5240E-47
 5871.0000  7.2200E-48
 5872.0000  1.0390E-47
 5873.0000  1.0050E-47
 5874.0000  9.0700E-48
 5875.0000  4.4500E-48
 5876.0000  7.3400E-48
 5877.0000  1.2480E-47
 5878.0000  1.1690E-47
 5879.0000  1.0170E-47
 5880.0000  4.6700E-48
 5881.0000  9.5000E-48
 5882.0000  1.0280E-47
 5883.0000  5.8400E-48
 5884.0000  6.4500E-48
 5885.0000  4.7300E-48
 5886.0000  8.0900E-48
 5887.0000  2.4100E-48
 5888.0000  7.8800E-48
 5889.0000  8.1900E-48
 5890.0000  5.9200E-48
 5891.0000  3.9000E-48
 5892.0000  6.5200E-48
 5893.0000  9.0400E-48
 5894.0000  7.1400E-48
 5895.0000  1.1600E-48
 5896.0000  1.0200E-48
 5897.0000  5.7200E-48
 5898.0000  3.3900E-48
 5899.0000  2.5000E-49
 5900.0000  1.0330E-47
 5901.0000  1.0220E-47
 5902.0000  0.0000E+00
 5903.0000  1.2700E-48
 5904.0000  4.0000E-48
 5905.0000  4.9200E-48
 5906.0000  7.2100E-48
 5907.0000  1.0730E-47
 5908.0000  6.0100E-48
 5909.0000  4.9900E-48
 5910.0000  1.6130E-47
 5911.0000  1.8410E-47
 5912.0000  2.7800E-48
 5913.0000  0.0000E+00
 5914.0000  4.3800E-48
 5915.0000  6.3400E-48
 5916.0000  1.8000E-48
 5917.0000  5.2300E-48
 5918.0000  6.7800E-48
 5919.0000  3.9100E-48
 5920.0000  1.1120E-47
 5921.0000  9.1600E-48
 5922.0000  6.1800E-48
 5923.0000  4.6400E-48
 5924.0000  4.7700E-48
 5925.0000  4.0800E-48
 5926.0000  2.0500E-48
 5927.0000  0.0000E+00
 5928.0000  3.2600E-48
 5929.0000  1.3700E-48
 5930.0000  3.7900E-48
 5931.0000  3.0200E-48
 5932.0000  8.2000E-48
 5933.0000  5.5700E-48
 5934.0000  2.9900E-48
 5935.0000  0.0000E+00
 5936.0000  0.0000E+00
 5937.0000  0.0000E+00
 5938.0000  6.1000E-49
 5939.0000  0.0000E+00
 5940.0000  0.0000E+00
 5941.0000  0.0000E+00
 5942.0000  7.3600E-48
 5943.0000  4.2800E-48
 5944.0000  2.4400E-48
 5945.0000  0.0000E+00
 5946.0000  1.1360E-47
 5947.0000  9.4200E-48
 5948.0000  3.6400E-48
 5949.0000  3.4300E-48
 5950.0000  4.3500E-48
 5951.0000  1.2400E-48
 5952.0000  4.9000E-48
 5953.0000  9.1900E-48
 5954.0000  1.3600E-47
 5955.0000  6.0200E-48
 5956.0000  0.0000E+00
 5957.0000  0.0000E+00
 5958.0000  0.0000E+00
 5959.0000  1.2000E-49
 5960.0000  1.6000E-48
 5961.0000  5.5600E-48
 5962.0000  1.5400E-48
 5963.0000  1.3300E-48
 5964.0000  4.9900E-48
 5965.0000  0.0000E+00
 5966.0000  0.0000E+00
 5967.0000  5.5000E-49
 5968.0000  4.8200E-48
 5969.0000  0.0000E+00
 5970.0000  0.0000E+00
 5971.0000  2.9300E-48
 5972.0000  1.1910E-47
 5973.0000  1.7340E-47
 5974.0000  1.4820E-47
 5975.0000  1.2500E-47
 5976.0000  1.6100E-48
 5977.0000  2.9200E-48
 5978.0000  1.8000E-49
 5979.0000  3.2100E-48
 5980.0000  0.0000E+00
 5981.0000  5.6000E-48
 5982.0000  8.4000E-49
 5983.0000  5.2400E-48
 5984.0000  9.0000E-50
 5985.0000  1.9000E-48
 5986.0000  3.8500E-48
 5987.0000  1.1270E-47
 5988.0000  1.5100E-47
 5989.0000  1.1630E-47
 5990.0000  4.3000E-48
 5991.0000  0.0000E+00
 5992.0000  0.0000E+00
 5993.0000  0.0000E+00
 5994.0000  0.0000E+00
 5995.0000  1.1290E-47
 5996.0000  5.1800E-48
 5997.0000  7.2200E-48
 5998.0000  5.4000E-48
 5999.0000  6.1000E-48
 6000.0000  6.2300E-48
               H2-H2      2500      6000   1603    200 4.709E-45 1.000                            44
 2500.0000  0.0000E+00
 2501.0000  0.0000E+00
 2502.0000  0.0000E+00
 2503.0000  0.0000E+00
 2504.0000  0.0000E+00
 2505.0000  0.0000E+00
 2506.0000  0.0000E+00
 2507.0000  0.0000E+00
 2508.0000  0.0000E+00
 2509.0000  0.0000E+00
 2510.0000  0.0000E+00
 2511.0000  0.0000E+00
 2512.0000  0.0000E+00
 2513.0000  0.0000E+00
 2514.0000  0.0000E+00
 2515.0000  0.0000E+00
 2516.0000  0.0000E+00
 2517.0000  0.0000E+00
 2518.0000  0.0000E+00
 2519.0000  0.0000E+00
 2520.0000  0.0000E+00
 2521.0000  0.0000E+00
 2522.0000  0.0000E+00
 2523.0000  0.0000E+00
 2524.0000  0.0000E+00
 2525.0000  0.0000E+00
 2526.0000  0.0000E+00
 2527.0000  0.0000E+00
 2528.0000  0.0000E+00
 2529.0000  0.0000E+00
 2530.0000  0.0000E+00
 2531.0000  0.0000E+00
 2532.0000  0.0000E+00
 2533.0000  0.0000E+00
 2534.0000  0.0000E+00
 2535.0000  0.0000E+00
 2536.0000  0.0000E+00
 2537.0000  0.0000E+00
 2538.0000  0.0000E+00
 2539.0000  0.0000E+00
 2540.0000  0.0000E+00
 2541.0000  0.0000E+00
 2542.0000  0.0000E+00
 2543.0000  0.0000E+00
 2544.0000  0.0000E+00
 2545.0000  0.0000E+00
 2546.0000  0.0000E+00
 2547.0000  0.0000E+00
 2548.0000  0.0000E+00
 2549.0000  0.0000E+00
 2550.0000  0.0000E+00
 2551.0000  0.0000E+00
 2552.0000  0.0000E+00
 2553.0000  0.0000E+00
 2554.0000  0.0000E+00
 2555.0000  0.0000E+00
 2556.0000  0.0000E+00
 2557.0000  0.0000E+00
 2558.0000  0.0000E+00
 2559.0000  0.0000E+00
 2560.0000  0.0000E+00
 2561.0000  0.0000E+00
 2562.0000  0.0000E+00
 2563.0000  0.0000E+00
 2564.0000  0.0000E+00
 2565.0000  0.0000E+00
 2566.0000  0.0000E+00
 2567.0000  0.0000E+00
 2568.0000  0.0000E+00
 2569.0000  0.0000E+00
 2570.0000  0.0000E+00
 2571.0000  0.0000E+00
 2572.0000  0.0000E+00
 2573.0000  0.0000E+00
 2574.0000  0.0000E+00
 2575.0000  0.0000E+00
 2576.0000  0.0000E+00
 2577.0000  0.0000E+00
 2578.0000  0.0000E+00
 2579.0000  0.0000E+00
 2580.0000  0.0000E+00
 2581.0000  0.0000E+00
 2582.0000  0.0000E+00
 2583.0000  0.0000E+00
 2584.0000  0.0000E+00
 2585.0000  0.0000E+00
 2586.0000  0.0000E+00
 2587.0000  0.0000E+00
 2588.0000  0.0000E+00
 2589.0000  0.0000E+00
 2590.0000  0.0000E+00
 2591.0000  0.0000E+00
 2592.0000  0.0000E+00
 2593.0000  0.0000E+00
 2594.0000  0.0000E+00
 2595.0000  0.0000E+00
 2596.0000  0.0000E+00
 2597.0000  0.0000E+00
 2598.0000  0.0000E+00
 2599.0000  0.0000E+00
 2600.0000  0.0000E+00
 4000.0000  8.1420E-46
 4001.0000  8.2800E-46
 4002.0000  8.4180E-46
 4003.0000  8.5130E-46
 4004.0000  8.6290E-46
 4005.0000  8.7550E-46
 4006.0000  8.8430E-46
 4007.0000  8.9720E-46
 4008.0000  8.9650E-46
 4009.0000  8.9790E-46
 4010.0000  9.2970E-46
 4011.0000  9.4430E-46
 4012.0000  9.5440E-46
 4013.0000  9.6750E-46
 4014.0000  9.8360E-46
 4015.0000  9.9770E-46
 4016.0000  1.0128E-45
 4017.0000  1.0245E-45
 4018.0000  1.0330E-45
 4019.0000  1.0422E-45
 4020.0000  1.0564E-45
 4021.0000  1.0726E-45
 4022.0000  1.0876E-45
 4023.0000  1.1031E-45
 4024.0000  1.1148E-45
 4025.0000  1.1213E-45
 4026.0000  1.1395E-45
 4027.0000  1.1673E-45
 4028.0000  1.1789E-45
 4029.0000  1.1962E-45
 4030.0000  1.2114E-45
 4031.0000  1.2282E-45
 4032.0000  1.2434E-45
 4033.0000  1.2592E-45
 4034.0000  1.2789E-45
 4035.0000  1.2931E-45
 4036.0000  1.3044E-45
 4037.0000  1.3256E-45
 4038.0000  1.3441E-45
 4039.0000  1.3618E-45
 4040.0000  1.3782E-45
 4041.0000  1.3981E-45
 4042.0000  1.4148E-45
 4043.0000  1.4284E-45
 4044.0000  1.4387E-45
 4045.0000  1.4486E-45
 4046.0000  1.4820E-45
 4047.0000  1.5071E-45
 4048.0000  1.5291E-45
 4049.0000  1.5481E-45
 4050.0000  1.5675E-45
 4051.0000  1.5846E-45
 4052.0000  1.6006E-45
 4053.0000  1.6258E-45
 4054.0000  1.6487E-45
 4055.0000  1.6659E-45
 4056.0000  1.6893E-45
 4057.0000  1.7130E-45
 4058.0000  1.7385E-45
 4059.0000  1.7542E-45
 4060.0000  1.7686E-45
 4061.0000  1.7928E-45
 4062.0000  1.8204E-45
 4063.0000  1.8399E-45
 4064.0000  1.8688E-45
 4065.0000  1.8930E-45
 4066.0000  1.9158E-45
 4067.0000  1.9389E-45
 4068.0000  1.9650E-45
 4069.0000  1.9900E-45
 4070.0000  2.0123E-45
 4071.0000  2.0357E-45
 4072.0000  2.0567E-45
 4073.0000  2.0852E-45
 4074.0000  2.1089E-45
 4075.0000  2.1358E-45
 4076.0000  2.1673E-45
 4077.0000  2.1939E-45
 4078.0000  2.2116E-45
 4079.0000  2.2388E-45
 4080.0000  2.2655E-45
 4081.0000  2.2973E-45
 4082.0000  2.3283E-45
 4083.0000  2.3561E-45
 4084.0000  2.3812E-45
 4085.0000  2.4108E-45
 4086.0000  2.4408E-45
 4087.0000  2.4727E-45
 4088.0000  2.4985E-45
 4089.0000  2.5268E-45
 4090.0000  2.5600E-45
 4091.0000  2.5890E-45
 4092.0000  2.6193E-45
 4093.0000  2.6535E-45
 4094.0000  2.6797E-45
 4095.0000  2.7126E-45
 4096.0000  2.7443E-45
 4097.0000  2.7763E-45
 4098.0000  2.8108E-45
 4099.0000  2.8430E-45
 4100.0000  2.8748E-45
 4101.0000  2.9059E-45
 4102.0000  2.9387E-45
 4103.0000  2.9704E-45
 4104.0000  3.0004E-45
 4105.0000  3.0310E-45
 4106.0000  3.0555E-45
 4107.0000  3.0988E-45
 4108.0000  3.1334E-45
 4109.0000  3.1702E-45
 4110.0000  3.2037E-45
 4111.0000  3.2347E-45
 4112.0000  3.2692E-45
 4113.0000  3.3061E-45
 4114.0000  3.3365E-45
 4115.0000  3.3686E-45
 4116.0000  3.4052E-45
 4117.0000  3.4410E-45
 4118.0000  3.4714E-45
 4119.0000  3.5050E-45
 4120.0000  3.5408E-45
 4121.0000  3.5677E-45
 4122.0000  3.6090E-45
 4123.0000  3.6447E-45
 4124.0000  3.6768E-45
 4125.0000  3.6949E-45
 4126.0000  3.7151E-45
 4127.0000  3.7550E-45
 4128.0000  3.8006E-45
 4129.0000  3.8386E-45
 4130.0000  3.8727E-45
 4131.0000  3.9053E-45
 4132.0000  3.9350E-45
 4133.0000  3.9623E-45
 4134.0000  3.9990E-45
 4135.0000  4.0248E-45
 4136.0000  4.0632E-45
 4137.0000  4.0997E-45
 4138.0000  4.1263E-45
 4139.0000  4.1490E-45
 4140.0000  4.1840E-45
 4141.0000  4.2060E-45
 4142.0000  4.2070E-45
 4143.0000  4.1950E-45
 4144.0000  4.2160E-45
 4145.0000  4.2880E-45
 4146.0000  4.3360E-45
 4147.0000  4.3540E-45
 4148.0000  4.3780E-45
 4149.0000  4.3980E-45
 4150.0000  4.4170E-45
 4151.0000  4.4460E-45
 4152.0000  4.4590E-45
 4153.0000  4.4280E-45
 4154.0000  4.2350E-45
 4155.0000  3.7647E-45
 4156.0000  3.9161E-45
 4157.0000  4.3460E-45
 4158.0000  4.4850E-45
 4159.0000  4.5200E-45
 4160.0000  4.5000E-45
 4161.0000  4.4100E-45
 4162.0000  4.4710E-45
 4163.0000  4.5780E-45
 4164.0000  4.6200E-45
 4165.0000  4.6350E-45
 4166.0000  4.6490E-45
 4167.0000  4.6600E-45
 4168.0000  4.6710E-45
 4169.0000  4.6830E-45
 4170.0000  4.6860E-45
 4171.0000  4.6900E-45
 4172.0000  4.6920E-45
 4173.0000  4.7000E-45
 4174.0000  4.7050E-45
 4175.0000  4.7070E-45
 4176.0000  4.7070E-45
 4177.0000  4.7080E-45
 4178.0000  4.7090E-45
 4179.0000  4.7080E-45
 4180.0000  4.7070E-45
 4181.0000  4.7060E-45
 4182.0000  4.7040E-45
 4183.0000  4.7040E-45
 4184.0000  4.6980E-45
 4185.0000  4.7000E-45
 4186.0000  4.6880E-45
 4187.0000  4.6840E-45
 4188.0000  4.6780E-45
 4189.0000  4.6680E-45
 4190.0000  4.6620E-45
 4191.0000  4.6520E-45
 4192.0000  4.6470E-45
 4193.0000  4.6430E-45
 4194.0000  4.6350E-45
 4195.0000  4.6150E-45
 4196.0000  4.6080E-45
 4197.0000  4.6090E-45
 4198.0000  4.6030E-45
 4199.0000  4.5860E-45
 4200.0000  4.5760E-45
 4201.0000  4.5660E-45
 4202.0000  4.5530E-45
 4203.0000  4.5360E-45
 4204.0000  4.5270E-45
 4205.0000  4.5150E-45
 4206.0000  4.5050E-45
 4207.0000  4.4950E-45
 4208.0000  4.4810E-45
 4209.0000  4.4730E-45
 4210.0000  4.4660E-45
 4211.0000  4.4520E-45
 4212.0000  4.4320E-45
 4213.0000  4.4180E-45
 4214.0000  4.4050E-45
 4215.0000  4.3910E-45
 4216.0000  4.3760E-45
 4217.0000  4.3620E-45
 4218.0000  4.3480E-45
 4219.0000  4.3330E-45
 4220.0000  4.3160E-45
 4221.0000  4.3020E-45
 4222.0000  4.2870E-45
 4223.0000  4.2720E-45
 4224.0000  4.2580E-45
 4225.0000  4.2420E-45
 4226.0000  4.2330E-45
 4227.0000  4.2150E-45
 4228.0000  4.2010E-45
 4229.0000  4.1830E-45
 4230.0000  4.1660E-45
 4231.0000  4.1540E-45
 4232.0000  4.1440E-45
 4233.0000  4.1243E-45
 4234.0000  4.1128E-45
 4235.0000  4.1017E-45
 4236.0000  4.0878E-45
 4237.0000  4.0670E-45
 4238.0000  4.0498E-45
 4239.0000  4.0357E-45
 4240.0000  4.0166E-45
 4241.0000  4.0099E-45
 4242.0000  3.9899E-45
 4243.0000  3.9731E-45
 4244.0000  3.9592E-45
 4245.0000  3.9428E-45
 4246.0000  3.9316E-45
 4247.0000  3.9230E-45
 4248.0000  3.9022E-45
 4249.0000  3.8866E-45
 4250.0000  3.8686E-45
 4251.0000  3.8625E-45
 4252.0000  3.8513E-45
 4253.0000  3.8263E-45
 4254.0000  3.8132E-45
 4255.0000  3.7967E-45
 4256.0000  3.7850E-45
 4257.0000  3.7715E-45
 4258.0000  3.7617E-45
 4259.0000  3.7418E-45
 4260.0000  3.7266E-45
 4261.0000  3.7079E-45
 4262.0000  3.6918E-45
 4263.0000  3.6796E-45
 4264.0000  3.6694E-45
 4265.0000  3.6494E-45
 4266.0000  3.6311E-45
 4267.0000  3.6194E-45
 4268.0000  3.6110E-45
 4269.0000  3.5852E-45
 4270.0000  3.5772E-45
 4271.0000  3.5621E-45
 4272.0000  3.5466E-45
 4273.0000  3.5261E-45
 4274.0000  3.5199E-45
 4275.0000  3.5147E-45
 4276.0000  3.5006E-45
 4277.0000  3.4721E-45
 4278.0000  3.4570E-45
 4279.0000  3.4471E-45
 4280.0000  3.4342E-45
 4281.0000  3.4187E-45
 4282.0000  3.3948E-45
 4283.0000  3.3896E-45
 4284.0000  3.3836E-45
 4285.0000  3.3648E-45
 4286.0000  3.3523E-45
 4287.0000  3.3319E-45
 4288.0000  3.3203E-45
 4289.0000  3.3056E-45
 4290.0000  3.2938E-45
 4291.0000  3.2795E-45
 4292.0000  3.2674E-45
 4293.0000  3.2601E-45
 4294.0000  3.2463E-45
 4295.0000  3.2363E-45
 4296.0000  3.2208E-45
 4297.0000  3.1919E-45
 4298.0000  3.1808E-45
 4299.0000  3.1754E-45
 4300.0000  3.1679E-45
 4301.0000  3.1466E-45
 4302.0000  3.1290E-45
 4303.0000  3.1266E-45
 4304.0000  3.1222E-45
 4305.0000  3.1101E-45
 4306.0000  3.0912E-45
 4307.0000  3.0742E-45
 4308.0000  3.0671E-45
 4309.0000  3.0550E-45
 4310.0000  3.0306E-45
 4311.0000  3.0173E-45
 4312.0000  3.0136E-45
 4313.0000  2.9939E-45
 4314.0000  2.9904E-45
 4315.0000  2.9679E-45
 4316.0000  2.9495E-45
 4317.0000  2.9416E-45
 4318.0000  2.9419E-45
 4319.0000  2.9338E-45
 4320.0000  2.9297E-45
 4321.0000  2.9141E-45
 4322.0000  2.9103E-45
 4323.0000  2.8913E-45
 4324.0000  2.8778E-45
 4325.0000  2.8651E-45
 4326.0000  2.8474E-45
 4327.0000  2.8327E-45
 4328.0000  2.8217E-45
 4329.0000  2.8074E-45
 4330.0000  2.8117E-45
 4331.0000  2.8014E-45
 4332.0000  2.7925E-45
 4333.0000  2.7798E-45
 4334.0000  2.7737E-45
 4335.0000  2.7658E-45
 4336.0000  2.7521E-45
 4337.0000  2.7428E-45
 4338.0000  2.7298E-45
 4339.0000  2.7265E-45
 4340.0000  2.7142E-45
 4341.0000  2.7068E-45
 4342.0000  2.6946E-45
 4343.0000  2.6855E-45
 4344.0000  2.6699E-45
 4345.0000  2.6568E-45
 4346.0000  2.6511E-45
 4347.0000  2.6453E-45
 4348.0000  2.6319E-45
 4349.0000  2.6263E-45
 4350.0000  2.6113E-45
 4351.0000  2.6032E-45
 4352.0000  2.5978E-45
 4353.0000  2.5892E-45
 4354.0000  2.5804E-45
 4355.0000  2.5794E-45
 4356.0000  2.5726E-45
 4357.0000  2.5655E-45
 4358.0000  2.5555E-45
 4359.0000  2.5502E-45
 4360.0000  2.5376E-45
 4361.0000  2.5289E-45
 4362.0000  2.5183E-45
 4363.0000  2.5094E-45
 4364.0000  2.5068E-45
 4365.0000  2.4971E-45
 4366.0000  2.4945E-45
 4367.0000  2.4826E-45
 4368.0000  2.4743E-45
 4369.0000  2.4708E-45
 4370.0000  2.4695E-45
 4371.0000  2.4532E-45
 4372.0000  2.4477E-45
 4373.0000  2.4458E-45
 4374.0000  2.4370E-45
 4375.0000  2.4390E-45
 4376.0000  2.4258E-45
 4377.0000  2.4172E-45
 4378.0000  2.4136E-45
 4379.0000  2.4063E-45
 4380.0000  2.4025E-45
 4381.0000  2.4029E-45
 4382.0000  2.3934E-45
 4383.0000  2.3828E-45
 4384.0000  2.3744E-45
 4385.0000  2.3698E-45
 4386.0000  2.3664E-45
 4387.0000  2.3630E-45
 4388.0000  2.3519E-45
 4389.0000  2.3568E-45
 4390.0000  2.3497E-45
 4391.0000  2.3561E-45
 4392.0000  2.3508E-45
 4393.0000  2.3470E-45
 4394.0000  2.3402E-45
 4395.0000  2.3325E-45
 4396.0000  2.3237E-45
 4397.0000  2.3313E-45
 4398.0000  2.3112E-45
 4399.0000  2.3133E-45
 4400.0000  2.3105E-45
 4401.0000  2.3102E-45
 4402.0000  2.3133E-45
 4403.0000  2.3071E-45
 4404.0000  2.3110E-45
 4405.0000  2.3087E-45
 4406.0000  2.3088E-45
 4407.0000  2.2948E-45
 4408.0000  2.2919E-45
 4409.0000  2.2897E-45
 4410.0000  2.2939E-45
 4411.0000  2.2973E-45
 4412.0000  2.2961E-45
 4413.0000  2.2907E-45
 4414.0000  2.2920E-45
 4415.0000  2.2958E-45
 4416.0000  2.2950E-45
 4417.0000  2.2941E-45
 4418.0000  2.2872E-45
 4419.0000  2.2855E-45
 4420.0000  2.2889E-45
 4421.0000  2.2853E-45
 4422.0000  2.2867E-45
 4423.0000  2.2921E-45
 4424.0000  2.2987E-45
 4425.0000  2.2935E-45
 4426.0000  2.2959E-45
 4427.0000  2.2934E-45
 4428.0000  2.2950E-45
 4429.0000  2.3018E-45
 4430.0000  2.3054E-45
 4431.0000  2.3083E-45
 4432.0000  2.3080E-45
 4433.0000  2.3015E-45
 4434.0000  2.2992E-45
 4435.0000  2.3098E-45
 4436.0000  2.3161E-45
 4437.0000  2.3219E-45
 4438.0000  2.3248E-45
 4439.0000  2.3266E-45
 4440.0000  2.3315E-45
 4441.0000  2.3339E-45
 4442.0000  2.3337E-45
 4443.0000  2.3393E-45
 4444.0000  2.3484E-45
 4445.0000  2.3582E-45
 4446.0000  2.3639E-45
 4447.0000  2.3608E-45
 4448.0000  2.3622E-45
 4449.0000  2.3699E-45
 4450.0000  2.3704E-45
 4451.0000  2.3928E-45
 4452.0000  2.4035E-45
 4453.0000  2.4063E-45
 4454.0000  2.4076E-45
 4455.0000  2.4140E-45
 4456.0000  2.4114E-45
 4457.0000  2.4222E-45
 4458.0000  2.4182E-45
 4459.0000  2.4231E-45
 4460.0000  2.4131E-45
 4461.0000  2.4221E-45
 4462.0000  2.4604E-45
 4463.0000  2.4519E-45
 4464.0000  2.4605E-45
 4465.0000  2.4682E-45
 4466.0000  2.4734E-45
 4467.0000  2.4861E-45
 4468.0000  2.4789E-45
 4469.0000  2.4803E-45
 4470.0000  2.4963E-45
 4471.0000  2.5091E-45
 4472.0000  2.5278E-45
 4473.0000  2.5358E-45
 4474.0000  2.5374E-45
 4475.0000  2.5467E-45
 4476.0000  2.5454E-45
 4477.0000  2.5534E-45
 4478.0000  2.5656E-45
 4479.0000  2.5689E-45
 4480.0000  2.5696E-45
 4481.0000  2.5811E-45
 4482.0000  2.5886E-45
 4483.0000  2.5932E-45
 4484.0000  2.6022E-45
 4485.0000  2.6049E-45
 4486.0000  2.6095E-45
 4487.0000  2.6139E-45
 4488.0000  2.6177E-45
 4489.0000  2.6305E-45
 4490.0000  2.6311E-45
 4491.0000  2.6344E-45
 4492.0000  2.6377E-45
 4493.0000  2.6463E-45
 4494.0000  2.6545E-45
 4495.0000  2.6477E-45
 4496.0000  2.6515E-45
 4497.0000  2.6456E-45
 4498.0000  2.6492E-45
 4499.0000  2.6425E-45
 4500.0000  2.6629E-45
 4501.0000  2.6689E-45
 4502.0000  2.6667E-45
 4503.0000  2.6722E-45
 4504.0000  2.6743E-45
 4505.0000  2.6630E-45
 4506.0000  2.6648E-45
 4507.0000  2.6695E-45
 4508.0000  2.6723E-45
 4509.0000  2.6764E-45
 4510.0000  2.6731E-45
 4511.0000  2.6737E-45
 4512.0000  2.6698E-45
 4513.0000  2.6605E-45
 4514.0000  2.6557E-45
 4515.0000  2.6601E-45
 4516.0000  2.6523E-45
 4517.0000  2.6503E-45
 4518.0000  2.6485E-45
 4519.0000  2.6439E-45
 4520.0000  2.6370E-45
 4521.0000  2.6410E-45
 4522.0000  2.6357E-45
 4523.0000  2.6353E-45
 4524.0000  2.6297E-45
 4525.0000  2.6176E-45
 4526.0000  2.6161E-45
 4527.0000  2.6119E-45
 4528.0000  2.6023E-45
 4529.0000  2.5905E-45
 4530.0000  2.5922E-45
 4531.0000  2.5904E-45
 4532.0000  2.5862E-45
 4533.0000  2.5695E-45
 4534.0000  2.5663E-45
 4535.0000  2.5569E-45
 4536.0000  2.5526E-45
 4537.0000  2.5454E-45
 4538.0000  2.5408E-45
 4539.0000  2.5285E-45
 4540.0000  2.5194E-45
 4541.0000  2.5129E-45
 4542.0000  2.5082E-45
 4543.0000  2.5032E-45
 4544.0000  2.4966E-45
 4545.0000  2.4859E-45
 4546.0000  2.4697E-45
 4547.0000  2.4611E-45
 4548.0000  2.4628E-45
 4549.0000  2.4424E-45
 4550.0000  2.4343E-45
 4551.0000  2.4348E-45
 4552.0000  2.4239E-45
 4553.0000  2.4243E-45
 4554.0000  2.4187E-45
 4555.0000  2.4082E-45
 4556.0000  2.3993E-45
 4557.0000  2.3901E-45
 4558.0000  2.3837E-45
 4559.0000  2.3752E-45
 4560.0000  2.3695E-45
 4561.0000  2.3577E-45
 4562.0000  2.3485E-45
 4563.0000  2.3356E-45
 4564.0000  2.3345E-45
 4565.0000  2.3305E-45
 4566.0000  2.3235E-45
 4567.0000  2.3174E-45
 4568.0000  2.3131E-45
 4569.0000  2.3024E-45
 4570.0000  2.2897E-45
 4571.0000  2.2910E-45
 4572.0000  2.2844E-45
 4573.0000  2.2732E-45
 4574.0000  2.2678E-45
 4575.0000  2.2680E-45
 4576.0000  2.2599E-45
 4577.0000  2.2531E-45
 4578.0000  2.2614E-45
 4579.0000  2.2553E-45
 4580.0000  2.2470E-45
 4581.0000  2.2418E-45
 4582.0000  2.2297E-45
 4583.0000  2.2199E-45
 4584.0000  2.2210E-45
 4585.0000  2.2250E-45
 4586.0000  2.2200E-45
 4587.0000  2.2144E-45
 4588.0000  2.2049E-45
 4589.0000  2.2023E-45
 4590.0000  2.2110E-45
 4591.0000  2.2060E-45
 4592.0000  2.1975E-45
 4593.0000  2.1953E-45
 4594.0000  2.1861E-45
 4595.0000  2.1832E-45
 4596.0000  2.1781E-45
 4597.0000  2.1851E-45
 4598.0000  2.1878E-45
 4599.0000  2.1827E-45
 4600.0000  2.1822E-45
 4601.0000  2.1843E-45
 4602.0000  2.1872E-45
 4603.0000  2.1900E-45
 4604.0000  2.1866E-45
 4605.0000  2.1763E-45
 4606.0000  2.1839E-45
 4607.0000  2.1985E-45
 4608.0000  2.1992E-45
 4609.0000  2.1899E-45
 4610.0000  2.1866E-45
 4611.0000  2.1951E-45
 4612.0000  2.1987E-45
 4613.0000  2.1980E-45
 4614.0000  2.2001E-45
 4615.0000  2.2034E-45
 4616.0000  2.2152E-45
 4617.0000  2.2203E-45
 4618.0000  2.2230E-45
 4619.0000  2.2267E-45
 4620.0000  2.2278E-45
 4621.0000  2.2393E-45
 4622.0000  2.2473E-45
 4623.0000  2.2448E-45
 4624.0000  2.2422E-45
 4625.0000  2.2564E-45
 4626.0000  2.2648E-45
 4627.0000  2.2766E-45
 4628.0000  2.2809E-45
 4629.0000  2.2876E-45
 4630.0000  2.2876E-45
 4631.0000  2.3003E-45
 4632.0000  2.3086E-45
 4633.0000  2.3141E-45
 4634.0000  2.3251E-45
 4635.0000  2.3370E-45
 4636.0000  2.3474E-45
 4637.0000  2.3563E-45
 4638.0000  2.3574E-45
 4639.0000  2.3790E-45
 4640.0000  2.3957E-45
 4641.0000  2.3958E-45
 4642.0000  2.4020E-45
 4643.0000  2.4222E-45
 4644.0000  2.4431E-45
 4645.0000  2.4473E-45
 4646.0000  2.4493E-45
 4647.0000  2.4704E-45
 4648.0000  2.4911E-45
 4649.0000  2.4987E-45
 4650.0000  2.5174E-45
 4651.0000  2.5301E-45
 4652.0000  2.5358E-45
 4653.0000  2.5409E-45
 4654.0000  2.5767E-45
 4655.0000  2.5962E-45
 4656.0000  2.6043E-45
 4657.0000  2.6279E-45
 4658.0000  2.6358E-45
 4659.0000  2.6447E-45
 4660.0000  2.6784E-45
 4661.0000  2.6967E-45
 4662.0000  2.7395E-45
 4663.0000  2.7327E-45
 4664.0000  2.7319E-45
 4665.0000  2.7582E-45
 4666.0000  2.7895E-45
 4667.0000  2.8148E-45
 4668.0000  2.8334E-45
 4669.0000  2.8515E-45
 4670.0000  2.8683E-45
 4671.0000  2.8931E-45
 4672.0000  2.8982E-45
 4673.0000  2.9344E-45
 4674.0000  2.9564E-45
 4675.0000  2.9831E-45
 4676.0000  2.9938E-45
 4677.0000  3.0200E-45
 4678.0000  3.0494E-45
 4679.0000  3.0649E-45
 4680.0000  3.0975E-45
 4681.0000  3.1173E-45
 4682.0000  3.1174E-45
 4683.0000  3.1476E-45
 4684.0000  3.1667E-45
 4685.0000  3.1916E-45
 4686.0000  3.2172E-45
 4687.0000  3.2369E-45
 4688.0000  3.2583E-45
 4689.0000  3.2807E-45
 4690.0000  3.3141E-45
 4691.0000  3.3318E-45
 4692.0000  3.3570E-45
 4693.0000  3.3828E-45
 4694.0000  3.4055E-45
 4695.0000  3.4280E-45
 4696.0000  3.4504E-45
 4697.0000  3.4755E-45
 4698.0000  3.4925E-45
 4699.0000  3.5092E-45
 4700.0000  3.5246E-45
 4701.0000  3.5518E-45
 4702.0000  3.5684E-45
 4703.0000  3.5859E-45
 4704.0000  3.5993E-45
 4705.0000  3.6013E-45
 4706.0000  3.6283E-45
 4707.0000  3.6688E-45
 4708.0000  3.6811E-45
 4709.0000  3.6928E-45
 4710.0000  3.7143E-45
 4711.0000  3.7003E-45
 4712.0000  3.6816E-45
 4713.0000  3.7086E-45
 4714.0000  3.7277E-45
 4715.0000  3.7658E-45
 4716.0000  3.7954E-45
 4717.0000  3.8084E-45
 4718.0000  3.8157E-45
 4719.0000  3.8252E-45
 4720.0000  3.8281E-45
 4721.0000  3.8440E-45
 4722.0000  3.8501E-45
 4723.0000  3.8588E-45
 4724.0000  3.8686E-45
 4725.0000  3.8733E-45
 4726.0000  3.8805E-45
 4727.0000  3.8882E-45
 4728.0000  3.8898E-45
 4729.0000  3.8932E-45
 4730.0000  3.8933E-45
 4731.0000  3.8921E-45
 4732.0000  3.9042E-45
 4733.0000  3.8951E-45
 4734.0000  3.8990E-45
 4735.0000  3.8942E-45
 4736.0000  3.8914E-45
 4737.0000  3.8937E-45
 4738.0000  3.8941E-45
 4739.0000  3.8990E-45
 4740.0000  3.8888E-45
 4741.0000  3.8804E-45
 4742.0000  3.8677E-45
 4743.0000  3.8612E-45
 4744.0000  3.8686E-45
 4745.0000  3.8507E-45
 4746.0000  3.8476E-45
 4747.0000  3.8301E-45
 4748.0000  3.8269E-45
 4749.0000  3.8128E-45
 4750.0000  3.8018E-45
 4751.0000  3.7897E-45
 4752.0000  3.7781E-45
 4753.0000  3.7715E-45
 4754.0000  3.7549E-45
 4755.0000  3.7503E-45
 4756.0000  3.7409E-45
 4757.0000  3.7224E-45
 4758.0000  3.7072E-45
 4759.0000  3.6792E-45
 4760.0000  3.6753E-45
 4761.0000  3.6705E-45
 4762.0000  3.6441E-45
 4763.0000  3.6198E-45
 4764.0000  3.6076E-45
 4765.0000  3.5942E-45
 4766.0000  3.5781E-45
 4767.0000  3.5663E-45
 4768.0000  3.5485E-45
 4769.0000  3.5242E-45
 4770.0000  3.5089E-45
 4771.0000  3.4831E-45
 4772.0000  3.4629E-45
 4773.0000  3.4417E-45
 4774.0000  3.4270E-45
 4775.0000  3.4095E-45
 4776.0000  3.3878E-45
 4777.0000  3.3716E-45
 4778.0000  3.3446E-45
 4779.0000  3.3278E-45
 4780.0000  3.3094E-45
 4781.0000  3.2855E-45
 4782.0000  3.2640E-45
 4783.0000  3.2455E-45
 4784.0000  3.2178E-45
 4785.0000  3.2075E-45
 4786.0000  3.1830E-45
 4787.0000  3.1594E-45
 4788.0000  3.1396E-45
 4789.0000  3.1139E-45
 4790.0000  3.0917E-45
 4791.0000  3.0762E-45
 4792.0000  3.0561E-45
 4793.0000  3.0277E-45
 4794.0000  3.0065E-45
 4795.0000  2.9836E-45
 4796.0000  2.9620E-45
 4797.0000  2.9419E-45
 4798.0000  2.9261E-45
 4799.0000  2.9041E-45
 4800.0000  2.8861E-45
 4801.0000  2.8605E-45
 4802.0000  2.8397E-45
 4803.0000  2.8220E-45
 4804.0000  2.8007E-45
 4805.0000  2.7788E-45
 4806.0000  2.7567E-45
 4807.0000  2.7363E-45
 4808.0000  2.7169E-45
 4809.0000  2.6970E-45
 4810.0000  2.6785E-45
 4811.0000  2.6565E-45
 4812.0000  2.6356E-45
 4813.0000  2.6165E-45
 4814.0000  2.5997E-45
 4815.0000  2.5872E-45
 4816.0000  2.5613E-45
 4817.0000  2.5457E-45
 4818.0000  2.5321E-45
 4819.0000  2.5089E-45
 4820.0000  2.4783E-45
 4821.0000  2.4673E-45
 4822.0000  2.4554E-45
 4823.0000  2.4350E-45
 4824.0000  2.4152E-45
 4825.0000  2.3960E-45
 4826.0000  2.3764E-45
 4827.0000  2.3556E-45
 4828.0000  2.3428E-45
 4829.0000  2.3253E-45
 4830.0000  2.3046E-45
 4831.0000  2.2850E-45
 4832.0000  2.2727E-45
 4833.0000  2.2496E-45
 4834.0000  2.2355E-45
 4835.0000  2.2192E-45
 4836.0000  2.2077E-45
 4837.0000  2.1961E-45
 4838.0000  2.1792E-45
 4839.0000  2.1589E-45
 4840.0000  2.1402E-45
 4841.0000  2.1298E-45
 4842.0000  2.1076E-45
 4843.0000  2.0985E-45
 4844.0000  2.0809E-45
 4845.0000  2.0644E-45
 4846.0000  2.0560E-45
 4847.0000  2.0308E-45
 4848.0000  2.0195E-45
 4849.0000  2.0053E-45
 4850.0000  1.9952E-45
 4851.0000  1.9868E-45
 4852.0000  1.9707E-45
 4853.0000  1.9553E-45
 4854.0000  1.9387E-45
 4855.0000  1.9291E-45
 4856.0000  1.9118E-45
 4857.0000  1.8960E-45
 4858.0000  1.8860E-45
 4859.0000  1.8736E-45
 4860.0000  1.8604E-45
 4861.0000  1.8484E-45
 4862.0000  1.8387E-45
 4863.0000  1.8215E-45
 4864.0000  1.8159E-45
 4865.0000  1.8033E-45
 4866.0000  1.7906E-45
 4867.0000  1.7749E-45
 4868.0000  1.7635E-45
 4869.0000  1.7472E-45
 4870.0000  1.7413E-45
 4871.0000  1.7291E-45
 4872.0000  1.7193E-45
 4873.0000  1.7113E-45
 4874.0000  1.6902E-45
 4875.0000  1.6823E-45
 4876.0000  1.6698E-45
 4877.0000  1.6673E-45
 4878.0000  1.6545E-45
 4879.0000  1.6398E-45
 4880.0000  1.6311E-45
 4881.0000  1.6226E-45
 4882.0000  1.6148E-45
 4883.0000  1.6075E-45
 4884.0000  1.5955E-45
 4885.0000  1.5793E-45
 4886.0000  1.5728E-45
 4887.0000  1.5520E-45
 4888.0000  1.5499E-45
 4889.0000  1.5424E-45
 4890.0000  1.5318E-45
 4891.0000  1.5325E-45
 4892.0000  1.5265E-45
 4893.0000  1.5069E-45
 4894.0000  1.4941E-45
 4895.0000  1.4948E-45
 4896.0000  1.4775E-45
 4897.0000  1.4686E-45
 4898.0000  1.4741E-45
 4899.0000  1.4555E-45
 4900.0000  1.4598E-45
 4901.0000  1.4791E-45
 4902.0000  1.4542E-45
 4903.0000  1.4341E-45
 4904.0000  1.4283E-45
 4905.0000  1.4181E-45
 4906.0000  1.4170E-45
 4907.0000  1.4036E-45
 4908.0000  1.3846E-45
 4909.0000  1.3853E-45
 4910.0000  1.3890E-45
 4911.0000  1.3667E-45
 4912.0000  1.3662E-45
 4913.0000  1.3620E-45
 4914.0000  1.3471E-45
 4915.0000  1.3356E-45
 4916.0000  1.3325E-45
 4917.0000  1.3159E-45
 4918.0000  1.3137E-45
 4919.0000  1.3072E-45
 4920.0000  1.3038E-45
 4921.0000  1.2992E-45
 4922.0000  1.2966E-45
 4923.0000  1.2886E-45
 4924.0000  1.2771E-45
 4925.0000  1.2699E-45
 4926.0000  1.2603E-45
 4927.0000  1.2476E-45
 4928.0000  1.2498E-45
 4929.0000  1.2496E-45
 4930.0000  1.2358E-45
 4931.0000  1.2308E-45
 4932.0000  1.2252E-45
 4933.0000  1.2293E-45
 4934.0000  1.2172E-45
 4935.0000  1.2137E-45
 4936.0000  1.2004E-45
 4937.0000  1.1885E-45
 4938.0000  1.1893E-45
 4939.0000  1.1858E-45
 4940.0000  1.1897E-45
 4941.0000  1.1728E-45
 4942.0000  1.1686E-45
 4943.0000  1.1662E-45
 4944.0000  1.1572E-45
 4945.0000  1.1443E-45
 4946.0000  1.1424E-45
 4947.0000  1.1329E-45
 4948.0000  1.1309E-45
 4949.0000  1.1292E-45
 4950.0000  1.1227E-45
 4951.0000  1.1188E-45
 4952.0000  1.1094E-45
 4953.0000  1.0959E-45
 4954.0000  1.0898E-45
 4955.0000  1.0959E-45
 4956.0000  1.0844E-45
 4957.0000  1.0793E-45
 4958.0000  1.0736E-45
 4959.0000  1.0593E-45
 4960.0000  1.0579E-45
 4961.0000  1.0550E-45
 4962.0000  1.0509E-45
 4963.0000  1.0505E-45
 4964.0000  1.0398E-45
 4965.0000  1.0350E-45
 4966.0000  1.0362E-45
 4967.0000  1.0214E-45
 4968.0000  1.0163E-45
 4969.0000  1.0210E-45
 4970.0000  1.0113E-45
 4971.0000  9.9950E-46
 4972.0000  9.9330E-46
 4973.0000  9.8620E-46
 4974.0000  9.7940E-46
 4975.0000  9.7110E-46
 4976.0000  9.6960E-46
 4977.0000  9.6330E-46
 4978.0000  9.5690E-46
 4979.0000  9.4790E-46
 4980.0000  9.4890E-46
 4981.0000  9.5180E-46
 4982.0000  9.3200E-46
 4983.0000  9.3210E-46
 4984.0000  9.2970E-46
 4985.0000  9.2080E-46
 4986.0000  9.0640E-46
 4987.0000  9.1130E-46
 4988.0000  8.9940E-46
 4989.0000  8.9140E-46
 4990.0000  8.9110E-46
 4991.0000  8.8730E-46
 4992.0000  8.8390E-46
 4993.0000  8.7870E-46
 4994.0000  8.7050E-46
 4995.0000  8.5620E-46
 4996.0000  8.5830E-46
 4997.0000  8.5930E-46
 4998.0000  8.5230E-46
 4999.0000  8.4360E-46
 5000.0000  8.4100E-46
 5001.0000  8.3340E-46
 5002.0000  8.3350E-46
 5003.0000  8.3140E-46
 5004.0000  8.1450E-46
 5005.0000  8.0680E-46
 5006.0000  7.9690E-46
 5007.0000  7.9870E-46
 5008.0000  7.9730E-46
 5009.0000  7.9550E-46
 5010.0000  7.9210E-46
 5011.0000  7.9540E-46
 5012.0000  7.8540E-46
 5013.0000  7.8000E-46
 5014.0000  7.7970E-46
 5015.0000  7.7300E-46
 5016.0000  7.6510E-46
 5017.0000  7.6170E-46
 5018.0000  7.5420E-46
 5019.0000  7.4760E-46
 5020.0000  7.3780E-46
 5021.0000  7.4210E-46
 5022.0000  7.3040E-46
 5023.0000  7.3000E-46
 5024.0000  7.2690E-46
 5025.0000  7.2510E-46
 5026.0000  7.2350E-46
 5027.0000  7.1110E-46
 5028.0000  7.1460E-46
 5029.0000  7.0780E-46
 5030.0000  6.9380E-46
 5031.0000  7.0110E-46
 5032.0000  6.9280E-46
 5033.0000  6.8890E-46
 5034.0000  6.9150E-46
 5035.0000  6.7700E-46
 5036.0000  6.7160E-46
 5037.0000  6.7690E-46
 5038.0000  6.6120E-46
 5039.0000  6.6730E-46
 5040.0000  6.6240E-46
 5041.0000  6.5220E-46
 5042.0000  6.4820E-46
 5043.0000  6.4460E-46
 5044.0000  6.4280E-46
 5045.0000  6.4020E-46
 5046.0000  6.3790E-46
 5047.0000  6.2390E-46
 5048.0000  6.2110E-46
 5049.0000  6.2140E-46
 5050.0000  6.2550E-46
 5051.0000  6.2320E-46
 5052.0000  6.2290E-46
 5053.0000  6.1470E-46
 5054.0000  6.0530E-46
 5055.0000  6.0230E-46
 5056.0000  6.0780E-46
 5057.0000  5.9390E-46
 5058.0000  5.9460E-46
 5059.0000  5.9680E-46
 5060.0000  5.8740E-46
 5061.0000  5.8440E-46
 5062.0000  5.8360E-46
 5063.0000  5.7930E-46
 5064.0000  5.7490E-46
 5065.0000  5.7430E-46
 5066.0000  5.6970E-46
 5067.0000  5.6620E-46
 5068.0000  5.6580E-46
 5069.0000  5.5590E-46
 5070.0000  5.6230E-46
 5071.0000  5.5870E-46
 5072.0000  5.4770E-46
 5073.0000  5.4670E-46
 5074.0000  5.5120E-46
 5075.0000  5.5680E-46
 5076.0000  5.4660E-46
 5077.0000  5.2790E-46
 5078.0000  5.3260E-46
 5079.0000  5.3940E-46
 5080.0000  5.4470E-46
 5081.0000  5.2760E-46
 5082.0000  5.4270E-46
 5083.0000  5.3760E-46
 5084.0000  5.3390E-46
 5085.0000  5.3100E-46
 5086.0000  5.2120E-46
 5087.0000  5.2440E-46
 5088.0000  5.2180E-46
 5089.0000  5.1810E-46
 5090.0000  4.9460E-46
 5091.0000  4.9210E-46
 5092.0000  5.0190E-46
 5093.0000  5.0460E-46
 5094.0000  4.8820E-46
 5095.0000  4.7610E-46
 5096.0000  4.8740E-46
 5097.0000  4.8720E-46
 5098.0000  4.8990E-46
 5099.0000  4.9860E-46
 5100.0000  4.8680E-46
 5600.0000  4.0500E-48
 5601.0000  4.1300E-48
 5602.0000  3.7400E-48
 5603.0000  0.0000E+00
 5604.0000  5.9800E-48
 5605.0000  4.8500E-48
 5606.0000  2.4900E-48
 5607.0000  1.6000E-47
 5608.0000  6.3500E-48
 5609.0000  1.0660E-47
 5610.0000  2.5920E-47
 5611.0000  2.0600E-47
 5612.0000  1.5610E-47
 5613.0000  2.0400E-47
 5614.0000  1.1910E-47
 5615.0000  3.6500E-48
 5616.0000  1.5200E-48
 5617.0000  4.1000E-49
 5618.0000  7.7900E-48
 5619.0000  1.0990E-47
 5620.0000  1.1120E-47
 5621.0000  1.2000E-47
 5622.0000  1.2260E-47
 5623.0000  2.9600E-48
 5624.0000  1.1130E-47
 5625.0000  0.0000E+00
 5626.0000  0.0000E+00
 5627.0000  7.6300E-48
 5628.0000  1.4000E-47
 5629.0000  8.9300E-48
 5630.0000  7.0000E-48
 5631.0000  0.0000E+00
 5632.0000  1.8000E-48
 5633.0000  8.5400E-48
 5634.0000  1.5440E-47
 5635.0000  5.3300E-48
 5636.0000  0.0000E+00
 5637.0000  0.0000E+00
 5638.0000  0.0000E+00
 5639.0000  0.0000E+00
 5640.0000  3.0500E-48
 5641.0000  4.8100E-48
 5642.0000  0.0000E+00
 5643.0000  2.4900E-48
 5644.0000  8.0000E-50
 5645.0000  0.0000E+00
 5646.0000  0.0000E+00
 5647.0000  1.1760E-47
 5648.0000  9.1100E-48
 5649.0000  1.5560E-47
 5650.0000  1.2790E-47
 5651.0000  7.1400E-48
 5652.0000  6.0500E-48
 5653.0000  0.0000E+00
 5654.0000  0.0000E+00
 5655.0000  3.0800E-48
 5656.0000  2.1720E-47
 5657.0000  1.8700E-48
 5658.0000  1.3200E-48
 5659.0000  1.0040E-47
 5660.0000  1.2660E-47
 5661.0000  1.1950E-47
 5662.0000  0.0000E+00
 5663.0000  0.0000E+00
 5664.0000  0.0000E+00
 5665.0000  1.2980E-47
 5666.0000  1.3050E-47
 5667.0000  1.2250E-47
 5668.0000  3.2600E-48
 5669.0000  8.4700E-48
 5670.0000  7.0900E-48
 5671.0000  3.5800E-48
 5672.0000  1.5260E-47
 5673.0000  0.0000E+00
 5674.0000  0.0000E+00
 5675.0000  0.0000E+00
 5676.0000  1.3210E-47
 5677.0000  7.7500E-48
 5678.0000  9.7000E-49
 5679.0000  9.8900E-48
 5680.0000  1.6030E-47
 5681.0000  0.0000E+00
 5682.0000  0.0000E+00
 5683.0000  1.7550E-47
 5684.0000  9.0700E-48
 5685.0000  6.0000E-49
 5686.0000  1.3460E-47
 5687.0000  5.5300E-48
 5688.0000  2.0300E-48
 5689.0000  1.4580E-47
 5690.0000  6.4100E-48
 5691.0000  4.4800E-48
 5692.0000  0.0000E+00
 5693.0000  0.0000E+00
 5694.0000  0.0000E+00
 5695.0000  0.0000E+00
 5696.0000  4.9200E-48
 5697.0000  4.6900E-48
 5698.0000  0.0000E+00
 5699.0000  0.0000E+00
 5700.0000  7.7100E-48
 5701.0000  8.4300E-48
 5702.0000  5.0500E-48
 5703.0000  1.7580E-47
 5704.0000  5.1400E-48
 5705.0000  0.0000E+00
 5706.0000  6.1400E-48
 5707.0000  4.7500E-48
 5708.0000  8.7500E-48
 5709.0000  0.0000E+00
 5710.0000  1.9800E-48
 5711.0000  2.6900E-48
 5712.0000  0.0000E+00
 5713.0000  1.4750E-47
 5714.0000  1.0070E-47
 5715.0000  1.2570E-47
 5716.0000  2.2220E-47
 5717.0000  1.0610E-47
 5718.0000  0.0000E+00
 5719.0000  0.0000E+00
 5720.0000  8.3600E-48
 5721.0000  8.1400E-48
 5722.0000  4.4800E-48
 5723.0000  6.6500E-48
 5724.0000  0.0000E+00
 5725.0000  0.0000E+00
 5726.0000  0.0000E+00
 5727.0000  1.0790E-47
 5728.0000  9.0800E-48
 5729.0000  6.8000E-48
 5730.0000  0.0000E+00
 5731.0000  9.2600E-48
 5732.0000  0.0000E+00
 5733.0000  1.9500E-48
 5734.0000  1.8720E-47
 5735.0000  7.7200E-48
 5736.0000  4.9000E-49
 5737.0000  1.8800E-47
 5738.0000  1.5940E-47
 5739.0000  7.5200E-48
 5740.0000  4.3100E-48
 5741.0000  6.5200E-48
 5742.0000  1.0970E-47
 5743.0000  0.0000E+00
 5744.0000  2.6900E-48
 5745.0000  4.1700E-48
 5746.0000  0.0000E+00
 5747.0000  0.0000E+00
 5748.0000  0.0000E+00
 5749.0000  0.0000E+00
 5750.0000  0.0000E+00
 5751.0000  0.0000E+00
 5752.0000  4.4400E-48
 5753.0000  1.2270E-47
 5754.0000  1.4800E-48
 5755.0000  0.0000E+00
 5756.0000  1.3240E-47
 5757.0000  1.1810E-47
 5758.0000  0.0000E+00
 5759.0000  7.0500E-48
 5760.0000  2.1220E-47
 5761.0000  0.0000E+00
 5762.0000  1.1900E-48
 5763.0000  0.0000E+00
 5764.0000  0.0000E+00
 5765.0000  0.0000E+00
 5766.0000  1.8100E-48
 5767.0000  1.0840E-47
 5768.0000  5.4600E-48
 5769.0000  2.0200E-48
 5770.0000  0.0000E+00
 5771.0000  8.0700E-48
 5772.0000  6.2000E-49
 5773.0000  0.0000E+00
 5774.0000  2.1400E-48
 5775.0000  0.0000E+00
 5776.0000  0.0000E+00
 5777.0000  4.3500E-48
 5778.0000  9.6800E-48
 5779.0000  0.0000E+00
 5780.0000  0.0000E+00
 5781.0000  8.4000E-49
 5782.0000  1.0910E-47
 5783.0000  7.7600E-48
 5784.0000  1.2410E-47
 5785.0000  0.0000E+00
 5786.0000  0.0000E+00
 5787.0000  5.9700E-48
 5788.0000  0.0000E+00
 5789.0000  0.0000E+00
 5790.0000  0.0000E+00
 5791.0000  3.5200E-48
 5792.0000  0.0000E+00
 5793.0000  0.0000E+00
 5794.0000  0.0000E+00
 5795.0000  0.0000E+00
 5796.0000  1.0000E-48
 5797.0000  0.0000E+00
 5798.0000  0.0000E+00
 5799.0000  0.0000E+00
 5800.0000  4.7600E-48
 5801.0000  9.8300E-48
 5802.0000  0.0000E+00
 5803.0000  0.0000E+00
 5804.0000  0.0000E+00
 5805.0000  0.0000E+00
 5806.0000  1.7550E-47
 5807.0000  2.6930E-47
 5808.0000  8.9800E-48
 5809.0000  0.0000E+00
 5810.0000  0.0000E+00
 5811.0000  2.6700E-48
 5812.0000  8.7900E-48
 5813.0000  3.3300E-48
 5814.0000  4.2000E-49
 5815.0000  0.0000E+00
 5816.0000  0.0000E+00
 5817.0000  0.0000E+00
 5818.0000  0.0000E+00
 5819.0000  0.0000E+00
 5820.0000  0.0000E+00
 5821.0000  2.0000E-50
 5822.0000  4.2500E-48
 5823.0000  0.0000E+00
 5824.0000  0.0000E+00
 5825.0000  0.0000E+00
 5826.0000  0.0000E+00
 5827.0000  8.4000E-48
 5828.0000  6.1200E-48
 5829.0000  1.9000E-48
 5830.0000  0.0000E+00
 5831.0000  0.0000E+00
 5832.0000  0.0000E+00
 5833.0000  0.0000E+00
 5834.0000  4.1000E-48
 5835.0000  1.1280E-47
 5836.0000  1.3670E-47
 5837.0000  6.2200E-48
 5838.0000  5.2800E-48
 5839.0000  0.0000E+00
 5840.0000  9.9000E-49
 5841.0000  3.6800E-48
 5842.0000  0.0000E+00
 5843.0000  0.0000E+00
 5844.0000  1.7020E-47
 5845.0000  1.9740E-47
 5846.0000  0.0000E+00
 5847.0000  0.0000E+00
 5848.0000  0.0000E+00
 5849.0000  1.0920E-47
 5850.0000  3.5400E-48
 5851.0000  0.0000E+00
 5852.0000  7.1500E-48
 5853.0000  0.0000E+00
 5854.0000  0.0000E+00
 5855.0000  0.0000E+00
 5856.0000  0.0000E+00
 5857.0000  0.0000E+00
 5858.0000  0.0000E+00
 5859.0000  7.9500E-48
 5860.0000  1.7060E-47
 5861.0000  0.0000E+00
 5862.0000  0.0000E+00
 5863.0000  0.0000E+00
 5864.0000  3.8400E-48
 5865.0000  0.0000E+00
 5866.0000  0.0000E+00
 5867.0000  0.0000E+00
 5868.0000  1.3230E-47
 5869.0000  2.6700E-48
 5870.0000  1.3800E-47
 5871.0000  0.0000E+00
 5872.0000  0.0000E+00
 5873.0000  0.0000E+00
 5874.0000  0.0000E+00
 5875.0000  0.0000E+00
 5876.0000  0.0000E+00
 5877.0000  6.8600E-48
 5878.0000  8.8000E-49
 5879.0000  0.0000E+00
 5880.0000  0.0000E+00
 5881.0000  0.0000E+00
 5882.0000  1.2240E-47
 5883.0000  0.0000E+00
 5884.0000  0.0000E+00
 5885.0000  0.0000E+00
 5886.0000  9.8800E-48
 5887.0000  6.8000E-48
 5888.0000  0.0000E+00
 5889.0000  0.0000E+00
 5890.0000  0.0000E+00
 5891.0000  7.7100E-48
 5892.0000  3.7000E-49
 5893.0000  1.1860E-47
 5894.0000  1.0440E-47
 5895.0000  9.2300E-48
 5896.0000  7.2000E-49
 5897.0000  1.1140E-47
 5898.0000  3.5800E-48
 5899.0000  2.1300E-48
 5900.0000  0.0000E+00
 5901.0000  5.6000E-49
 5902.0000  0.0000E+00
 5903.0000  0.0000E+00
 5904.0000  0.0000E+00
 5905.0000  0.0000E+00
 5906.0000  0.0000E+00
 5907.0000  1.3610E-47
 5908.0000  4.0700E-48
 5909.0000  0.0000E+00
 5910.0000  0.0000E+00
 5911.0000  0.0000E+00
 5912.0000  0.0000E+00
 5913.0000  8.2000E-49
 5914.0000  0.0000E+00
 5915.0000  0.0000E+00
 5916.0000  0.0000E+00
 5917.0000  1.5600E-48
 5918.0000  3.9200E-48
 5919.0000  0.0000E+00
 5920.0000  0.0000E+00
 5921.0000  0.0000E+00
 5922.0000  0.0000E+00
 5923.0000  7.0700E-48
 5924.0000  1.4730E-47
 5925.0000  0.0000E+00
 5926.0000  0.0000E+00
 5927.0000  0.0000E+00
 5928.0000  0.0000E+00
 5929.0000  0.0000E+00
 5930.0000  0.0000E+00
 5931.0000  0.0000E+00
 5932.0000  1.1290E-47
 5933.0000  6.5300E-48
 5934.0000  0.0000E+00
 5935.0000  0.0000E+00
 5936.0000  1.7160E-47
 5937.0000  1.2100E-48
 5938.0000  0.0000E+00
 5939.0000  0.0000E+00
 5940.0000  0.0000E+00
 5941.0000  0.0000E+00
 5942.0000  0.0000E+00
 5943.0000  2.1970E-47
 5944.0000  0.0000E+00
 5945.0000  0.0000E+00
 5946.0000  2.8200E-48
 5947.0000  1.3110E-47
 5948.0000  2.8500E-48
 5949.0000  1.0680E-47
 5950.0000  0.0000E+00
 5951.0000  7.4200E-48
 5952.0000  1.5030E-47
 5953.0000  2.9500E-48
 5954.0000  0.0000E+00
 5955.0000  0.0000E+00
 5956.0000  1.8400E-48
 5957.0000  0.0000E+00
 5958.0000  0.0000E+00
 5959.0000  0.0000E+00
 5960.0000  0.0000E+00
 5961.0000  0.0000E+00
 5962.0000  1.7200E-48
 5963.0000  0.0000E+00
 5964.0000  0.0000E+00
 5965.0000  0.0000E+00
 5966.0000  0.0000E+00
 5967.0000  3.5900E-48
 5968.0000  1.2840E-47
 5969.0000  3.1600E-48
 5970.0000  1.2120E-47
 5971.0000  1.0920E-47
 5972.0000  0.0000E+00
 5973.0000  0.0000E+00
 5974.0000  0.0000E+00
 5975.0000  1.4400E-48
 5976.0000  1.2030E-47
 5977.0000  0.0000E+00
 5978.0000  0.0000E+00
 5979.0000  7.0000E-49
 5980.0000  1.6840E-47
 5981.0000  0.0000E+00
 5982.0000  3.0000E-50
 5983.0000  0.0000E+00
 5984.0000  0.0000E+00
 5985.0000  4.8900E-48
 5986.0000  0.0000E+00
 5987.0000  0.0000E+00
 5988.0000  0.0000E+00
 5989.0000  0.0000E+00
 5990.0000  0.0000E+00
 5991.0000  0.0000E+00
 5992.0000  0.0000E+00
 5993.0000  1.0560E-47
 5994.0000  1.3120E-47
 5995.0000  0.0000E+00
 5996.0000  0.0000E+00
 5997.0000  0.0000E+00
 5998.0000  7.2900E-48
 5999.0000  0.0000E+00
 6000.0000  0.0000E+00
               H2-H2      2500      6000   1803    245 4.924E-45 1.000                            44
 2500.0000  1.0000E-47
 2501.0000  1.0200E-47
 2502.0000  9.9000E-48
 2503.0000  9.8000E-48
 2504.0000  9.5000E-48
 2505.0000  9.1000E-48
 2506.0000  9.1000E-48
 2507.0000  9.1000E-48
 2508.0000  9.3000E-48
 2509.0000  9.2000E-48
 2510.0000  8.9000E-48
 2511.0000  8.4000E-48
 2512.0000  8.3000E-48
 2513.0000  8.2000E-48
 2514.0000  8.3000E-48
 2515.0000  8.5000E-48
 2516.0000  8.7000E-48
 2517.0000  8.8000E-48
 2518.0000  8.5000E-48
 2519.0000  8.2000E-48
 2520.0000  8.4000E-48
 2521.0000  8.3000E-48
 2522.0000  8.4000E-48
 2523.0000  8.9000E-48
 2524.0000  8.8000E-48
 2525.0000  8.3000E-48
 2526.0000  7.9000E-48
 2527.0000  7.7000E-48
 2528.0000  7.6000E-48
 2529.0000  7.6000E-48
 2530.0000  8.0000E-48
 2531.0000  8.0000E-48
 2532.0000  7.7000E-48
 2533.0000  7.4000E-48
 2534.0000  7.2000E-48
 2535.0000  6.9000E-48
 2536.0000  7.1000E-48
 2537.0000  7.5000E-48
 2538.0000  7.6000E-48
 2539.0000  7.1000E-48
 2540.0000  6.5000E-48
 2541.0000  6.6000E-48
 2542.0000  6.8000E-48
 2543.0000  7.1000E-48
 2544.0000  7.0000E-48
 2545.0000  7.1000E-48
 2546.0000  7.0000E-48
 2547.0000  7.3000E-48
 2548.0000  7.0000E-48
 2549.0000  6.6000E-48
 2550.0000  6.4000E-48
 2551.0000  6.7000E-48
 2552.0000  6.9000E-48
 2553.0000  6.9000E-48
 2554.0000  7.1000E-48
 2555.0000  6.5000E-48
 2556.0000  6.7000E-48
 2557.0000  7.3000E-48
 2558.0000  7.7000E-48
 2559.0000  7.5000E-48
 2560.0000  6.2000E-48
 2561.0000  3.8000E-48
 2562.0000  7.9000E-48
 2563.0000  9.9000E-48
 2564.0000  3.5000E-48
 2565.0000  4.5000E-48
 2566.0000  5.8000E-48
 2567.0000  6.2000E-48
 2568.0000  6.1000E-48
 2569.0000  6.3000E-48
 2570.0000  5.3000E-48
 2571.0000  5.3000E-48
 2572.0000  5.3000E-48
 2573.0000  5.7000E-48
 2574.0000  5.1000E-48
 2575.0000  4.9000E-48
 2576.0000  4.9000E-48
 2577.0000  4.8000E-48
 2578.0000  4.9000E-48
 2579.0000  4.7000E-48
 2580.0000  5.0000E-48
 2581.0000  4.8000E-48
 2582.0000  4.6000E-48
 2583.0000  4.4000E-48
 2584.0000  4.4000E-48
 2585.0000  4.0000E-48
 2586.0000  4.3000E-48
 2587.0000  4.9000E-48
 2588.0000  5.0000E-48
 2589.0000  4.9000E-48
 2590.0000  4.2000E-48
 2591.0000  3.8000E-48
 2592.0000  3.4000E-48
 2593.0000  3.8000E-48
 2594.0000  3.8000E-48
 2595.0000  3.9000E-48
 2596.0000  3.8000E-48
 2597.0000  3.8000E-48
 2598.0000  3.6000E-48
 2599.0000  3.1000E-48
 2600.0000  2.8000E-48
 2601.0000  2.9000E-48
 2602.0000  2.9000E-48
 2603.0000  2.9000E-48
 2604.0000  2.8000E-48
 2605.0000  2.6000E-48
 2606.0000  2.6000E-48
 2607.0000  2.5000E-48
 2608.0000  2.5000E-48
 2609.0000  2.5000E-48
 2610.0000  2.6000E-48
 2611.0000  2.5000E-48
 2612.0000  2.1000E-48
 2613.0000  1.8000E-48
 2614.0000  2.0000E-48
 2615.0000  2.2000E-48
 2616.0000  2.3000E-48
 2617.0000  2.2000E-48
 2618.0000  2.2000E-48
 2619.0000  2.1000E-48
 2620.0000  1.8000E-48
 2621.0000  2.0000E-48
 2622.0000  1.7000E-48
 2623.0000  1.8000E-48
 2624.0000  2.1000E-48
 2625.0000  2.1000E-48
 2626.0000  1.8000E-48
 2627.0000  1.7000E-48
 2628.0000  1.7000E-48
 2629.0000  1.9000E-48
 2630.0000  1.8000E-48
 2631.0000  2.0000E-48
 2632.0000  2.2000E-48
 2633.0000  1.9000E-48
 2634.0000  1.5000E-48
 2635.0000  1.5000E-48
 2636.0000  1.3000E-48
 2637.0000  1.3000E-48
 2638.0000  1.2000E-48
 2639.0000  1.0000E-48
 2640.0000  1.0000E-48
 2641.0000  8.0000E-49
 2642.0000  8.0000E-49
 2643.0000  7.0000E-49
 2644.0000  5.0000E-49
 2645.0000  6.0000E-49
 2646.0000  3.0000E-49
 2647.0000  3.0000E-49
 2648.0000  4.0000E-49
 2649.0000  3.0000E-49
 2650.0000  1.0000E-49
 2651.0000  3.0000E-49
 2652.0000  2.0000E-49
 2653.0000  1.0000E-49
 2654.0000  2.0000E-49
 2655.0000  2.0000E-49
 2656.0000  3.0000E-49
 2657.0000  0.0000E+00
 2658.0000  1.0000E-49
 2659.0000  0.0000E+00
 2660.0000  0.0000E+00
 2661.0000  1.0000E-49
 2662.0000  1.0000E-49
 2663.0000  0.0000E+00
 2664.0000  0.0000E+00
 2665.0000  1.0000E-49
 2666.0000  0.0000E+00
 2667.0000  0.0000E+00
 2668.0000  1.0000E-49
 2669.0000  0.0000E+00
 2670.0000  0.0000E+00
 2671.0000  0.0000E+00
 2672.0000  0.0000E+00
 2673.0000  0.0000E+00
 2674.0000  0.0000E+00
 2675.0000  0.0000E+00
 2676.0000  0.0000E+00
 2677.0000  0.0000E+00
 2678.0000  0.0000E+00
 2679.0000  0.0000E+00
 2680.0000  0.0000E+00
 2681.0000  0.0000E+00
 2682.0000  0.0000E+00
 2683.0000  0.0000E+00
 2684.0000  0.0000E+00
 2685.0000  0.0000E+00
 2686.0000  0.0000E+00
 2687.0000  0.0000E+00
 2688.0000  0.0000E+00
 2689.0000  0.0000E+00
 2690.0000  0.0000E+00
 2691.0000  0.0000E+00
 2692.0000  0.0000E+00
 2693.0000  0.0000E+00
 2694.0000  0.0000E+00
 2695.0000  0.0000E+00
 2696.0000  0.0000E+00
 2697.0000  0.0000E+00
 2698.0000  0.0000E+00
 2699.0000  0.0000E+00
 2700.0000  0.0000E+00
 2701.0000  0.0000E+00
 2702.0000  0.0000E+00
 2703.0000  0.0000E+00
 2704.0000  0.0000E+00
 2705.0000  0.0000E+00
 2706.0000  9.0000E-49
 2707.0000  0.0000E+00
 2708.0000  0.0000E+00
 2709.0000  0.0000E+00
 2710.0000  0.0000E+00
 2711.0000  0.0000E+00
 2712.0000  0.0000E+00
 2713.0000  0.0000E+00
 2714.0000  0.0000E+00
 2715.0000  0.0000E+00
 2716.0000  0.0000E+00
 2717.0000  0.0000E+00
 2718.0000  0.0000E+00
 2719.0000  0.0000E+00
 2720.0000  0.0000E+00
 2721.0000  0.0000E+00
 2722.0000  0.0000E+00
 2723.0000  0.0000E+00
 2724.0000  0.0000E+00
 2725.0000  0.0000E+00
 2726.0000  0.0000E+00
 2727.0000  0.0000E+00
 2728.0000  0.0000E+00
 2729.0000  0.0000E+00
 2730.0000  0.0000E+00
 2731.0000  0.0000E+00
 2732.0000  0.0000E+00
 2733.0000  0.0000E+00
 2734.0000  0.0000E+00
 2735.0000  0.0000E+00
 2736.0000  0.0000E+00
 2737.0000  0.0000E+00
 2738.0000  0.0000E+00
 2739.0000  0.0000E+00
 2740.0000  0.0000E+00
 2741.0000  0.0000E+00
 2742.0000  0.0000E+00
 2743.0000  0.0000E+00
 2744.0000  0.0000E+00
 2745.0000  0.0000E+00
 2746.0000  0.0000E+00
 2747.0000  0.0000E+00
 2748.0000  0.0000E+00
 2749.0000  0.0000E+00
 2750.0000  0.0000E+00
 2751.0000  0.0000E+00
 2752.0000  0.0000E+00
 2753.0000  0.0000E+00
 2754.0000  0.0000E+00
 2755.0000  0.0000E+00
 2756.0000  0.0000E+00
 2757.0000  0.0000E+00
 2758.0000  0.0000E+00
 2759.0000  0.0000E+00
 2760.0000  0.0000E+00
 2761.0000  0.0000E+00
 2762.0000  0.0000E+00
 2763.0000  0.0000E+00
 2764.0000  0.0000E+00
 2765.0000  0.0000E+00
 2766.0000  0.0000E+00
 2767.0000  0.0000E+00
 2768.0000  0.0000E+00
 2769.0000  0.0000E+00
 2770.0000  0.0000E+00
 2771.0000  0.0000E+00
 2772.0000  0.0000E+00
 2773.0000  0.0000E+00
 2774.0000  0.0000E+00
 2775.0000  0.0000E+00
 2776.0000  0.0000E+00
 2777.0000  0.0000E+00
 2778.0000  0.0000E+00
 2779.0000  0.0000E+00
 2780.0000  0.0000E+00
 2781.0000  0.0000E+00
 2782.0000  0.0000E+00
 2783.0000  0.0000E+00
 2784.0000  0.0000E+00
 2785.0000  0.0000E+00
 2786.0000  0.0000E+00
 2787.0000  0.0000E+00
 2788.0000  0.0000E+00
 2789.0000  0.0000E+00
 2790.0000  0.0000E+00
 2791.0000  0.0000E+00
 2792.0000  0.0000E+00
 2793.0000  0.0000E+00
 2794.0000  0.0000E+00
 2795.0000  0.0000E+00
 2796.0000  0.0000E+00
 2797.0000  0.0000E+00
 2798.0000  0.0000E+00
 2799.0000  0.0000E+00
 2800.0000  0.0000E+00
 4000.0000  1.1958E-45
 4001.0000  1.2091E-45
 4002.0000  1.2229E-45
 4003.0000  1.2347E-45
 4004.0000  1.2497E-45
 4005.0000  1.2619E-45
 4006.0000  1.2770E-45
 4007.0000  1.2910E-45
 4008.0000  1.2820E-45
 4009.0000  1.2877E-45
 4010.0000  1.3332E-45
 4011.0000  1.3472E-45
 4012.0000  1.3577E-45
 4013.0000  1.3660E-45
 4014.0000  1.3888E-45
 4015.0000  1.4056E-45
 4016.0000  1.4210E-45
 4017.0000  1.4354E-45
 4018.0000  1.4495E-45
 4019.0000  1.4517E-45
 4020.0000  1.4691E-45
 4021.0000  1.4993E-45
 4022.0000  1.5166E-45
 4023.0000  1.5338E-45
 4024.0000  1.5489E-45
 4025.0000  1.5416E-45
 4026.0000  1.5631E-45
 4027.0000  1.5983E-45
 4028.0000  1.6157E-45
 4029.0000  1.6311E-45
 4030.0000  1.6445E-45
 4031.0000  1.6631E-45
 4032.0000  1.6811E-45
 4033.0000  1.7015E-45
 4034.0000  1.7215E-45
 4035.0000  1.7395E-45
 4036.0000  1.7574E-45
 4037.0000  1.7768E-45
 4038.0000  1.7938E-45
 4039.0000  1.8138E-45
 4040.0000  1.8333E-45
 4041.0000  1.8543E-45
 4042.0000  1.8745E-45
 4043.0000  1.8908E-45
 4044.0000  1.8985E-45
 4045.0000  1.9038E-45
 4046.0000  1.9496E-45
 4047.0000  1.9744E-45
 4048.0000  1.9925E-45
 4049.0000  2.0143E-45
 4050.0000  2.0367E-45
 4051.0000  2.0574E-45
 4052.0000  2.0775E-45
 4053.0000  2.1004E-45
 4054.0000  2.1238E-45
 4055.0000  2.1440E-45
 4056.0000  2.1659E-45
 4057.0000  2.1895E-45
 4058.0000  2.2099E-45
 4059.0000  2.2354E-45
 4060.0000  2.2529E-45
 4061.0000  2.2751E-45
 4062.0000  2.3061E-45
 4063.0000  2.3291E-45
 4064.0000  2.3511E-45
 4065.0000  2.3766E-45
 4066.0000  2.4010E-45
 4067.0000  2.4257E-45
 4068.0000  2.4510E-45
 4069.0000  2.4750E-45
 4070.0000  2.4980E-45
 4071.0000  2.5234E-45
 4072.0000  2.5493E-45
 4073.0000  2.5745E-45
 4074.0000  2.5959E-45
 4075.0000  2.6244E-45
 4076.0000  2.6524E-45
 4077.0000  2.6812E-45
 4078.0000  2.7068E-45
 4079.0000  2.7232E-45
 4080.0000  2.7507E-45
 4081.0000  2.7830E-45
 4082.0000  2.8124E-45
 4083.0000  2.8411E-45
 4084.0000  2.8682E-45
 4085.0000  2.8965E-45
 4086.0000  2.9226E-45
 4087.0000  2.9516E-45
 4088.0000  2.9695E-45
 4089.0000  3.0056E-45
 4090.0000  3.0388E-45
 4091.0000  3.0665E-45
 4092.0000  3.0956E-45
 4093.0000  3.1233E-45
 4094.0000  3.1524E-45
 4095.0000  3.1818E-45
 4096.0000  3.2115E-45
 4097.0000  3.2401E-45
 4098.0000  3.2687E-45
 4099.0000  3.3003E-45
 4100.0000  3.3300E-45
 4101.0000  3.3587E-45
 4102.0000  3.3886E-45
 4103.0000  3.4189E-45
 4104.0000  3.4472E-45
 4105.0000  3.4743E-45
 4106.0000  3.4961E-45
 4107.0000  3.5355E-45
 4108.0000  3.5718E-45
 4109.0000  3.5997E-45
 4110.0000  3.6281E-45
 4111.0000  3.6632E-45
 4112.0000  3.6925E-45
 4113.0000  3.7220E-45
 4114.0000  3.7520E-45
 4115.0000  3.7838E-45
 4116.0000  3.8117E-45
 4117.0000  3.8398E-45
 4118.0000  3.8690E-45
 4119.0000  3.9010E-45
 4120.0000  3.9290E-45
 4121.0000  3.9580E-45
 4122.0000  3.9870E-45
 4123.0000  4.0150E-45
 4124.0000  4.0360E-45
 4125.0000  4.0340E-45
 4126.0000  4.0300E-45
 4127.0000  4.0900E-45
 4128.0000  4.1430E-45
 4129.0000  4.1800E-45
 4130.0000  4.2100E-45
 4131.0000  4.2380E-45
 4132.0000  4.2650E-45
 4133.0000  4.2900E-45
 4134.0000  4.3140E-45
 4135.0000  4.3430E-45
 4136.0000  4.3710E-45
 4137.0000  4.3960E-45
 4138.0000  4.4190E-45
 4139.0000  4.4380E-45
 4140.0000  4.4620E-45
 4141.0000  4.4810E-45
 4142.0000  4.4780E-45
 4143.0000  4.4250E-45
 4144.0000  4.4330E-45
 4145.0000  4.5290E-45
 4146.0000  4.5790E-45
 4147.0000  4.6070E-45
 4148.0000  4.6270E-45
 4149.0000  4.6460E-45
 4150.0000  4.6640E-45
 4151.0000  4.6780E-45
 4152.0000  4.6790E-45
 4153.0000  4.6400E-45
 4154.0000  4.4100E-45
 4155.0000  3.8730E-45
 4156.0000  4.0270E-45
 4157.0000  4.5120E-45
 4158.0000  4.6750E-45
 4159.0000  4.7230E-45
 4160.0000  4.7020E-45
 4161.0000  4.6130E-45
 4162.0000  4.6770E-45
 4163.0000  4.7790E-45
 4164.0000  4.8190E-45
 4165.0000  4.8390E-45
 4166.0000  4.8530E-45
 4167.0000  4.8650E-45
 4168.0000  4.8740E-45
 4169.0000  4.8840E-45
 4170.0000  4.8920E-45
 4171.0000  4.8980E-45
 4172.0000  4.8990E-45
 4173.0000  4.9050E-45
 4174.0000  4.9120E-45
 4175.0000  4.9150E-45
 4176.0000  4.9170E-45
 4177.0000  4.9200E-45
 4178.0000  4.9230E-45
 4179.0000  4.9240E-45
 4180.0000  4.9220E-45
 4181.0000  4.9200E-45
 4182.0000  4.9200E-45
 4183.0000  4.9200E-45
 4184.0000  4.9180E-45
 4185.0000  4.9150E-45
 4186.0000  4.9130E-45
 4187.0000  4.9080E-45
 4188.0000  4.9060E-45
 4189.0000  4.9030E-45
 4190.0000  4.8990E-45
 4191.0000  4.8920E-45
 4192.0000  4.8880E-45
 4193.0000  4.8830E-45
 4194.0000  4.8770E-45
 4195.0000  4.8710E-45
 4196.0000  4.8640E-45
 4197.0000  4.8550E-45
 4198.0000  4.8490E-45
 4199.0000  4.8410E-45
 4200.0000  4.8320E-45
 4201.0000  4.8250E-45
 4202.0000  4.8170E-45
 4203.0000  4.8090E-45
 4204.0000  4.7970E-45
 4205.0000  4.7870E-45
 4206.0000  4.7800E-45
 4207.0000  4.7700E-45
 4208.0000  4.7580E-45
 4209.0000  4.7490E-45
 4210.0000  4.7390E-45
 4211.0000  4.7270E-45
 4212.0000  4.7190E-45
 4213.0000  4.7090E-45
 4214.0000  4.6990E-45
 4215.0000  4.6860E-45
 4216.0000  4.6730E-45
 4217.0000  4.6590E-45
 4218.0000  4.6470E-45
 4219.0000  4.6370E-45
 4220.0000  4.6290E-45
 4221.0000  4.6140E-45
 4222.0000  4.6010E-45
 4223.0000  4.5880E-45
 4224.0000  4.5750E-45
 4225.0000  4.5640E-45
 4226.0000  4.5510E-45
 4227.0000  4.5370E-45
 4228.0000  4.5250E-45
 4229.0000  4.5130E-45
 4230.0000  4.4990E-45
 4231.0000  4.4860E-45
 4232.0000  4.4750E-45
 4233.0000  4.4620E-45
 4234.0000  4.4480E-45
 4235.0000  4.4350E-45
 4236.0000  4.4210E-45
 4237.0000  4.4070E-45
 4238.0000  4.3940E-45
 4239.0000  4.3810E-45
 4240.0000  4.3680E-45
 4241.0000  4.3550E-45
 4242.0000  4.3410E-45
 4243.0000  4.3270E-45
 4244.0000  4.3150E-45
 4245.0000  4.3010E-45
 4246.0000  4.2860E-45
 4247.0000  4.2720E-45
 4248.0000  4.2580E-45
 4249.0000  4.2460E-45
 4250.0000  4.2320E-45
 4251.0000  4.2190E-45
 4252.0000  4.2040E-45
 4253.0000  4.1900E-45
 4254.0000  4.1780E-45
 4255.0000  4.1640E-45
 4256.0000  4.1490E-45
 4257.0000  4.1370E-45
 4258.0000  4.1240E-45
 4259.0000  4.1070E-45
 4260.0000  4.0940E-45
 4261.0000  4.0790E-45
 4262.0000  4.0650E-45
 4263.0000  4.0530E-45
 4264.0000  4.0390E-45
 4265.0000  4.0240E-45
 4266.0000  4.0110E-45
 4267.0000  3.9970E-45
 4268.0000  3.9850E-45
 4269.0000  3.9710E-45
 4270.0000  3.9590E-45
 4271.0000  3.9460E-45
 4272.0000  3.9330E-45
 4273.0000  3.9180E-45
 4274.0000  3.9040E-45
 4275.0000  3.8900E-45
 4276.0000  3.8770E-45
 4277.0000  3.8615E-45
 4278.0000  3.8484E-45
 4279.0000  3.8357E-45
 4280.0000  3.8241E-45
 4281.0000  3.8112E-45
 4282.0000  3.7985E-45
 4283.0000  3.7867E-45
 4284.0000  3.7731E-45
 4285.0000  3.7584E-45
 4286.0000  3.7440E-45
 4287.0000  3.7323E-45
 4288.0000  3.7213E-45
 4289.0000  3.7090E-45
 4290.0000  3.6961E-45
 4291.0000  3.6820E-45
 4292.0000  3.6690E-45
 4293.0000  3.6576E-45
 4294.0000  3.6466E-45
 4295.0000  3.6332E-45
 4296.0000  3.6212E-45
 4297.0000  3.6055E-45
 4298.0000  3.5916E-45
 4299.0000  3.5807E-45
 4300.0000  3.5688E-45
 4301.0000  3.5560E-45
 4302.0000  3.5464E-45
 4303.0000  3.5338E-45
 4304.0000  3.5197E-45
 4305.0000  3.5087E-45
 4306.0000  3.4956E-45
 4307.0000  3.4851E-45
 4308.0000  3.4719E-45
 4309.0000  3.4596E-45
 4310.0000  3.4483E-45
 4311.0000  3.4357E-45
 4312.0000  3.4218E-45
 4313.0000  3.4116E-45
 4314.0000  3.4004E-45
 4315.0000  3.3906E-45
 4316.0000  3.3781E-45
 4317.0000  3.3681E-45
 4318.0000  3.3549E-45
 4319.0000  3.3427E-45
 4320.0000  3.3304E-45
 4321.0000  3.3196E-45
 4322.0000  3.3100E-45
 4323.0000  3.2996E-45
 4324.0000  3.2889E-45
 4325.0000  3.2788E-45
 4326.0000  3.2655E-45
 4327.0000  3.2560E-45
 4328.0000  3.2445E-45
 4329.0000  3.2339E-45
 4330.0000  3.2224E-45
 4331.0000  3.2113E-45
 4332.0000  3.2036E-45
 4333.0000  3.1902E-45
 4334.0000  3.1802E-45
 4335.0000  3.1699E-45
 4336.0000  3.1619E-45
 4337.0000  3.1518E-45
 4338.0000  3.1403E-45
 4339.0000  3.1324E-45
 4340.0000  3.1205E-45
 4341.0000  3.1101E-45
 4342.0000  3.1022E-45
 4343.0000  3.0940E-45
 4344.0000  3.0823E-45
 4345.0000  3.0728E-45
 4346.0000  3.0644E-45
 4347.0000  3.0532E-45
 4348.0000  3.0442E-45
 4349.0000  3.0344E-45
 4350.0000  3.0251E-45
 4351.0000  3.0173E-45
 4352.0000  3.0101E-45
 4353.0000  2.9997E-45
 4354.0000  2.9908E-45
 4355.0000  2.9831E-45
 4356.0000  2.9754E-45
 4357.0000  2.9657E-45
 4358.0000  2.9567E-45
 4359.0000  2.9498E-45
 4360.0000  2.9399E-45
 4361.0000  2.9329E-45
 4362.0000  2.9234E-45
 4363.0000  2.9158E-45
 4364.0000  2.9090E-45
 4365.0000  2.8989E-45
 4366.0000  2.8899E-45
 4367.0000  2.8830E-45
 4368.0000  2.8765E-45
 4369.0000  2.8699E-45
 4370.0000  2.8629E-45
 4371.0000  2.8537E-45
 4372.0000  2.8436E-45
 4373.0000  2.8373E-45
 4374.0000  2.8310E-45
 4375.0000  2.8248E-45
 4376.0000  2.8194E-45
 4377.0000  2.8126E-45
 4378.0000  2.8055E-45
 4379.0000  2.7989E-45
 4380.0000  2.7926E-45
 4381.0000  2.7858E-45
 4382.0000  2.7804E-45
 4383.0000  2.7739E-45
 4384.0000  2.7695E-45
 4385.0000  2.7627E-45
 4386.0000  2.7575E-45
 4387.0000  2.7525E-45
 4388.0000  2.7502E-45
 4389.0000  2.7431E-45
 4390.0000  2.7348E-45
 4391.0000  2.7284E-45
 4392.0000  2.7236E-45
 4393.0000  2.7197E-45
 4394.0000  2.7136E-45
 4395.0000  2.7094E-45
 4396.0000  2.7051E-45
 4397.0000  2.7002E-45
 4398.0000  2.6955E-45
 4399.0000  2.6956E-45
 4400.0000  2.6877E-45
 4401.0000  2.6830E-45
 4402.0000  2.6795E-45
 4403.0000  2.6774E-45
 4404.0000  2.6745E-45
 4405.0000  2.6701E-45
 4406.0000  2.6669E-45
 4407.0000  2.6633E-45
 4408.0000  2.6576E-45
 4409.0000  2.6552E-45
 4410.0000  2.6528E-45
 4411.0000  2.6525E-45
 4412.0000  2.6475E-45
 4413.0000  2.6410E-45
 4414.0000  2.6412E-45
 4415.0000  2.6407E-45
 4416.0000  2.6356E-45
 4417.0000  2.6353E-45
 4418.0000  2.6350E-45
 4419.0000  2.6340E-45
 4420.0000  2.6323E-45
 4421.0000  2.6299E-45
 4422.0000  2.6299E-45
 4423.0000  2.6287E-45
 4424.0000  2.6264E-45
 4425.0000  2.6250E-45
 4426.0000  2.6237E-45
 4427.0000  2.6240E-45
 4428.0000  2.6246E-45
 4429.0000  2.6233E-45
 4430.0000  2.6229E-45
 4431.0000  2.6217E-45
 4432.0000  2.6207E-45
 4433.0000  2.6208E-45
 4434.0000  2.6226E-45
 4435.0000  2.6238E-45
 4436.0000  2.6218E-45
 4437.0000  2.6204E-45
 4438.0000  2.6195E-45
 4439.0000  2.6230E-45
 4440.0000  2.6234E-45
 4441.0000  2.6242E-45
 4442.0000  2.6243E-45
 4443.0000  2.6251E-45
 4444.0000  2.6262E-45
 4445.0000  2.6275E-45
 4446.0000  2.6318E-45
 4447.0000  2.6310E-45
 4448.0000  2.6322E-45
 4449.0000  2.6361E-45
 4450.0000  2.6355E-45
 4451.0000  2.6375E-45
 4452.0000  2.6436E-45
 4453.0000  2.6445E-45
 4454.0000  2.6460E-45
 4455.0000  2.6510E-45
 4456.0000  2.6511E-45
 4457.0000  2.6502E-45
 4458.0000  2.6547E-45
 4459.0000  2.6574E-45
 4460.0000  2.6597E-45
 4461.0000  2.6647E-45
 4462.0000  2.6673E-45
 4463.0000  2.6701E-45
 4464.0000  2.6718E-45
 4465.0000  2.6752E-45
 4466.0000  2.6778E-45
 4467.0000  2.6799E-45
 4468.0000  2.6823E-45
 4469.0000  2.6851E-45
 4470.0000  2.6885E-45
 4471.0000  2.6937E-45
 4472.0000  2.6970E-45
 4473.0000  2.6992E-45
 4474.0000  2.7028E-45
 4475.0000  2.7059E-45
 4476.0000  2.7056E-45
 4477.0000  2.7070E-45
 4478.0000  2.7133E-45
 4479.0000  2.7174E-45
 4480.0000  2.7168E-45
 4481.0000  2.7204E-45
 4482.0000  2.7209E-45
 4483.0000  2.7224E-45
 4484.0000  2.7272E-45
 4485.0000  2.7288E-45
 4486.0000  2.7315E-45
 4487.0000  2.7340E-45
 4488.0000  2.7371E-45
 4489.0000  2.7393E-45
 4490.0000  2.7397E-45
 4491.0000  2.7403E-45
 4492.0000  2.7402E-45
 4493.0000  2.7432E-45
 4494.0000  2.7461E-45
 4495.0000  2.7449E-45
 4496.0000  2.7390E-45
 4497.0000  2.7305E-45
 4498.0000  2.7287E-45
 4499.0000  2.7259E-45
 4500.0000  2.7377E-45
 4501.0000  2.7416E-45
 4502.0000  2.7464E-45
 4503.0000  2.7426E-45
 4504.0000  2.7419E-45
 4505.0000  2.7403E-45
 4506.0000  2.7403E-45
 4507.0000  2.7399E-45
 4508.0000  2.7376E-45
 4509.0000  2.7364E-45
 4510.0000  2.7342E-45
 4511.0000  2.7323E-45
 4512.0000  2.7297E-45
 4513.0000  2.7277E-45
 4514.0000  2.7258E-45
 4515.0000  2.7247E-45
 4516.0000  2.7204E-45
 4517.0000  2.7208E-45
 4518.0000  2.7167E-45
 4519.0000  2.7110E-45
 4520.0000  2.7070E-45
 4521.0000  2.7045E-45
 4522.0000  2.7036E-45
 4523.0000  2.6969E-45
 4524.0000  2.6924E-45
 4525.0000  2.6875E-45
 4526.0000  2.6868E-45
 4527.0000  2.6821E-45
 4528.0000  2.6761E-45
 4529.0000  2.6692E-45
 4530.0000  2.6681E-45
 4531.0000  2.6640E-45
 4532.0000  2.6614E-45
 4533.0000  2.6547E-45
 4534.0000  2.6498E-45
 4535.0000  2.6469E-45
 4536.0000  2.6382E-45
 4537.0000  2.6319E-45
 4538.0000  2.6293E-45
 4539.0000  2.6260E-45
 4540.0000  2.6208E-45
 4541.0000  2.6126E-45
 4542.0000  2.6047E-45
 4543.0000  2.5985E-45
 4544.0000  2.5929E-45
 4545.0000  2.5913E-45
 4546.0000  2.5849E-45
 4547.0000  2.5763E-45
 4548.0000  2.5732E-45
 4549.0000  2.5677E-45
 4550.0000  2.5614E-45
 4551.0000  2.5554E-45
 4552.0000  2.5508E-45
 4553.0000  2.5474E-45
 4554.0000  2.5423E-45
 4555.0000  2.5356E-45
 4556.0000  2.5328E-45
 4557.0000  2.5284E-45
 4558.0000  2.5233E-45
 4559.0000  2.5195E-45
 4560.0000  2.5123E-45
 4561.0000  2.5035E-45
 4562.0000  2.5013E-45
 4563.0000  2.4960E-45
 4564.0000  2.4916E-45
 4565.0000  2.4885E-45
 4566.0000  2.4880E-45
 4567.0000  2.4825E-45
 4568.0000  2.4754E-45
 4569.0000  2.4698E-45
 4570.0000  2.4663E-45
 4571.0000  2.4648E-45
 4572.0000  2.4624E-45
 4573.0000  2.4567E-45
 4574.0000  2.4545E-45
 4575.0000  2.4486E-45
 4576.0000  2.4468E-45
 4577.0000  2.4431E-45
 4578.0000  2.4431E-45
 4579.0000  2.4430E-45
 4580.0000  2.4409E-45
 4581.0000  2.4375E-45
 4582.0000  2.4315E-45
 4583.0000  2.4299E-45
 4584.0000  2.4301E-45
 4585.0000  2.4269E-45
 4586.0000  2.4237E-45
 4587.0000  2.4229E-45
 4588.0000  2.4193E-45
 4589.0000  2.4186E-45
 4590.0000  2.4201E-45
 4591.0000  2.4227E-45
 4592.0000  2.4211E-45
 4593.0000  2.4226E-45
 4594.0000  2.4216E-45
 4595.0000  2.4204E-45
 4596.0000  2.4189E-45
 4597.0000  2.4197E-45
 4598.0000  2.4195E-45
 4599.0000  2.4181E-45
 4600.0000  2.4218E-45
 4601.0000  2.4245E-45
 4602.0000  2.4243E-45
 4603.0000  2.4238E-45
 4604.0000  2.4260E-45
 4605.0000  2.4278E-45
 4606.0000  2.4305E-45
 4607.0000  2.4378E-45
 4608.0000  2.4372E-45
 4609.0000  2.4394E-45
 4610.0000  2.4454E-45
 4611.0000  2.4467E-45
 4612.0000  2.4515E-45
 4613.0000  2.4575E-45
 4614.0000  2.4542E-45
 4615.0000  2.4588E-45
 4616.0000  2.4696E-45
 4617.0000  2.4729E-45
 4618.0000  2.4785E-45
 4619.0000  2.4812E-45
 4620.0000  2.4843E-45
 4621.0000  2.4915E-45
 4622.0000  2.4942E-45
 4623.0000  2.5008E-45
 4624.0000  2.5066E-45
 4625.0000  2.5158E-45
 4626.0000  2.5207E-45
 4627.0000  2.5305E-45
 4628.0000  2.5412E-45
 4629.0000  2.5470E-45
 4630.0000  2.5509E-45
 4631.0000  2.5596E-45
 4632.0000  2.5706E-45
 4633.0000  2.5789E-45
 4634.0000  2.5846E-45
 4635.0000  2.5927E-45
 4636.0000  2.6012E-45
 4637.0000  2.6128E-45
 4638.0000  2.6250E-45
 4639.0000  2.6379E-45
 4640.0000  2.6462E-45
 4641.0000  2.6563E-45
 4642.0000  2.6625E-45
 4643.0000  2.6735E-45
 4644.0000  2.6873E-45
 4645.0000  2.6982E-45
 4646.0000  2.7076E-45
 4647.0000  2.7219E-45
 4648.0000  2.7354E-45
 4649.0000  2.7471E-45
 4650.0000  2.7596E-45
 4651.0000  2.7756E-45
 4652.0000  2.7886E-45
 4653.0000  2.8001E-45
 4654.0000  2.8138E-45
 4655.0000  2.8292E-45
 4656.0000  2.8379E-45
 4657.0000  2.8542E-45
 4658.0000  2.8647E-45
 4659.0000  2.8831E-45
 4660.0000  2.9017E-45
 4661.0000  2.9143E-45
 4662.0000  2.9264E-45
 4663.0000  2.9443E-45
 4664.0000  2.9592E-45
 4665.0000  2.9742E-45
 4666.0000  2.9889E-45
 4667.0000  3.0090E-45
 4668.0000  3.0297E-45
 4669.0000  3.0462E-45
 4670.0000  3.0586E-45
 4671.0000  3.0739E-45
 4672.0000  3.0878E-45
 4673.0000  3.1093E-45
 4674.0000  3.1289E-45
 4675.0000  3.1420E-45
 4676.0000  3.1582E-45
 4677.0000  3.1760E-45
 4678.0000  3.1912E-45
 4679.0000  3.2069E-45
 4680.0000  3.2264E-45
 4681.0000  3.2453E-45
 4682.0000  3.2630E-45
 4683.0000  3.2835E-45
 4684.0000  3.3045E-45
 4685.0000  3.3173E-45
 4686.0000  3.3306E-45
 4687.0000  3.3510E-45
 4688.0000  3.3684E-45
 4689.0000  3.3899E-45
 4690.0000  3.4063E-45
 4691.0000  3.4197E-45
 4692.0000  3.4369E-45
 4693.0000  3.4550E-45
 4694.0000  3.4713E-45
 4695.0000  3.4878E-45
 4696.0000  3.5026E-45
 4697.0000  3.5183E-45
 4698.0000  3.5357E-45
 4699.0000  3.5500E-45
 4700.0000  3.5662E-45
 4701.0000  3.5823E-45
 4702.0000  3.5944E-45
 4703.0000  3.6060E-45
 4704.0000  3.6207E-45
 4705.0000  3.6352E-45
 4706.0000  3.6455E-45
 4707.0000  3.6605E-45
 4708.0000  3.6782E-45
 4709.0000  3.6878E-45
 4710.0000  3.6959E-45
 4711.0000  3.6886E-45
 4712.0000  3.6600E-45
 4713.0000  3.6734E-45
 4714.0000  3.6928E-45
 4715.0000  3.7322E-45
 4716.0000  3.7584E-45
 4717.0000  3.7671E-45
 4718.0000  3.7756E-45
 4719.0000  3.7800E-45
 4720.0000  3.7843E-45
 4721.0000  3.7923E-45
 4722.0000  3.7988E-45
 4723.0000  3.8010E-45
 4724.0000  3.8070E-45
 4725.0000  3.8086E-45
 4726.0000  3.8120E-45
 4727.0000  3.8169E-45
 4728.0000  3.8162E-45
 4729.0000  3.8217E-45
 4730.0000  3.8247E-45
 4731.0000  3.8197E-45
 4732.0000  3.8232E-45
 4733.0000  3.8219E-45
 4734.0000  3.8199E-45
 4735.0000  3.8198E-45
 4736.0000  3.8196E-45
 4737.0000  3.8190E-45
 4738.0000  3.8137E-45
 4739.0000  3.8091E-45
 4740.0000  3.8039E-45
 4741.0000  3.7960E-45
 4742.0000  3.7891E-45
 4743.0000  3.7796E-45
 4744.0000  3.7759E-45
 4745.0000  3.7736E-45
 4746.0000  3.7702E-45
 4747.0000  3.7605E-45
 4748.0000  3.7501E-45
 4749.0000  3.7428E-45
 4750.0000  3.7357E-45
 4751.0000  3.7282E-45
 4752.0000  3.7151E-45
 4753.0000  3.7042E-45
 4754.0000  3.6943E-45
 4755.0000  3.6859E-45
 4756.0000  3.6718E-45
 4757.0000  3.6633E-45
 4758.0000  3.6556E-45
 4759.0000  3.6412E-45
 4760.0000  3.6281E-45
 4761.0000  3.6185E-45
 4762.0000  3.6061E-45
 4763.0000  3.5898E-45
 4764.0000  3.5728E-45
 4765.0000  3.5615E-45
 4766.0000  3.5493E-45
 4767.0000  3.5319E-45
 4768.0000  3.5144E-45
 4769.0000  3.4986E-45
 4770.0000  3.4804E-45
 4771.0000  3.4663E-45
 4772.0000  3.4505E-45
 4773.0000  3.4367E-45
 4774.0000  3.4236E-45
 4775.0000  3.4068E-45
 4776.0000  3.3899E-45
 4777.0000  3.3744E-45
 4778.0000  3.3578E-45
 4779.0000  3.3371E-45
 4780.0000  3.3186E-45
 4781.0000  3.3038E-45
 4782.0000  3.2873E-45
 4783.0000  3.2681E-45
 4784.0000  3.2528E-45
 4785.0000  3.2332E-45
 4786.0000  3.2184E-45
 4787.0000  3.2011E-45
 4788.0000  3.1834E-45
 4789.0000  3.1669E-45
 4790.0000  3.1498E-45
 4791.0000  3.1308E-45
 4792.0000  3.1096E-45
 4793.0000  3.0976E-45
 4794.0000  3.0779E-45
 4795.0000  3.0571E-45
 4796.0000  3.0367E-45
 4797.0000  3.0201E-45
 4798.0000  3.0019E-45
 4799.0000  2.9826E-45
 4800.0000  2.9678E-45
 4801.0000  2.9481E-45
 4802.0000  2.9319E-45
 4803.0000  2.9155E-45
 4804.0000  2.9006E-45
 4805.0000  2.8820E-45
 4806.0000  2.8638E-45
 4807.0000  2.8455E-45
 4808.0000  2.8301E-45
 4809.0000  2.8154E-45
 4810.0000  2.7949E-45
 4811.0000  2.7786E-45
 4812.0000  2.7634E-45
 4813.0000  2.7425E-45
 4814.0000  2.7251E-45
 4815.0000  2.7105E-45
 4816.0000  2.6943E-45
 4817.0000  2.6771E-45
 4818.0000  2.6601E-45
 4819.0000  2.6445E-45
 4820.0000  2.6254E-45
 4821.0000  2.6102E-45
 4822.0000  2.5955E-45
 4823.0000  2.5745E-45
 4824.0000  2.5638E-45
 4825.0000  2.5470E-45
 4826.0000  2.5324E-45
 4827.0000  2.5165E-45
 4828.0000  2.5034E-45
 4829.0000  2.4838E-45
 4830.0000  2.4701E-45
 4831.0000  2.4560E-45
 4832.0000  2.4344E-45
 4833.0000  2.4193E-45
 4834.0000  2.4035E-45
 4835.0000  2.3974E-45
 4836.0000  2.3789E-45
 4837.0000  2.3555E-45
 4838.0000  2.3440E-45
 4839.0000  2.3386E-45
 4840.0000  2.3261E-45
 4841.0000  2.3142E-45
 4842.0000  2.2992E-45
 4843.0000  2.2836E-45
 4844.0000  2.2672E-45
 4845.0000  2.2549E-45
 4846.0000  2.2476E-45
 4847.0000  2.2324E-45
 4848.0000  2.2204E-45
 4849.0000  2.1990E-45
 4850.0000  2.1873E-45
 4851.0000  2.1819E-45
 4852.0000  2.1660E-45
 4853.0000  2.1502E-45
 4854.0000  2.1407E-45
 4855.0000  2.1271E-45
 4856.0000  2.1165E-45
 4857.0000  2.1025E-45
 4858.0000  2.0934E-45
 4859.0000  2.0788E-45
 4860.0000  2.0684E-45
 4861.0000  2.0598E-45
 4862.0000  2.0469E-45
 4863.0000  2.0355E-45
 4864.0000  2.0283E-45
 4865.0000  2.0162E-45
 4866.0000  1.9981E-45
 4867.0000  1.9910E-45
 4868.0000  1.9840E-45
 4869.0000  1.9748E-45
 4870.0000  1.9640E-45
 4871.0000  1.9481E-45
 4872.0000  1.9411E-45
 4873.0000  1.9329E-45
 4874.0000  1.9196E-45
 4875.0000  1.9076E-45
 4876.0000  1.9005E-45
 4877.0000  1.8891E-45
 4878.0000  1.8754E-45
 4879.0000  1.8662E-45
 4880.0000  1.8565E-45
 4881.0000  1.8460E-45
 4882.0000  1.8447E-45
 4883.0000  1.8343E-45
 4884.0000  1.8212E-45
 4885.0000  1.8151E-45
 4886.0000  1.8081E-45
 4887.0000  1.7971E-45
 4888.0000  1.7842E-45
 4889.0000  1.7753E-45
 4890.0000  1.7651E-45
 4891.0000  1.7636E-45
 4892.0000  1.7529E-45
 4893.0000  1.7423E-45
 4894.0000  1.7409E-45
 4895.0000  1.7334E-45
 4896.0000  1.7238E-45
 4897.0000  1.7174E-45
 4898.0000  1.7100E-45
 4899.0000  1.6993E-45
 4900.0000  1.6900E-45
 4901.0000  1.6819E-45
 4902.0000  1.6749E-45
 4903.0000  1.6672E-45
 4904.0000  1.6572E-45
 4905.0000  1.6489E-45
 4906.0000  1.6457E-45
 4907.0000  1.6413E-45
 4908.0000  1.6309E-45
 4909.0000  1.6266E-45
 4910.0000  1.6147E-45
 4911.0000  1.6100E-45
 4912.0000  1.6079E-45
 4913.0000  1.5915E-45
 4914.0000  1.5875E-45
 4915.0000  1.5810E-45
 4916.0000  1.5732E-45
 4917.0000  1.5704E-45
 4918.0000  1.5589E-45
 4919.0000  1.5527E-45
 4920.0000  1.5476E-45
 4921.0000  1.5393E-45
 4922.0000  1.5377E-45
 4923.0000  1.5310E-45
 4924.0000  1.5235E-45
 4925.0000  1.5127E-45
 4926.0000  1.5087E-45
 4927.0000  1.5029E-45
 4928.0000  1.4934E-45
 4929.0000  1.4867E-45
 4930.0000  1.4824E-45
 4931.0000  1.4758E-45
 4932.0000  1.4640E-45
 4933.0000  1.4584E-45
 4934.0000  1.4545E-45
 4935.0000  1.4515E-45
 4936.0000  1.4454E-45
 4937.0000  1.4345E-45
 4938.0000  1.4257E-45
 4939.0000  1.4217E-45
 4940.0000  1.4159E-45
 4941.0000  1.4122E-45
 4942.0000  1.4068E-45
 4943.0000  1.4009E-45
 4944.0000  1.3939E-45
 4945.0000  1.3858E-45
 4946.0000  1.3758E-45
 4947.0000  1.3771E-45
 4948.0000  1.3722E-45
 4949.0000  1.3611E-45
 4950.0000  1.3525E-45
 4951.0000  1.3448E-45
 4952.0000  1.3375E-45
 4953.0000  1.3354E-45
 4954.0000  1.3286E-45
 4955.0000  1.3234E-45
 4956.0000  1.3187E-45
 4957.0000  1.3115E-45
 4958.0000  1.3031E-45
 4959.0000  1.2966E-45
 4960.0000  1.2910E-45
 4961.0000  1.2855E-45
 4962.0000  1.2833E-45
 4963.0000  1.2742E-45
 4964.0000  1.2661E-45
 4965.0000  1.2601E-45
 4966.0000  1.2572E-45
 4967.0000  1.2545E-45
 4968.0000  1.2465E-45
 4969.0000  1.2376E-45
 4970.0000  1.2288E-45
 4971.0000  1.2266E-45
 4972.0000  1.2197E-45
 4973.0000  1.2168E-45
 4974.0000  1.2077E-45
 4975.0000  1.2022E-45
 4976.0000  1.1988E-45
 4977.0000  1.1937E-45
 4978.0000  1.1857E-45
 4979.0000  1.1816E-45
 4980.0000  1.1776E-45
 4981.0000  1.1706E-45
 4982.0000  1.1611E-45
 4983.0000  1.1601E-45
 4984.0000  1.1502E-45
 4985.0000  1.1432E-45
 4986.0000  1.1359E-45
 4987.0000  1.1237E-45
 4988.0000  1.1251E-45
 4989.0000  1.1209E-45
 4990.0000  1.1130E-45
 4991.0000  1.1070E-45
 4992.0000  1.1027E-45
 4993.0000  1.0947E-45
 4994.0000  1.0953E-45
 4995.0000  1.0942E-45
 4996.0000  1.0845E-45
 4997.0000  1.0770E-45
 4998.0000  1.0660E-45
 4999.0000  1.0654E-45
 5000.0000  1.0669E-45
 5001.0000  1.0595E-45
 5002.0000  1.0503E-45
 5003.0000  1.0429E-45
 5004.0000  1.0429E-45
 5005.0000  1.0316E-45
 5006.0000  1.0296E-45
 5007.0000  1.0239E-45
 5008.0000  1.0204E-45
 5009.0000  1.0168E-45
 5010.0000  1.0163E-45
 5011.0000  1.0091E-45
 5012.0000  9.9850E-46
 5013.0000  9.9110E-46
 5014.0000  9.8510E-46
 5015.0000  9.8530E-46
 5016.0000  9.7570E-46
 5017.0000  9.7030E-46
 5018.0000  9.6630E-46
 5019.0000  9.6200E-46
 5020.0000  9.5440E-46
 5021.0000  9.5040E-46
 5022.0000  9.5380E-46
 5023.0000  9.4250E-46
 5024.0000  9.3240E-46
 5025.0000  9.2780E-46
 5026.0000  9.2530E-46
 5027.0000  9.1970E-46
 5028.0000  9.1890E-46
 5029.0000  9.1900E-46
 5030.0000  9.1080E-46
 5031.0000  9.0530E-46
 5032.0000  9.0050E-46
 5033.0000  8.9620E-46
 5034.0000  8.9420E-46
 5035.0000  8.9590E-46
 5036.0000  8.8090E-46
 5037.0000  8.8030E-46
 5038.0000  8.7320E-46
 5039.0000  8.6690E-46
 5040.0000  8.6640E-46
 5041.0000  8.6210E-46
 5042.0000  8.5650E-46
 5043.0000  8.5290E-46
 5044.0000  8.4900E-46
 5045.0000  8.4460E-46
 5046.0000  8.3490E-46
 5047.0000  8.3480E-46
 5048.0000  8.2780E-46
 5049.0000  8.2290E-46
 5050.0000  8.2250E-46
 5051.0000  8.2000E-46
 5052.0000  8.1190E-46
 5053.0000  8.1090E-46
 5054.0000  8.0850E-46
 5055.0000  8.0920E-46
 5056.0000  8.0930E-46
 5057.0000  8.0170E-46
 5058.0000  8.0040E-46
 5059.0000  7.9620E-46
 5060.0000  7.9170E-46
 5061.0000  7.8570E-46
 5062.0000  7.8840E-46
 5063.0000  7.8720E-46
 5064.0000  7.7920E-46
 5065.0000  7.7600E-46
 5066.0000  7.6650E-46
 5067.0000  7.6000E-46
 5068.0000  7.6150E-46
 5069.0000  7.6350E-46
 5070.0000  7.6280E-46
 5071.0000  7.5590E-46
 5072.0000  7.4690E-46
 5073.0000  7.4420E-46
 5074.0000  7.4740E-46
 5075.0000  7.4550E-46
 5076.0000  7.3660E-46
 5077.0000  7.2900E-46
 5078.0000  7.3000E-46
 5079.0000  7.2890E-46
 5080.0000  7.2850E-46
 5081.0000  7.2150E-46
 5082.0000  7.1290E-46
 5083.0000  7.1220E-46
 5084.0000  7.1230E-46
 5085.0000  7.1400E-46
 5086.0000  7.1340E-46
 5087.0000  7.0510E-46
 5088.0000  7.0330E-46
 5089.0000  7.0220E-46
 5090.0000  7.0220E-46
 5091.0000  7.0390E-46
 5092.0000  6.9480E-46
 5093.0000  6.8600E-46
 5094.0000  6.8430E-46
 5095.0000  6.8240E-46
 5096.0000  6.7950E-46
 5097.0000  6.7870E-46
 5098.0000  6.8050E-46
 5099.0000  6.7120E-46
 5100.0000  6.6150E-46
 5600.0000  3.8400E-47
 5601.0000  3.1500E-47
 5602.0000  2.4700E-47
 5603.0000  2.8200E-47
 5604.0000  4.1500E-47
 5605.0000  4.2700E-47
 5606.0000  3.2700E-47
 5607.0000  2.6400E-47
 5608.0000  2.6900E-47
 5609.0000  3.4700E-47
 5610.0000  4.3500E-47
 5611.0000  3.2200E-47
 5612.0000  3.2200E-47
 5613.0000  3.7700E-47
 5614.0000  2.6100E-47
 5615.0000  3.2100E-47
 5616.0000  4.2800E-47
 5617.0000  2.9500E-47
 5618.0000  2.6600E-47
 5619.0000  3.4700E-47
 5620.0000  4.2200E-47
 5621.0000  3.5200E-47
 5622.0000  2.5000E-47
 5623.0000  3.0900E-47
 5624.0000  4.1800E-47
 5625.0000  3.5300E-47
 5626.0000  2.3400E-47
 5627.0000  2.7100E-47
 5628.0000  4.1200E-47
 5629.0000  3.4200E-47
 5630.0000  4.0000E-47
 5631.0000  4.2500E-47
 5632.0000  2.5100E-47
 5633.0000  2.9700E-47
 5634.0000  3.0800E-47
 5635.0000  2.3300E-47
 5636.0000  2.5000E-47
 5637.0000  2.0200E-47
 5638.0000  1.8400E-47
 5639.0000  1.5200E-47
 5640.0000  2.1800E-47
 5641.0000  3.1300E-47
 5642.0000  2.5100E-47
 5643.0000  3.2500E-47
 5644.0000  3.4700E-47
 5645.0000  2.7300E-47
 5646.0000  2.4800E-47
 5647.0000  2.3100E-47
 5648.0000  1.7500E-47
 5649.0000  2.5800E-47
 5650.0000  2.6100E-47
 5651.0000  3.5000E-47
 5652.0000  3.0700E-47
 5653.0000  2.6800E-47
 5654.0000  2.4400E-47
 5655.0000  2.1600E-47
 5656.0000  3.3900E-47
 5657.0000  2.4500E-47
 5658.0000  1.5500E-47
 5659.0000  1.9100E-47
 5660.0000  2.4200E-47
 5661.0000  3.1000E-47
 5662.0000  2.5400E-47
 5663.0000  1.1100E-47
 5664.0000  1.0200E-47
 5665.0000  1.9200E-47
 5666.0000  1.4000E-47
 5667.0000  2.4400E-47
 5668.0000  3.3300E-47
 5669.0000  3.2800E-47
 5670.0000  2.2100E-47
 5671.0000  2.4400E-47
 5672.0000  2.4800E-47
 5673.0000  2.4900E-47
 5674.0000  1.2000E-47
 5675.0000  1.7200E-47
 5676.0000  1.6200E-47
 5677.0000  1.5900E-47
 5678.0000  1.5400E-47
 5679.0000  2.6600E-47
 5680.0000  3.3300E-47
 5681.0000  2.8400E-47
 5682.0000  2.8800E-47
 5683.0000  3.1600E-47
 5684.0000  1.9900E-47
 5685.0000  1.7700E-47
 5686.0000  2.6400E-47
 5687.0000  2.6300E-47
 5688.0000  2.6100E-47
 5689.0000  2.6600E-47
 5690.0000  1.4000E-47
 5691.0000  1.5200E-47
 5692.0000  1.5800E-47
 5693.0000  1.9700E-47
 5694.0000  1.3600E-47
 5695.0000  1.6300E-47
 5696.0000  1.2400E-47
 5697.0000  1.9000E-47
 5698.0000  2.2900E-47
 5699.0000  2.6200E-47
 5700.0000  2.0400E-47
 5701.0000  2.0700E-47
 5702.0000  3.4000E-47
 5703.0000  3.7500E-47
 5704.0000  2.1000E-47
 5705.0000  1.9200E-47
 5706.0000  2.2100E-47
 5707.0000  1.6800E-47
 5708.0000  1.2300E-47
 5709.0000  2.1800E-47
 5710.0000  1.8600E-47
 5711.0000  2.7000E-47
 5712.0000  1.6100E-47
 5713.0000  5.4000E-48
 5714.0000  2.0400E-47
 5715.0000  2.2700E-47
 5716.0000  2.0100E-47
 5717.0000  2.6100E-47
 5718.0000  2.8000E-47
 5719.0000  1.5300E-47
 5720.0000  5.7000E-48
 5721.0000  1.4000E-47
 5722.0000  2.4300E-47
 5723.0000  1.9800E-47
 5724.0000  2.0100E-47
 5725.0000  2.1600E-47
 5726.0000  1.0700E-47
 5727.0000  1.0500E-47
 5728.0000  8.4000E-48
 5729.0000  1.0200E-47
 5730.0000  1.0300E-47
 5731.0000  1.0200E-47
 5732.0000  6.8000E-48
 5733.0000  1.4700E-47
 5734.0000  1.4400E-47
 5735.0000  1.4800E-47
 5736.0000  2.9000E-47
 5737.0000  2.7200E-47
 5738.0000  2.6200E-47
 5739.0000  2.5600E-47
 5740.0000  6.5000E-48
 5741.0000  1.0500E-47
 5742.0000  2.0500E-47
 5743.0000  3.6000E-48
 5744.0000  1.2600E-47
 5745.0000  2.5600E-47
 5746.0000  1.0900E-47
 5747.0000  0.0000E+00
 5748.0000  7.6000E-48
 5749.0000  1.5100E-47
 5750.0000  1.5700E-47
 5751.0000  1.2200E-47
 5752.0000  1.4400E-47
 5753.0000  9.0000E-48
 5754.0000  1.0100E-47
 5755.0000  1.3500E-47
 5756.0000  1.2100E-47
 5757.0000  1.3000E-48
 5758.0000  1.6000E-48
 5759.0000  8.8000E-48
 5760.0000  2.0500E-47
 5761.0000  1.0200E-47
 5762.0000  1.0900E-47
 5763.0000  4.5000E-48
 5764.0000  1.1700E-47
 5765.0000  5.3000E-48
 5766.0000  1.0300E-47
 5767.0000  4.0000E-48
 5768.0000  0.0000E+00
 5769.0000  0.0000E+00
 5770.0000  6.5000E-48
 5771.0000  1.0200E-47
 5772.0000  2.8000E-48
 5773.0000  0.0000E+00
 5774.0000  0.0000E+00
 5775.0000  0.0000E+00
 5776.0000  9.0000E-49
 5777.0000  8.6000E-48
 5778.0000  8.4000E-48
 5779.0000  0.0000E+00
 5780.0000  0.0000E+00
 5781.0000  2.3000E-48
 5782.0000  1.1000E-47
 5783.0000  3.0000E-49
 5784.0000  0.0000E+00
 5785.0000  3.3000E-48
 5786.0000  1.8300E-47
 5787.0000  1.5000E-47
 5788.0000  8.8000E-48
 5789.0000  1.7400E-47
 5790.0000  9.1000E-48
 5791.0000  5.7000E-48
 5792.0000  9.1000E-48
 5793.0000  1.1600E-47
 5794.0000  8.2000E-48
 5795.0000  1.4500E-47
 5796.0000  1.1600E-47
 5797.0000  3.6000E-48
 5798.0000  1.0700E-47
 5799.0000  1.9100E-47
 5800.0000  5.2000E-48
 5801.0000  5.2000E-48
 5802.0000  0.0000E+00
 5803.0000  1.0000E-47
 5804.0000  7.0000E-48
 5805.0000  9.7000E-48
 5806.0000  1.1500E-47
 5807.0000  7.7000E-48
 5808.0000  1.7700E-47
 5809.0000  1.9600E-47
 5810.0000  1.0900E-47
 5811.0000  0.0000E+00
 5812.0000  0.0000E+00
 5813.0000  5.1000E-48
 5814.0000  0.0000E+00
 5815.0000  7.0000E-49
 5816.0000  1.5500E-47
 5817.0000  1.9000E-48
 5818.0000  0.0000E+00
 5819.0000  0.0000E+00
 5820.0000  6.0000E-49
 5821.0000  8.1000E-48
 5822.0000  1.5500E-47
 5823.0000  0.0000E+00
 5824.0000  0.0000E+00
 5825.0000  0.0000E+00
 5826.0000  0.0000E+00
 5827.0000  0.0000E+00
 5828.0000  0.0000E+00
 5829.0000  0.0000E+00
 5830.0000  0.0000E+00
 5831.0000  0.0000E+00
 5832.0000  1.1000E-47
 5833.0000  0.0000E+00
 5834.0000  6.0000E-49
 5835.0000  1.3500E-47
 5836.0000  1.3700E-47
 5837.0000  1.6200E-47
 5838.0000  9.7000E-48
 5839.0000  0.0000E+00
 5840.0000  0.0000E+00
 5841.0000  1.1000E-47
 5842.0000  1.0000E-47
 5843.0000  5.1000E-48
 5844.0000  0.0000E+00
 5845.0000  0.0000E+00
 5846.0000  1.7000E-48
 5847.0000  1.1000E-48
 5848.0000  4.2000E-48
 5849.0000  5.6000E-48
 5850.0000  7.5000E-48
 5851.0000  6.1000E-48
 5852.0000  0.0000E+00
 5853.0000  5.0000E-48
 5854.0000  7.0000E-48
 5855.0000  0.0000E+00
 5856.0000  1.0000E-49
 5857.0000  3.9000E-48
 5858.0000  0.0000E+00
 5859.0000  3.1000E-48
 5860.0000  0.0000E+00
 5861.0000  3.3000E-48
 5862.0000  0.0000E+00
 5863.0000  0.0000E+00
 5864.0000  0.0000E+00
 5865.0000  0.0000E+00
 5866.0000  5.7000E-48
 5867.0000  2.0800E-47
 5868.0000  1.8000E-48
 5869.0000  3.4000E-48
 5870.0000  1.4000E-48
 5871.0000  0.0000E+00
 5872.0000  0.0000E+00
 5873.0000  0.0000E+00
 5874.0000  0.0000E+00
 5875.0000  2.0000E-48
 5876.0000  1.0700E-47
 5877.0000  0.0000E+00
 5878.0000  0.0000E+00
 5879.0000  0.0000E+00
 5880.0000  4.5000E-48
 5881.0000  1.2200E-47
 5882.0000  1.2700E-47
 5883.0000  1.4700E-47
 5884.0000  8.3000E-48
 5885.0000  2.9000E-48
 5886.0000  0.0000E+00
 5887.0000  3.6000E-48
 5888.0000  1.8000E-48
 5889.0000  4.4000E-48
 5890.0000  2.0000E-48
 5891.0000  1.0000E-47
 5892.0000  1.1100E-47
 5893.0000  3.7000E-48
 5894.0000  0.0000E+00
 5895.0000  0.0000E+00
 5896.0000  0.0000E+00
 5897.0000  0.0000E+00
 5898.0000  0.0000E+00
 5899.0000  0.0000E+00
 5900.0000  0.0000E+00
 5901.0000  0.0000E+00
 5902.0000  0.0000E+00
 5903.0000  0.0000E+00
 5904.0000  3.3000E-48
 5905.0000  0.0000E+00
 5906.0000  0.0000E+00
 5907.0000  0.0000E+00
 5908.0000  3.1000E-48
 5909.0000  0.0000E+00
 5910.0000  1.5000E-47
 5911.0000  1.2100E-47
 5912.0000  2.6000E-48
 5913.0000  2.4000E-48
 5914.0000  0.0000E+00
 5915.0000  0.0000E+00
 5916.0000  0.0000E+00
 5917.0000  0.0000E+00
 5918.0000  0.0000E+00
 5919.0000  0.0000E+00
 5920.0000  0.0000E+00
 5921.0000  0.0000E+00
 5922.0000  0.0000E+00
 5923.0000  0.0000E+00
 5924.0000  0.0000E+00
 5925.0000  4.6000E-48
 5926.0000  0.0000E+00
 5927.0000  0.0000E+00
 5928.0000  0.0000E+00
 5929.0000  0.0000E+00
 5930.0000  9.4000E-48
 5931.0000  2.0000E-48
 5932.0000  0.0000E+00
 5933.0000  0.0000E+00
 5934.0000  0.0000E+00
 5935.0000  0.0000E+00
 5936.0000  0.0000E+00
 5937.0000  0.0000E+00
 5938.0000  4.6000E-48
 5939.0000  7.8000E-48
 5940.0000  1.3600E-47
 5941.0000  7.9000E-48
 5942.0000  7.5000E-48
 5943.0000  3.2000E-48
 5944.0000  0.0000E+00
 5945.0000  0.0000E+00
 5946.0000  0.0000E+00
 5947.0000  0.0000E+00
 5948.0000  0.0000E+00
 5949.0000  0.0000E+00
 5950.0000  2.1000E-48
 5951.0000  3.6000E-48
 5952.0000  0.0000E+00
 5953.0000  0.0000E+00
 5954.0000  0.0000E+00
 5955.0000  1.0000E-49
 5956.0000  0.0000E+00
 5957.0000  9.0000E-49
 5958.0000  0.0000E+00
 5959.0000  1.4000E-48
 5960.0000  1.3900E-47
 5961.0000  6.0000E-48
 5962.0000  1.2100E-47
 5963.0000  6.5000E-48
 5964.0000  0.0000E+00
 5965.0000  0.0000E+00
 5966.0000  0.0000E+00
 5967.0000  0.0000E+00
 5968.0000  0.0000E+00
 5969.0000  0.0000E+00
 5970.0000  0.0000E+00
 5971.0000  0.0000E+00
 5972.0000  0.0000E+00
 5973.0000  0.0000E+00
 5974.0000  4.7000E-48
 5975.0000  0.0000E+00
 5976.0000  0.0000E+00
 5977.0000  0.0000E+00
 5978.0000  0.0000E+00
 5979.0000  0.0000E+00
 5980.0000  1.4000E-48
 5981.0000  0.0000E+00
 5982.0000  0.0000E+00
 5983.0000  0.0000E+00
 5984.0000  0.0000E+00
 5985.0000  0.0000E+00
 5986.0000  0.0000E+00
 5987.0000  0.0000E+00
 5988.0000  0.0000E+00
 5989.0000  3.8000E-48
 5990.0000  4.8000E-48
 5991.0000  0.0000E+00
 5992.0000  0.0000E+00
 5993.0000  0.0000E+00
 5994.0000  6.2000E-48
 5995.0000  0.0000E+00
 5996.0000  1.0000E-48
 5997.0000  0.0000E+00
 5998.0000  0.0000E+00
 5999.0000  0.0000E+00
 6000.0000  0.0000E+00
               H2-H2      2500      6000   1803    294 5.235E-45 1.000                            44
 2500.0000  1.5300E-47
 2501.0000  1.4900E-47
 2502.0000  1.4800E-47
 2503.0000  1.4800E-47
 2504.0000  1.5200E-47
 2505.0000  1.5300E-47
 2506.0000  1.4800E-47
 2507.0000  1.4500E-47
 2508.0000  1.4700E-47
 2509.0000  1.4600E-47
 2510.0000  1.4800E-47
 2511.0000  1.4600E-47
 2512.0000  1.4700E-47
 2513.0000  1.4900E-47
 2514.0000  1.5000E-47
 2515.0000  1.4600E-47
 2516.0000  1.4300E-47
 2517.0000  1.4400E-47
 2518.0000  1.4100E-47
 2519.0000  1.4200E-47
 2520.0000  1.4100E-47
 2521.0000  1.3900E-47
 2522.0000  1.3900E-47
 2523.0000  1.4300E-47
 2524.0000  1.3800E-47
 2525.0000  1.4100E-47
 2526.0000  1.4300E-47
 2527.0000  1.4200E-47
 2528.0000  1.3600E-47
 2529.0000  1.3500E-47
 2530.0000  1.3400E-47
 2531.0000  1.3400E-47
 2532.0000  1.3400E-47
 2533.0000  1.3300E-47
 2534.0000  1.3200E-47
 2535.0000  1.3200E-47
 2536.0000  1.3300E-47
 2537.0000  1.2800E-47
 2538.0000  1.3000E-47
 2539.0000  1.3200E-47
 2540.0000  1.3000E-47
 2541.0000  1.2900E-47
 2542.0000  1.3100E-47
 2543.0000  1.3200E-47
 2544.0000  1.3000E-47
 2545.0000  1.2600E-47
 2546.0000  1.2900E-47
 2547.0000  1.2600E-47
 2548.0000  1.2400E-47
 2549.0000  1.2300E-47
 2550.0000  1.2200E-47
 2551.0000  1.2400E-47
 2552.0000  1.2500E-47
 2553.0000  1.2100E-47
 2554.0000  1.1800E-47
 2555.0000  1.2100E-47
 2556.0000  1.2400E-47
 2557.0000  1.2000E-47
 2558.0000  1.1900E-47
 2559.0000  1.1600E-47
 2560.0000  1.1300E-47
 2561.0000  1.1400E-47
 2562.0000  1.1600E-47
 2563.0000  1.1600E-47
 2564.0000  1.1700E-47
 2565.0000  1.1700E-47
 2566.0000  1.1700E-47
 2567.0000  1.1200E-47
 2568.0000  1.1200E-47
 2569.0000  1.1000E-47
 2570.0000  1.0600E-47
 2571.0000  1.1000E-47
 2572.0000  1.0800E-47
 2573.0000  1.0200E-47
 2574.0000  1.0100E-47
 2575.0000  1.0400E-47
 2576.0000  1.0400E-47
 2577.0000  1.0500E-47
 2578.0000  1.0700E-47
 2579.0000  1.0300E-47
 2580.0000  1.0200E-47
 2581.0000  1.0300E-47
 2582.0000  1.0000E-47
 2583.0000  9.8000E-48
 2584.0000  1.0500E-47
 2585.0000  1.0500E-47
 2586.0000  1.0200E-47
 2587.0000  9.8000E-48
 2588.0000  9.5000E-48
 2589.0000  9.7000E-48
 2590.0000  9.7000E-48
 2591.0000  9.7000E-48
 2592.0000  9.4000E-48
 2593.0000  9.2000E-48
 2594.0000  9.3000E-48
 2595.0000  9.1000E-48
 2596.0000  8.8000E-48
 2597.0000  9.0000E-48
 2598.0000  9.1000E-48
 2599.0000  9.1000E-48
 2600.0000  9.2000E-48
 2601.0000  9.2000E-48
 2602.0000  8.7000E-48
 2603.0000  9.0000E-48
 2604.0000  8.9000E-48
 2605.0000  8.5000E-48
 2606.0000  8.6000E-48
 2607.0000  8.7000E-48
 2608.0000  8.2000E-48
 2609.0000  7.8000E-48
 2610.0000  8.0000E-48
 2611.0000  7.9000E-48
 2612.0000  8.1000E-48
 2613.0000  8.2000E-48
 2614.0000  8.0000E-48
 2615.0000  8.1000E-48
 2616.0000  8.3000E-48
 2617.0000  8.2000E-48
 2618.0000  7.8000E-48
 2619.0000  7.7000E-48
 2620.0000  8.1000E-48
 2621.0000  7.8000E-48
 2622.0000  7.5000E-48
 2623.0000  7.5000E-48
 2624.0000  6.9000E-48
 2625.0000  7.0000E-48
 2626.0000  7.4000E-48
 2627.0000  7.5000E-48
 2628.0000  7.1000E-48
 2629.0000  7.5000E-48
 2630.0000  7.5000E-48
 2631.0000  7.0000E-48
 2632.0000  7.2000E-48
 2633.0000  7.0000E-48
 2634.0000  7.2000E-48
 2635.0000  7.2000E-48
 2636.0000  7.0000E-48
 2637.0000  6.6000E-48
 2638.0000  7.0000E-48
 2639.0000  7.2000E-48
 2640.0000  6.8000E-48
 2641.0000  6.4000E-48
 2642.0000  7.0000E-48
 2643.0000  6.8000E-48
 2644.0000  6.1000E-48
 2645.0000  6.5000E-48
 2646.0000  6.3000E-48
 2647.0000  6.1000E-48
 2648.0000  6.0000E-48
 2649.0000  6.4000E-48
 2650.0000  6.2000E-48
 2651.0000  6.3000E-48
 2652.0000  6.2000E-48
 2653.0000  5.8000E-48
 2654.0000  5.8000E-48
 2655.0000  6.2000E-48
 2656.0000  6.3000E-48
 2657.0000  6.6000E-48
 2658.0000  5.9000E-48
 2659.0000  5.5000E-48
 2660.0000  5.3000E-48
 2661.0000  5.6000E-48
 2662.0000  6.0000E-48
 2663.0000  5.9000E-48
 2664.0000  5.3000E-48
 2665.0000  5.3000E-48
 2666.0000  5.5000E-48
 2667.0000  5.5000E-48
 2668.0000  5.6000E-48
 2669.0000  5.1000E-48
 2670.0000  4.9000E-48
 2671.0000  4.8000E-48
 2672.0000  5.1000E-48
 2673.0000  4.6000E-48
 2674.0000  4.7000E-48
 2675.0000  4.5000E-48
 2676.0000  4.2000E-48
 2677.0000  4.7000E-48
 2678.0000  5.1000E-48
 2679.0000  5.1000E-48
 2680.0000  4.8000E-48
 2681.0000  4.1000E-48
 2682.0000  3.6000E-48
 2683.0000  3.6000E-48
 2684.0000  3.6000E-48
 2685.0000  3.8000E-48
 2686.0000  4.0000E-48
 2687.0000  3.9000E-48
 2688.0000  3.7000E-48
 2689.0000  3.7000E-48
 2690.0000  3.7000E-48
 2691.0000  3.9000E-48
 2692.0000  3.9000E-48
 2693.0000  3.7000E-48
 2694.0000  3.5000E-48
 2695.0000  3.3000E-48
 2696.0000  3.2000E-48
 2697.0000  3.4000E-48
 2698.0000  3.8000E-48
 2699.0000  2.9000E-48
 2700.0000  3.0000E-48
 2701.0000  2.9000E-48
 2702.0000  2.4000E-48
 2703.0000  2.8000E-48
 2704.0000  2.9000E-48
 2705.0000  2.7000E-48
 2706.0000  2.5000E-48
 2707.0000  2.6000E-48
 2708.0000  2.2000E-48
 2709.0000  2.2000E-48
 2710.0000  2.2000E-48
 2711.0000  2.5000E-48
 2712.0000  2.4000E-48
 2713.0000  2.3000E-48
 2714.0000  2.2000E-48
 2715.0000  2.0000E-48
 2716.0000  2.0000E-48
 2717.0000  2.2000E-48
 2718.0000  2.2000E-48
 2719.0000  2.0000E-48
 2720.0000  2.1000E-48
 2721.0000  2.1000E-48
 2722.0000  2.0000E-48
 2723.0000  1.7000E-48
 2724.0000  2.0000E-48
 2725.0000  1.7000E-48
 2726.0000  1.8000E-48
 2727.0000  1.5000E-48
 2728.0000  1.2000E-48
 2729.0000  1.8000E-48
 2730.0000  1.5000E-48
 2731.0000  1.5000E-48
 2732.0000  1.2000E-48
 2733.0000  1.0000E-48
 2734.0000  1.2000E-48
 2735.0000  1.2000E-48
 2736.0000  1.3000E-48
 2737.0000  1.1000E-48
 2738.0000  1.2000E-48
 2739.0000  1.2000E-48
 2740.0000  6.0000E-49
 2741.0000  7.0000E-49
 2742.0000  1.0000E-49
 2743.0000  7.0000E-49
 2744.0000  1.0000E-48
 2745.0000  6.0000E-49
 2746.0000  7.0000E-49
 2747.0000  5.0000E-49
 2748.0000  6.0000E-49
 2749.0000  5.0000E-49
 2750.0000  2.0000E-49
 2751.0000  6.0000E-49
 2752.0000  6.0000E-49
 2753.0000  9.0000E-49
 2754.0000  0.0000E+00
 2755.0000  0.0000E+00
 2756.0000  0.0000E+00
 2757.0000  0.0000E+00
 2758.0000  0.0000E+00
 2759.0000  0.0000E+00
 2760.0000  0.0000E+00
 2761.0000  0.0000E+00
 2762.0000  0.0000E+00
 2763.0000  0.0000E+00
 2764.0000  0.0000E+00
 2765.0000  1.0000E-49
 2766.0000  0.0000E+00
 2767.0000  0.0000E+00
 2768.0000  0.0000E+00
 2769.0000  0.0000E+00
 2770.0000  0.0000E+00
 2771.0000  0.0000E+00
 2772.0000  0.0000E+00
 2773.0000  0.0000E+00
 2774.0000  0.0000E+00
 2775.0000  0.0000E+00
 2776.0000  0.0000E+00
 2777.0000  0.0000E+00
 2778.0000  0.0000E+00
 2779.0000  0.0000E+00
 2780.0000  0.0000E+00
 2781.0000  0.0000E+00
 2782.0000  0.0000E+00
 2783.0000  0.0000E+00
 2784.0000  0.0000E+00
 2785.0000  0.0000E+00
 2786.0000  0.0000E+00
 2787.0000  0.0000E+00
 2788.0000  0.0000E+00
 2789.0000  0.0000E+00
 2790.0000  0.0000E+00
 2791.0000  0.0000E+00
 2792.0000  0.0000E+00
 2793.0000  0.0000E+00
 2794.0000  0.0000E+00
 2795.0000  0.0000E+00
 2796.0000  0.0000E+00
 2797.0000  0.0000E+00
 2798.0000  0.0000E+00
 2799.0000  0.0000E+00
 2800.0000  0.0000E+00
 4000.0000  1.6400E-45
 4001.0000  1.6567E-45
 4002.0000  1.6703E-45
 4003.0000  1.6856E-45
 4004.0000  1.7003E-45
 4005.0000  1.7152E-45
 4006.0000  1.7307E-45
 4007.0000  1.7527E-45
 4008.0000  1.7871E-45
 4009.0000  1.8036E-45
 4010.0000  1.8017E-45
 4011.0000  1.8163E-45
 4012.0000  1.8310E-45
 4013.0000  1.8460E-45
 4014.0000  1.8605E-45
 4015.0000  1.8773E-45
 4016.0000  1.8923E-45
 4017.0000  1.9110E-45
 4018.0000  1.9322E-45
 4019.0000  1.9564E-45
 4020.0000  1.9718E-45
 4021.0000  1.9824E-45
 4022.0000  1.9979E-45
 4023.0000  2.0162E-45
 4024.0000  2.0376E-45
 4025.0000  2.0664E-45
 4026.0000  2.0809E-45
 4027.0000  2.0888E-45
 4028.0000  2.1047E-45
 4029.0000  2.1230E-45
 4030.0000  2.1425E-45
 4031.0000  2.1603E-45
 4032.0000  2.1786E-45
 4033.0000  2.1959E-45
 4034.0000  2.2157E-45
 4035.0000  2.2353E-45
 4036.0000  2.2566E-45
 4037.0000  2.2751E-45
 4038.0000  2.2941E-45
 4039.0000  2.3166E-45
 4040.0000  2.3380E-45
 4041.0000  2.3559E-45
 4042.0000  2.3756E-45
 4043.0000  2.4050E-45
 4044.0000  2.4401E-45
 4045.0000  2.4656E-45
 4046.0000  2.4713E-45
 4047.0000  2.4853E-45
 4048.0000  2.5051E-45
 4049.0000  2.5239E-45
 4050.0000  2.5476E-45
 4051.0000  2.5690E-45
 4052.0000  2.5927E-45
 4053.0000  2.6149E-45
 4054.0000  2.6359E-45
 4055.0000  2.6597E-45
 4056.0000  2.6804E-45
 4057.0000  2.7040E-45
 4058.0000  2.7288E-45
 4059.0000  2.7533E-45
 4060.0000  2.7792E-45
 4061.0000  2.8045E-45
 4062.0000  2.8235E-45
 4063.0000  2.8471E-45
 4064.0000  2.8711E-45
 4065.0000  2.8931E-45
 4066.0000  2.9195E-45
 4067.0000  2.9454E-45
 4068.0000  2.9680E-45
 4069.0000  2.9924E-45
 4070.0000  3.0171E-45
 4071.0000  3.0420E-45
 4072.0000  3.0671E-45
 4073.0000  3.0916E-45
 4074.0000  3.1205E-45
 4075.0000  3.1444E-45
 4076.0000  3.1688E-45
 4077.0000  3.1959E-45
 4078.0000  3.2231E-45
 4079.0000  3.2567E-45
 4080.0000  3.2814E-45
 4081.0000  3.3020E-45
 4082.0000  3.3290E-45
 4083.0000  3.3530E-45
 4084.0000  3.3810E-45
 4085.0000  3.4090E-45
 4086.0000  3.4360E-45
 4087.0000  3.4650E-45
 4088.0000  3.4970E-45
 4089.0000  3.5170E-45
 4090.0000  3.5420E-45
 4091.0000  3.5690E-45
 4092.0000  3.5960E-45
 4093.0000  3.6250E-45
 4094.0000  3.6520E-45
 4095.0000  3.6770E-45
 4096.0000  3.7060E-45
 4097.0000  3.7340E-45
 4098.0000  3.7630E-45
 4099.0000  3.7880E-45
 4100.0000  3.8130E-45
 4101.0000  3.8420E-45
 4102.0000  3.8690E-45
 4103.0000  3.8950E-45
 4104.0000  3.9290E-45
 4105.0000  3.9650E-45
 4106.0000  3.9990E-45
 4107.0000  4.0160E-45
 4108.0000  4.0360E-45
 4109.0000  4.0670E-45
 4110.0000  4.0950E-45
 4111.0000  4.1200E-45
 4112.0000  4.1460E-45
 4113.0000  4.1720E-45
 4114.0000  4.1990E-45
 4115.0000  4.2240E-45
 4116.0000  4.2550E-45
 4117.0000  4.2800E-45
 4118.0000  4.3050E-45
 4119.0000  4.3320E-45
 4120.0000  4.3580E-45
 4121.0000  4.3850E-45
 4122.0000  4.4110E-45
 4123.0000  4.4300E-45
 4124.0000  4.4450E-45
 4125.0000  4.4190E-45
 4126.0000  4.3760E-45
 4127.0000  4.4620E-45
 4128.0000  4.5400E-45
 4129.0000  4.5740E-45
 4130.0000  4.6020E-45
 4131.0000  4.6280E-45
 4132.0000  4.6520E-45
 4133.0000  4.6770E-45
 4134.0000  4.7010E-45
 4135.0000  4.7210E-45
 4136.0000  4.7390E-45
 4137.0000  4.7620E-45
 4138.0000  4.7870E-45
 4139.0000  4.8080E-45
 4140.0000  4.8260E-45
 4141.0000  4.8390E-45
 4142.0000  4.8300E-45
 4143.0000  4.7460E-45
 4144.0000  4.7420E-45
 4145.0000  4.8630E-45
 4146.0000  4.9170E-45
 4147.0000  4.9440E-45
 4148.0000  4.9610E-45
 4149.0000  4.9800E-45
 4150.0000  4.9980E-45
 4151.0000  5.0110E-45
 4152.0000  5.0130E-45
 4153.0000  4.9800E-45
 4154.0000  4.7730E-45
 4155.0000  4.1890E-45
 4156.0000  4.3290E-45
 4157.0000  4.8420E-45
 4158.0000  5.0010E-45
 4159.0000  5.0480E-45
 4160.0000  5.0340E-45
 4161.0000  4.9400E-45
 4162.0000  4.9950E-45
 4163.0000  5.0960E-45
 4164.0000  5.1300E-45
 4165.0000  5.1500E-45
 4166.0000  5.1650E-45
 4167.0000  5.1730E-45
 4168.0000  5.1810E-45
 4169.0000  5.1880E-45
 4170.0000  5.1950E-45
 4171.0000  5.2000E-45
 4172.0000  5.2070E-45
 4173.0000  5.2120E-45
 4174.0000  5.2180E-45
 4175.0000  5.2190E-45
 4176.0000  5.2210E-45
 4177.0000  5.2280E-45
 4178.0000  5.2290E-45
 4179.0000  5.2290E-45
 4180.0000  5.2310E-45
 4181.0000  5.2310E-45
 4182.0000  5.2350E-45
 4183.0000  5.2340E-45
 4184.0000  5.2330E-45
 4185.0000  5.2320E-45
 4186.0000  5.2280E-45
 4187.0000  5.2290E-45
 4188.0000  5.2270E-45
 4189.0000  5.2230E-45
 4190.0000  5.2200E-45
 4191.0000  5.2180E-45
 4192.0000  5.2130E-45
 4193.0000  5.2070E-45
 4194.0000  5.2050E-45
 4195.0000  5.2000E-45
 4196.0000  5.1940E-45
 4197.0000  5.1860E-45
 4198.0000  5.1770E-45
 4199.0000  5.1700E-45
 4200.0000  5.1680E-45
 4201.0000  5.1620E-45
 4202.0000  5.1560E-45
 4203.0000  5.1520E-45
 4204.0000  5.1430E-45
 4205.0000  5.1350E-45
 4206.0000  5.1280E-45
 4207.0000  5.1220E-45
 4208.0000  5.1120E-45
 4209.0000  5.1010E-45
 4210.0000  5.0950E-45
 4211.0000  5.0850E-45
 4212.0000  5.0810E-45
 4213.0000  5.0700E-45
 4214.0000  5.0610E-45
 4215.0000  5.0500E-45
 4216.0000  5.0400E-45
 4217.0000  5.0290E-45
 4218.0000  5.0210E-45
 4219.0000  5.0090E-45
 4220.0000  4.9990E-45
 4221.0000  4.9900E-45
 4222.0000  4.9800E-45
 4223.0000  4.9680E-45
 4224.0000  4.9550E-45
 4225.0000  4.9490E-45
 4226.0000  4.9390E-45
 4227.0000  4.9250E-45
 4228.0000  4.9150E-45
 4229.0000  4.9050E-45
 4230.0000  4.8940E-45
 4231.0000  4.8830E-45
 4232.0000  4.8690E-45
 4233.0000  4.8560E-45
 4234.0000  4.8440E-45
 4235.0000  4.8330E-45
 4236.0000  4.8220E-45
 4237.0000  4.8110E-45
 4238.0000  4.8000E-45
 4239.0000  4.7880E-45
 4240.0000  4.7760E-45
 4241.0000  4.7620E-45
 4242.0000  4.7510E-45
 4243.0000  4.7390E-45
 4244.0000  4.7280E-45
 4245.0000  4.7170E-45
 4246.0000  4.7040E-45
 4247.0000  4.6900E-45
 4248.0000  4.6770E-45
 4249.0000  4.6640E-45
 4250.0000  4.6550E-45
 4251.0000  4.6460E-45
 4252.0000  4.6310E-45
 4253.0000  4.6140E-45
 4254.0000  4.6000E-45
 4255.0000  4.5890E-45
 4256.0000  4.5780E-45
 4257.0000  4.5650E-45
 4258.0000  4.5540E-45
 4259.0000  4.5390E-45
 4260.0000  4.5270E-45
 4261.0000  4.5170E-45
 4262.0000  4.5050E-45
 4263.0000  4.4920E-45
 4264.0000  4.4790E-45
 4265.0000  4.4640E-45
 4266.0000  4.4490E-45
 4267.0000  4.4390E-45
 4268.0000  4.4280E-45
 4269.0000  4.4100E-45
 4270.0000  4.3980E-45
 4271.0000  4.3870E-45
 4272.0000  4.3750E-45
 4273.0000  4.3630E-45
 4274.0000  4.3520E-45
 4275.0000  4.3420E-45
 4276.0000  4.3270E-45
 4277.0000  4.3130E-45
 4278.0000  4.3010E-45
 4279.0000  4.2880E-45
 4280.0000  4.2750E-45
 4281.0000  4.2600E-45
 4282.0000  4.2490E-45
 4283.0000  4.2350E-45
 4284.0000  4.2230E-45
 4285.0000  4.2130E-45
 4286.0000  4.1990E-45
 4287.0000  4.1860E-45
 4288.0000  4.1730E-45
 4289.0000  4.1590E-45
 4290.0000  4.1480E-45
 4291.0000  4.1330E-45
 4292.0000  4.1220E-45
 4293.0000  4.1140E-45
 4294.0000  4.1010E-45
 4295.0000  4.0870E-45
 4296.0000  4.0730E-45
 4297.0000  4.0600E-45
 4298.0000  4.0510E-45
 4299.0000  4.0420E-45
 4300.0000  4.0270E-45
 4301.0000  4.0180E-45
 4302.0000  4.0040E-45
 4303.0000  3.9920E-45
 4304.0000  3.9770E-45
 4305.0000  3.9670E-45
 4306.0000  3.9560E-45
 4307.0000  3.9440E-45
 4308.0000  3.9340E-45
 4309.0000  3.9190E-45
 4310.0000  3.9120E-45
 4311.0000  3.8980E-45
 4312.0000  3.8860E-45
 4313.0000  3.8750E-45
 4314.0000  3.8620E-45
 4315.0000  3.8510E-45
 4316.0000  3.8400E-45
 4317.0000  3.8270E-45
 4318.0000  3.8160E-45
 4319.0000  3.8070E-45
 4320.0000  3.7950E-45
 4321.0000  3.7840E-45
 4322.0000  3.7730E-45
 4323.0000  3.7650E-45
 4324.0000  3.7530E-45
 4325.0000  3.7390E-45
 4326.0000  3.7290E-45
 4327.0000  3.7180E-45
 4328.0000  3.7060E-45
 4329.0000  3.6960E-45
 4330.0000  3.6850E-45
 4331.0000  3.6800E-45
 4332.0000  3.6660E-45
 4333.0000  3.6520E-45
 4334.0000  3.6440E-45
 4335.0000  3.6320E-45
 4336.0000  3.6220E-45
 4337.0000  3.6100E-45
 4338.0000  3.6010E-45
 4339.0000  3.5900E-45
 4340.0000  3.5810E-45
 4341.0000  3.5740E-45
 4342.0000  3.5620E-45
 4343.0000  3.5510E-45
 4344.0000  3.5420E-45
 4345.0000  3.5330E-45
 4346.0000  3.5240E-45
 4347.0000  3.5110E-45
 4348.0000  3.5010E-45
 4349.0000  3.4930E-45
 4350.0000  3.4830E-45
 4351.0000  3.4720E-45
 4352.0000  3.4660E-45
 4353.0000  3.4560E-45
 4354.0000  3.4440E-45
 4355.0000  3.4370E-45
 4356.0000  3.4290E-45
 4357.0000  3.4200E-45
 4358.0000  3.4090E-45
 4359.0000  3.4010E-45
 4360.0000  3.3950E-45
 4361.0000  3.3820E-45
 4362.0000  3.3750E-45
 4363.0000  3.3650E-45
 4364.0000  3.3570E-45
 4365.0000  3.3530E-45
 4366.0000  3.3430E-45
 4367.0000  3.3330E-45
 4368.0000  3.3300E-45
 4369.0000  3.3200E-45
 4370.0000  3.3090E-45
 4371.0000  3.3040E-45
 4372.0000  3.2940E-45
 4373.0000  3.2836E-45
 4374.0000  3.2778E-45
 4375.0000  3.2733E-45
 4376.0000  3.2637E-45
 4377.0000  3.2546E-45
 4378.0000  3.2488E-45
 4379.0000  3.2417E-45
 4380.0000  3.2348E-45
 4381.0000  3.2287E-45
 4382.0000  3.2241E-45
 4383.0000  3.2150E-45
 4384.0000  3.2088E-45
 4385.0000  3.2031E-45
 4386.0000  3.1954E-45
 4387.0000  3.1867E-45
 4388.0000  3.1806E-45
 4389.0000  3.1762E-45
 4390.0000  3.1720E-45
 4391.0000  3.1635E-45
 4392.0000  3.1602E-45
 4393.0000  3.1538E-45
 4394.0000  3.1450E-45
 4395.0000  3.1361E-45
 4396.0000  3.1343E-45
 4397.0000  3.1285E-45
 4398.0000  3.1228E-45
 4399.0000  3.1156E-45
 4400.0000  3.1148E-45
 4401.0000  3.1122E-45
 4402.0000  3.1053E-45
 4403.0000  3.0971E-45
 4404.0000  3.0905E-45
 4405.0000  3.0855E-45
 4406.0000  3.0837E-45
 4407.0000  3.0814E-45
 4408.0000  3.0749E-45
 4409.0000  3.0696E-45
 4410.0000  3.0653E-45
 4411.0000  3.0626E-45
 4412.0000  3.0609E-45
 4413.0000  3.0523E-45
 4414.0000  3.0497E-45
 4415.0000  3.0479E-45
 4416.0000  3.0431E-45
 4417.0000  3.0409E-45
 4418.0000  3.0365E-45
 4419.0000  3.0326E-45
 4420.0000  3.0307E-45
 4421.0000  3.0221E-45
 4422.0000  3.0179E-45
 4423.0000  3.0185E-45
 4424.0000  3.0164E-45
 4425.0000  3.0113E-45
 4426.0000  3.0089E-45
 4427.0000  3.0056E-45
 4428.0000  3.0060E-45
 4429.0000  3.0002E-45
 4430.0000  2.9984E-45
 4431.0000  2.9994E-45
 4432.0000  2.9972E-45
 4433.0000  2.9906E-45
 4434.0000  2.9914E-45
 4435.0000  2.9900E-45
 4436.0000  2.9868E-45
 4437.0000  2.9860E-45
 4438.0000  2.9856E-45
 4439.0000  2.9830E-45
 4440.0000  2.9851E-45
 4441.0000  2.9819E-45
 4442.0000  2.9788E-45
 4443.0000  2.9782E-45
 4444.0000  2.9785E-45
 4445.0000  2.9743E-45
 4446.0000  2.9721E-45
 4447.0000  2.9736E-45
 4448.0000  2.9749E-45
 4449.0000  2.9748E-45
 4450.0000  2.9708E-45
 4451.0000  2.9687E-45
 4452.0000  2.9754E-45
 4453.0000  2.9791E-45
 4454.0000  2.9762E-45
 4455.0000  2.9729E-45
 4456.0000  2.9685E-45
 4457.0000  2.9667E-45
 4458.0000  2.9661E-45
 4459.0000  2.9667E-45
 4460.0000  2.9652E-45
 4461.0000  2.9667E-45
 4462.0000  2.9694E-45
 4463.0000  2.9723E-45
 4464.0000  2.9717E-45
 4465.0000  2.9694E-45
 4466.0000  2.9663E-45
 4467.0000  2.9699E-45
 4468.0000  2.9683E-45
 4469.0000  2.9683E-45
 4470.0000  2.9679E-45
 4471.0000  2.9741E-45
 4472.0000  2.9732E-45
 4473.0000  2.9685E-45
 4474.0000  2.9687E-45
 4475.0000  2.9712E-45
 4476.0000  2.9692E-45
 4477.0000  2.9690E-45
 4478.0000  2.9701E-45
 4479.0000  2.9703E-45
 4480.0000  2.9721E-45
 4481.0000  2.9763E-45
 4482.0000  2.9756E-45
 4483.0000  2.9702E-45
 4484.0000  2.9686E-45
 4485.0000  2.9686E-45
 4486.0000  2.9663E-45
 4487.0000  2.9668E-45
 4488.0000  2.9680E-45
 4489.0000  2.9698E-45
 4490.0000  2.9674E-45
 4491.0000  2.9667E-45
 4492.0000  2.9648E-45
 4493.0000  2.9649E-45
 4494.0000  2.9653E-45
 4495.0000  2.9575E-45
 4496.0000  2.9572E-45
 4497.0000  2.9469E-45
 4498.0000  2.9439E-45
 4499.0000  2.9411E-45
 4500.0000  2.9484E-45
 4501.0000  2.9503E-45
 4502.0000  2.9445E-45
 4503.0000  2.9446E-45
 4504.0000  2.9475E-45
 4505.0000  2.9473E-45
 4506.0000  2.9465E-45
 4507.0000  2.9409E-45
 4508.0000  2.9355E-45
 4509.0000  2.9341E-45
 4510.0000  2.9341E-45
 4511.0000  2.9388E-45
 4512.0000  2.9332E-45
 4513.0000  2.9251E-45
 4514.0000  2.9206E-45
 4515.0000  2.9202E-45
 4516.0000  2.9228E-45
 4517.0000  2.9146E-45
 4518.0000  2.9096E-45
 4519.0000  2.9099E-45
 4520.0000  2.9053E-45
 4521.0000  2.9021E-45
 4522.0000  2.8988E-45
 4523.0000  2.9001E-45
 4524.0000  2.8957E-45
 4525.0000  2.8872E-45
 4526.0000  2.8840E-45
 4527.0000  2.8827E-45
 4528.0000  2.8761E-45
 4529.0000  2.8718E-45
 4530.0000  2.8724E-45
 4531.0000  2.8648E-45
 4532.0000  2.8652E-45
 4533.0000  2.8555E-45
 4534.0000  2.8515E-45
 4535.0000  2.8477E-45
 4536.0000  2.8444E-45
 4537.0000  2.8393E-45
 4538.0000  2.8351E-45
 4539.0000  2.8317E-45
 4540.0000  2.8203E-45
 4541.0000  2.8184E-45
 4542.0000  2.8179E-45
 4543.0000  2.8160E-45
 4544.0000  2.8112E-45
 4545.0000  2.8053E-45
 4546.0000  2.8021E-45
 4547.0000  2.8008E-45
 4548.0000  2.8005E-45
 4549.0000  2.7924E-45
 4550.0000  2.7883E-45
 4551.0000  2.7883E-45
 4552.0000  2.7850E-45
 4553.0000  2.7767E-45
 4554.0000  2.7729E-45
 4555.0000  2.7702E-45
 4556.0000  2.7641E-45
 4557.0000  2.7617E-45
 4558.0000  2.7598E-45
 4559.0000  2.7566E-45
 4560.0000  2.7523E-45
 4561.0000  2.7518E-45
 4562.0000  2.7455E-45
 4563.0000  2.7402E-45
 4564.0000  2.7418E-45
 4565.0000  2.7359E-45
 4566.0000  2.7378E-45
 4567.0000  2.7344E-45
 4568.0000  2.7285E-45
 4569.0000  2.7275E-45
 4570.0000  2.7250E-45
 4571.0000  2.7205E-45
 4572.0000  2.7175E-45
 4573.0000  2.7136E-45
 4574.0000  2.7098E-45
 4575.0000  2.7098E-45
 4576.0000  2.7108E-45
 4577.0000  2.7073E-45
 4578.0000  2.7053E-45
 4579.0000  2.7047E-45
 4580.0000  2.7004E-45
 4581.0000  2.6993E-45
 4582.0000  2.7010E-45
 4583.0000  2.6969E-45
 4584.0000  2.6917E-45
 4585.0000  2.6988E-45
 4586.0000  2.6999E-45
 4587.0000  2.6987E-45
 4588.0000  2.6956E-45
 4589.0000  2.6928E-45
 4590.0000  2.6952E-45
 4591.0000  2.6959E-45
 4592.0000  2.6960E-45
 4593.0000  2.6952E-45
 4594.0000  2.6975E-45
 4595.0000  2.6962E-45
 4596.0000  2.6988E-45
 4597.0000  2.6969E-45
 4598.0000  2.7003E-45
 4599.0000  2.7014E-45
 4600.0000  2.7055E-45
 4601.0000  2.7060E-45
 4602.0000  2.7082E-45
 4603.0000  2.7115E-45
 4604.0000  2.7136E-45
 4605.0000  2.7166E-45
 4606.0000  2.7160E-45
 4607.0000  2.7173E-45
 4608.0000  2.7235E-45
 4609.0000  2.7283E-45
 4610.0000  2.7301E-45
 4611.0000  2.7342E-45
 4612.0000  2.7378E-45
 4613.0000  2.7394E-45
 4614.0000  2.7409E-45
 4615.0000  2.7527E-45
 4616.0000  2.7557E-45
 4617.0000  2.7543E-45
 4618.0000  2.7631E-45
 4619.0000  2.7687E-45
 4620.0000  2.7736E-45
 4621.0000  2.7759E-45
 4622.0000  2.7786E-45
 4623.0000  2.7844E-45
 4624.0000  2.7963E-45
 4625.0000  2.8017E-45
 4626.0000  2.8051E-45
 4627.0000  2.8116E-45
 4628.0000  2.8211E-45
 4629.0000  2.8287E-45
 4630.0000  2.8305E-45
 4631.0000  2.8355E-45
 4632.0000  2.8384E-45
 4633.0000  2.8504E-45
 4634.0000  2.8570E-45
 4635.0000  2.8685E-45
 4636.0000  2.8795E-45
 4637.0000  2.8853E-45
 4638.0000  2.8922E-45
 4639.0000  2.9024E-45
 4640.0000  2.9104E-45
 4641.0000  2.9187E-45
 4642.0000  2.9357E-45
 4643.0000  2.9417E-45
 4644.0000  2.9500E-45
 4645.0000  2.9592E-45
 4646.0000  2.9630E-45
 4647.0000  2.9798E-45
 4648.0000  2.9939E-45
 4649.0000  3.0005E-45
 4650.0000  3.0032E-45
 4651.0000  3.0181E-45
 4652.0000  3.0324E-45
 4653.0000  3.0485E-45
 4654.0000  3.0610E-45
 4655.0000  3.0694E-45
 4656.0000  3.0794E-45
 4657.0000  3.0891E-45
 4658.0000  3.1041E-45
 4659.0000  3.1149E-45
 4660.0000  3.1270E-45
 4661.0000  3.1398E-45
 4662.0000  3.1531E-45
 4663.0000  3.1597E-45
 4664.0000  3.1744E-45
 4665.0000  3.1889E-45
 4666.0000  3.1992E-45
 4667.0000  3.2137E-45
 4668.0000  3.2271E-45
 4669.0000  3.2409E-45
 4670.0000  3.2500E-45
 4671.0000  3.2661E-45
 4672.0000  3.2850E-45
 4673.0000  3.3000E-45
 4674.0000  3.3090E-45
 4675.0000  3.3190E-45
 4676.0000  3.3390E-45
 4677.0000  3.3460E-45
 4678.0000  3.3590E-45
 4679.0000  3.3750E-45
 4680.0000  3.3930E-45
 4681.0000  3.4070E-45
 4682.0000  3.4120E-45
 4683.0000  3.4260E-45
 4684.0000  3.4450E-45
 4685.0000  3.4560E-45
 4686.0000  3.4650E-45
 4687.0000  3.4800E-45
 4688.0000  3.4940E-45
 4689.0000  3.5120E-45
 4690.0000  3.5250E-45
 4691.0000  3.5400E-45
 4692.0000  3.5560E-45
 4693.0000  3.5700E-45
 4694.0000  3.5790E-45
 4695.0000  3.5900E-45
 4696.0000  3.6020E-45
 4697.0000  3.6130E-45
 4698.0000  3.6250E-45
 4699.0000  3.6370E-45
 4700.0000  3.6410E-45
 4701.0000  3.6610E-45
 4702.0000  3.6700E-45
 4703.0000  3.6690E-45
 4704.0000  3.6810E-45
 4705.0000  3.6970E-45
 4706.0000  3.7050E-45
 4707.0000  3.7140E-45
 4708.0000  3.7250E-45
 4709.0000  3.7340E-45
 4710.0000  3.7340E-45
 4711.0000  3.7290E-45
 4712.0000  3.7080E-45
 4713.0000  3.7150E-45
 4714.0000  3.7170E-45
 4715.0000  3.7550E-45
 4716.0000  3.7740E-45
 4717.0000  3.7780E-45
 4718.0000  3.7880E-45
 4719.0000  3.7930E-45
 4720.0000  3.7930E-45
 4721.0000  3.7940E-45
 4722.0000  3.8020E-45
 4723.0000  3.8110E-45
 4724.0000  3.8200E-45
 4725.0000  3.8100E-45
 4726.0000  3.8110E-45
 4727.0000  3.8130E-45
 4728.0000  3.8080E-45
 4729.0000  3.8130E-45
 4730.0000  3.8130E-45
 4731.0000  3.8120E-45
 4732.0000  3.8120E-45
 4733.0000  3.8170E-45
 4734.0000  3.8170E-45
 4735.0000  3.8110E-45
 4736.0000  3.8030E-45
 4737.0000  3.8060E-45
 4738.0000  3.8050E-45
 4739.0000  3.8050E-45
 4740.0000  3.7940E-45
 4741.0000  3.7830E-45
 4742.0000  3.7750E-45
 4743.0000  3.7760E-45
 4744.0000  3.7780E-45
 4745.0000  3.7650E-45
 4746.0000  3.7610E-45
 4747.0000  3.7530E-45
 4748.0000  3.7430E-45
 4749.0000  3.7350E-45
 4750.0000  3.7250E-45
 4751.0000  3.7230E-45
 4752.0000  3.7120E-45
 4753.0000  3.7100E-45
 4754.0000  3.7100E-45
 4755.0000  3.6930E-45
 4756.0000  3.6790E-45
 4757.0000  3.6660E-45
 4758.0000  3.6550E-45
 4759.0000  3.6550E-45
 4760.0000  3.6400E-45
 4761.0000  3.6270E-45
 4762.0000  3.6240E-45
 4763.0000  3.6180E-45
 4764.0000  3.6020E-45
 4765.0000  3.5860E-45
 4766.0000  3.5720E-45
 4767.0000  3.5640E-45
 4768.0000  3.5470E-45
 4769.0000  3.5420E-45
 4770.0000  3.5360E-45
 4771.0000  3.5140E-45
 4772.0000  3.4990E-45
 4773.0000  3.4860E-45
 4774.0000  3.4760E-45
 4775.0000  3.4700E-45
 4776.0000  3.4550E-45
 4777.0000  3.4340E-45
 4778.0000  3.4210E-45
 4779.0000  3.4110E-45
 4780.0000  3.3930E-45
 4781.0000  3.3750E-45
 4782.0000  3.3660E-45
 4783.0000  3.3480E-45
 4784.0000  3.3360E-45
 4785.0000  3.3190E-45
 4786.0000  3.3030E-45
 4787.0000  3.2839E-45
 4788.0000  3.2691E-45
 4789.0000  3.2553E-45
 4790.0000  3.2411E-45
 4791.0000  3.2276E-45
 4792.0000  3.2098E-45
 4793.0000  3.2019E-45
 4794.0000  3.1860E-45
 4795.0000  3.1610E-45
 4796.0000  3.1480E-45
 4797.0000  3.1301E-45
 4798.0000  3.1144E-45
 4799.0000  3.1110E-45
 4800.0000  3.1013E-45
 4801.0000  3.0819E-45
 4802.0000  3.0665E-45
 4803.0000  3.0490E-45
 4804.0000  3.0312E-45
 4805.0000  3.0132E-45
 4806.0000  2.9997E-45
 4807.0000  2.9881E-45
 4808.0000  2.9779E-45
 4809.0000  2.9592E-45
 4810.0000  2.9399E-45
 4811.0000  2.9223E-45
 4812.0000  2.9127E-45
 4813.0000  2.8994E-45
 4814.0000  2.8802E-45
 4815.0000  2.8662E-45
 4816.0000  2.8577E-45
 4817.0000  2.8338E-45
 4818.0000  2.8218E-45
 4819.0000  2.8149E-45
 4820.0000  2.8025E-45
 4821.0000  2.7876E-45
 4822.0000  2.7701E-45
 4823.0000  2.7557E-45
 4824.0000  2.7422E-45
 4825.0000  2.7255E-45
 4826.0000  2.7110E-45
 4827.0000  2.6922E-45
 4828.0000  2.6761E-45
 4829.0000  2.6689E-45
 4830.0000  2.6579E-45
 4831.0000  2.6493E-45
 4832.0000  2.6369E-45
 4833.0000  2.6206E-45
 4834.0000  2.6025E-45
 4835.0000  2.5863E-45
 4836.0000  2.5740E-45
 4837.0000  2.5641E-45
 4838.0000  2.5567E-45
 4839.0000  2.5438E-45
 4840.0000  2.5258E-45
 4841.0000  2.5157E-45
 4842.0000  2.5021E-45
 4843.0000  2.4903E-45
 4844.0000  2.4815E-45
 4845.0000  2.4707E-45
 4846.0000  2.4600E-45
 4847.0000  2.4427E-45
 4848.0000  2.4220E-45
 4849.0000  2.4178E-45
 4850.0000  2.4132E-45
 4851.0000  2.3997E-45
 4852.0000  2.3852E-45
 4853.0000  2.3682E-45
 4854.0000  2.3554E-45
 4855.0000  2.3464E-45
 4856.0000  2.3345E-45
 4857.0000  2.3337E-45
 4858.0000  2.3315E-45
 4859.0000  2.3188E-45
 4860.0000  2.3069E-45
 4861.0000  2.2875E-45
 4862.0000  2.2803E-45
 4863.0000  2.2692E-45
 4864.0000  2.2507E-45
 4865.0000  2.2397E-45
 4866.0000  2.2392E-45
 4867.0000  2.2286E-45
 4868.0000  2.2163E-45
 4869.0000  2.2075E-45
 4870.0000  2.1959E-45
 4871.0000  2.1872E-45
 4872.0000  2.1799E-45
 4873.0000  2.1746E-45
 4874.0000  2.1637E-45
 4875.0000  2.1514E-45
 4876.0000  2.1425E-45
 4877.0000  2.1325E-45
 4878.0000  2.1211E-45
 4879.0000  2.1096E-45
 4880.0000  2.1023E-45
 4881.0000  2.0973E-45
 4882.0000  2.0901E-45
 4883.0000  2.0773E-45
 4884.0000  2.0720E-45
 4885.0000  2.0651E-45
 4886.0000  2.0537E-45
 4887.0000  2.0442E-45
 4888.0000  2.0327E-45
 4889.0000  2.0258E-45
 4890.0000  2.0251E-45
 4891.0000  2.0135E-45
 4892.0000  1.9994E-45
 4893.0000  1.9962E-45
 4894.0000  1.9853E-45
 4895.0000  1.9774E-45
 4896.0000  1.9711E-45
 4897.0000  1.9710E-45
 4898.0000  1.9641E-45
 4899.0000  1.9551E-45
 4900.0000  1.9467E-45
 4901.0000  1.9364E-45
 4902.0000  1.9321E-45
 4903.0000  1.9230E-45
 4904.0000  1.9168E-45
 4905.0000  1.9123E-45
 4906.0000  1.9013E-45
 4907.0000  1.8880E-45
 4908.0000  1.8847E-45
 4909.0000  1.8808E-45
 4910.0000  1.8735E-45
 4911.0000  1.8700E-45
 4912.0000  1.8624E-45
 4913.0000  1.8475E-45
 4914.0000  1.8476E-45
 4915.0000  1.8431E-45
 4916.0000  1.8322E-45
 4917.0000  1.8209E-45
 4918.0000  1.8182E-45
 4919.0000  1.8135E-45
 4920.0000  1.8087E-45
 4921.0000  1.8066E-45
 4922.0000  1.7921E-45
 4923.0000  1.7814E-45
 4924.0000  1.7791E-45
 4925.0000  1.7730E-45
 4926.0000  1.7728E-45
 4927.0000  1.7616E-45
 4928.0000  1.7586E-45
 4929.0000  1.7561E-45
 4930.0000  1.7428E-45
 4931.0000  1.7363E-45
 4932.0000  1.7310E-45
 4933.0000  1.7251E-45
 4934.0000  1.7158E-45
 4935.0000  1.7087E-45
 4936.0000  1.7099E-45
 4937.0000  1.7047E-45
 4938.0000  1.6851E-45
 4939.0000  1.6748E-45
 4940.0000  1.6789E-45
 4941.0000  1.6713E-45
 4942.0000  1.6573E-45
 4943.0000  1.6511E-45
 4944.0000  1.6461E-45
 4945.0000  1.6425E-45
 4946.0000  1.6407E-45
 4947.0000  1.6354E-45
 4948.0000  1.6285E-45
 4949.0000  1.6238E-45
 4950.0000  1.6193E-45
 4951.0000  1.6070E-45
 4952.0000  1.6061E-45
 4953.0000  1.5992E-45
 4954.0000  1.5908E-45
 4955.0000  1.5894E-45
 4956.0000  1.5823E-45
 4957.0000  1.5673E-45
 4958.0000  1.5607E-45
 4959.0000  1.5575E-45
 4960.0000  1.5507E-45
 4961.0000  1.5397E-45
 4962.0000  1.5362E-45
 4963.0000  1.5361E-45
 4964.0000  1.5296E-45
 4965.0000  1.5216E-45
 4966.0000  1.5148E-45
 4967.0000  1.5112E-45
 4968.0000  1.5050E-45
 4969.0000  1.4910E-45
 4970.0000  1.4769E-45
 4971.0000  1.4751E-45
 4972.0000  1.4747E-45
 4973.0000  1.4674E-45
 4974.0000  1.4593E-45
 4975.0000  1.4558E-45
 4976.0000  1.4566E-45
 4977.0000  1.4527E-45
 4978.0000  1.4453E-45
 4979.0000  1.4340E-45
 4980.0000  1.4286E-45
 4981.0000  1.4192E-45
 4982.0000  1.4150E-45
 4983.0000  1.4093E-45
 4984.0000  1.4023E-45
 4985.0000  1.3982E-45
 4986.0000  1.3932E-45
 4987.0000  1.3918E-45
 4988.0000  1.3794E-45
 4989.0000  1.3726E-45
 4990.0000  1.3651E-45
 4991.0000  1.3602E-45
 4992.0000  1.3508E-45
 4993.0000  1.3475E-45
 4994.0000  1.3506E-45
 4995.0000  1.3367E-45
 4996.0000  1.3215E-45
 4997.0000  1.3260E-45
 4998.0000  1.3255E-45
 4999.0000  1.3142E-45
 5000.0000  1.3149E-45
 5001.0000  1.3121E-45
 5002.0000  1.3057E-45
 5003.0000  1.3031E-45
 5004.0000  1.2974E-45
 5005.0000  1.2893E-45
 5006.0000  1.2807E-45
 5007.0000  1.2789E-45
 5008.0000  1.2635E-45
 5009.0000  1.2646E-45
 5010.0000  1.2588E-45
 5011.0000  1.2488E-45
 5012.0000  1.2402E-45
 5013.0000  1.2400E-45
 5014.0000  1.2330E-45
 5015.0000  1.2351E-45
 5016.0000  1.2358E-45
 5017.0000  1.2332E-45
 5018.0000  1.2227E-45
 5019.0000  1.2205E-45
 5020.0000  1.2155E-45
 5021.0000  1.1979E-45
 5022.0000  1.1929E-45
 5023.0000  1.1891E-45
 5024.0000  1.1888E-45
 5025.0000  1.1916E-45
 5026.0000  1.1880E-45
 5027.0000  1.1839E-45
 5028.0000  1.1770E-45
 5029.0000  1.1649E-45
 5030.0000  1.1540E-45
 5031.0000  1.1534E-45
 5032.0000  1.1508E-45
 5033.0000  1.1431E-45
 5034.0000  1.1377E-45
 5035.0000  1.1309E-45
 5036.0000  1.1269E-45
 5037.0000  1.1283E-45
 5038.0000  1.1313E-45
 5039.0000  1.1214E-45
 5040.0000  1.1194E-45
 5041.0000  1.1116E-45
 5042.0000  1.1002E-45
 5043.0000  1.0893E-45
 5044.0000  1.0860E-45
 5045.0000  1.0862E-45
 5046.0000  1.0851E-45
 5047.0000  1.0802E-45
 5048.0000  1.0744E-45
 5049.0000  1.0783E-45
 5050.0000  1.0790E-45
 5051.0000  1.0748E-45
 5052.0000  1.0684E-45
 5053.0000  1.0619E-45
 5054.0000  1.0570E-45
 5055.0000  1.0538E-45
 5056.0000  1.0448E-45
 5057.0000  1.0382E-45
 5058.0000  1.0392E-45
 5059.0000  1.0402E-45
 5060.0000  1.0316E-45
 5061.0000  1.0314E-45
 5062.0000  1.0304E-45
 5063.0000  1.0250E-45
 5064.0000  1.0183E-45
 5065.0000  1.0159E-45
 5066.0000  1.0068E-45
 5067.0000  9.9870E-46
 5068.0000  9.9520E-46
 5069.0000  1.0021E-45
 5070.0000  1.0011E-45
 5071.0000  9.9180E-46
 5072.0000  9.9470E-46
 5073.0000  1.0033E-45
 5074.0000  9.9320E-46
 5075.0000  9.8160E-46
 5076.0000  9.8030E-46
 5077.0000  9.8150E-46
 5078.0000  9.7630E-46
 5079.0000  9.7350E-46
 5080.0000  9.6800E-46
 5081.0000  9.6220E-46
 5082.0000  9.6870E-46
 5083.0000  9.6180E-46
 5084.0000  9.5070E-46
 5085.0000  9.5410E-46
 5086.0000  9.5520E-46
 5087.0000  9.4780E-46
 5088.0000  9.4990E-46
 5089.0000  9.3710E-46
 5090.0000  9.3430E-46
 5091.0000  9.2730E-46
 5092.0000  9.2990E-46
 5093.0000  9.3930E-46
 5094.0000  9.3500E-46
 5095.0000  9.3050E-46
 5096.0000  9.2180E-46
 5097.0000  9.2310E-46
 5098.0000  9.1800E-46
 5099.0000  9.2050E-46
 5100.0000  9.1340E-46
 5600.0000  7.5900E-47
 5601.0000  6.6600E-47
 5602.0000  6.5000E-47
 5603.0000  7.8100E-47
 5604.0000  7.1900E-47
 5605.0000  7.5400E-47
 5606.0000  7.4100E-47
 5607.0000  7.5000E-47
 5608.0000  7.7900E-47
 5609.0000  7.4500E-47
 5610.0000  6.5200E-47
 5611.0000  6.2000E-47
 5612.0000  8.1700E-47
 5613.0000  8.5800E-47
 5614.0000  8.3800E-47
 5615.0000  8.3000E-47
 5616.0000  8.1100E-47
 5617.0000  8.0400E-47
 5618.0000  7.1700E-47
 5619.0000  6.9600E-47
 5620.0000  7.3800E-47
 5621.0000  7.0100E-47
 5622.0000  6.4600E-47
 5623.0000  6.6300E-47
 5624.0000  7.2900E-47
 5625.0000  5.4800E-47
 5626.0000  5.3500E-47
 5627.0000  5.7600E-47
 5628.0000  5.0200E-47
 5629.0000  6.6600E-47
 5630.0000  6.7400E-47
 5631.0000  5.7000E-47
 5632.0000  7.9200E-47
 5633.0000  8.4100E-47
 5634.0000  6.9100E-47
 5635.0000  7.4300E-47
 5636.0000  7.7400E-47
 5637.0000  7.7700E-47
 5638.0000  5.1500E-47
 5639.0000  5.1600E-47
 5640.0000  5.6000E-47
 5641.0000  5.3100E-47
 5642.0000  4.6600E-47
 5643.0000  5.0700E-47
 5644.0000  6.6000E-47
 5645.0000  6.1000E-47
 5646.0000  6.6000E-47
 5647.0000  6.7600E-47
 5648.0000  5.5900E-47
 5649.0000  5.7000E-47
 5650.0000  5.5000E-47
 5651.0000  5.4100E-47
 5652.0000  6.9300E-47
 5653.0000  5.6900E-47
 5654.0000  4.6900E-47
 5655.0000  8.1300E-47
 5656.0000  5.8900E-47
 5657.0000  5.7200E-47
 5658.0000  6.8600E-47
 5659.0000  5.8900E-47
 5660.0000  5.9600E-47
 5661.0000  7.1900E-47
 5662.0000  7.6200E-47
 5663.0000  7.2500E-47
 5664.0000  7.5400E-47
 5665.0000  6.3400E-47
 5666.0000  6.0900E-47
 5667.0000  5.7500E-47
 5668.0000  3.9300E-47
 5669.0000  4.6000E-47
 5670.0000  4.5200E-47
 5671.0000  5.9100E-47
 5672.0000  6.1400E-47
 5673.0000  6.0000E-47
 5674.0000  4.7400E-47
 5675.0000  4.0500E-47
 5676.0000  4.1400E-47
 5677.0000  5.2700E-47
 5678.0000  5.1100E-47
 5679.0000  5.4200E-47
 5680.0000  6.4200E-47
 5681.0000  5.2500E-47
 5682.0000  6.1100E-47
 5683.0000  4.4100E-47
 5684.0000  4.7000E-47
 5685.0000  5.1600E-47
 5686.0000  5.6600E-47
 5687.0000  5.8800E-47
 5688.0000  5.0600E-47
 5689.0000  5.5900E-47
 5690.0000  4.6300E-47
 5691.0000  3.8000E-47
 5692.0000  4.0300E-47
 5693.0000  4.0900E-47
 5694.0000  4.8800E-47
 5695.0000  6.6200E-47
 5696.0000  4.5800E-47
 5697.0000  3.7000E-47
 5698.0000  2.9000E-47
 5699.0000  2.9700E-47
 5700.0000  2.5200E-47
 5701.0000  4.7600E-47
 5702.0000  5.1100E-47
 5703.0000  5.1200E-47
 5704.0000  5.3400E-47
 5705.0000  4.5600E-47
 5706.0000  5.3700E-47
 5707.0000  5.9300E-47
 5708.0000  6.0800E-47
 5709.0000  5.4000E-47
 5710.0000  4.2400E-47
 5711.0000  3.9400E-47
 5712.0000  4.9300E-47
 5713.0000  4.8800E-47
 5714.0000  4.3700E-47
 5715.0000  2.5500E-47
 5716.0000  2.0500E-47
 5717.0000  4.3800E-47
 5718.0000  6.0800E-47
 5719.0000  4.2000E-47
 5720.0000  3.7100E-47
 5721.0000  5.2200E-47
 5722.0000  5.4100E-47
 5723.0000  4.1500E-47
 5724.0000  4.5100E-47
 5725.0000  5.7800E-47
 5726.0000  3.5500E-47
 5727.0000  5.7000E-47
 5728.0000  5.4100E-47
 5729.0000  5.1700E-47
 5730.0000  4.7900E-47
 5731.0000  5.1900E-47
 5732.0000  5.7700E-47
 5733.0000  3.5400E-47
 5734.0000  2.5000E-47
 5735.0000  2.5400E-47
 5736.0000  2.5200E-47
 5737.0000  3.3300E-47
 5738.0000  4.3100E-47
 5739.0000  4.9200E-47
 5740.0000  4.1400E-47
 5741.0000  4.3100E-47
 5742.0000  3.6600E-47
 5743.0000  2.0900E-47
 5744.0000  2.4800E-47
 5745.0000  2.3400E-47
 5746.0000  3.7100E-47
 5747.0000  3.3700E-47
 5748.0000  2.7800E-47
 5749.0000  3.8200E-47
 5750.0000  4.1300E-47
 5751.0000  3.5900E-47
 5752.0000  3.5500E-47
 5753.0000  5.3300E-47
 5754.0000  5.4200E-47
 5755.0000  3.8000E-47
 5756.0000  3.5000E-47
 5757.0000  4.3300E-47
 5758.0000  4.5600E-47
 5759.0000  4.2900E-47
 5760.0000  3.3600E-47
 5761.0000  1.0300E-47
 5762.0000  2.3600E-47
 5763.0000  3.0700E-47
 5764.0000  1.5100E-47
 5765.0000  2.2900E-47
 5766.0000  3.2500E-47
 5767.0000  4.7500E-47
 5768.0000  3.0600E-47
 5769.0000  1.3800E-47
 5770.0000  2.2800E-47
 5771.0000  5.0200E-47
 5772.0000  4.8300E-47
 5773.0000  2.0800E-47
 5774.0000  1.6600E-47
 5775.0000  2.8400E-47
 5776.0000  4.0900E-47
 5777.0000  2.0300E-47
 5778.0000  1.0100E-47
 5779.0000  3.3800E-47
 5780.0000  3.8900E-47
 5781.0000  2.5600E-47
 5782.0000  2.9600E-47
 5783.0000  3.7900E-47
 5784.0000  2.2300E-47
 5785.0000  1.6300E-47
 5786.0000  3.9800E-47
 5787.0000  2.6800E-47
 5788.0000  2.3700E-47
 5789.0000  1.9400E-47
 5790.0000  1.8300E-47
 5791.0000  2.1900E-47
 5792.0000  3.1400E-47
 5793.0000  4.2100E-47
 5794.0000  2.3100E-47
 5795.0000  1.5300E-47
 5796.0000  2.0200E-47
 5797.0000  3.0600E-47
 5798.0000  3.1400E-47
 5799.0000  2.7700E-47
 5800.0000  2.3500E-47
 5801.0000  2.0900E-47
 5802.0000  2.6000E-47
 5803.0000  2.2900E-47
 5804.0000  0.0000E+00
 5805.0000  1.2400E-47
 5806.0000  4.3000E-48
 5807.0000  1.5800E-47
 5808.0000  1.6400E-47
 5809.0000  2.4700E-47
 5810.0000  3.7100E-47
 5811.0000  1.7100E-47
 5812.0000  2.5000E-47
 5813.0000  2.9500E-47
 5814.0000  2.5800E-47
 5815.0000  1.5900E-47
 5816.0000  1.8400E-47
 5817.0000  8.9000E-48
 5818.0000  1.4900E-47
 5819.0000  1.9600E-47
 5820.0000  1.6400E-47
 5821.0000  3.8800E-47
 5822.0000  3.8300E-47
 5823.0000  1.2000E-47
 5824.0000  1.0000E-49
 5825.0000  1.0000E-47
 5826.0000  6.1000E-48
 5827.0000  1.8500E-47
 5828.0000  1.3500E-47
 5829.0000  1.0400E-47
 5830.0000  2.8000E-48
 5831.0000  0.0000E+00
 5832.0000  0.0000E+00
 5833.0000  1.9300E-47
 5834.0000  3.0900E-47
 5835.0000  1.0800E-47
 5836.0000  1.6000E-48
 5837.0000  8.2000E-48
 5838.0000  3.5100E-47
 5839.0000  3.0000E-47
 5840.0000  8.2000E-48
 5841.0000  7.7000E-48
 5842.0000  2.1700E-47
 5843.0000  3.3700E-47
 5844.0000  2.0700E-47
 5845.0000  2.0300E-47
 5846.0000  2.0000E-47
 5847.0000  1.1100E-47
 5848.0000  3.0700E-47
 5849.0000  2.7400E-47
 5850.0000  1.6300E-47
 5851.0000  2.2000E-47
 5852.0000  7.4000E-48
 5853.0000  3.4000E-48
 5854.0000  2.7500E-47
 5855.0000  1.8100E-47
 5856.0000  2.9000E-47
 5857.0000  4.5400E-47
 5858.0000  3.3000E-47
 5859.0000  2.9400E-47
 5860.0000  1.3500E-47
 5861.0000  0.0000E+00
 5862.0000  0.0000E+00
 5863.0000  2.2600E-47
 5864.0000  3.0600E-47
 5865.0000  2.6600E-47
 5866.0000  1.7500E-47
 5867.0000  1.9100E-47
 5868.0000  2.6300E-47
 5869.0000  2.2100E-47
 5870.0000  2.9500E-47
 5871.0000  4.4000E-47
 5872.0000  1.7700E-47
 5873.0000  6.7000E-48
 5874.0000  0.0000E+00
 5875.0000  2.7000E-48
 5876.0000  0.0000E+00
 5877.0000  0.0000E+00
 5878.0000  0.0000E+00
 5879.0000  0.0000E+00
 5880.0000  1.4400E-47
 5881.0000  2.4000E-47
 5882.0000  1.8500E-47
 5883.0000  2.5200E-47
 5884.0000  1.5200E-47
 5885.0000  0.0000E+00
 5886.0000  0.0000E+00
 5887.0000  3.0100E-47
 5888.0000  0.0000E+00
 5889.0000  0.0000E+00
 5890.0000  0.0000E+00
 5891.0000  0.0000E+00
 5892.0000  3.0500E-47
 5893.0000  1.6900E-47
 5894.0000  1.5500E-47
 5895.0000  1.6300E-47
 5896.0000  1.6300E-47
 5897.0000  2.4200E-47
 5898.0000  1.5000E-47
 5899.0000  1.0900E-47
 5900.0000  1.8500E-47
 5901.0000  7.7000E-48
 5902.0000  0.0000E+00
 5903.0000  1.8300E-47
 5904.0000  1.2000E-47
 5905.0000  1.4700E-47
 5906.0000  4.4000E-48
 5907.0000  0.0000E+00
 5908.0000  0.0000E+00
 5909.0000  1.1200E-47
 5910.0000  8.2000E-48
 5911.0000  0.0000E+00
 5912.0000  0.0000E+00
 5913.0000  0.0000E+00
 5914.0000  0.0000E+00
 5915.0000  0.0000E+00
 5916.0000  1.0000E-48
 5917.0000  0.0000E+00
 5918.0000  0.0000E+00
 5919.0000  0.0000E+00
 5920.0000  0.0000E+00
 5921.0000  0.0000E+00
 5922.0000  0.0000E+00
 5923.0000  4.0000E-48
 5924.0000  2.9100E-47
 5925.0000  1.7500E-47
 5926.0000  2.3000E-48
 5927.0000  2.0000E-49
 5928.0000  0.0000E+00
 5929.0000  0.0000E+00
 5930.0000  1.3000E-48
 5931.0000  5.0000E-49
 5932.0000  0.0000E+00
 5933.0000  0.0000E+00
 5934.0000  0.0000E+00
 5935.0000  0.0000E+00
 5936.0000  8.4000E-48
 5937.0000  0.0000E+00
 5938.0000  3.8000E-48
 5939.0000  1.2000E-48
 5940.0000  9.3000E-48
 5941.0000  9.1000E-48
 5942.0000  8.7000E-48
 5943.0000  1.6900E-47
 5944.0000  1.6400E-47
 5945.0000  0.0000E+00
 5946.0000  0.0000E+00
 5947.0000  5.7000E-48
 5948.0000  0.0000E+00
 5949.0000  7.9000E-48
 5950.0000  1.6500E-47
 5951.0000  2.6100E-47
 5952.0000  2.3800E-47
 5953.0000  0.0000E+00
 5954.0000  0.0000E+00
 5955.0000  1.6700E-47
 5956.0000  2.3900E-47
 5957.0000  0.0000E+00
 5958.0000  0.0000E+00
 5959.0000  0.0000E+00
 5960.0000  0.0000E+00
 5961.0000  0.0000E+00
 5962.0000  0.0000E+00
 5963.0000  2.3400E-47
 5964.0000  9.0000E-48
 5965.0000  0.0000E+00
 5966.0000  1.2200E-47
 5967.0000  0.0000E+00
 5968.0000  0.0000E+00
 5969.0000  0.0000E+00
 5970.0000  0.0000E+00
 5971.0000  4.6000E-48
 5972.0000  0.0000E+00
 5973.0000  1.2000E-48
 5974.0000  0.0000E+00
 5975.0000  2.9000E-48
 5976.0000  9.5000E-48
 5977.0000  3.1100E-47
 5978.0000  0.0000E+00
 5979.0000  0.0000E+00
 5980.0000  0.0000E+00
 5981.0000  0.0000E+00
 5982.0000  7.8000E-48
 5983.0000  0.0000E+00
 5984.0000  0.0000E+00
 5985.0000  1.0800E-47
 5986.0000  5.4000E-48
 5987.0000  1.8600E-47
 5988.0000  2.5200E-47
 5989.0000  0.0000E+00
 5990.0000  0.0000E+00
 5991.0000  0.0000E+00
 5992.0000  0.0000E+00
 5993.0000  0.0000E+00
 5994.0000  4.1000E-48
 5995.0000  9.0000E-48
 5996.0000  4.4000E-48
 5997.0000  0.0000E+00
 5998.0000  0.0000E+00
 5999.0000  0.0000E+00
 6000.0000  7.8000E-48
               H2-H2      2500      6000   1803    403 5.651E-45 1.000                            44
 2500.0000  5.5600E-47
 2501.0000  5.3200E-47
 2502.0000  5.1700E-47
 2503.0000  5.2000E-47
 2504.0000  5.4500E-47
 2505.0000  5.3400E-47
 2506.0000  5.1300E-47
 2507.0000  4.8400E-47
 2508.0000  4.9400E-47
 2509.0000  5.2600E-47
 2510.0000  5.2500E-47
 2511.0000  4.8300E-47
 2512.0000  4.6600E-47
 2513.0000  4.8700E-47
 2514.0000  4.8100E-47
 2515.0000  4.6400E-47
 2516.0000  4.5400E-47
 2517.0000  4.5800E-47
 2518.0000  4.5600E-47
 2519.0000  4.4600E-47
 2520.0000  4.1500E-47
 2521.0000  4.0200E-47
 2522.0000  4.0300E-47
 2523.0000  4.3600E-47
 2524.0000  4.3000E-47
 2525.0000  4.1200E-47
 2526.0000  3.9300E-47
 2527.0000  3.9900E-47
 2528.0000  4.0000E-47
 2529.0000  3.8200E-47
 2530.0000  3.8500E-47
 2531.0000  3.9700E-47
 2532.0000  4.0600E-47
 2533.0000  3.9300E-47
 2534.0000  3.7100E-47
 2535.0000  3.4100E-47
 2536.0000  3.5900E-47
 2537.0000  3.8200E-47
 2538.0000  3.9700E-47
 2539.0000  3.7300E-47
 2540.0000  3.6100E-47
 2541.0000  3.4300E-47
 2542.0000  3.3900E-47
 2543.0000  3.2200E-47
 2544.0000  3.0600E-47
 2545.0000  3.1300E-47
 2546.0000  3.3500E-47
 2547.0000  3.4400E-47
 2548.0000  3.2200E-47
 2549.0000  2.9700E-47
 2550.0000  2.5600E-47
 2551.0000  2.7900E-47
 2552.0000  2.7700E-47
 2553.0000  2.8800E-47
 2554.0000  2.6900E-47
 2555.0000  2.7700E-47
 2556.0000  2.7500E-47
 2557.0000  2.7000E-47
 2558.0000  2.4500E-47
 2559.0000  2.4100E-47
 2560.0000  2.5200E-47
 2561.0000  2.6300E-47
 2562.0000  2.8000E-47
 2563.0000  2.5900E-47
 2564.0000  2.4500E-47
 2565.0000  2.3800E-47
 2566.0000  2.6000E-47
 2567.0000  2.4500E-47
 2568.0000  2.5000E-47
 2569.0000  2.3500E-47
 2570.0000  2.4600E-47
 2571.0000  2.3300E-47
 2572.0000  2.1600E-47
 2573.0000  1.9700E-47
 2574.0000  1.9100E-47
 2575.0000  2.0300E-47
 2576.0000  2.0600E-47
 2577.0000  1.9800E-47
 2578.0000  1.6900E-47
 2579.0000  1.6200E-47
 2580.0000  1.5900E-47
 2581.0000  1.6900E-47
 2582.0000  1.5200E-47
 2583.0000  1.5300E-47
 2584.0000  1.6000E-47
 2585.0000  1.7100E-47
 2586.0000  1.3300E-47
 2587.0000  1.3300E-47
 2588.0000  1.2800E-47
 2589.0000  1.3500E-47
 2590.0000  1.3000E-47
 2591.0000  1.3200E-47
 2592.0000  1.3100E-47
 2593.0000  1.2000E-47
 2594.0000  1.3100E-47
 2595.0000  1.1500E-47
 2596.0000  1.0900E-47
 2597.0000  9.6000E-48
 2598.0000  1.0600E-47
 2599.0000  1.1600E-47
 2600.0000  1.1400E-47
 2601.0000  7.8000E-48
 2602.0000  8.0000E-48
 2603.0000  7.4000E-48
 2604.0000  9.6000E-48
 2605.0000  7.8000E-48
 2606.0000  6.7000E-48
 2607.0000  5.7000E-48
 2608.0000  7.0000E-48
 2609.0000  6.4000E-48
 2610.0000  4.7000E-48
 2611.0000  4.7000E-48
 2612.0000  3.6000E-48
 2613.0000  2.8000E-48
 2614.0000  2.5000E-48
 2615.0000  2.4000E-48
 2616.0000  0.0000E+00
 2617.0000  0.0000E+00
 2618.0000  1.2000E-48
 2619.0000  3.1000E-48
 2620.0000  0.0000E+00
 2621.0000  0.0000E+00
 2622.0000  0.0000E+00
 2623.0000  0.0000E+00
 2624.0000  3.0000E-49
 2625.0000  3.0000E-49
 2626.0000  0.0000E+00
 2627.0000  0.0000E+00
 2628.0000  0.0000E+00
 2629.0000  0.0000E+00
 2630.0000  0.0000E+00
 2631.0000  0.0000E+00
 2632.0000  0.0000E+00
 2633.0000  0.0000E+00
 2634.0000  0.0000E+00
 2635.0000  0.0000E+00
 2636.0000  0.0000E+00
 2637.0000  0.0000E+00
 2638.0000  0.0000E+00
 2639.0000  0.0000E+00
 2640.0000  0.0000E+00
 2641.0000  0.0000E+00
 2642.0000  0.0000E+00
 2643.0000  0.0000E+00
 2644.0000  0.0000E+00
 2645.0000  0.0000E+00
 2646.0000  0.0000E+00
 2647.0000  0.0000E+00
 2648.0000  0.0000E+00
 2649.0000  0.0000E+00
 2650.0000  0.0000E+00
 2651.0000  0.0000E+00
 2652.0000  0.0000E+00
 2653.0000  0.0000E+00
 2654.0000  0.0000E+00
 2655.0000  0.0000E+00
 2656.0000  0.0000E+00
 2657.0000  0.0000E+00
 2658.0000  0.0000E+00
 2659.0000  0.0000E+00
 2660.0000  0.0000E+00
 2661.0000  0.0000E+00
 2662.0000  0.0000E+00
 2663.0000  0.0000E+00
 2664.0000  0.0000E+00
 2665.0000  0.0000E+00
 2666.0000  0.0000E+00
 2667.0000  0.0000E+00
 2668.0000  0.0000E+00
 2669.0000  0.0000E+00
 2670.0000  0.0000E+00
 2671.0000  0.0000E+00
 2672.0000  0.0000E+00
 2673.0000  0.0000E+00
 2674.0000  0.0000E+00
 2675.0000  0.0000E+00
 2676.0000  0.0000E+00
 2677.0000  0.0000E+00
 2678.0000  0.0000E+00
 2679.0000  0.0000E+00
 2680.0000  0.0000E+00
 2681.0000  0.0000E+00
 2682.0000  0.0000E+00
 2683.0000  0.0000E+00
 2684.0000  0.0000E+00
 2685.0000  0.0000E+00
 2686.0000  0.0000E+00
 2687.0000  0.0000E+00
 2688.0000  0.0000E+00
 2689.0000  0.0000E+00
 2690.0000  0.0000E+00
 2691.0000  0.0000E+00
 2692.0000  0.0000E+00
 2693.0000  0.0000E+00
 2694.0000  0.0000E+00
 2695.0000  0.0000E+00
 2696.0000  0.0000E+00
 2697.0000  0.0000E+00
 2698.0000  0.0000E+00
 2699.0000  0.0000E+00
 2700.0000  0.0000E+00
 2701.0000  0.0000E+00
 2702.0000  0.0000E+00
 2703.0000  0.0000E+00
 2704.0000  0.0000E+00
 2705.0000  0.0000E+00
 2706.0000  0.0000E+00
 2707.0000  0.0000E+00
 2708.0000  0.0000E+00
 2709.0000  0.0000E+00
 2710.0000  0.0000E+00
 2711.0000  0.0000E+00
 2712.0000  0.0000E+00
 2713.0000  0.0000E+00
 2714.0000  0.0000E+00
 2715.0000  0.0000E+00
 2716.0000  0.0000E+00
 2717.0000  0.0000E+00
 2718.0000  0.0000E+00
 2719.0000  0.0000E+00
 2720.0000  0.0000E+00
 2721.0000  0.0000E+00
 2722.0000  0.0000E+00
 2723.0000  0.0000E+00
 2724.0000  0.0000E+00
 2725.0000  0.0000E+00
 2726.0000  0.0000E+00
 2727.0000  0.0000E+00
 2728.0000  0.0000E+00
 2729.0000  0.0000E+00
 2730.0000  0.0000E+00
 2731.0000  0.0000E+00
 2732.0000  0.0000E+00
 2733.0000  0.0000E+00
 2734.0000  0.0000E+00
 2735.0000  0.0000E+00
 2736.0000  0.0000E+00
 2737.0000  0.0000E+00
 2738.0000  0.0000E+00
 2739.0000  0.0000E+00
 2740.0000  0.0000E+00
 2741.0000  0.0000E+00
 2742.0000  0.0000E+00
 2743.0000  0.0000E+00
 2744.0000  0.0000E+00
 2745.0000  0.0000E+00
 2746.0000  0.0000E+00
 2747.0000  0.0000E+00
 2748.0000  0.0000E+00
 2749.0000  0.0000E+00
 2750.0000  0.0000E+00
 2751.0000  0.0000E+00
 2752.0000  0.0000E+00
 2753.0000  0.0000E+00
 2754.0000  0.0000E+00
 2755.0000  0.0000E+00
 2756.0000  0.0000E+00
 2757.0000  0.0000E+00
 2758.0000  0.0000E+00
 2759.0000  0.0000E+00
 2760.0000  0.0000E+00
 2761.0000  0.0000E+00
 2762.0000  0.0000E+00
 2763.0000  0.0000E+00
 2764.0000  0.0000E+00
 2765.0000  0.0000E+00
 2766.0000  0.0000E+00
 2767.0000  0.0000E+00
 2768.0000  0.0000E+00
 2769.0000  0.0000E+00
 2770.0000  0.0000E+00
 2771.0000  0.0000E+00
 2772.0000  0.0000E+00
 2773.0000  0.0000E+00
 2774.0000  0.0000E+00
 2775.0000  0.0000E+00
 2776.0000  0.0000E+00
 2777.0000  0.0000E+00
 2778.0000  0.0000E+00
 2779.0000  0.0000E+00
 2780.0000  0.0000E+00
 2781.0000  0.0000E+00
 2782.0000  0.0000E+00
 2783.0000  0.0000E+00
 2784.0000  0.0000E+00
 2785.0000  0.0000E+00
 2786.0000  0.0000E+00
 2787.0000  0.0000E+00
 2788.0000  0.0000E+00
 2789.0000  0.0000E+00
 2790.0000  0.0000E+00
 2791.0000  0.0000E+00
 2792.0000  0.0000E+00
 2793.0000  0.0000E+00
 2794.0000  0.0000E+00
 2795.0000  0.0000E+00
 2796.0000  0.0000E+00
 2797.0000  0.0000E+00
 2798.0000  0.0000E+00
 2799.0000  0.0000E+00
 2800.0000  0.0000E+00
 4000.0000  2.4586E-45
 4001.0000  2.4699E-45
 4002.0000  2.5055E-45
 4003.0000  2.5443E-45
 4004.0000  2.5505E-45
 4005.0000  2.5540E-45
 4006.0000  2.5691E-45
 4007.0000  2.5842E-45
 4008.0000  2.5897E-45
 4009.0000  2.5834E-45
 4010.0000  2.6313E-45
 4011.0000  2.6351E-45
 4012.0000  2.6482E-45
 4013.0000  2.6663E-45
 4014.0000  2.7060E-45
 4015.0000  2.7350E-45
 4016.0000  2.7675E-45
 4017.0000  2.7859E-45
 4018.0000  2.7866E-45
 4019.0000  2.7741E-45
 4020.0000  2.7918E-45
 4021.0000  2.8243E-45
 4022.0000  2.8368E-45
 4023.0000  2.8526E-45
 4024.0000  2.8783E-45
 4025.0000  2.8738E-45
 4026.0000  2.8933E-45
 4027.0000  2.9372E-45
 4028.0000  2.9581E-45
 4029.0000  2.9756E-45
 4030.0000  2.9817E-45
 4031.0000  3.0051E-45
 4032.0000  3.0208E-45
 4033.0000  3.0476E-45
 4034.0000  3.0742E-45
 4035.0000  3.0930E-45
 4036.0000  3.1099E-45
 4037.0000  3.1239E-45
 4038.0000  3.1491E-45
 4039.0000  3.1695E-45
 4040.0000  3.1886E-45
 4041.0000  3.2011E-45
 4042.0000  3.2260E-45
 4043.0000  3.2620E-45
 4044.0000  3.2853E-45
 4045.0000  3.2838E-45
 4046.0000  3.3218E-45
 4047.0000  3.3333E-45
 4048.0000  3.3510E-45
 4049.0000  3.3752E-45
 4050.0000  3.4002E-45
 4051.0000  3.4227E-45
 4052.0000  3.4417E-45
 4053.0000  3.4606E-45
 4054.0000  3.4732E-45
 4055.0000  3.4922E-45
 4056.0000  3.5187E-45
 4057.0000  3.5406E-45
 4058.0000  3.5667E-45
 4059.0000  3.5957E-45
 4060.0000  3.6173E-45
 4061.0000  3.6333E-45
 4062.0000  3.6648E-45
 4063.0000  3.6820E-45
 4064.0000  3.6994E-45
 4065.0000  3.7173E-45
 4066.0000  3.7410E-45
 4067.0000  3.7710E-45
 4068.0000  3.7910E-45
 4069.0000  3.8080E-45
 4070.0000  3.8320E-45
 4071.0000  3.8510E-45
 4072.0000  3.8710E-45
 4073.0000  3.8940E-45
 4074.0000  3.9160E-45
 4075.0000  3.9560E-45
 4076.0000  3.9830E-45
 4077.0000  4.0010E-45
 4078.0000  4.0340E-45
 4079.0000  4.0590E-45
 4080.0000  4.0750E-45
 4081.0000  4.0960E-45
 4082.0000  4.1180E-45
 4083.0000  4.1370E-45
 4084.0000  4.1620E-45
 4085.0000  4.1860E-45
 4086.0000  4.2110E-45
 4087.0000  4.2460E-45
 4088.0000  4.2650E-45
 4089.0000  4.2870E-45
 4090.0000  4.3010E-45
 4091.0000  4.3230E-45
 4092.0000  4.3420E-45
 4093.0000  4.3660E-45
 4094.0000  4.3910E-45
 4095.0000  4.4130E-45
 4096.0000  4.4360E-45
 4097.0000  4.4570E-45
 4098.0000  4.4820E-45
 4099.0000  4.5040E-45
 4100.0000  4.5220E-45
 4101.0000  4.5470E-45
 4102.0000  4.5600E-45
 4103.0000  4.5810E-45
 4104.0000  4.6220E-45
 4105.0000  4.6550E-45
 4106.0000  4.6650E-45
 4107.0000  4.6940E-45
 4108.0000  4.7160E-45
 4109.0000  4.7340E-45
 4110.0000  4.7520E-45
 4111.0000  4.7720E-45
 4112.0000  4.7990E-45
 4113.0000  4.8230E-45
 4114.0000  4.8450E-45
 4115.0000  4.8580E-45
 4116.0000  4.8740E-45
 4117.0000  4.8990E-45
 4118.0000  4.9190E-45
 4119.0000  4.9370E-45
 4120.0000  4.9600E-45
 4121.0000  4.9800E-45
 4122.0000  5.0000E-45
 4123.0000  5.0180E-45
 4124.0000  5.0140E-45
 4125.0000  4.9370E-45
 4126.0000  4.7940E-45
 4127.0000  4.9460E-45
 4128.0000  5.0720E-45
 4129.0000  5.1130E-45
 4130.0000  5.1380E-45
 4131.0000  5.1590E-45
 4132.0000  5.1880E-45
 4133.0000  5.2070E-45
 4134.0000  5.2290E-45
 4135.0000  5.2450E-45
 4136.0000  5.2600E-45
 4137.0000  5.2680E-45
 4138.0000  5.2830E-45
 4139.0000  5.3030E-45
 4140.0000  5.3200E-45
 4141.0000  5.3220E-45
 4142.0000  5.3060E-45
 4143.0000  5.1840E-45
 4144.0000  5.1480E-45
 4145.0000  5.3120E-45
 4146.0000  5.3630E-45
 4147.0000  5.3880E-45
 4148.0000  5.4020E-45
 4149.0000  5.4170E-45
 4150.0000  5.4330E-45
 4151.0000  5.4400E-45
 4152.0000  5.4460E-45
 4153.0000  5.4270E-45
 4154.0000  5.2650E-45
 4155.0000  4.6730E-45
 4156.0000  4.7860E-45
 4157.0000  5.2930E-45
 4158.0000  5.4260E-45
 4159.0000  5.4610E-45
 4160.0000  5.4510E-45
 4161.0000  5.3760E-45
 4162.0000  5.4160E-45
 4163.0000  5.5030E-45
 4164.0000  5.5360E-45
 4165.0000  5.5550E-45
 4166.0000  5.5670E-45
 4167.0000  5.5720E-45
 4168.0000  5.5760E-45
 4169.0000  5.5810E-45
 4170.0000  5.5910E-45
 4171.0000  5.5960E-45
 4172.0000  5.6130E-45
 4173.0000  5.6130E-45
 4174.0000  5.6190E-45
 4175.0000  5.6160E-45
 4176.0000  5.6240E-45
 4177.0000  5.6300E-45
 4178.0000  5.6330E-45
 4179.0000  5.6370E-45
 4180.0000  5.6400E-45
 4181.0000  5.6510E-45
 4182.0000  5.6470E-45
 4183.0000  5.6450E-45
 4184.0000  5.6420E-45
 4185.0000  5.6450E-45
 4186.0000  5.6470E-45
 4187.0000  5.6410E-45
 4188.0000  5.6370E-45
 4189.0000  5.6380E-45
 4190.0000  5.6400E-45
 4191.0000  5.6440E-45
 4192.0000  5.6420E-45
 4193.0000  5.6370E-45
 4194.0000  5.6380E-45
 4195.0000  5.6290E-45
 4196.0000  5.6250E-45
 4197.0000  5.6230E-45
 4198.0000  5.6170E-45
 4199.0000  5.6060E-45
 4200.0000  5.6040E-45
 4201.0000  5.6090E-45
 4202.0000  5.5980E-45
 4203.0000  5.5980E-45
 4204.0000  5.5910E-45
 4205.0000  5.5850E-45
 4206.0000  5.5840E-45
 4207.0000  5.5830E-45
 4208.0000  5.5670E-45
 4209.0000  5.5600E-45
 4210.0000  5.5600E-45
 4211.0000  5.5560E-45
 4212.0000  5.5480E-45
 4213.0000  5.5400E-45
 4214.0000  5.5370E-45
 4215.0000  5.5350E-45
 4216.0000  5.5290E-45
 4217.0000  5.5290E-45
 4218.0000  5.5200E-45
 4219.0000  5.5120E-45
 4220.0000  5.5050E-45
 4221.0000  5.4940E-45
 4222.0000  5.4830E-45
 4223.0000  5.4870E-45
 4224.0000  5.4790E-45
 4225.0000  5.4670E-45
 4226.0000  5.4610E-45
 4227.0000  5.4450E-45
 4228.0000  5.4380E-45
 4229.0000  5.4280E-45
 4230.0000  5.4250E-45
 4231.0000  5.4150E-45
 4232.0000  5.4090E-45
 4233.0000  5.3960E-45
 4234.0000  5.3820E-45
 4235.0000  5.3700E-45
 4236.0000  5.3670E-45
 4237.0000  5.3590E-45
 4238.0000  5.3490E-45
 4239.0000  5.3450E-45
 4240.0000  5.3380E-45
 4241.0000  5.3210E-45
 4242.0000  5.3050E-45
 4243.0000  5.3000E-45
 4244.0000  5.3020E-45
 4245.0000  5.2910E-45
 4246.0000  5.2780E-45
 4247.0000  5.2610E-45
 4248.0000  5.2590E-45
 4249.0000  5.2540E-45
 4250.0000  5.2480E-45
 4251.0000  5.2410E-45
 4252.0000  5.2310E-45
 4253.0000  5.2200E-45
 4254.0000  5.2130E-45
 4255.0000  5.1900E-45
 4256.0000  5.1770E-45
 4257.0000  5.1670E-45
 4258.0000  5.1570E-45
 4259.0000  5.1590E-45
 4260.0000  5.1440E-45
 4261.0000  5.1350E-45
 4262.0000  5.1150E-45
 4263.0000  5.1000E-45
 4264.0000  5.0910E-45
 4265.0000  5.0840E-45
 4266.0000  5.0720E-45
 4267.0000  5.0630E-45
 4268.0000  5.0540E-45
 4269.0000  5.0380E-45
 4270.0000  5.0300E-45
 4271.0000  5.0220E-45
 4272.0000  5.0170E-45
 4273.0000  5.0020E-45
 4274.0000  4.9840E-45
 4275.0000  4.9850E-45
 4276.0000  4.9700E-45
 4277.0000  4.9610E-45
 4278.0000  4.9430E-45
 4279.0000  4.9300E-45
 4280.0000  4.9180E-45
 4281.0000  4.9240E-45
 4282.0000  4.9070E-45
 4283.0000  4.8960E-45
 4284.0000  4.8730E-45
 4285.0000  4.8610E-45
 4286.0000  4.8640E-45
 4287.0000  4.8400E-45
 4288.0000  4.8310E-45
 4289.0000  4.8160E-45
 4290.0000  4.8210E-45
 4291.0000  4.8120E-45
 4292.0000  4.7880E-45
 4293.0000  4.7800E-45
 4294.0000  4.7670E-45
 4295.0000  4.7620E-45
 4296.0000  4.7580E-45
 4297.0000  4.7440E-45
 4298.0000  4.7300E-45
 4299.0000  4.7120E-45
 4300.0000  4.7070E-45
 4301.0000  4.7010E-45
 4302.0000  4.6860E-45
 4303.0000  4.6700E-45
 4304.0000  4.6720E-45
 4305.0000  4.6540E-45
 4306.0000  4.6440E-45
 4307.0000  4.6310E-45
 4308.0000  4.6240E-45
 4309.0000  4.6100E-45
 4310.0000  4.6010E-45
 4311.0000  4.5890E-45
 4312.0000  4.5770E-45
 4313.0000  4.5690E-45
 4314.0000  4.5660E-45
 4315.0000  4.5600E-45
 4316.0000  4.5300E-45
 4317.0000  4.5210E-45
 4318.0000  4.5130E-45
 4319.0000  4.5090E-45
 4320.0000  4.4930E-45
 4321.0000  4.4860E-45
 4322.0000  4.4700E-45
 4323.0000  4.4570E-45
 4324.0000  4.4530E-45
 4325.0000  4.4420E-45
 4326.0000  4.4330E-45
 4327.0000  4.4270E-45
 4328.0000  4.4150E-45
 4329.0000  4.4000E-45
 4330.0000  4.3910E-45
 4331.0000  4.3810E-45
 4332.0000  4.3660E-45
 4333.0000  4.3620E-45
 4334.0000  4.3420E-45
 4335.0000  4.3340E-45
 4336.0000  4.3260E-45
 4337.0000  4.3320E-45
 4338.0000  4.3160E-45
 4339.0000  4.3030E-45
 4340.0000  4.2890E-45
 4341.0000  4.2750E-45
 4342.0000  4.2680E-45
 4343.0000  4.2490E-45
 4344.0000  4.2470E-45
 4345.0000  4.2390E-45
 4346.0000  4.2370E-45
 4347.0000  4.2230E-45
 4348.0000  4.2250E-45
 4349.0000  4.2070E-45
 4350.0000  4.2010E-45
 4351.0000  4.1810E-45
 4352.0000  4.1680E-45
 4353.0000  4.1620E-45
 4354.0000  4.1520E-45
 4355.0000  4.1420E-45
 4356.0000  4.1270E-45
 4357.0000  4.1180E-45
 4358.0000  4.1160E-45
 4359.0000  4.0970E-45
 4360.0000  4.0970E-45
 4361.0000  4.0840E-45
 4362.0000  4.0830E-45
 4363.0000  4.0700E-45
 4364.0000  4.0690E-45
 4365.0000  4.0600E-45
 4366.0000  4.0530E-45
 4367.0000  4.0410E-45
 4368.0000  4.0290E-45
 4369.0000  4.0210E-45
 4370.0000  4.0150E-45
 4371.0000  4.0100E-45
 4372.0000  3.9880E-45
 4373.0000  3.9870E-45
 4374.0000  3.9740E-45
 4375.0000  3.9640E-45
 4376.0000  3.9540E-45
 4377.0000  3.9520E-45
 4378.0000  3.9500E-45
 4379.0000  3.9370E-45
 4380.0000  3.9270E-45
 4381.0000  3.9200E-45
 4382.0000  3.9170E-45
 4383.0000  3.9010E-45
 4384.0000  3.8920E-45
 4385.0000  3.8970E-45
 4386.0000  3.8840E-45
 4387.0000  3.8720E-45
 4388.0000  3.8580E-45
 4389.0000  3.8480E-45
 4390.0000  3.8440E-45
 4391.0000  3.8430E-45
 4392.0000  3.8340E-45
 4393.0000  3.8310E-45
 4394.0000  3.8250E-45
 4395.0000  3.8170E-45
 4396.0000  3.8090E-45
 4397.0000  3.7870E-45
 4398.0000  3.7860E-45
 4399.0000  3.7760E-45
 4400.0000  3.7820E-45
 4401.0000  3.7680E-45
 4402.0000  3.7740E-45
 4403.0000  3.7576E-45
 4404.0000  3.7532E-45
 4405.0000  3.7447E-45
 4406.0000  3.7370E-45
 4407.0000  3.7318E-45
 4408.0000  3.7178E-45
 4409.0000  3.7108E-45
 4410.0000  3.7068E-45
 4411.0000  3.7074E-45
 4412.0000  3.6946E-45
 4413.0000  3.6907E-45
 4414.0000  3.6855E-45
 4415.0000  3.6781E-45
 4416.0000  3.6782E-45
 4417.0000  3.6695E-45
 4418.0000  3.6613E-45
 4419.0000  3.6594E-45
 4420.0000  3.6573E-45
 4421.0000  3.6504E-45
 4422.0000  3.6492E-45
 4423.0000  3.6329E-45
 4424.0000  3.6267E-45
 4425.0000  3.6263E-45
 4426.0000  3.6221E-45
 4427.0000  3.6251E-45
 4428.0000  3.6028E-45
 4429.0000  3.6135E-45
 4430.0000  3.5978E-45
 4431.0000  3.5939E-45
 4432.0000  3.5846E-45
 4433.0000  3.5832E-45
 4434.0000  3.5699E-45
 4435.0000  3.5714E-45
 4436.0000  3.5729E-45
 4437.0000  3.5602E-45
 4438.0000  3.5671E-45
 4439.0000  3.5559E-45
 4440.0000  3.5525E-45
 4441.0000  3.5380E-45
 4442.0000  3.5450E-45
 4443.0000  3.5431E-45
 4444.0000  3.5399E-45
 4445.0000  3.5310E-45
 4446.0000  3.5343E-45
 4447.0000  3.5216E-45
 4448.0000  3.5127E-45
 4449.0000  3.5182E-45
 4450.0000  3.4994E-45
 4451.0000  3.4996E-45
 4452.0000  3.5089E-45
 4453.0000  3.5020E-45
 4454.0000  3.4976E-45
 4455.0000  3.4789E-45
 4456.0000  3.4825E-45
 4457.0000  3.4787E-45
 4458.0000  3.4850E-45
 4459.0000  3.4604E-45
 4460.0000  3.4697E-45
 4461.0000  3.4629E-45
 4462.0000  3.4592E-45
 4463.0000  3.4671E-45
 4464.0000  3.4592E-45
 4465.0000  3.4563E-45
 4466.0000  3.4403E-45
 4467.0000  3.4404E-45
 4468.0000  3.4337E-45
 4469.0000  3.4464E-45
 4470.0000  3.4395E-45
 4471.0000  3.4359E-45
 4472.0000  3.4285E-45
 4473.0000  3.4253E-45
 4474.0000  3.4199E-45
 4475.0000  3.4111E-45
 4476.0000  3.4164E-45
 4477.0000  3.4114E-45
 4478.0000  3.4093E-45
 4479.0000  3.4025E-45
 4480.0000  3.4040E-45
 4481.0000  3.4021E-45
 4482.0000  3.3969E-45
 4483.0000  3.3909E-45
 4484.0000  3.3816E-45
 4485.0000  3.3831E-45
 4486.0000  3.3843E-45
 4487.0000  3.3819E-45
 4488.0000  3.3711E-45
 4489.0000  3.3674E-45
 4490.0000  3.3666E-45
 4491.0000  3.3595E-45
 4492.0000  3.3644E-45
 4493.0000  3.3592E-45
 4494.0000  3.3656E-45
 4495.0000  3.3316E-45
 4496.0000  3.3498E-45
 4497.0000  3.3441E-45
 4498.0000  3.3410E-45
 4499.0000  3.3214E-45
 4500.0000  3.3216E-45
 4501.0000  3.3146E-45
 4502.0000  3.3133E-45
 4503.0000  3.3151E-45
 4504.0000  3.3066E-45
 4505.0000  3.3278E-45
 4506.0000  3.3093E-45
 4507.0000  3.3044E-45
 4508.0000  3.2938E-45
 4509.0000  3.2933E-45
 4510.0000  3.2859E-45
 4511.0000  3.2942E-45
 4512.0000  3.2988E-45
 4513.0000  3.2885E-45
 4514.0000  3.2794E-45
 4515.0000  3.2818E-45
 4516.0000  3.2706E-45
 4517.0000  3.2629E-45
 4518.0000  3.2604E-45
 4519.0000  3.2578E-45
 4520.0000  3.2483E-45
 4521.0000  3.2565E-45
 4522.0000  3.2496E-45
 4523.0000  3.2508E-45
 4524.0000  3.2436E-45
 4525.0000  3.2409E-45
 4526.0000  3.2320E-45
 4527.0000  3.2295E-45
 4528.0000  3.2268E-45
 4529.0000  3.2230E-45
 4530.0000  3.2241E-45
 4531.0000  3.2107E-45
 4532.0000  3.2195E-45
 4533.0000  3.2114E-45
 4534.0000  3.2097E-45
 4535.0000  3.1917E-45
 4536.0000  3.2038E-45
 4537.0000  3.1998E-45
 4538.0000  3.1977E-45
 4539.0000  3.1848E-45
 4540.0000  3.1672E-45
 4541.0000  3.1608E-45
 4542.0000  3.1716E-45
 4543.0000  3.1806E-45
 4544.0000  3.1757E-45
 4545.0000  3.1681E-45
 4546.0000  3.1641E-45
 4547.0000  3.1689E-45
 4548.0000  3.1713E-45
 4549.0000  3.1624E-45
 4550.0000  3.1564E-45
 4551.0000  3.1683E-45
 4552.0000  3.1659E-45
 4553.0000  3.1538E-45
 4554.0000  3.1384E-45
 4555.0000  3.1278E-45
 4556.0000  3.1377E-45
 4557.0000  3.1353E-45
 4558.0000  3.1223E-45
 4559.0000  3.1413E-45
 4560.0000  3.1238E-45
 4561.0000  3.1246E-45
 4562.0000  3.1096E-45
 4563.0000  3.1177E-45
 4564.0000  3.1119E-45
 4565.0000  3.1154E-45
 4566.0000  3.1215E-45
 4567.0000  3.1082E-45
 4568.0000  3.1013E-45
 4569.0000  3.0924E-45
 4570.0000  3.0976E-45
 4571.0000  3.0988E-45
 4572.0000  3.1122E-45
 4573.0000  3.1019E-45
 4574.0000  3.1070E-45
 4575.0000  3.0851E-45
 4576.0000  3.0896E-45
 4577.0000  3.0840E-45
 4578.0000  3.0662E-45
 4579.0000  3.0896E-45
 4580.0000  3.0898E-45
 4581.0000  3.0933E-45
 4582.0000  3.0885E-45
 4583.0000  3.0962E-45
 4584.0000  3.0887E-45
 4585.0000  3.0878E-45
 4586.0000  3.0797E-45
 4587.0000  3.0723E-45
 4588.0000  3.0787E-45
 4589.0000  3.0882E-45
 4590.0000  3.0849E-45
 4591.0000  3.0843E-45
 4592.0000  3.0847E-45
 4593.0000  3.0811E-45
 4594.0000  3.0852E-45
 4595.0000  3.0828E-45
 4596.0000  3.0769E-45
 4597.0000  3.1005E-45
 4598.0000  3.0904E-45
 4599.0000  3.0837E-45
 4600.0000  3.0961E-45
 4601.0000  3.0990E-45
 4602.0000  3.0902E-45
 4603.0000  3.0817E-45
 4604.0000  3.0955E-45
 4605.0000  3.0944E-45
 4606.0000  3.1046E-45
 4607.0000  3.1034E-45
 4608.0000  3.1079E-45
 4609.0000  3.1061E-45
 4610.0000  3.0951E-45
 4611.0000  3.0795E-45
 4612.0000  3.0999E-45
 4613.0000  3.1032E-45
 4614.0000  3.1192E-45
 4615.0000  3.1026E-45
 4616.0000  3.1006E-45
 4617.0000  3.1258E-45
 4618.0000  3.1146E-45
 4619.0000  3.1321E-45
 4620.0000  3.1256E-45
 4621.0000  3.1325E-45
 4622.0000  3.1237E-45
 4623.0000  3.1285E-45
 4624.0000  3.1404E-45
 4625.0000  3.1587E-45
 4626.0000  3.1452E-45
 4627.0000  3.1463E-45
 4628.0000  3.1382E-45
 4629.0000  3.1535E-45
 4630.0000  3.1886E-45
 4631.0000  3.1688E-45
 4632.0000  3.1773E-45
 4633.0000  3.1809E-45
 4634.0000  3.1685E-45
 4635.0000  3.1867E-45
 4636.0000  3.1843E-45
 4637.0000  3.1903E-45
 4638.0000  3.1870E-45
 4639.0000  3.1837E-45
 4640.0000  3.1994E-45
 4641.0000  3.2150E-45
 4642.0000  3.2255E-45
 4643.0000  3.2216E-45
 4644.0000  3.2305E-45
 4645.0000  3.2196E-45
 4646.0000  3.2400E-45
 4647.0000  3.2513E-45
 4648.0000  3.2414E-45
 4649.0000  3.2593E-45
 4650.0000  3.2765E-45
 4651.0000  3.2723E-45
 4652.0000  3.2847E-45
 4653.0000  3.2975E-45
 4654.0000  3.2844E-45
 4655.0000  3.3105E-45
 4656.0000  3.2987E-45
 4657.0000  3.3052E-45
 4658.0000  3.3376E-45
 4659.0000  3.3336E-45
 4660.0000  3.3247E-45
 4661.0000  3.3284E-45
 4662.0000  3.3291E-45
 4663.0000  3.3473E-45
 4664.0000  3.3608E-45
 4665.0000  3.3664E-45
 4666.0000  3.3758E-45
 4667.0000  3.3807E-45
 4668.0000  3.3872E-45
 4669.0000  3.3819E-45
 4670.0000  3.3970E-45
 4671.0000  3.4172E-45
 4672.0000  3.4207E-45
 4673.0000  3.4190E-45
 4674.0000  3.4344E-45
 4675.0000  3.4376E-45
 4676.0000  3.4281E-45
 4677.0000  3.4466E-45
 4678.0000  3.4578E-45
 4679.0000  3.4611E-45
 4680.0000  3.4693E-45
 4681.0000  3.4672E-45
 4682.0000  3.4742E-45
 4683.0000  3.4910E-45
 4684.0000  3.5135E-45
 4685.0000  3.5068E-45
 4686.0000  3.5318E-45
 4687.0000  3.5237E-45
 4688.0000  3.5172E-45
 4689.0000  3.5371E-45
 4690.0000  3.5493E-45
 4691.0000  3.5398E-45
 4692.0000  3.5412E-45
 4693.0000  3.5712E-45
 4694.0000  3.5657E-45
 4695.0000  3.5595E-45
 4696.0000  3.5843E-45
 4697.0000  3.6033E-45
 4698.0000  3.6008E-45
 4699.0000  3.6034E-45
 4700.0000  3.6020E-45
 4701.0000  3.5754E-45
 4702.0000  3.5821E-45
 4703.0000  3.6125E-45
 4704.0000  3.6212E-45
 4705.0000  3.6187E-45
 4706.0000  3.5899E-45
 4707.0000  3.6090E-45
 4708.0000  3.6185E-45
 4709.0000  3.6277E-45
 4710.0000  3.6313E-45
 4711.0000  3.6314E-45
 4712.0000  3.6093E-45
 4713.0000  3.5982E-45
 4714.0000  3.6002E-45
 4715.0000  3.6400E-45
 4716.0000  3.6543E-45
 4717.0000  3.6408E-45
 4718.0000  3.6290E-45
 4719.0000  3.6401E-45
 4720.0000  3.6379E-45
 4721.0000  3.6264E-45
 4722.0000  3.6277E-45
 4723.0000  3.6464E-45
 4724.0000  3.6386E-45
 4725.0000  3.6484E-45
 4726.0000  3.6408E-45
 4727.0000  3.6485E-45
 4728.0000  3.6528E-45
 4729.0000  3.6479E-45
 4730.0000  3.6311E-45
 4731.0000  3.6337E-45
 4732.0000  3.6363E-45
 4733.0000  3.6235E-45
 4734.0000  3.6231E-45
 4735.0000  3.6202E-45
 4736.0000  3.6252E-45
 4737.0000  3.6114E-45
 4738.0000  3.6209E-45
 4739.0000  3.6018E-45
 4740.0000  3.6035E-45
 4741.0000  3.5967E-45
 4742.0000  3.5999E-45
 4743.0000  3.5875E-45
 4744.0000  3.5782E-45
 4745.0000  3.5927E-45
 4746.0000  3.5770E-45
 4747.0000  3.5630E-45
 4748.0000  3.5680E-45
 4749.0000  3.5709E-45
 4750.0000  3.5420E-45
 4751.0000  3.5515E-45
 4752.0000  3.5354E-45
 4753.0000  3.5411E-45
 4754.0000  3.5647E-45
 4755.0000  3.5444E-45
 4756.0000  3.5564E-45
 4757.0000  3.5061E-45
 4758.0000  3.5018E-45
 4759.0000  3.4919E-45
 4760.0000  3.4758E-45
 4761.0000  3.5000E-45
 4762.0000  3.4793E-45
 4763.0000  3.5010E-45
 4764.0000  3.4615E-45
 4765.0000  3.4582E-45
 4766.0000  3.4362E-45
 4767.0000  3.4456E-45
 4768.0000  3.4342E-45
 4769.0000  3.4171E-45
 4770.0000  3.4180E-45
 4771.0000  3.3998E-45
 4772.0000  3.3983E-45
 4773.0000  3.3782E-45
 4774.0000  3.3716E-45
 4775.0000  3.3577E-45
 4776.0000  3.3659E-45
 4777.0000  3.3410E-45
 4778.0000  3.3446E-45
 4779.0000  3.3366E-45
 4780.0000  3.3279E-45
 4781.0000  3.3192E-45
 4782.0000  3.3005E-45
 4783.0000  3.2925E-45
 4784.0000  3.2756E-45
 4785.0000  3.2698E-45
 4786.0000  3.2544E-45
 4787.0000  3.2462E-45
 4788.0000  3.2340E-45
 4789.0000  3.2165E-45
 4790.0000  3.2173E-45
 4791.0000  3.1880E-45
 4792.0000  3.1839E-45
 4793.0000  3.1719E-45
 4794.0000  3.1804E-45
 4795.0000  3.1742E-45
 4796.0000  3.1605E-45
 4797.0000  3.1443E-45
 4798.0000  3.1175E-45
 4799.0000  3.1172E-45
 4800.0000  3.0962E-45
 4801.0000  3.1044E-45
 4802.0000  3.0741E-45
 4803.0000  3.0841E-45
 4804.0000  3.0689E-45
 4805.0000  3.0505E-45
 4806.0000  3.0317E-45
 4807.0000  3.0299E-45
 4808.0000  3.0330E-45
 4809.0000  3.0117E-45
 4810.0000  3.0197E-45
 4811.0000  2.9899E-45
 4812.0000  3.0004E-45
 4813.0000  2.9631E-45
 4814.0000  2.9577E-45
 4815.0000  2.9317E-45
 4816.0000  2.9504E-45
 4817.0000  2.9367E-45
 4818.0000  2.9153E-45
 4819.0000  2.9084E-45
 4820.0000  2.8915E-45
 4821.0000  2.8901E-45
 4822.0000  2.8596E-45
 4823.0000  2.8598E-45
 4824.0000  2.8364E-45
 4825.0000  2.8399E-45
 4826.0000  2.8281E-45
 4827.0000  2.8321E-45
 4828.0000  2.8213E-45
 4829.0000  2.8087E-45
 4830.0000  2.7908E-45
 4831.0000  2.7672E-45
 4832.0000  2.7685E-45
 4833.0000  2.7515E-45
 4834.0000  2.7410E-45
 4835.0000  2.7384E-45
 4836.0000  2.7407E-45
 4837.0000  2.7330E-45
 4838.0000  2.7153E-45
 4839.0000  2.7192E-45
 4840.0000  2.7076E-45
 4841.0000  2.6881E-45
 4842.0000  2.6797E-45
 4843.0000  2.6736E-45
 4844.0000  2.6687E-45
 4845.0000  2.6438E-45
 4846.0000  2.6451E-45
 4847.0000  2.6155E-45
 4848.0000  2.6266E-45
 4849.0000  2.6214E-45
 4850.0000  2.6157E-45
 4851.0000  2.5991E-45
 4852.0000  2.5766E-45
 4853.0000  2.5814E-45
 4854.0000  2.5689E-45
 4855.0000  2.5629E-45
 4856.0000  2.5411E-45
 4857.0000  2.5677E-45
 4858.0000  2.5256E-45
 4859.0000  2.5456E-45
 4860.0000  2.5101E-45
 4861.0000  2.5154E-45
 4862.0000  2.5082E-45
 4863.0000  2.4998E-45
 4864.0000  2.5001E-45
 4865.0000  2.4749E-45
 4866.0000  2.4692E-45
 4867.0000  2.4511E-45
 4868.0000  2.4659E-45
 4869.0000  2.4438E-45
 4870.0000  2.4645E-45
 4871.0000  2.4618E-45
 4872.0000  2.4412E-45
 4873.0000  2.4152E-45
 4874.0000  2.3906E-45
 4875.0000  2.3926E-45
 4876.0000  2.3844E-45
 4877.0000  2.3966E-45
 4878.0000  2.3704E-45
 4879.0000  2.3896E-45
 4880.0000  2.3718E-45
 4881.0000  2.3594E-45
 4882.0000  2.3631E-45
 4883.0000  2.3526E-45
 4884.0000  2.3448E-45
 4885.0000  2.3417E-45
 4886.0000  2.3296E-45
 4887.0000  2.3135E-45
 4888.0000  2.2954E-45
 4889.0000  2.3009E-45
 4890.0000  2.2916E-45
 4891.0000  2.2892E-45
 4892.0000  2.2627E-45
 4893.0000  2.2869E-45
 4894.0000  2.2571E-45
 4895.0000  2.2579E-45
 4896.0000  2.2499E-45
 4897.0000  2.2527E-45
 4898.0000  2.2467E-45
 4899.0000  2.2271E-45
 4900.0000  2.2419E-45
 4901.0000  2.2379E-45
 4902.0000  2.2247E-45
 4903.0000  2.2122E-45
 4904.0000  2.2137E-45
 4905.0000  2.1795E-45
 4906.0000  2.1989E-45
 4907.0000  2.1837E-45
 4908.0000  2.1557E-45
 4909.0000  2.1659E-45
 4910.0000  2.1649E-45
 4911.0000  2.1771E-45
 4912.0000  2.1419E-45
 4913.0000  2.1766E-45
 4914.0000  2.1368E-45
 4915.0000  2.1508E-45
 4916.0000  2.1456E-45
 4917.0000  2.1346E-45
 4918.0000  2.1003E-45
 4919.0000  2.1021E-45
 4920.0000  2.0871E-45
 4921.0000  2.0754E-45
 4922.0000  2.0953E-45
 4923.0000  2.0816E-45
 4924.0000  2.0667E-45
 4925.0000  2.0828E-45
 4926.0000  2.0833E-45
 4927.0000  2.0655E-45
 4928.0000  2.0552E-45
 4929.0000  2.0459E-45
 4930.0000  2.0370E-45
 4931.0000  2.0526E-45
 4932.0000  2.0449E-45
 4933.0000  2.0342E-45
 4934.0000  2.0106E-45
 4935.0000  2.0043E-45
 4936.0000  2.0164E-45
 4937.0000  2.0018E-45
 4938.0000  1.9983E-45
 4939.0000  1.9965E-45
 4940.0000  2.0157E-45
 4941.0000  2.0076E-45
 4942.0000  1.9899E-45
 4943.0000  1.9841E-45
 4944.0000  1.9654E-45
 4945.0000  1.9733E-45
 4946.0000  1.9607E-45
 4947.0000  1.9693E-45
 4948.0000  1.9280E-45
 4949.0000  1.9148E-45
 4950.0000  1.9013E-45
 4951.0000  1.9144E-45
 4952.0000  1.9025E-45
 4953.0000  1.9018E-45
 4954.0000  1.9129E-45
 4955.0000  1.9081E-45
 4956.0000  1.9253E-45
 4957.0000  1.8926E-45
 4958.0000  1.9058E-45
 4959.0000  1.8672E-45
 4960.0000  1.8805E-45
 4961.0000  1.8606E-45
 4962.0000  1.8754E-45
 4963.0000  1.8628E-45
 4964.0000  1.8564E-45
 4965.0000  1.8600E-45
 4966.0000  1.8114E-45
 4967.0000  1.8299E-45
 4968.0000  1.8307E-45
 4969.0000  1.8423E-45
 4970.0000  1.8010E-45
 4971.0000  1.8127E-45
 4972.0000  1.7907E-45
 4973.0000  1.7910E-45
 4974.0000  1.8041E-45
 4975.0000  1.8070E-45
 4976.0000  1.8025E-45
 4977.0000  1.7661E-45
 4978.0000  1.7684E-45
 4979.0000  1.7676E-45
 4980.0000  1.7765E-45
 4981.0000  1.7767E-45
 4982.0000  1.7615E-45
 4983.0000  1.7402E-45
 4984.0000  1.7124E-45
 4985.0000  1.7421E-45
 4986.0000  1.7340E-45
 4987.0000  1.7445E-45
 4988.0000  1.7376E-45
 4989.0000  1.7226E-45
 4990.0000  1.7288E-45
 4991.0000  1.6941E-45
 4992.0000  1.7085E-45
 4993.0000  1.6882E-45
 4994.0000  1.6913E-45
 4995.0000  1.6575E-45
 4996.0000  1.6757E-45
 4997.0000  1.6931E-45
 4998.0000  1.6856E-45
 4999.0000  1.6685E-45
 5000.0000  1.6476E-45
 5001.0000  1.6713E-45
 5002.0000  1.6523E-45
 5003.0000  1.6788E-45
 5004.0000  1.6485E-45
 5005.0000  1.6456E-45
 5006.0000  1.6064E-45
 5007.0000  1.6099E-45
 5008.0000  1.6400E-45
 5009.0000  1.6258E-45
 5010.0000  1.6361E-45
 5011.0000  1.6205E-45
 5012.0000  1.6261E-45
 5013.0000  1.5957E-45
 5014.0000  1.6142E-45
 5015.0000  1.6006E-45
 5016.0000  1.5973E-45
 5017.0000  1.5696E-45
 5018.0000  1.5757E-45
 5019.0000  1.5860E-45
 5020.0000  1.5707E-45
 5021.0000  1.5810E-45
 5022.0000  1.5494E-45
 5023.0000  1.5628E-45
 5024.0000  1.5408E-45
 5025.0000  1.5565E-45
 5026.0000  1.5429E-45
 5027.0000  1.5259E-45
 5028.0000  1.5205E-45
 5029.0000  1.5150E-45
 5030.0000  1.5234E-45
 5031.0000  1.5230E-45
 5032.0000  1.5161E-45
 5033.0000  1.5030E-45
 5034.0000  1.5146E-45
 5035.0000  1.4985E-45
 5036.0000  1.4933E-45
 5037.0000  1.5091E-45
 5038.0000  1.4850E-45
 5039.0000  1.5099E-45
 5040.0000  1.5197E-45
 5041.0000  1.5066E-45
 5042.0000  1.4985E-45
 5043.0000  1.4829E-45
 5044.0000  1.4877E-45
 5045.0000  1.4782E-45
 5046.0000  1.4896E-45
 5047.0000  1.4559E-45
 5048.0000  1.4772E-45
 5049.0000  1.4604E-45
 5050.0000  1.4728E-45
 5051.0000  1.4621E-45
 5052.0000  1.4565E-45
 5053.0000  1.4553E-45
 5054.0000  1.4166E-45
 5055.0000  1.4345E-45
 5056.0000  1.4434E-45
 5057.0000  1.4761E-45
 5058.0000  1.4273E-45
 5059.0000  1.4402E-45
 5060.0000  1.4293E-45
 5061.0000  1.4346E-45
 5062.0000  1.4336E-45
 5063.0000  1.4154E-45
 5064.0000  1.4090E-45
 5065.0000  1.4119E-45
 5066.0000  1.4279E-45
 5067.0000  1.3877E-45
 5068.0000  1.4199E-45
 5069.0000  1.3821E-45
 5070.0000  1.3879E-45
 5071.0000  1.3888E-45
 5072.0000  1.3910E-45
 5073.0000  1.4077E-45
 5074.0000  1.3944E-45
 5075.0000  1.3788E-45
 5076.0000  1.3623E-45
 5077.0000  1.3974E-45
 5078.0000  1.3773E-45
 5079.0000  1.3704E-45
 5080.0000  1.3407E-45
 5081.0000  1.3635E-45
 5082.0000  1.3776E-45
 5083.0000  1.3789E-45
 5084.0000  1.3617E-45
 5085.0000  1.3575E-45
 5086.0000  1.3565E-45
 5087.0000  1.3293E-45
 5088.0000  1.3455E-45
 5089.0000  1.3682E-45
 5090.0000  1.3437E-45
 5091.0000  1.3305E-45
 5092.0000  1.3490E-45
 5093.0000  1.3364E-45
 5094.0000  1.3062E-45
 5095.0000  1.3117E-45
 5096.0000  1.3496E-45
 5097.0000  1.3769E-45
 5098.0000  1.3568E-45
 5099.0000  1.3285E-45
 5100.0000  1.3160E-45
 5600.0000  1.7780E-46
 5601.0000  1.8180E-46
 5602.0000  1.7310E-46
 5603.0000  1.8230E-46
 5604.0000  1.6520E-46
 5605.0000  1.3450E-46
 5606.0000  1.4400E-46
 5607.0000  1.4710E-46
 5608.0000  1.1550E-46
 5609.0000  1.2750E-46
 5610.0000  1.6730E-46
 5611.0000  1.4810E-46
 5612.0000  1.6250E-46
 5613.0000  1.5350E-46
 5614.0000  1.3120E-46
 5615.0000  1.7250E-46
 5616.0000  1.9700E-46
 5617.0000  1.7410E-46
 5618.0000  1.3810E-46
 5619.0000  1.5240E-46
 5620.0000  1.0600E-46
 5621.0000  1.2860E-46
 5622.0000  1.3390E-46
 5623.0000  1.3760E-46
 5624.0000  1.3760E-46
 5625.0000  1.2330E-46
 5626.0000  1.2160E-46
 5627.0000  1.4760E-46
 5628.0000  1.2530E-46
 5629.0000  1.1820E-46
 5630.0000  1.3100E-46
 5631.0000  1.5030E-46
 5632.0000  1.4410E-46
 5633.0000  1.6550E-46
 5634.0000  1.3970E-46
 5635.0000  1.6490E-46
 5636.0000  1.2730E-46
 5637.0000  1.2500E-46
 5638.0000  1.5160E-46
 5639.0000  1.1000E-46
 5640.0000  1.3660E-46
 5641.0000  1.0340E-46
 5642.0000  1.4540E-46
 5643.0000  1.4910E-46
 5644.0000  1.6280E-46
 5645.0000  1.2570E-46
 5646.0000  1.2450E-46
 5647.0000  9.8300E-47
 5648.0000  1.1280E-46
 5649.0000  1.5070E-46
 5650.0000  9.6900E-47
 5651.0000  1.3060E-46
 5652.0000  1.2140E-46
 5653.0000  1.2070E-46
 5654.0000  7.5600E-47
 5655.0000  8.1500E-47
 5656.0000  1.0530E-46
 5657.0000  1.5300E-46
 5658.0000  1.3950E-46
 5659.0000  1.1420E-46
 5660.0000  1.3540E-46
 5661.0000  9.7500E-47
 5662.0000  1.5620E-46
 5663.0000  1.2010E-46
 5664.0000  1.4300E-46
 5665.0000  1.2180E-46
 5666.0000  8.7500E-47
 5667.0000  1.1050E-46
 5668.0000  1.2130E-46
 5669.0000  1.2570E-46
 5670.0000  1.1060E-46
 5671.0000  1.5080E-46
 5672.0000  8.1400E-47
 5673.0000  1.0160E-46
 5674.0000  1.0430E-46
 5675.0000  1.1650E-46
 5676.0000  1.3620E-46
 5677.0000  9.3200E-47
 5678.0000  1.4600E-46
 5679.0000  8.9900E-47
 5680.0000  9.6400E-47
 5681.0000  7.2500E-47
 5682.0000  1.2430E-46
 5683.0000  1.2360E-46
 5684.0000  1.0550E-46
 5685.0000  8.5800E-47
 5686.0000  1.4190E-46
 5687.0000  1.3040E-46
 5688.0000  8.5900E-47
 5689.0000  9.1100E-47
 5690.0000  9.9800E-47
 5691.0000  1.4810E-46
 5692.0000  9.6300E-47
 5693.0000  8.2100E-47
 5694.0000  5.0900E-47
 5695.0000  7.8700E-47
 5696.0000  8.9600E-47
 5697.0000  7.2700E-47
 5698.0000  1.0790E-46
 5699.0000  1.0670E-46
 5700.0000  1.1080E-46
 5701.0000  1.0740E-46
 5702.0000  1.1510E-46
 5703.0000  5.9200E-47
 5704.0000  6.6300E-47
 5705.0000  5.7800E-47
 5706.0000  8.5900E-47
 5707.0000  1.0520E-46
 5708.0000  8.1700E-47
 5709.0000  1.4750E-46
 5710.0000  1.0480E-46
 5711.0000  1.4130E-46
 5712.0000  1.1760E-46
 5713.0000  8.1900E-47
 5714.0000  6.8800E-47
 5715.0000  5.7700E-47
 5716.0000  8.0300E-47
 5717.0000  7.1700E-47
 5718.0000  1.0160E-46
 5719.0000  9.5200E-47
 5720.0000  1.1520E-46
 5721.0000  8.8700E-47
 5722.0000  7.6200E-47
 5723.0000  7.6000E-47
 5724.0000  8.6700E-47
 5725.0000  1.1410E-46
 5726.0000  7.7000E-47
 5727.0000  6.2400E-47
 5728.0000  9.4700E-47
 5729.0000  8.8600E-47
 5730.0000  1.0840E-46
 5731.0000  8.7100E-47
 5732.0000  8.1300E-47
 5733.0000  9.3800E-47
 5734.0000  1.0630E-46
 5735.0000  1.1110E-46
 5736.0000  1.2130E-46
 5737.0000  9.9400E-47
 5738.0000  8.9900E-47
 5739.0000  1.0330E-46
 5740.0000  6.7400E-47
 5741.0000  7.8800E-47
 5742.0000  5.9900E-47
 5743.0000  7.3800E-47
 5744.0000  5.3300E-47
 5745.0000  5.8400E-47
 5746.0000  1.4430E-46
 5747.0000  6.4500E-47
 5748.0000  5.5200E-47
 5749.0000  3.2200E-47
 5750.0000  1.1990E-46
 5751.0000  7.7800E-47
 5752.0000  6.8800E-47
 5753.0000  2.1200E-47
 5754.0000  1.4400E-47
 5755.0000  7.6200E-47
 5756.0000  2.9500E-47
 5757.0000  2.9900E-47
 5758.0000  4.2700E-47
 5759.0000  7.0900E-47
 5760.0000  4.5400E-47
 5761.0000  5.0100E-47
 5762.0000  2.1300E-47
 5763.0000  2.7000E-47
 5764.0000  1.3800E-47
 5765.0000  1.8600E-47
 5766.0000  9.3900E-47
 5767.0000  6.3500E-47
 5768.0000  1.3080E-46
 5769.0000  7.2600E-47
 5770.0000  1.0950E-46
 5771.0000  1.0870E-46
 5772.0000  9.4300E-47
 5773.0000  9.7300E-47
 5774.0000  1.3080E-46
 5775.0000  1.2580E-46
 5776.0000  9.9300E-47
 5777.0000  1.3520E-46
 5778.0000  4.4500E-47
 5779.0000  6.7000E-47
 5780.0000  4.1600E-47
 5781.0000  5.7100E-47
 5782.0000  4.3800E-47
 5783.0000  5.1600E-47
 5784.0000  8.2900E-47
 5785.0000  7.8700E-47
 5786.0000  1.2340E-46
 5787.0000  5.0900E-47
 5788.0000  8.0700E-47
 5789.0000  4.5500E-47
 5790.0000  6.3400E-47
 5791.0000  6.6100E-47
 5792.0000  4.0300E-47
 5793.0000  3.8600E-47
 5794.0000  2.9600E-47
 5795.0000  6.8500E-47
 5796.0000  6.0100E-47
 5797.0000  6.4700E-47
 5798.0000  1.2700E-47
 5799.0000  8.0900E-47
 5800.0000  4.4500E-47
 5801.0000  2.0600E-47
 5802.0000  9.7700E-47
 5803.0000  2.5900E-47
 5804.0000  3.5600E-47
 5805.0000  1.8700E-47
 5806.0000  3.4600E-47
 5807.0000  3.8800E-47
 5808.0000  8.4400E-47
 5809.0000  8.1700E-47
 5810.0000  7.2000E-47
 5811.0000  9.6600E-47
 5812.0000  8.7900E-47
 5813.0000  6.0800E-47
 5814.0000  1.0200E-47
 5815.0000  2.4500E-47
 5816.0000  6.3500E-47
 5817.0000  6.0500E-47
 5818.0000  7.8300E-47
 5819.0000  5.2900E-47
 5820.0000  6.3400E-47
 5821.0000  6.9100E-47
 5822.0000  5.8700E-47
 5823.0000  2.4300E-47
 5824.0000  6.3500E-47
 5825.0000  9.2000E-47
 5826.0000  6.7700E-47
 5827.0000  1.9200E-47
 5828.0000  4.4100E-47
 5829.0000  4.9600E-47
 5830.0000  1.2200E-47
 5831.0000  1.8600E-47
 5832.0000  4.8400E-47
 5833.0000  2.1100E-47
 5834.0000  0.0000E+00
 5835.0000  3.2900E-47
 5836.0000  3.2800E-47
 5837.0000  1.2000E-48
 5838.0000  5.1100E-47
 5839.0000  4.9700E-47
 5840.0000  6.5800E-47
 5841.0000  1.5400E-47
 5842.0000  2.7200E-47
 5843.0000  7.3400E-47
 5844.0000  8.3200E-47
 5845.0000  5.4600E-47
 5846.0000  3.3900E-47
 5847.0000  4.1200E-47
 5848.0000  1.0300E-47
 5849.0000  2.2800E-47
 5850.0000  3.8700E-47
 5851.0000  1.5300E-47
 5852.0000  1.2300E-47
 5853.0000  8.0000E-49
 5854.0000  3.8400E-47
 5855.0000  8.5200E-47
 5856.0000  7.6600E-47
 5857.0000  0.0000E+00
 5858.0000  3.0000E-47
 5859.0000  4.4100E-47
 5860.0000  0.0000E+00
 5861.0000  2.8300E-47
 5862.0000  3.3100E-47
 5863.0000  3.6100E-47
 5864.0000  8.0000E-48
 5865.0000  3.9300E-47
 5866.0000  1.6900E-47
 5867.0000  6.1400E-47
 5868.0000  1.0700E-47
 5869.0000  6.0600E-47
 5870.0000  7.4800E-47
 5871.0000  3.7000E-47
 5872.0000  3.3100E-47
 5873.0000  2.4300E-47
 5874.0000  6.6500E-47
 5875.0000  1.1600E-47
 5876.0000  4.2500E-47
 5877.0000  7.7400E-47
 5878.0000  5.0000E-47
 5879.0000  5.4300E-47
 5880.0000  1.3000E-47
 5881.0000  5.2300E-47
 5882.0000  2.5900E-47
 5883.0000  9.4600E-47
 5884.0000  6.4800E-47
 5885.0000  7.1900E-47
 5886.0000  1.1400E-47
 5887.0000  2.8800E-47
 5888.0000  2.0200E-47
 5889.0000  2.2200E-47
 5890.0000  2.3500E-47
 5891.0000  1.5800E-47
 5892.0000  5.9900E-47
 5893.0000  2.6700E-47
 5894.0000  0.0000E+00
 5895.0000  0.0000E+00
 5896.0000  6.2600E-47
 5897.0000  3.0500E-47
 5898.0000  1.8600E-47
 5899.0000  5.8300E-47
 5900.0000  2.8200E-47
 5901.0000  5.4300E-47
 5902.0000  6.1300E-47
 5903.0000  6.7800E-47
 5904.0000  3.3700E-47
 5905.0000  8.7300E-47
 5906.0000  3.2000E-47
 5907.0000  8.8000E-48
 5908.0000  6.8900E-47
 5909.0000  6.1800E-47
 5910.0000  5.1400E-47
 5911.0000  2.4300E-47
 5912.0000  2.9700E-47
 5913.0000  3.4100E-47
 5914.0000  5.8100E-47
 5915.0000  8.5500E-47
 5916.0000  4.7000E-47
 5917.0000  4.7600E-47
 5918.0000  4.3700E-47
 5919.0000  2.1600E-47
 5920.0000  0.0000E+00
 5921.0000  5.0600E-47
 5922.0000  2.6000E-48
 5923.0000  0.0000E+00
 5924.0000  6.3000E-48
 5925.0000  1.7000E-47
 5926.0000  0.0000E+00
 5927.0000  0.0000E+00
 5928.0000  2.6900E-47
 5929.0000  0.0000E+00
 5930.0000  4.1500E-47
 5931.0000  7.2800E-47
 5932.0000  1.0770E-46
 5933.0000  4.0200E-47
 5934.0000  0.0000E+00
 5935.0000  3.1700E-47
 5936.0000  0.0000E+00
 5937.0000  0.0000E+00
 5938.0000  6.6400E-47
 5939.0000  8.5300E-47
 5940.0000  2.8600E-47
 5941.0000  0.0000E+00
 5942.0000  0.0000E+00
 5943.0000  2.7100E-47
 5944.0000  4.5400E-47
 5945.0000  1.8200E-47
 5946.0000  4.2300E-47
 5947.0000  4.1000E-47
 5948.0000  2.1200E-47
 5949.0000  1.9000E-48
 5950.0000  3.4100E-47
 5951.0000  2.1800E-47
 5952.0000  2.8700E-47
 5953.0000  0.0000E+00
 5954.0000  3.3000E-47
 5955.0000  4.6100E-47
 5956.0000  3.6200E-47
 5957.0000  2.8700E-47
 5958.0000  5.1700E-47
 5959.0000  4.9900E-47
 5960.0000  0.0000E+00
 5961.0000  4.0100E-47
 5962.0000  2.3300E-47
 5963.0000  2.0000E-49
 5964.0000  4.4500E-47
 5965.0000  1.9400E-47
 5966.0000  2.4200E-47
 5967.0000  5.7500E-47
 5968.0000  4.6700E-47
 5969.0000  1.3000E-47
 5970.0000  5.6000E-47
 5971.0000  1.0680E-46
 5972.0000  2.3800E-47
 5973.0000  2.3400E-47
 5974.0000  2.1500E-47
 5975.0000  0.0000E+00
 5976.0000  1.5600E-47
 5977.0000  4.7200E-47
 5978.0000  3.7800E-47
 5979.0000  5.4400E-47
 5980.0000  0.0000E+00
 5981.0000  1.5900E-47
 5982.0000  0.0000E+00
 5983.0000  0.0000E+00
 5984.0000  2.5900E-47
 5985.0000  5.8000E-48
 5986.0000  6.8000E-48
 5987.0000  4.8600E-47
 5988.0000  7.5000E-48
 5989.0000  5.0400E-47
 5990.0000  4.8400E-47
 5991.0000  0.0000E+00
 5992.0000  0.0000E+00
 5993.0000  8.0000E-48
 5994.0000  4.7400E-47
 5995.0000  4.9300E-47
 5996.0000  7.2800E-47
 5997.0000  3.3300E-47
 5998.0000  3.3800E-47
 5999.0000  1.4000E-47
 6000.0000  3.0500E-47
               H2-H2      2500      6000   1703    501 6.331E-45 1.000                            44
 2500.0000  3.2000E-47
 2501.0000  3.1000E-47
 2502.0000  3.0000E-47
 2503.0000  3.0000E-47
 2504.0000  3.0000E-47
 2505.0000  3.0000E-47
 2506.0000  2.9000E-47
 2507.0000  3.0000E-47
 2508.0000  3.0000E-47
 2509.0000  3.0000E-47
 2510.0000  3.0000E-47
 2511.0000  2.9000E-47
 2512.0000  3.1000E-47
 2513.0000  3.0000E-47
 2514.0000  2.9000E-47
 2515.0000  2.9000E-47
 2516.0000  3.0000E-47
 2517.0000  3.0000E-47
 2518.0000  2.9000E-47
 2519.0000  2.8000E-47
 2520.0000  2.6000E-47
 2521.0000  2.4000E-47
 2522.0000  2.5000E-47
 2523.0000  2.5000E-47
 2524.0000  2.3000E-47
 2525.0000  2.3000E-47
 2526.0000  2.2000E-47
 2527.0000  2.2000E-47
 2528.0000  2.1000E-47
 2529.0000  2.1000E-47
 2530.0000  2.1000E-47
 2531.0000  2.0000E-47
 2532.0000  2.1000E-47
 2533.0000  2.2000E-47
 2534.0000  2.0000E-47
 2535.0000  2.1000E-47
 2536.0000  2.1000E-47
 2537.0000  2.1000E-47
 2538.0000  2.1000E-47
 2539.0000  2.0000E-47
 2540.0000  2.0000E-47
 2541.0000  2.0000E-47
 2542.0000  1.9000E-47
 2543.0000  2.0000E-47
 2544.0000  2.1000E-47
 2545.0000  2.0000E-47
 2546.0000  1.9000E-47
 2547.0000  1.8000E-47
 2548.0000  1.7000E-47
 2549.0000  1.6000E-47
 2550.0000  1.4000E-47
 2551.0000  1.4000E-47
 2552.0000  1.5000E-47
 2553.0000  1.4000E-47
 2554.0000  1.3000E-47
 2555.0000  1.2000E-47
 2556.0000  1.1000E-47
 2557.0000  1.2000E-47
 2558.0000  1.3000E-47
 2559.0000  1.2000E-47
 2560.0000  1.2000E-47
 2561.0000  1.2000E-47
 2562.0000  1.3000E-47
 2563.0000  1.5000E-47
 2564.0000  1.4000E-47
 2565.0000  1.4000E-47
 2566.0000  1.2000E-47
 2567.0000  1.3000E-47
 2568.0000  1.3000E-47
 2569.0000  1.4000E-47
 2570.0000  1.4000E-47
 2571.0000  1.4000E-47
 2572.0000  1.4000E-47
 2573.0000  1.2000E-47
 2574.0000  1.2000E-47
 2575.0000  1.0000E-47
 2576.0000  1.0000E-47
 2577.0000  1.0000E-47
 2578.0000  9.0000E-48
 2579.0000  8.0000E-48
 2580.0000  8.0000E-48
 2581.0000  7.0000E-48
 2582.0000  6.0000E-48
 2583.0000  6.0000E-48
 2584.0000  7.0000E-48
 2585.0000  7.0000E-48
 2586.0000  6.0000E-48
 2587.0000  5.0000E-48
 2588.0000  5.0000E-48
 2589.0000  6.0000E-48
 2590.0000  8.0000E-48
 2591.0000  8.0000E-48
 2592.0000  7.0000E-48
 2593.0000  8.0000E-48
 2594.0000  7.0000E-48
 2595.0000  9.0000E-48
 2596.0000  9.0000E-48
 2597.0000  1.0000E-47
 2598.0000  1.1000E-47
 2599.0000  1.0000E-47
 2600.0000  8.0000E-48
 2601.0000  8.0000E-48
 2602.0000  7.0000E-48
 2603.0000  7.0000E-48
 2604.0000  6.0000E-48
 2605.0000  4.0000E-48
 2606.0000  4.0000E-48
 2607.0000  5.0000E-48
 2608.0000  4.0000E-48
 2609.0000  3.0000E-48
 2610.0000  3.0000E-48
 2611.0000  3.0000E-48
 2612.0000  3.0000E-48
 2613.0000  1.0000E-48
 2614.0000  1.0000E-48
 2615.0000  1.0000E-48
 2616.0000  1.0000E-48
 2617.0000  1.0000E-48
 2618.0000  1.0000E-48
 2619.0000  1.0000E-48
 2620.0000  2.0000E-48
 2621.0000  2.0000E-48
 2622.0000  2.0000E-48
 2623.0000  3.0000E-48
 2624.0000  4.0000E-48
 2625.0000  6.0000E-48
 2626.0000  8.0000E-48
 2627.0000  5.0000E-48
 2628.0000  2.0000E-48
 2629.0000  2.0000E-48
 2630.0000  3.0000E-48
 2631.0000  1.0000E-48
 2632.0000  0.0000E+00
 2633.0000  2.0000E-48
 2634.0000  1.0000E-48
 2635.0000  0.0000E+00
 2636.0000  0.0000E+00
 2637.0000  0.0000E+00
 2638.0000  0.0000E+00
 2639.0000  0.0000E+00
 2640.0000  0.0000E+00
 2641.0000  0.0000E+00
 2642.0000  0.0000E+00
 2643.0000  0.0000E+00
 2644.0000  0.0000E+00
 2645.0000  0.0000E+00
 2646.0000  0.0000E+00
 2647.0000  0.0000E+00
 2648.0000  0.0000E+00
 2649.0000  0.0000E+00
 2650.0000  0.0000E+00
 2651.0000  1.0000E-48
 2652.0000  5.0000E-48
 2653.0000  0.0000E+00
 2654.0000  0.0000E+00
 2655.0000  0.0000E+00
 2656.0000  0.0000E+00
 2657.0000  0.0000E+00
 2658.0000  0.0000E+00
 2659.0000  0.0000E+00
 2660.0000  0.0000E+00
 2661.0000  0.0000E+00
 2662.0000  0.0000E+00
 2663.0000  0.0000E+00
 2664.0000  0.0000E+00
 2665.0000  0.0000E+00
 2666.0000  0.0000E+00
 2667.0000  0.0000E+00
 2668.0000  0.0000E+00
 2669.0000  0.0000E+00
 2670.0000  0.0000E+00
 2671.0000  0.0000E+00
 2672.0000  0.0000E+00
 2673.0000  0.0000E+00
 2674.0000  0.0000E+00
 2675.0000  0.0000E+00
 2676.0000  0.0000E+00
 2677.0000  6.0000E-48
 2678.0000  1.0000E-47
 2679.0000  0.0000E+00
 2680.0000  0.0000E+00
 2681.0000  0.0000E+00
 2682.0000  0.0000E+00
 2683.0000  0.0000E+00
 2684.0000  0.0000E+00
 2685.0000  0.0000E+00
 2686.0000  0.0000E+00
 2687.0000  0.0000E+00
 2688.0000  0.0000E+00
 2689.0000  0.0000E+00
 2690.0000  0.0000E+00
 2691.0000  0.0000E+00
 2692.0000  0.0000E+00
 2693.0000  0.0000E+00
 2694.0000  0.0000E+00
 2695.0000  0.0000E+00
 2696.0000  0.0000E+00
 2697.0000  0.0000E+00
 2698.0000  0.0000E+00
 2699.0000  0.0000E+00
 2700.0000  0.0000E+00
 2701.0000  3.0000E-48
 2702.0000  7.0000E-48
 2703.0000  1.8000E-47
 2704.0000  4.0000E-48
 2705.0000  0.0000E+00
 2706.0000  0.0000E+00
 2707.0000  0.0000E+00
 2708.0000  0.0000E+00
 2709.0000  0.0000E+00
 2710.0000  0.0000E+00
 2711.0000  0.0000E+00
 2712.0000  0.0000E+00
 2713.0000  0.0000E+00
 2714.0000  0.0000E+00
 2715.0000  0.0000E+00
 2716.0000  0.0000E+00
 2717.0000  0.0000E+00
 2718.0000  0.0000E+00
 2719.0000  0.0000E+00
 2720.0000  0.0000E+00
 2721.0000  0.0000E+00
 2722.0000  0.0000E+00
 2723.0000  0.0000E+00
 2724.0000  0.0000E+00
 2725.0000  0.0000E+00
 2726.0000  8.0000E-48
 2727.0000  1.8000E-47
 2728.0000  2.8000E-47
 2729.0000  4.0000E-48
 2730.0000  0.0000E+00
 2731.0000  0.0000E+00
 2732.0000  0.0000E+00
 2733.0000  0.0000E+00
 2734.0000  0.0000E+00
 2735.0000  0.0000E+00
 2736.0000  0.0000E+00
 2737.0000  0.0000E+00
 2738.0000  0.0000E+00
 2739.0000  0.0000E+00
 2740.0000  0.0000E+00
 2741.0000  0.0000E+00
 2742.0000  0.0000E+00
 2743.0000  0.0000E+00
 2744.0000  0.0000E+00
 2745.0000  0.0000E+00
 2746.0000  0.0000E+00
 2747.0000  0.0000E+00
 2748.0000  0.0000E+00
 2749.0000  0.0000E+00
 2750.0000  8.0000E-48
 2751.0000  1.5000E-47
 2752.0000  3.3000E-47
 2753.0000  1.0000E-47
 2754.0000  0.0000E+00
 2755.0000  0.0000E+00
 2756.0000  0.0000E+00
 2757.0000  0.0000E+00
 2758.0000  0.0000E+00
 2759.0000  0.0000E+00
 2760.0000  0.0000E+00
 2761.0000  0.0000E+00
 2762.0000  0.0000E+00
 2763.0000  0.0000E+00
 2764.0000  0.0000E+00
 2765.0000  0.0000E+00
 2766.0000  0.0000E+00
 2767.0000  0.0000E+00
 2768.0000  0.0000E+00
 2769.0000  0.0000E+00
 2770.0000  0.0000E+00
 2771.0000  0.0000E+00
 2772.0000  0.0000E+00
 2773.0000  7.0000E-48
 2774.0000  1.7000E-47
 2775.0000  3.0000E-47
 2776.0000  4.1000E-47
 2777.0000  1.1000E-47
 2778.0000  0.0000E+00
 2779.0000  0.0000E+00
 2780.0000  0.0000E+00
 2781.0000  0.0000E+00
 2782.0000  0.0000E+00
 2783.0000  0.0000E+00
 2784.0000  0.0000E+00
 2785.0000  0.0000E+00
 2786.0000  0.0000E+00
 2787.0000  0.0000E+00
 2788.0000  1.0000E-48
 2789.0000  1.0000E-48
 2790.0000  1.0000E-48
 2791.0000  0.0000E+00
 2792.0000  1.0000E-48
 2793.0000  2.0000E-48
 2794.0000  3.0000E-48
 2795.0000  6.0000E-48
 2796.0000  1.0000E-47
 2797.0000  2.1000E-47
 2798.0000  3.5000E-47
 2799.0000  5.4000E-47
 2800.0000  2.8000E-47
 4000.0000  3.6497E-45
 4001.0000  3.7286E-45
 4002.0000  4.0500E-45
 4003.0000  4.6210E-45
 4004.0000  4.4030E-45
 4005.0000  4.0220E-45
 4006.0000  3.8500E-45
 4007.0000  3.7232E-45
 4008.0000  3.6987E-45
 4009.0000  3.6608E-45
 4010.0000  3.7656E-45
 4011.0000  3.7492E-45
 4012.0000  3.7377E-45
 4013.0000  3.8190E-45
 4014.0000  4.1750E-45
 4015.0000  4.3850E-45
 4016.0000  4.5610E-45
 4017.0000  4.7300E-45
 4018.0000  4.3020E-45
 4019.0000  3.9830E-45
 4020.0000  3.8800E-45
 4021.0000  3.8580E-45
 4022.0000  3.8310E-45
 4023.0000  3.8290E-45
 4024.0000  3.8800E-45
 4025.0000  3.8660E-45
 4026.0000  3.9110E-45
 4027.0000  4.0450E-45
 4028.0000  4.1290E-45
 4029.0000  4.1180E-45
 4030.0000  4.0450E-45
 4031.0000  3.9890E-45
 4032.0000  4.0030E-45
 4033.0000  4.1110E-45
 4034.0000  4.2770E-45
 4035.0000  4.3120E-45
 4036.0000  4.2200E-45
 4037.0000  4.1700E-45
 4038.0000  4.1700E-45
 4039.0000  4.2670E-45
 4040.0000  4.3410E-45
 4041.0000  4.3130E-45
 4042.0000  4.2950E-45
 4043.0000  4.3560E-45
 4044.0000  4.4020E-45
 4045.0000  4.3330E-45
 4046.0000  4.3520E-45
 4047.0000  4.3120E-45
 4048.0000  4.3030E-45
 4049.0000  4.2990E-45
 4050.0000  4.3600E-45
 4051.0000  4.4210E-45
 4052.0000  4.4150E-45
 4053.0000  4.4040E-45
 4054.0000  4.4050E-45
 4055.0000  4.4190E-45
 4056.0000  4.4130E-45
 4057.0000  4.4280E-45
 4058.0000  4.4670E-45
 4059.0000  4.5320E-45
 4060.0000  4.5690E-45
 4061.0000  4.5750E-45
 4062.0000  4.6280E-45
 4063.0000  4.6390E-45
 4064.0000  4.6110E-45
 4065.0000  4.6110E-45
 4066.0000  4.6200E-45
 4067.0000  4.6240E-45
 4068.0000  4.6440E-45
 4069.0000  4.6770E-45
 4070.0000  4.7070E-45
 4071.0000  4.7250E-45
 4072.0000  4.7520E-45
 4073.0000  4.7750E-45
 4074.0000  4.8050E-45
 4075.0000  4.9530E-45
 4076.0000  4.9780E-45
 4077.0000  4.9560E-45
 4078.0000  5.0100E-45
 4079.0000  5.0980E-45
 4080.0000  5.1050E-45
 4081.0000  5.0410E-45
 4082.0000  5.0050E-45
 4083.0000  5.0140E-45
 4084.0000  5.0310E-45
 4085.0000  5.0540E-45
 4086.0000  5.0900E-45
 4087.0000  5.1850E-45
 4088.0000  5.2320E-45
 4089.0000  5.2240E-45
 4090.0000  5.1770E-45
 4091.0000  5.1660E-45
 4092.0000  5.1720E-45
 4093.0000  5.1890E-45
 4094.0000  5.2080E-45
 4095.0000  5.2310E-45
 4096.0000  5.2510E-45
 4097.0000  5.2610E-45
 4098.0000  5.2820E-45
 4099.0000  5.2950E-45
 4100.0000  5.3120E-45
 4101.0000  5.3350E-45
 4102.0000  5.3400E-45
 4103.0000  5.3820E-45
 4104.0000  5.4970E-45
 4105.0000  5.5690E-45
 4106.0000  5.5930E-45
 4107.0000  5.5860E-45
 4108.0000  5.5520E-45
 4109.0000  5.5830E-45
 4110.0000  5.6440E-45
 4111.0000  5.5850E-45
 4112.0000  5.5670E-45
 4113.0000  5.5760E-45
 4114.0000  5.5880E-45
 4115.0000  5.5980E-45
 4116.0000  5.6240E-45
 4117.0000  5.6450E-45
 4118.0000  5.6580E-45
 4119.0000  5.6780E-45
 4120.0000  5.6910E-45
 4121.0000  5.7170E-45
 4122.0000  5.7400E-45
 4123.0000  5.7400E-45
 4124.0000  5.7230E-45
 4125.0000  5.5750E-45
 4126.0000  5.3290E-45
 4127.0000  5.5520E-45
 4128.0000  5.7480E-45
 4129.0000  5.8050E-45
 4130.0000  5.8310E-45
 4131.0000  5.8710E-45
 4132.0000  5.9330E-45
 4133.0000  6.0260E-45
 4134.0000  6.0550E-45
 4135.0000  6.0260E-45
 4136.0000  5.9870E-45
 4137.0000  5.9820E-45
 4138.0000  6.0150E-45
 4139.0000  6.0390E-45
 4140.0000  6.0400E-45
 4141.0000  6.0320E-45
 4142.0000  6.0570E-45
 4143.0000  5.9250E-45
 4144.0000  5.7940E-45
 4145.0000  5.9620E-45
 4146.0000  6.0480E-45
 4147.0000  6.0730E-45
 4148.0000  6.0780E-45
 4149.0000  6.0900E-45
 4150.0000  6.1010E-45
 4151.0000  6.1050E-45
 4152.0000  6.1180E-45
 4153.0000  6.1230E-45
 4154.0000  5.9520E-45
 4155.0000  5.3030E-45
 4156.0000  5.3920E-45
 4157.0000  5.9310E-45
 4158.0000  6.1000E-45
 4159.0000  6.1860E-45
 4160.0000  6.1610E-45
 4161.0000  6.0480E-45
 4162.0000  6.0730E-45
 4163.0000  6.1550E-45
 4164.0000  6.1840E-45
 4165.0000  6.1970E-45
 4166.0000  6.1970E-45
 4167.0000  6.2020E-45
 4168.0000  6.2060E-45
 4169.0000  6.2190E-45
 4170.0000  6.2330E-45
 4171.0000  6.2470E-45
 4172.0000  6.2550E-45
 4173.0000  6.2840E-45
 4174.0000  6.3190E-45
 4175.0000  6.2710E-45
 4176.0000  6.2660E-45
 4177.0000  6.2660E-45
 4178.0000  6.2650E-45
 4179.0000  6.2610E-45
 4180.0000  6.2800E-45
 4181.0000  6.3250E-45
 4182.0000  6.3250E-45
 4183.0000  6.2920E-45
 4184.0000  6.2720E-45
 4185.0000  6.2740E-45
 4186.0000  6.2940E-45
 4187.0000  6.3170E-45
 4188.0000  6.3210E-45
 4189.0000  6.2980E-45
 4190.0000  6.2960E-45
 4191.0000  6.2990E-45
 4192.0000  6.2900E-45
 4193.0000  6.2950E-45
 4194.0000  6.3290E-45
 4195.0000  6.3310E-45
 4196.0000  6.3090E-45
 4197.0000  6.3010E-45
 4198.0000  6.2830E-45
 4199.0000  6.2880E-45
 4200.0000  6.3000E-45
 4201.0000  6.2960E-45
 4202.0000  6.2790E-45
 4203.0000  6.3080E-45
 4204.0000  6.2990E-45
 4205.0000  6.2850E-45
 4206.0000  6.2730E-45
 4207.0000  6.2720E-45
 4208.0000  6.2580E-45
 4209.0000  6.2420E-45
 4210.0000  6.2340E-45
 4211.0000  6.2230E-45
 4212.0000  6.2140E-45
 4213.0000  6.2140E-45
 4214.0000  6.2170E-45
 4215.0000  6.2280E-45
 4216.0000  6.2320E-45
 4217.0000  6.2400E-45
 4218.0000  6.2370E-45
 4219.0000  6.2100E-45
 4220.0000  6.2040E-45
 4221.0000  6.2030E-45
 4222.0000  6.1850E-45
 4223.0000  6.1750E-45
 4224.0000  6.1870E-45
 4225.0000  6.1650E-45
 4226.0000  6.1440E-45
 4227.0000  6.1400E-45
 4228.0000  6.1310E-45
 4229.0000  6.1430E-45
 4230.0000  6.1430E-45
 4231.0000  6.1410E-45
 4232.0000  6.1120E-45
 4233.0000  6.1020E-45
 4234.0000  6.0920E-45
 4235.0000  6.0850E-45
 4236.0000  6.0810E-45
 4237.0000  6.0740E-45
 4238.0000  6.0670E-45
 4239.0000  6.0680E-45
 4240.0000  6.0850E-45
 4241.0000  6.0610E-45
 4242.0000  6.0570E-45
 4243.0000  6.0570E-45
 4244.0000  6.0360E-45
 4245.0000  6.0160E-45
 4246.0000  6.0050E-45
 4247.0000  5.9950E-45
 4248.0000  5.9960E-45
 4249.0000  5.9930E-45
 4250.0000  5.9980E-45
 4251.0000  6.0070E-45
 4252.0000  6.0140E-45
 4253.0000  5.9870E-45
 4254.0000  5.9570E-45
 4255.0000  5.9440E-45
 4256.0000  5.9410E-45
 4257.0000  5.9170E-45
 4258.0000  5.8950E-45
 4259.0000  5.8810E-45
 4260.0000  5.8850E-45
 4261.0000  5.8870E-45
 4262.0000  5.8810E-45
 4263.0000  5.8730E-45
 4264.0000  5.8680E-45
 4265.0000  5.8610E-45
 4266.0000  5.8410E-45
 4267.0000  5.8190E-45
 4268.0000  5.8230E-45
 4269.0000  5.8190E-45
 4270.0000  5.8080E-45
 4271.0000  5.7960E-45
 4272.0000  5.7790E-45
 4273.0000  5.7780E-45
 4274.0000  5.7700E-45
 4275.0000  5.7520E-45
 4276.0000  5.7360E-45
 4277.0000  5.7240E-45
 4278.0000  5.7160E-45
 4279.0000  5.7100E-45
 4280.0000  5.7010E-45
 4281.0000  5.6840E-45
 4282.0000  5.6800E-45
 4283.0000  5.6640E-45
 4284.0000  5.6540E-45
 4285.0000  5.6410E-45
 4286.0000  5.6250E-45
 4287.0000  5.6190E-45
 4288.0000  5.6210E-45
 4289.0000  5.6140E-45
 4290.0000  5.6020E-45
 4291.0000  5.5810E-45
 4292.0000  5.5690E-45
 4293.0000  5.5630E-45
 4294.0000  5.5600E-45
 4295.0000  5.5590E-45
 4296.0000  5.5320E-45
 4297.0000  5.5200E-45
 4298.0000  5.5070E-45
 4299.0000  5.4950E-45
 4300.0000  5.4930E-45
 4301.0000  5.4810E-45
 4302.0000  5.4850E-45
 4303.0000  5.4770E-45
 4304.0000  5.4630E-45
 4305.0000  5.4580E-45
 4306.0000  5.4450E-45
 4307.0000  5.4380E-45
 4308.0000  5.4150E-45
 4309.0000  5.3940E-45
 4310.0000  5.3960E-45
 4311.0000  5.3880E-45
 4312.0000  5.3770E-45
 4313.0000  5.3610E-45
 4314.0000  5.3500E-45
 4315.0000  5.3400E-45
 4316.0000  5.3410E-45
 4317.0000  5.3330E-45
 4318.0000  5.3070E-45
 4319.0000  5.2830E-45
 4320.0000  5.2860E-45
 4321.0000  5.2760E-45
 4322.0000  5.2590E-45
 4323.0000  5.2510E-45
 4324.0000  5.2490E-45
 4325.0000  5.2400E-45
 4326.0000  5.2300E-45
 4327.0000  5.2210E-45
 4328.0000  5.2130E-45
 4329.0000  5.2080E-45
 4330.0000  5.1890E-45
 4331.0000  5.1810E-45
 4332.0000  5.1610E-45
 4333.0000  5.1470E-45
 4334.0000  5.1400E-45
 4335.0000  5.1330E-45
 4336.0000  5.1270E-45
 4337.0000  5.1180E-45
 4338.0000  5.1020E-45
 4339.0000  5.0940E-45
 4340.0000  5.0780E-45
 4341.0000  5.0720E-45
 4342.0000  5.0700E-45
 4343.0000  5.0510E-45
 4344.0000  5.0510E-45
 4345.0000  5.0390E-45
 4346.0000  5.0270E-45
 4347.0000  5.0110E-45
 4348.0000  5.0030E-45
 4349.0000  5.0030E-45
 4350.0000  4.9930E-45
 4351.0000  4.9830E-45
 4352.0000  4.9640E-45
 4353.0000  4.9610E-45
 4354.0000  4.9580E-45
 4355.0000  4.9470E-45
 4356.0000  4.9220E-45
 4357.0000  4.9080E-45
 4358.0000  4.9030E-45
 4359.0000  4.8890E-45
 4360.0000  4.8840E-45
 4361.0000  4.8760E-45
 4362.0000  4.8670E-45
 4363.0000  4.8650E-45
 4364.0000  4.8620E-45
 4365.0000  4.8490E-45
 4366.0000  4.8370E-45
 4367.0000  4.8390E-45
 4368.0000  4.8220E-45
 4369.0000  4.8020E-45
 4370.0000  4.7840E-45
 4371.0000  4.7810E-45
 4372.0000  4.7770E-45
 4373.0000  4.7540E-45
 4374.0000  4.7400E-45
 4375.0000  4.7350E-45
 4376.0000  4.7320E-45
 4377.0000  4.7340E-45
 4378.0000  4.7240E-45
 4379.0000  4.7120E-45
 4380.0000  4.6960E-45
 4381.0000  4.6920E-45
 4382.0000  4.6850E-45
 4383.0000  4.6790E-45
 4384.0000  4.6710E-45
 4385.0000  4.6660E-45
 4386.0000  4.6630E-45
 4387.0000  4.6450E-45
 4388.0000  4.6490E-45
 4389.0000  4.6280E-45
 4390.0000  4.6170E-45
 4391.0000  4.6230E-45
 4392.0000  4.6080E-45
 4393.0000  4.5970E-45
 4394.0000  4.5880E-45
 4395.0000  4.5700E-45
 4396.0000  4.5530E-45
 4397.0000  4.5450E-45
 4398.0000  4.5510E-45
 4399.0000  4.5420E-45
 4400.0000  4.5370E-45
 4401.0000  4.5320E-45
 4402.0000  4.5220E-45
 4403.0000  4.5030E-45
 4404.0000  4.5050E-45
 4405.0000  4.4900E-45
 4406.0000  4.4810E-45
 4407.0000  4.4890E-45
 4408.0000  4.4790E-45
 4409.0000  4.4640E-45
 4410.0000  4.4470E-45
 4411.0000  4.4430E-45
 4412.0000  4.4500E-45
 4413.0000  4.4400E-45
 4414.0000  4.4330E-45
 4415.0000  4.4350E-45
 4416.0000  4.4160E-45
 4417.0000  4.4120E-45
 4418.0000  4.3850E-45
 4419.0000  4.3870E-45
 4420.0000  4.3820E-45
 4421.0000  4.3720E-45
 4422.0000  4.3770E-45
 4423.0000  4.3800E-45
 4424.0000  4.3650E-45
 4425.0000  4.3590E-45
 4426.0000  4.3530E-45
 4427.0000  4.3330E-45
 4428.0000  4.3350E-45
 4429.0000  4.3240E-45
 4430.0000  4.3170E-45
 4431.0000  4.3020E-45
 4432.0000  4.2960E-45
 4433.0000  4.2850E-45
 4434.0000  4.2830E-45
 4435.0000  4.2760E-45
 4436.0000  4.2700E-45
 4437.0000  4.2730E-45
 4438.0000  4.2660E-45
 4439.0000  4.2630E-45
 4440.0000  4.2650E-45
 4441.0000  4.2570E-45
 4442.0000  4.2410E-45
 4443.0000  4.2370E-45
 4444.0000  4.2310E-45
 4445.0000  4.2180E-45
 4446.0000  4.2170E-45
 4447.0000  4.2180E-45
 4448.0000  4.2030E-45
 4449.0000  4.1970E-45
 4450.0000  4.1990E-45
 4451.0000  4.1830E-45
 4452.0000  4.1730E-45
 4453.0000  4.1750E-45
 4454.0000  4.1590E-45
 4455.0000  4.1480E-45
 4456.0000  4.1530E-45
 4457.0000  4.1530E-45
 4458.0000  4.1370E-45
 4459.0000  4.1400E-45
 4460.0000  4.1390E-45
 4461.0000  4.1330E-45
 4462.0000  4.1270E-45
 4463.0000  4.1160E-45
 4464.0000  4.1260E-45
 4465.0000  4.1260E-45
 4466.0000  4.0980E-45
 4467.0000  4.0900E-45
 4468.0000  4.0810E-45
 4469.0000  4.0700E-45
 4470.0000  4.0670E-45
 4471.0000  4.0690E-45
 4472.0000  4.0790E-45
 4473.0000  4.0660E-45
 4474.0000  4.0470E-45
 4475.0000  4.0380E-45
 4476.0000  4.0370E-45
 4477.0000  4.0400E-45
 4478.0000  4.0250E-45
 4479.0000  4.0150E-45
 4480.0000  4.0300E-45
 4481.0000  4.0160E-45
 4482.0000  3.9950E-45
 4483.0000  3.9990E-45
 4484.0000  4.0020E-45
 4485.0000  4.0110E-45
 4486.0000  4.0070E-45
 4487.0000  3.9960E-45
 4488.0000  3.9930E-45
 4489.0000  3.9770E-45
 4490.0000  3.9730E-45
 4491.0000  3.9680E-45
 4492.0000  3.9650E-45
 4493.0000  3.9690E-45
 4494.0000  3.9620E-45
 4495.0000  3.9430E-45
 4496.0000  3.9480E-45
 4497.0000  3.9460E-45
 4498.0000  3.9280E-45
 4499.0000  3.9030E-45
 4500.0000  3.9170E-45
 4501.0000  3.9200E-45
 4502.0000  3.9150E-45
 4503.0000  3.9060E-45
 4504.0000  3.9010E-45
 4505.0000  3.9020E-45
 4506.0000  3.8950E-45
 4507.0000  3.8860E-45
 4508.0000  3.8940E-45
 4509.0000  3.8930E-45
 4510.0000  3.8860E-45
 4511.0000  3.8700E-45
 4512.0000  3.8600E-45
 4513.0000  3.8500E-45
 4514.0000  3.8500E-45
 4515.0000  3.8370E-45
 4516.0000  3.8370E-45
 4517.0000  3.8340E-45
 4518.0000  3.8350E-45
 4519.0000  3.8310E-45
 4520.0000  3.8180E-45
 4521.0000  3.8090E-45
 4522.0000  3.8200E-45
 4523.0000  3.8010E-45
 4524.0000  3.7970E-45
 4525.0000  3.7890E-45
 4526.0000  3.7840E-45
 4527.0000  3.7830E-45
 4528.0000  3.7910E-45
 4529.0000  3.7790E-45
 4530.0000  3.7740E-45
 4531.0000  3.7680E-45
 4532.0000  3.7610E-45
 4533.0000  3.7620E-45
 4534.0000  3.7430E-45
 4535.0000  3.7590E-45
 4536.0000  3.7580E-45
 4537.0000  3.7530E-45
 4538.0000  3.7410E-45
 4539.0000  3.7380E-45
 4540.0000  3.7350E-45
 4541.0000  3.7290E-45
 4542.0000  3.7100E-45
 4543.0000  3.7150E-45
 4544.0000  3.7260E-45
 4545.0000  3.7110E-45
 4546.0000  3.7100E-45
 4547.0000  3.7080E-45
 4548.0000  3.7070E-45
 4549.0000  3.6940E-45
 4550.0000  3.7010E-45
 4551.0000  3.7040E-45
 4552.0000  3.6850E-45
 4553.0000  3.6820E-45
 4554.0000  3.6790E-45
 4555.0000  3.6580E-45
 4556.0000  3.6620E-45
 4557.0000  3.6760E-45
 4558.0000  3.6590E-45
 4559.0000  3.6430E-45
 4560.0000  3.6350E-45
 4561.0000  3.6310E-45
 4562.0000  3.6470E-45
 4563.0000  3.6460E-45
 4564.0000  3.6390E-45
 4565.0000  3.6320E-45
 4566.0000  3.6250E-45
 4567.0000  3.6390E-45
 4568.0000  3.6300E-45
 4569.0000  3.6300E-45
 4570.0000  3.6250E-45
 4571.0000  3.6190E-45
 4572.0000  3.6260E-45
 4573.0000  3.6180E-45
 4574.0000  3.6080E-45
 4575.0000  3.6120E-45
 4576.0000  3.6200E-45
 4577.0000  3.5910E-45
 4578.0000  3.5890E-45
 4579.0000  3.5900E-45
 4580.0000  3.5940E-45
 4581.0000  3.5770E-45
 4582.0000  3.5830E-45
 4583.0000  3.5870E-45
 4584.0000  3.5800E-45
 4585.0000  3.5800E-45
 4586.0000  3.5720E-45
 4587.0000  3.5710E-45
 4588.0000  3.5720E-45
 4589.0000  3.5690E-45
 4590.0000  3.5650E-45
 4591.0000  3.5620E-45
 4592.0000  3.5660E-45
 4593.0000  3.5510E-45
 4594.0000  3.5450E-45
 4595.0000  3.5490E-45
 4596.0000  3.5580E-45
 4597.0000  3.5650E-45
 4598.0000  3.5480E-45
 4599.0000  3.5510E-45
 4600.0000  3.5510E-45
 4601.0000  3.5640E-45
 4602.0000  3.5460E-45
 4603.0000  3.5350E-45
 4604.0000  3.5360E-45
 4605.0000  3.5440E-45
 4606.0000  3.5400E-45
 4607.0000  3.5540E-45
 4608.0000  3.5430E-45
 4609.0000  3.5500E-45
 4610.0000  3.5610E-45
 4611.0000  3.5230E-45
 4612.0000  3.5160E-45
 4613.0000  3.5350E-45
 4614.0000  3.5500E-45
 4615.0000  3.5430E-45
 4616.0000  3.5530E-45
 4617.0000  3.5440E-45
 4618.0000  3.5520E-45
 4619.0000  3.5410E-45
 4620.0000  3.5340E-45
 4621.0000  3.5260E-45
 4622.0000  3.5470E-45
 4623.0000  3.5510E-45
 4624.0000  3.5360E-45
 4625.0000  3.5460E-45
 4626.0000  3.5690E-45
 4627.0000  3.5810E-45
 4628.0000  3.5570E-45
 4629.0000  3.5600E-45
 4630.0000  3.5740E-45
 4631.0000  3.5790E-45
 4632.0000  3.5800E-45
 4633.0000  3.5590E-45
 4634.0000  3.5630E-45
 4635.0000  3.5880E-45
 4636.0000  3.5730E-45
 4637.0000  3.5670E-45
 4638.0000  3.6020E-45
 4639.0000  3.5950E-45
 4640.0000  3.5680E-45
 4641.0000  3.5770E-45
 4642.0000  3.6150E-45
 4643.0000  3.6070E-45
 4644.0000  3.5910E-45
 4645.0000  3.6110E-45
 4646.0000  3.6410E-45
 4647.0000  3.6280E-45
 4648.0000  3.6040E-45
 4649.0000  3.6240E-45
 4650.0000  3.6480E-45
 4651.0000  3.6250E-45
 4652.0000  3.6220E-45
 4653.0000  3.6380E-45
 4654.0000  3.6560E-45
 4655.0000  3.6290E-45
 4656.0000  3.6390E-45
 4657.0000  3.6780E-45
 4658.0000  3.6700E-45
 4659.0000  3.6420E-45
 4660.0000  3.6380E-45
 4661.0000  3.6710E-45
 4662.0000  3.6570E-45
 4663.0000  3.6470E-45
 4664.0000  3.6920E-45
 4665.0000  3.7000E-45
 4666.0000  3.6680E-45
 4667.0000  3.6770E-45
 4668.0000  3.7180E-45
 4669.0000  3.7040E-45
 4670.0000  3.6820E-45
 4671.0000  3.6930E-45
 4672.0000  3.7240E-45
 4673.0000  3.6920E-45
 4674.0000  3.6860E-45
 4675.0000  3.7280E-45
 4676.0000  3.7340E-45
 4677.0000  3.7000E-45
 4678.0000  3.7270E-45
 4679.0000  3.7410E-45
 4680.0000  3.7150E-45
 4681.0000  3.7340E-45
 4682.0000  3.7610E-45
 4683.0000  3.7450E-45
 4684.0000  3.7310E-45
 4685.0000  3.7720E-45
 4686.0000  3.7670E-45
 4687.0000  3.7450E-45
 4688.0000  3.7730E-45
 4689.0000  3.7710E-45
 4690.0000  3.7640E-45
 4691.0000  3.7540E-45
 4692.0000  3.7710E-45
 4693.0000  3.7570E-45
 4694.0000  3.7470E-45
 4695.0000  3.7650E-45
 4696.0000  3.7440E-45
 4697.0000  3.7490E-45
 4698.0000  3.7350E-45
 4699.0000  3.7680E-45
 4700.0000  3.7720E-45
 4701.0000  3.7540E-45
 4702.0000  3.7710E-45
 4703.0000  3.7810E-45
 4704.0000  3.7550E-45
 4705.0000  3.7690E-45
 4706.0000  3.7960E-45
 4707.0000  3.7760E-45
 4708.0000  3.7640E-45
 4709.0000  3.7990E-45
 4710.0000  3.7930E-45
 4711.0000  3.7860E-45
 4712.0000  3.7680E-45
 4713.0000  3.7530E-45
 4714.0000  3.7400E-45
 4715.0000  3.7830E-45
 4716.0000  3.7640E-45
 4717.0000  3.7830E-45
 4718.0000  3.7880E-45
 4719.0000  3.7740E-45
 4720.0000  3.7950E-45
 4721.0000  3.7810E-45
 4722.0000  3.7810E-45
 4723.0000  3.7980E-45
 4724.0000  3.7770E-45
 4725.0000  3.7700E-45
 4726.0000  3.7820E-45
 4727.0000  3.7590E-45
 4728.0000  3.7960E-45
 4729.0000  3.7840E-45
 4730.0000  3.7760E-45
 4731.0000  3.7600E-45
 4732.0000  3.7260E-45
 4733.0000  3.7520E-45
 4734.0000  3.7370E-45
 4735.0000  3.7360E-45
 4736.0000  3.7440E-45
 4737.0000  3.7190E-45
 4738.0000  3.7620E-45
 4739.0000  3.7330E-45
 4740.0000  3.7190E-45
 4741.0000  3.7230E-45
 4742.0000  3.7050E-45
 4743.0000  3.7140E-45
 4744.0000  3.6730E-45
 4745.0000  3.6940E-45
 4746.0000  3.6770E-45
 4747.0000  3.6440E-45
 4748.0000  3.6510E-45
 4749.0000  3.6740E-45
 4750.0000  3.6570E-45
 4751.0000  3.6270E-45
 4752.0000  3.6380E-45
 4753.0000  3.6280E-45
 4754.0000  3.6350E-45
 4755.0000  3.6210E-45
 4756.0000  3.6160E-45
 4757.0000  3.5830E-45
 4758.0000  3.5980E-45
 4759.0000  3.5830E-45
 4760.0000  3.5790E-45
 4761.0000  3.5700E-45
 4762.0000  3.5650E-45
 4763.0000  3.5770E-45
 4764.0000  3.5620E-45
 4765.0000  3.5730E-45
 4766.0000  3.5590E-45
 4767.0000  3.5530E-45
 4768.0000  3.5650E-45
 4769.0000  3.5450E-45
 4770.0000  3.5360E-45
 4771.0000  3.5250E-45
 4772.0000  3.5340E-45
 4773.0000  3.5360E-45
 4774.0000  3.5300E-45
 4775.0000  3.5200E-45
 4776.0000  3.5100E-45
 4777.0000  3.5290E-45
 4778.0000  3.5040E-45
 4779.0000  3.4990E-45
 4780.0000  3.5140E-45
 4781.0000  3.4900E-45
 4782.0000  3.4720E-45
 4783.0000  3.4670E-45
 4784.0000  3.4690E-45
 4785.0000  3.4550E-45
 4786.0000  3.4390E-45
 4787.0000  3.4260E-45
 4788.0000  3.4350E-45
 4789.0000  3.4370E-45
 4790.0000  3.4170E-45
 4791.0000  3.4080E-45
 4792.0000  3.4010E-45
 4793.0000  3.3820E-45
 4794.0000  3.3810E-45
 4795.0000  3.3650E-45
 4796.0000  3.3610E-45
 4797.0000  3.3730E-45
 4798.0000  3.3630E-45
 4799.0000  3.3500E-45
 4800.0000  3.3210E-45
 4801.0000  3.3180E-45
 4802.0000  3.3130E-45
 4803.0000  3.2990E-45
 4804.0000  3.2890E-45
 4805.0000  3.2750E-45
 4806.0000  3.2750E-45
 4807.0000  3.2740E-45
 4808.0000  3.2690E-45
 4809.0000  3.2460E-45
 4810.0000  3.2640E-45
 4811.0000  3.2470E-45
 4812.0000  3.2310E-45
 4813.0000  3.2160E-45
 4814.0000  3.2290E-45
 4815.0000  3.2020E-45
 4816.0000  3.1830E-45
 4817.0000  3.1760E-45
 4818.0000  3.1620E-45
 4819.0000  3.1540E-45
 4820.0000  3.1610E-45
 4821.0000  3.1610E-45
 4822.0000  3.1500E-45
 4823.0000  3.1300E-45
 4824.0000  3.1380E-45
 4825.0000  3.1120E-45
 4826.0000  3.0990E-45
 4827.0000  3.1060E-45
 4828.0000  3.1030E-45
 4829.0000  3.0870E-45
 4830.0000  3.0690E-45
 4831.0000  3.0850E-45
 4832.0000  3.0700E-45
 4833.0000  3.0680E-45
 4834.0000  3.0610E-45
 4835.0000  3.0460E-45
 4836.0000  3.0270E-45
 4837.0000  3.0200E-45
 4838.0000  3.0120E-45
 4839.0000  3.0040E-45
 4840.0000  2.9950E-45
 4841.0000  2.9830E-45
 4842.0000  2.9800E-45
 4843.0000  2.9650E-45
 4844.0000  2.9490E-45
 4845.0000  2.9470E-45
 4846.0000  2.9450E-45
 4847.0000  2.9400E-45
 4848.0000  2.9130E-45
 4849.0000  2.9240E-45
 4850.0000  2.9260E-45
 4851.0000  2.9230E-45
 4852.0000  2.8930E-45
 4853.0000  2.8930E-45
 4854.0000  2.8980E-45
 4855.0000  2.8770E-45
 4856.0000  2.8680E-45
 4857.0000  2.8780E-45
 4858.0000  2.8700E-45
 4859.0000  2.8420E-45
 4860.0000  2.8350E-45
 4861.0000  2.8390E-45
 4862.0000  2.8350E-45
 4863.0000  2.8120E-45
 4864.0000  2.7880E-45
 4865.0000  2.8040E-45
 4866.0000  2.8080E-45
 4867.0000  2.7810E-45
 4868.0000  2.7700E-45
 4869.0000  2.7730E-45
 4870.0000  2.7690E-45
 4871.0000  2.7730E-45
 4872.0000  2.7570E-45
 4873.0000  2.7440E-45
 4874.0000  2.7350E-45
 4875.0000  2.7430E-45
 4876.0000  2.7430E-45
 4877.0000  2.7480E-45
 4878.0000  2.7410E-45
 4879.0000  2.7260E-45
 4880.0000  2.6990E-45
 4881.0000  2.6900E-45
 4882.0000  2.6680E-45
 4883.0000  2.6620E-45
 4884.0000  2.6790E-45
 4885.0000  2.6660E-45
 4886.0000  2.6610E-45
 4887.0000  2.6640E-45
 4888.0000  2.6540E-45
 4889.0000  2.6410E-45
 4890.0000  2.6290E-45
 4891.0000  2.6350E-45
 4892.0000  2.6450E-45
 4893.0000  2.6340E-45
 4894.0000  2.6270E-45
 4895.0000  2.6050E-45
 4896.0000  2.6030E-45
 4897.0000  2.5880E-45
 4898.0000  2.6030E-45
 4899.0000  2.5880E-45
 4900.0000  2.5810E-45
 4901.0000  2.5770E-45
 4902.0000  2.5970E-45
 4903.0000  2.5880E-45
 4904.0000  2.5600E-45
 4905.0000  2.5500E-45
 4906.0000  2.5460E-45
 4907.0000  2.5590E-45
 4908.0000  2.5550E-45
 4909.0000  2.5410E-45
 4910.0000  2.5110E-45
 4911.0000  2.5180E-45
 4912.0000  2.5090E-45
 4913.0000  2.4950E-45
 4914.0000  2.4940E-45
 4915.0000  2.4920E-45
 4916.0000  2.4780E-45
 4917.0000  2.4830E-45
 4918.0000  2.4720E-45
 4919.0000  2.4760E-45
 4920.0000  2.4660E-45
 4921.0000  2.4500E-45
 4922.0000  2.4590E-45
 4923.0000  2.4670E-45
 4924.0000  2.4490E-45
 4925.0000  2.4460E-45
 4926.0000  2.4630E-45
 4927.0000  2.4280E-45
 4928.0000  2.4290E-45
 4929.0000  2.4140E-45
 4930.0000  2.4100E-45
 4931.0000  2.4190E-45
 4932.0000  2.4010E-45
 4933.0000  2.4000E-45
 4934.0000  2.4260E-45
 4935.0000  2.4050E-45
 4936.0000  2.4040E-45
 4937.0000  2.3880E-45
 4938.0000  2.3870E-45
 4939.0000  2.3730E-45
 4940.0000  2.3600E-45
 4941.0000  2.3550E-45
 4942.0000  2.3560E-45
 4943.0000  2.3690E-45
 4944.0000  2.3610E-45
 4945.0000  2.3480E-45
 4946.0000  2.3400E-45
 4947.0000  2.3400E-45
 4948.0000  2.3340E-45
 4949.0000  2.3480E-45
 4950.0000  2.3470E-45
 4951.0000  2.3540E-45
 4952.0000  2.3430E-45
 4953.0000  2.3190E-45
 4954.0000  2.3300E-45
 4955.0000  2.3460E-45
 4956.0000  2.3250E-45
 4957.0000  2.2950E-45
 4958.0000  2.3110E-45
 4959.0000  2.2830E-45
 4960.0000  2.2610E-45
 4961.0000  2.2410E-45
 4962.0000  2.2510E-45
 4963.0000  2.2790E-45
 4964.0000  2.2730E-45
 4965.0000  2.2500E-45
 4966.0000  2.2200E-45
 4967.0000  2.2240E-45
 4968.0000  2.2250E-45
 4969.0000  2.2080E-45
 4970.0000  2.2290E-45
 4971.0000  2.2340E-45
 4972.0000  2.2130E-45
 4973.0000  2.2030E-45
 4974.0000  2.1950E-45
 4975.0000  2.1670E-45
 4976.0000  2.1970E-45
 4977.0000  2.2040E-45
 4978.0000  2.1980E-45
 4979.0000  2.1830E-45
 4980.0000  2.1850E-45
 4981.0000  2.2140E-45
 4982.0000  2.1790E-45
 4983.0000  2.1570E-45
 4984.0000  2.1730E-45
 4985.0000  2.1970E-45
 4986.0000  2.1740E-45
 4987.0000  2.1640E-45
 4988.0000  2.1560E-45
 4989.0000  2.1700E-45
 4990.0000  2.1700E-45
 4991.0000  2.1720E-45
 4992.0000  2.1780E-45
 4993.0000  2.1480E-45
 4994.0000  2.1430E-45
 4995.0000  2.1360E-45
 4996.0000  2.1050E-45
 4997.0000  2.1100E-45
 4998.0000  2.1020E-45
 4999.0000  2.1010E-45
 5000.0000  2.0910E-45
 5600.0000  6.2500E-46
 5601.0000  5.2700E-46
 5602.0000  4.6600E-46
 5603.0000  4.8600E-46
 5604.0000  4.6000E-46
 5605.0000  4.5600E-46
 5606.0000  4.1000E-46
 5607.0000  3.9500E-46
 5608.0000  3.7400E-46
 5609.0000  3.5800E-46
 5610.0000  3.5000E-46
 5611.0000  3.6200E-46
 5612.0000  3.8100E-46
 5613.0000  4.4500E-46
 5614.0000  3.9500E-46
 5615.0000  3.3800E-46
 5616.0000  2.8700E-46
 5617.0000  2.4100E-46
 5618.0000  3.0800E-46
 5619.0000  3.6900E-46
 5620.0000  3.6700E-46
 5621.0000  3.3800E-46
 5622.0000  3.1000E-46
 5623.0000  3.2400E-46
 5624.0000  3.0600E-46
 5625.0000  3.2700E-46
 5626.0000  3.1800E-46
 5627.0000  3.7800E-46
 5628.0000  3.7900E-46
 5629.0000  3.6300E-46
 5630.0000  3.8900E-46
 5631.0000  4.2200E-46
 5632.0000  3.3900E-46
 5633.0000  3.4700E-46
 5634.0000  3.5000E-46
 5635.0000  3.0900E-46
 5636.0000  2.7800E-46
 5637.0000  2.7000E-46
 5638.0000  2.9600E-46
 5639.0000  3.0300E-46
 5640.0000  3.2100E-46
 5641.0000  2.9700E-46
 5642.0000  2.9700E-46
 5643.0000  2.5700E-46
 5644.0000  2.5900E-46
 5645.0000  2.6500E-46
 5646.0000  2.5900E-46
 5647.0000  2.5900E-46
 5648.0000  2.9200E-46
 5649.0000  2.6900E-46
 5650.0000  2.1800E-46
 5651.0000  2.3700E-46
 5652.0000  2.5900E-46
 5653.0000  2.5000E-46
 5654.0000  2.3400E-46
 5655.0000  2.6800E-46
 5656.0000  3.1900E-46
 5657.0000  2.6600E-46
 5658.0000  2.4300E-46
 5659.0000  2.7700E-46
 5660.0000  2.5800E-46
 5661.0000  1.7900E-46
 5662.0000  1.7600E-46
 5663.0000  2.4000E-46
 5664.0000  2.8400E-46
 5665.0000  2.8200E-46
 5666.0000  2.0700E-46
 5667.0000  1.6500E-46
 5668.0000  2.2300E-46
 5669.0000  2.4600E-46
 5670.0000  2.1300E-46
 5671.0000  1.9200E-46
 5672.0000  1.7200E-46
 5673.0000  1.5400E-46
 5674.0000  1.6800E-46
 5675.0000  2.5000E-46
 5676.0000  3.1300E-46
 5677.0000  2.6700E-46
 5678.0000  2.0400E-46
 5679.0000  2.0100E-46
 5680.0000  2.1500E-46
 5681.0000  1.8000E-46
 5682.0000  1.6600E-46
 5683.0000  2.2600E-46
 5684.0000  2.1300E-46
 5685.0000  2.3200E-46
 5686.0000  2.0300E-46
 5687.0000  2.3600E-46
 5688.0000  2.0500E-46
 5689.0000  1.6100E-46
 5690.0000  1.4100E-46
 5691.0000  1.7300E-46
 5692.0000  1.9200E-46
 5693.0000  2.3300E-46
 5694.0000  2.1500E-46
 5695.0000  1.7500E-46
 5696.0000  1.8500E-46
 5697.0000  2.0200E-46
 5698.0000  1.8900E-46
 5699.0000  1.6100E-46
 5700.0000  1.7300E-46
 5701.0000  2.2300E-46
 5702.0000  2.2300E-46
 5703.0000  2.3600E-46
 5704.0000  1.9800E-46
 5705.0000  1.8100E-46
 5706.0000  1.9100E-46
 5707.0000  1.8700E-46
 5708.0000  2.1400E-46
 5709.0000  2.1100E-46
 5710.0000  2.4800E-46
 5711.0000  1.5800E-46
 5712.0000  1.9600E-46
 5713.0000  2.0300E-46
 5714.0000  1.1600E-46
 5715.0000  7.8000E-47
 5716.0000  1.6700E-46
 5717.0000  2.0800E-46
 5718.0000  1.8800E-46
 5719.0000  1.7600E-46
 5720.0000  1.5500E-46
 5721.0000  1.6700E-46
 5722.0000  1.9100E-46
 5723.0000  1.8100E-46
 5724.0000  2.1500E-46
 5725.0000  2.4000E-46
 5726.0000  1.6000E-46
 5727.0000  1.6700E-46
 5728.0000  2.1900E-46
 5729.0000  2.1500E-46
 5730.0000  1.8700E-46
 5731.0000  1.2400E-46
 5732.0000  1.0100E-46
 5733.0000  1.3200E-46
 5734.0000  1.8400E-46
 5735.0000  1.8700E-46
 5736.0000  1.3100E-46
 5737.0000  1.6300E-46
 5738.0000  1.2600E-46
 5739.0000  1.9600E-46
 5740.0000  2.0600E-46
 5741.0000  1.3800E-46
 5742.0000  1.2400E-46
 5743.0000  1.1500E-46
 5744.0000  1.4900E-46
 5745.0000  1.8100E-46
 5746.0000  1.2000E-46
 5747.0000  1.0400E-46
 5748.0000  1.1700E-46
 5749.0000  1.7800E-46
 5750.0000  1.5000E-46
 5751.0000  2.1200E-46
 5752.0000  1.7800E-46
 5753.0000  1.6600E-46
 5754.0000  1.4600E-46
 5755.0000  1.7800E-46
 5756.0000  1.4000E-46
 5757.0000  1.5300E-46
 5758.0000  1.5400E-46
 5759.0000  1.3500E-46
 5760.0000  1.7100E-46
 5761.0000  1.3900E-46
 5762.0000  1.3000E-46
 5763.0000  1.8700E-46
 5764.0000  1.8200E-46
 5765.0000  1.3300E-46
 5766.0000  6.9000E-47
 5767.0000  1.1600E-46
 5768.0000  1.7500E-46
 5769.0000  1.5900E-46
 5770.0000  1.4100E-46
 5771.0000  1.8800E-46
 5772.0000  1.5900E-46
 5773.0000  1.5500E-46
 5774.0000  8.5000E-47
 5775.0000  1.1000E-46
 5776.0000  1.2500E-46
 5777.0000  1.6200E-46
 5778.0000  1.2100E-46
 5779.0000  1.3500E-46
 5780.0000  1.4500E-46
 5781.0000  1.0900E-46
 5782.0000  1.3100E-46
 5783.0000  1.5900E-46
 5784.0000  1.7000E-46
 5785.0000  1.0700E-46
 5786.0000  8.5000E-47
 5787.0000  7.7000E-47
 5788.0000  8.9000E-47
 5789.0000  1.0300E-46
 5790.0000  1.0700E-46
 5791.0000  9.9000E-47
 5792.0000  1.6800E-46
 5793.0000  1.0100E-46
 5794.0000  1.0200E-46
 5795.0000  8.9000E-47
 5796.0000  1.2200E-46
 5797.0000  2.0800E-46
 5798.0000  1.4800E-46
 5799.0000  1.0000E-46
 5800.0000  8.7000E-47
 5801.0000  9.4000E-47
 5802.0000  1.2100E-46
 5803.0000  1.8700E-46
 5804.0000  1.2900E-46
 5805.0000  9.0000E-47
 5806.0000  1.1100E-46
 5807.0000  1.3600E-46
 5808.0000  1.4000E-46
 5809.0000  1.5000E-46
 5810.0000  1.2200E-46
 5811.0000  1.6100E-46
 5812.0000  1.1700E-46
 5813.0000  9.6000E-47
 5814.0000  1.4200E-46
 5815.0000  1.4700E-46
 5816.0000  1.7000E-46
 5817.0000  1.3000E-46
 5818.0000  1.3400E-46
 5819.0000  1.4200E-46
 5820.0000  1.9000E-47
 5821.0000  4.2000E-47
 5822.0000  1.0000E-46
 5823.0000  1.4400E-46
 5824.0000  1.3000E-46
 5825.0000  7.4000E-47
 5826.0000  1.3900E-46
 5827.0000  1.8700E-46
 5828.0000  1.2200E-46
 5829.0000  9.9000E-47
 5830.0000  1.0300E-46
 5831.0000  9.5000E-47
 5832.0000  1.5200E-46
 5833.0000  1.4500E-46
 5834.0000  1.4300E-46
 5835.0000  1.4800E-46
 5836.0000  1.4300E-46
 5837.0000  1.4800E-46
 5838.0000  1.0600E-46
 5839.0000  5.9000E-47
 5840.0000  1.1300E-46
 5841.0000  1.2000E-46
 5842.0000  8.7000E-47
 5843.0000  7.1000E-47
 5844.0000  6.0000E-47
 5845.0000  8.4000E-47
 5846.0000  4.4000E-47
 5847.0000  0.0000E+00
 5848.0000  4.0000E-48
 5849.0000  4.3000E-47
 5850.0000  1.7000E-46
 5851.0000  1.5300E-46
 5852.0000  1.2300E-46
 5853.0000  1.2900E-46
 5854.0000  9.2000E-47
 5855.0000  1.3800E-46
 5856.0000  1.3200E-46
 5857.0000  1.4100E-46
 5858.0000  1.7400E-46
 5859.0000  1.3500E-46
 5860.0000  1.1800E-46
 5861.0000  9.1000E-47
 5862.0000  1.9000E-47
 5863.0000  8.2000E-47
 5864.0000  6.9000E-47
 5865.0000  4.8000E-47
 5866.0000  4.9000E-47
 5867.0000  9.3000E-47
 5868.0000  1.2400E-46
 5869.0000  1.1200E-46
 5870.0000  5.5000E-47
 5871.0000  0.0000E+00
 5872.0000  2.3000E-47
 5873.0000  1.3200E-46
 5874.0000  1.0800E-46
 5875.0000  5.1000E-47
 5876.0000  2.1000E-47
 5877.0000  5.5000E-47
 5878.0000  1.1100E-46
 5879.0000  9.2000E-47
 5880.0000  0.0000E+00
 5881.0000  1.2000E-47
 5882.0000  9.5000E-47
 5883.0000  4.5000E-47
 5884.0000  7.3000E-47
 5885.0000  1.0500E-46
 5886.0000  9.7000E-47
 5887.0000  3.3000E-47
 5888.0000  6.0000E-47
 5889.0000  3.3000E-47
 5890.0000  4.6000E-47
 5891.0000  5.7000E-47
 5892.0000  1.1000E-46
 5893.0000  8.3000E-47
 5894.0000  9.4000E-47
 5895.0000  9.2000E-47
 5896.0000  1.0200E-46
 5897.0000  1.1000E-46
 5898.0000  8.6000E-47
 5899.0000  7.4000E-47
 5900.0000  1.1200E-46
 5901.0000  5.8000E-47
 5902.0000  7.7000E-47
 5903.0000  1.8000E-47
 5904.0000  2.4000E-47
 5905.0000  7.3000E-47
 5906.0000  1.5000E-47
 5907.0000  4.1000E-47
 5908.0000  9.3000E-47
 5909.0000  3.5000E-47
 5910.0000  3.0000E-48
 5911.0000  7.0000E-47
 5912.0000  6.5000E-47
 5913.0000  1.5400E-46
 5914.0000  9.2000E-47
 5915.0000  9.0000E-47
 5916.0000  8.4000E-47
 5917.0000  0.0000E+00
 5918.0000  4.0000E-48
 5919.0000  5.6000E-47
 5920.0000  3.0000E-48
 5921.0000  1.9000E-47
 5922.0000  3.0000E-47
 5923.0000  1.0000E-47
 5924.0000  3.8000E-47
 5925.0000  4.2000E-47
 5926.0000  7.4000E-47
 5927.0000  4.6000E-47
 5928.0000  5.9000E-47
 5929.0000  3.3000E-47
 5930.0000  4.3000E-47
 5931.0000  1.0900E-46
 5932.0000  8.3000E-47
 5933.0000  0.0000E+00
 5934.0000  2.4000E-47
 5935.0000  8.3000E-47
 5936.0000  0.0000E+00
 5937.0000  0.0000E+00
 5938.0000  3.2000E-47
 5939.0000  3.1000E-47
 5940.0000  8.6000E-47
 5941.0000  3.8000E-47
 5942.0000  4.1000E-47
 5943.0000  0.0000E+00
 5944.0000  4.0000E-48
 5945.0000  5.5000E-47
 5946.0000  7.1000E-47
 5947.0000  3.9000E-47
 5948.0000  3.7000E-47
 5949.0000  0.0000E+00
 5950.0000  4.7000E-47
 5951.0000  5.8000E-47
 5952.0000  8.4000E-47
 5953.0000  7.7000E-47
 5954.0000  7.7000E-47
 5955.0000  1.7000E-47
 5956.0000  0.0000E+00
 5957.0000  0.0000E+00
 5958.0000  1.8000E-47
 5959.0000  8.0000E-48
 5960.0000  2.0000E-47
 5961.0000  0.0000E+00
 5962.0000  6.0000E-48
 5963.0000  1.1000E-46
 5964.0000  1.0700E-46
 5965.0000  5.6000E-47
 5966.0000  6.5000E-47
 5967.0000  4.9000E-47
 5968.0000  7.8000E-47
 5969.0000  4.2000E-47
 5970.0000  1.0500E-46
 5971.0000  5.8000E-47
 5972.0000  7.0000E-47
 5973.0000  0.0000E+00
 5974.0000  0.0000E+00
 5975.0000  3.7000E-47
 5976.0000  1.2800E-46
 5977.0000  6.7000E-47
 5978.0000  0.0000E+00
 5979.0000  5.0000E-48
 5980.0000  1.3700E-46
 5981.0000  4.7000E-47
 5982.0000  5.0000E-48
 5983.0000  4.5000E-47
 5984.0000  5.2000E-47
 5985.0000  9.6000E-47
 5986.0000  3.9000E-47
 5987.0000  0.0000E+00
 5988.0000  1.3000E-47
 5989.0000  0.0000E+00
 5990.0000  3.0000E-48
 5991.0000  4.9000E-47
 5992.0000  8.6000E-47
 5993.0000  3.0000E-48
 5994.0000  0.0000E+00
 5995.0000  8.0000E-48
 5996.0000  2.9000E-47
 5997.0000  1.5000E-47
 5998.0000  0.0000E+00
 5999.0000  0.0000E+00
 6000.0000  0.0000E+00
               H2-H2      7974    8649.9     28    293 9.230E-47    25                            45
 7974.0000  2.4201E-47
 7998.0000  3.0670E-47
 8025.3000  3.8372E-47
 8050.3000  4.5451E-47
 8074.2500  4.9828E-47
 8099.0500  5.0923E-47
 8123.2500  4.8263E-47
 8151.0000  4.5243E-47
 8175.5000  4.3262E-47
 8199.5000  4.3609E-47
 8226.0000  4.8485E-47
 8250.2000  5.4940E-47
 8276.1000  6.3986E-47
 8300.2000  7.0206E-47
 8324.9000  7.3544E-47
 8349.5000  7.2796E-47
 8377.0000  6.8931E-47
 8401.8000  6.5898E-47
 8424.7000  6.2060E-47
 8450.0000  5.7974E-47
 8474.7000  5.5203E-47
 8500.0000  5.4843E-47
 8525.5000  5.7932E-47
 8548.7000  6.4318E-47
 8576.2000  7.5553E-47
 8600.1500  8.5458E-47
 8626.0000  8.9821E-47
 8649.9000  9.2301E-47
