               H2-He      2400      6200   2103    121 3.046E-45 1.000                            44
 2400.0000  7.0000E-49
 2401.0000  6.0000E-49
 2402.0000  6.0000E-49
 2403.0000  7.0000E-49
 2404.0000  7.0000E-49
 2405.0000  8.0000E-49
 2406.0000  8.0000E-49
 2407.0000  7.0000E-49
 2408.0000  7.0000E-49
 2409.0000  7.0000E-49
 2410.0000  8.0000E-49
 2411.0000  7.0000E-49
 2412.0000  8.0000E-49
 2413.0000  8.0000E-49
 2414.0000  8.0000E-49
 2415.0000  8.0000E-49
 2416.0000  8.0000E-49
 2417.0000  8.0000E-49
 2418.0000  7.0000E-49
 2419.0000  9.0000E-49
 2420.0000  1.0000E-48
 2421.0000  9.0000E-49
 2422.0000  1.0000E-48
 2423.0000  1.0000E-48
 2424.0000  1.0000E-48
 2425.0000  1.0000E-48
 2426.0000  9.0000E-49
 2427.0000  9.0000E-49
 2428.0000  8.0000E-49
 2429.0000  9.0000E-49
 2430.0000  1.0000E-48
 2431.0000  8.0000E-49
 2432.0000  1.0000E-48
 2433.0000  9.0000E-49
 2434.0000  1.0000E-48
 2435.0000  1.2000E-48
 2436.0000  1.1000E-48
 2437.0000  9.0000E-49
 2438.0000  1.1000E-48
 2439.0000  1.2000E-48
 2440.0000  1.1000E-48
 2441.0000  1.0000E-48
 2442.0000  1.2000E-48
 2443.0000  1.1000E-48
 2444.0000  1.0000E-48
 2445.0000  1.0000E-48
 2446.0000  9.0000E-49
 2447.0000  1.0000E-48
 2448.0000  1.2000E-48
 2449.0000  1.3000E-48
 2450.0000  1.2000E-48
 2451.0000  1.3000E-48
 2452.0000  1.2000E-48
 2453.0000  1.0000E-48
 2454.0000  1.1000E-48
 2455.0000  1.3000E-48
 2456.0000  1.4000E-48
 2457.0000  1.4000E-48
 2458.0000  1.4000E-48
 2459.0000  1.4000E-48
 2460.0000  1.3000E-48
 2461.0000  1.4000E-48
 2462.0000  1.5000E-48
 2463.0000  1.5000E-48
 2464.0000  1.5000E-48
 2465.0000  1.4000E-48
 2466.0000  1.3000E-48
 2467.0000  1.4000E-48
 2468.0000  1.6000E-48
 2469.0000  1.4000E-48
 2470.0000  1.4000E-48
 2471.0000  1.5000E-48
 2472.0000  1.6000E-48
 2473.0000  1.6000E-48
 2474.0000  1.6000E-48
 2475.0000  1.6000E-48
 2476.0000  1.6000E-48
 2477.0000  1.7000E-48
 2478.0000  1.5000E-48
 2479.0000  1.5000E-48
 2480.0000  1.7000E-48
 2481.0000  1.7000E-48
 2482.0000  1.6000E-48
 2483.0000  1.6000E-48
 2484.0000  1.8000E-48
 2485.0000  1.9000E-48
 2486.0000  1.8000E-48
 2487.0000  1.7000E-48
 2488.0000  1.7000E-48
 2489.0000  1.6000E-48
 2490.0000  1.9000E-48
 2491.0000  2.1000E-48
 2492.0000  2.1000E-48
 2493.0000  2.2000E-48
 2494.0000  2.2000E-48
 2495.0000  1.9000E-48
 2496.0000  2.0000E-48
 2497.0000  2.1000E-48
 2498.0000  1.9000E-48
 2499.0000  2.1000E-48
 2500.0000  2.3000E-48
 2501.0000  2.2000E-48
 2502.0000  2.3000E-48
 2503.0000  2.2000E-48
 2504.0000  2.0000E-48
 2505.0000  2.1000E-48
 2506.0000  2.2000E-48
 2507.0000  2.3000E-48
 2508.0000  2.2000E-48
 2509.0000  2.1000E-48
 2510.0000  2.1000E-48
 2511.0000  2.1000E-48
 2512.0000  2.3000E-48
 2513.0000  2.3000E-48
 2514.0000  2.1000E-48
 2515.0000  2.2000E-48
 2516.0000  2.3000E-48
 2517.0000  2.2000E-48
 2518.0000  2.2000E-48
 2519.0000  2.4000E-48
 2520.0000  2.4000E-48
 2521.0000  2.4000E-48
 2522.0000  2.4000E-48
 2523.0000  2.3000E-48
 2524.0000  2.3000E-48
 2525.0000  2.2000E-48
 2526.0000  2.1000E-48
 2527.0000  2.1000E-48
 2528.0000  2.2000E-48
 2529.0000  2.3000E-48
 2530.0000  2.1000E-48
 2531.0000  2.1000E-48
 2532.0000  2.3000E-48
 2533.0000  2.0000E-48
 2534.0000  2.0000E-48
 2535.0000  2.0000E-48
 2536.0000  1.9000E-48
 2537.0000  1.7000E-48
 2538.0000  1.9000E-48
 2539.0000  1.9000E-48
 2540.0000  1.9000E-48
 2541.0000  2.0000E-48
 2542.0000  2.0000E-48
 2543.0000  2.1000E-48
 2544.0000  1.9000E-48
 2545.0000  2.0000E-48
 2546.0000  2.0000E-48
 2547.0000  1.9000E-48
 2548.0000  1.9000E-48
 2549.0000  1.8000E-48
 2550.0000  1.6000E-48
 2551.0000  1.7000E-48
 2552.0000  1.6000E-48
 2553.0000  1.6000E-48
 2554.0000  1.7000E-48
 2555.0000  1.9000E-48
 2556.0000  1.9000E-48
 2557.0000  1.8000E-48
 2558.0000  1.8000E-48
 2559.0000  1.6000E-48
 2560.0000  1.7000E-48
 2561.0000  1.6000E-48
 2562.0000  1.8000E-48
 2563.0000  1.9000E-48
 2564.0000  1.8000E-48
 2565.0000  1.7000E-48
 2566.0000  1.5000E-48
 2567.0000  1.7000E-48
 2568.0000  1.9000E-48
 2569.0000  1.7000E-48
 2570.0000  1.6000E-48
 2571.0000  1.8000E-48
 2572.0000  1.8000E-48
 2573.0000  1.7000E-48
 2574.0000  1.7000E-48
 2575.0000  1.7000E-48
 2576.0000  1.7000E-48
 2577.0000  1.8000E-48
 2578.0000  1.8000E-48
 2579.0000  1.8000E-48
 2580.0000  1.8000E-48
 2581.0000  1.9000E-48
 2582.0000  1.8000E-48
 2583.0000  1.9000E-48
 2584.0000  2.0000E-48
 2585.0000  2.0000E-48
 2586.0000  1.9000E-48
 2587.0000  1.9000E-48
 2588.0000  1.9000E-48
 2589.0000  1.9000E-48
 2590.0000  1.9000E-48
 2591.0000  1.9000E-48
 2592.0000  2.0000E-48
 2593.0000  2.1000E-48
 2594.0000  2.1000E-48
 2595.0000  2.1000E-48
 2596.0000  2.1000E-48
 2597.0000  2.1000E-48
 2598.0000  2.0000E-48
 2599.0000  2.1000E-48
 2600.0000  2.3000E-48
 2601.0000  2.2000E-48
 2602.0000  2.1000E-48
 2603.0000  2.3000E-48
 2604.0000  2.4000E-48
 2605.0000  2.1000E-48
 2606.0000  2.1000E-48
 2607.0000  2.1000E-48
 2608.0000  2.1000E-48
 2609.0000  2.3000E-48
 2610.0000  2.3000E-48
 2611.0000  2.3000E-48
 2612.0000  2.2000E-48
 2613.0000  2.4000E-48
 2614.0000  2.5000E-48
 2615.0000  2.4000E-48
 2616.0000  2.4000E-48
 2617.0000  2.2000E-48
 2618.0000  2.3000E-48
 2619.0000  2.6000E-48
 2620.0000  2.3000E-48
 2621.0000  2.3000E-48
 2622.0000  2.4000E-48
 2623.0000  2.4000E-48
 2624.0000  2.3000E-48
 2625.0000  2.4000E-48
 2626.0000  2.3000E-48
 2627.0000  2.3000E-48
 2628.0000  2.5000E-48
 2629.0000  2.5000E-48
 2630.0000  2.5000E-48
 2631.0000  2.6000E-48
 2632.0000  2.6000E-48
 2633.0000  2.4000E-48
 2634.0000  2.3000E-48
 2635.0000  2.4000E-48
 2636.0000  2.4000E-48
 2637.0000  2.4000E-48
 2638.0000  2.4000E-48
 2639.0000  2.5000E-48
 2640.0000  2.4000E-48
 2641.0000  2.6000E-48
 2642.0000  2.6000E-48
 2643.0000  2.4000E-48
 2644.0000  2.5000E-48
 2645.0000  2.4000E-48
 2646.0000  2.5000E-48
 2647.0000  2.5000E-48
 2648.0000  2.4000E-48
 2649.0000  2.4000E-48
 2650.0000  2.3000E-48
 2651.0000  2.4000E-48
 2652.0000  2.4000E-48
 2653.0000  2.4000E-48
 2654.0000  2.4000E-48
 2655.0000  2.3000E-48
 2656.0000  2.5000E-48
 2657.0000  2.5000E-48
 2658.0000  2.6000E-48
 2659.0000  2.6000E-48
 2660.0000  2.7000E-48
 2661.0000  2.6000E-48
 2662.0000  2.5000E-48
 2663.0000  2.5000E-48
 2664.0000  2.7000E-48
 2665.0000  2.6000E-48
 2666.0000  2.8000E-48
 2667.0000  2.8000E-48
 2668.0000  2.7000E-48
 2669.0000  2.7000E-48
 2670.0000  2.7000E-48
 2671.0000  2.6000E-48
 2672.0000  2.6000E-48
 2673.0000  2.7000E-48
 2674.0000  2.9000E-48
 2675.0000  2.8000E-48
 2676.0000  2.7000E-48
 2677.0000  2.7000E-48
 2678.0000  2.8000E-48
 2679.0000  2.8000E-48
 2680.0000  2.7000E-48
 2681.0000  2.6000E-48
 2682.0000  2.6000E-48
 2683.0000  2.8000E-48
 2684.0000  2.9000E-48
 2685.0000  2.7000E-48
 2686.0000  2.8000E-48
 2687.0000  2.8000E-48
 2688.0000  2.7000E-48
 2689.0000  2.6000E-48
 2690.0000  2.7000E-48
 2691.0000  2.7000E-48
 2692.0000  2.6000E-48
 2693.0000  2.6000E-48
 2694.0000  2.7000E-48
 2695.0000  2.5000E-48
 2696.0000  2.6000E-48
 2697.0000  2.7000E-48
 2698.0000  2.6000E-48
 2699.0000  2.6000E-48
 2700.0000  2.6000E-48
 2701.0000  2.5000E-48
 2702.0000  2.6000E-48
 2703.0000  2.5000E-48
 2704.0000  2.5000E-48
 2705.0000  2.6000E-48
 2706.0000  2.7000E-48
 2707.0000  2.5000E-48
 2708.0000  2.2000E-48
 2709.0000  2.3000E-48
 2710.0000  2.5000E-48
 2711.0000  2.3000E-48
 2712.0000  2.5000E-48
 2713.0000  2.6000E-48
 2714.0000  2.4000E-48
 2715.0000  2.4000E-48
 2716.0000  2.5000E-48
 2717.0000  2.7000E-48
 2718.0000  2.5000E-48
 2719.0000  2.5000E-48
 2720.0000  2.3000E-48
 2721.0000  2.2000E-48
 2722.0000  2.2000E-48
 2723.0000  2.2000E-48
 2724.0000  2.2000E-48
 2725.0000  2.4000E-48
 2726.0000  2.4000E-48
 2727.0000  2.5000E-48
 2728.0000  2.6000E-48
 2729.0000  2.5000E-48
 2730.0000  2.4000E-48
 2731.0000  2.3000E-48
 2732.0000  2.5000E-48
 2733.0000  2.3000E-48
 2734.0000  2.4000E-48
 2735.0000  2.7000E-48
 2736.0000  2.5000E-48
 2737.0000  2.5000E-48
 2738.0000  2.6000E-48
 2739.0000  2.4000E-48
 2740.0000  2.2000E-48
 2741.0000  2.5000E-48
 2742.0000  2.5000E-48
 2743.0000  2.6000E-48
 2744.0000  2.7000E-48
 2745.0000  2.6000E-48
 2746.0000  2.6000E-48
 2747.0000  2.5000E-48
 2748.0000  2.4000E-48
 2749.0000  2.4000E-48
 2750.0000  2.4000E-48
 2751.0000  2.4000E-48
 2752.0000  2.4000E-48
 2753.0000  2.2000E-48
 2754.0000  2.3000E-48
 2755.0000  2.5000E-48
 2756.0000  2.5000E-48
 2757.0000  2.6000E-48
 2758.0000  2.6000E-48
 2759.0000  2.7000E-48
 2760.0000  2.6000E-48
 2761.0000  2.6000E-48
 2762.0000  2.4000E-48
 2763.0000  2.2000E-48
 2764.0000  2.5000E-48
 2765.0000  2.6000E-48
 2766.0000  2.6000E-48
 2767.0000  2.8000E-48
 2768.0000  2.7000E-48
 2769.0000  2.6000E-48
 2770.0000  2.6000E-48
 2771.0000  2.8000E-48
 2772.0000  2.7000E-48
 2773.0000  2.7000E-48
 2774.0000  2.9000E-48
 2775.0000  2.8000E-48
 2776.0000  2.8000E-48
 2777.0000  2.9000E-48
 2778.0000  3.0000E-48
 2779.0000  3.0000E-48
 2780.0000  3.0000E-48
 2781.0000  3.2000E-48
 2782.0000  3.1000E-48
 2783.0000  3.0000E-48
 2784.0000  3.2000E-48
 2785.0000  3.0000E-48
 2786.0000  3.0000E-48
 2787.0000  3.2000E-48
 2788.0000  3.2000E-48
 2789.0000  3.0000E-48
 2790.0000  3.1000E-48
 2791.0000  3.0000E-48
 2792.0000  3.0000E-48
 2793.0000  3.2000E-48
 2794.0000  3.2000E-48
 2795.0000  2.9000E-48
 2796.0000  2.9000E-48
 2797.0000  3.0000E-48
 2798.0000  3.0000E-48
 2799.0000  3.0000E-48
 2800.0000  3.1000E-48
 4000.0000  2.5700E-46
 4001.0000  2.6070E-46
 4002.0000  2.6650E-46
 4003.0000  2.7030E-46
 4004.0000  2.7630E-46
 4005.0000  2.8120E-46
 4006.0000  2.8550E-46
 4007.0000  2.9040E-46
 4008.0000  2.8290E-46
 4009.0000  2.8010E-46
 4010.0000  3.0740E-46
 4011.0000  3.1400E-46
 4012.0000  3.1800E-46
 4013.0000  3.2050E-46
 4014.0000  3.3150E-46
 4015.0000  3.3870E-46
 4016.0000  3.4500E-46
 4017.0000  3.5020E-46
 4018.0000  3.5710E-46
 4019.0000  3.5590E-46
 4020.0000  3.6210E-46
 4021.0000  3.7750E-46
 4022.0000  3.8610E-46
 4023.0000  3.9420E-46
 4024.0000  3.9950E-46
 4025.0000  3.9350E-46
 4026.0000  4.0250E-46
 4027.0000  4.2250E-46
 4028.0000  4.3120E-46
 4029.0000  4.3780E-46
 4030.0000  4.4270E-46
 4031.0000  4.5240E-46
 4032.0000  4.6150E-46
 4033.0000  4.7100E-46
 4034.0000  4.8030E-46
 4035.0000  4.8910E-46
 4036.0000  4.9860E-46
 4037.0000  5.0750E-46
 4038.0000  5.1730E-46
 4039.0000  5.2680E-46
 4040.0000  5.3540E-46
 4041.0000  5.4490E-46
 4042.0000  5.5390E-46
 4043.0000  5.6210E-46
 4044.0000  5.6230E-46
 4045.0000  5.6180E-46
 4046.0000  5.8930E-46
 4047.0000  6.0550E-46
 4048.0000  6.1660E-46
 4049.0000  6.2760E-46
 4050.0000  6.3920E-46
 4051.0000  6.5040E-46
 4052.0000  6.6010E-46
 4053.0000  6.7220E-46
 4054.0000  6.8440E-46
 4055.0000  6.9580E-46
 4056.0000  7.0790E-46
 4057.0000  7.1990E-46
 4058.0000  7.3100E-46
 4059.0000  7.4470E-46
 4060.0000  7.5280E-46
 4061.0000  7.6520E-46
 4062.0000  7.8310E-46
 4063.0000  7.9690E-46
 4064.0000  8.0980E-46
 4065.0000  8.2440E-46
 4066.0000  8.3750E-46
 4067.0000  8.5170E-46
 4068.0000  8.6650E-46
 4069.0000  8.8130E-46
 4070.0000  8.9570E-46
 4071.0000  9.1040E-46
 4072.0000  9.2630E-46
 4073.0000  9.4030E-46
 4074.0000  9.5200E-46
 4075.0000  9.6900E-46
 4076.0000  9.8700E-46
 4077.0000  1.0040E-45
 4078.0000  1.0200E-45
 4079.0000  1.0290E-45
 4080.0000  1.0450E-45
 4081.0000  1.0670E-45
 4082.0000  1.0850E-45
 4083.0000  1.1040E-45
 4084.0000  1.1210E-45
 4085.0000  1.1370E-45
 4086.0000  1.1530E-45
 4087.0000  1.1710E-45
 4088.0000  1.1830E-45
 4089.0000  1.2070E-45
 4090.0000  1.2290E-45
 4091.0000  1.2470E-45
 4092.0000  1.2670E-45
 4093.0000  1.2860E-45
 4094.0000  1.3050E-45
 4095.0000  1.3260E-45
 4096.0000  1.3450E-45
 4097.0000  1.3640E-45
 4098.0000  1.3840E-45
 4099.0000  1.4040E-45
 4100.0000  1.4250E-45
 4101.0000  1.4450E-45
 4102.0000  1.4660E-45
 4103.0000  1.4870E-45
 4104.0000  1.5050E-45
 4105.0000  1.5230E-45
 4106.0000  1.5370E-45
 4107.0000  1.5670E-45
 4108.0000  1.5940E-45
 4109.0000  1.6160E-45
 4110.0000  1.6370E-45
 4111.0000  1.6610E-45
 4112.0000  1.6830E-45
 4113.0000  1.7050E-45
 4114.0000  1.7270E-45
 4115.0000  1.7500E-45
 4116.0000  1.7740E-45
 4117.0000  1.7960E-45
 4118.0000  1.8190E-45
 4119.0000  1.8420E-45
 4120.0000  1.8650E-45
 4121.0000  1.8880E-45
 4122.0000  1.9100E-45
 4123.0000  1.9340E-45
 4124.0000  1.9570E-45
 4125.0000  1.9780E-45
 4126.0000  2.0010E-45
 4127.0000  2.0250E-45
 4128.0000  2.0490E-45
 4129.0000  2.0720E-45
 4130.0000  2.0960E-45
 4131.0000  2.1200E-45
 4132.0000  2.1440E-45
 4133.0000  2.1660E-45
 4134.0000  2.1850E-45
 4135.0000  2.2090E-45
 4136.0000  2.2340E-45
 4137.0000  2.2560E-45
 4138.0000  2.2770E-45
 4139.0000  2.2930E-45
 4140.0000  2.3150E-45
 4141.0000  2.3300E-45
 4142.0000  2.3390E-45
 4143.0000  2.3490E-45
 4144.0000  2.3660E-45
 4145.0000  2.3880E-45
 4146.0000  2.4120E-45
 4147.0000  2.4270E-45
 4148.0000  2.4350E-45
 4149.0000  2.4260E-45
 4150.0000  2.3940E-45
 4151.0000  2.3220E-45
 4152.0000  2.1740E-45
 4153.0000  1.8720E-45
 4154.0000  1.4100E-45
 4155.0000  1.1130E-45
 4156.0000  1.1230E-45
 4157.0000  1.4710E-45
 4158.0000  1.8380E-45
 4159.0000  2.0030E-45
 4160.0000  2.0190E-45
 4161.0000  2.0370E-45
 4162.0000  2.1230E-45
 4163.0000  2.2910E-45
 4164.0000  2.4480E-45
 4165.0000  2.5540E-45
 4166.0000  2.6240E-45
 4167.0000  2.6760E-45
 4168.0000  2.7160E-45
 4169.0000  2.7450E-45
 4170.0000  2.7700E-45
 4171.0000  2.7940E-45
 4172.0000  2.8160E-45
 4173.0000  2.8340E-45
 4174.0000  2.8510E-45
 4175.0000  2.8670E-45
 4176.0000  2.8800E-45
 4177.0000  2.8930E-45
 4178.0000  2.9060E-45
 4179.0000  2.9180E-45
 4180.0000  2.9290E-45
 4181.0000  2.9380E-45
 4182.0000  2.9470E-45
 4183.0000  2.9570E-45
 4184.0000  2.9650E-45
 4185.0000  2.9730E-45
 4186.0000  2.9780E-45
 4187.0000  2.9860E-45
 4188.0000  2.9950E-45
 4189.0000  3.0020E-45
 4190.0000  3.0060E-45
 4191.0000  3.0120E-45
 4192.0000  3.0160E-45
 4193.0000  3.0220E-45
 4194.0000  3.0250E-45
 4195.0000  3.0250E-45
 4196.0000  3.0300E-45
 4197.0000  3.0350E-45
 4198.0000  3.0390E-45
 4199.0000  3.0390E-45
 4200.0000  3.0410E-45
 4201.0000  3.0420E-45
 4202.0000  3.0430E-45
 4203.0000  3.0420E-45
 4204.0000  3.0450E-45
 4205.0000  3.0450E-45
 4206.0000  3.0460E-45
 4207.0000  3.0450E-45
 4208.0000  3.0430E-45
 4209.0000  3.0420E-45
 4210.0000  3.0410E-45
 4211.0000  3.0400E-45
 4212.0000  3.0390E-45
 4213.0000  3.0360E-45
 4214.0000  3.0320E-45
 4215.0000  3.0300E-45
 4216.0000  3.0300E-45
 4217.0000  3.0260E-45
 4218.0000  3.0220E-45
 4219.0000  3.0150E-45
 4220.0000  3.0120E-45
 4221.0000  3.0070E-45
 4222.0000  3.0020E-45
 4223.0000  2.9990E-45
 4224.0000  2.9970E-45
 4225.0000  2.9910E-45
 4226.0000  2.9840E-45
 4227.0000  2.9800E-45
 4228.0000  2.9730E-45
 4229.0000  2.9670E-45
 4230.0000  2.9600E-45
 4231.0000  2.9550E-45
 4232.0000  2.9490E-45
 4233.0000  2.9440E-45
 4234.0000  2.9350E-45
 4235.0000  2.9270E-45
 4236.0000  2.9200E-45
 4237.0000  2.9140E-45
 4238.0000  2.9050E-45
 4239.0000  2.8980E-45
 4240.0000  2.8910E-45
 4241.0000  2.8830E-45
 4242.0000  2.8750E-45
 4243.0000  2.8660E-45
 4244.0000  2.8580E-45
 4245.0000  2.8510E-45
 4246.0000  2.8430E-45
 4247.0000  2.8340E-45
 4248.0000  2.8240E-45
 4249.0000  2.8170E-45
 4250.0000  2.8060E-45
 4251.0000  2.7950E-45
 4252.0000  2.7860E-45
 4253.0000  2.7770E-45
 4254.0000  2.7670E-45
 4255.0000  2.7580E-45
 4256.0000  2.7490E-45
 4257.0000  2.7400E-45
 4258.0000  2.7290E-45
 4259.0000  2.7180E-45
 4260.0000  2.7090E-45
 4261.0000  2.6980E-45
 4262.0000  2.6880E-45
 4263.0000  2.6790E-45
 4264.0000  2.6670E-45
 4265.0000  2.6560E-45
 4266.0000  2.6450E-45
 4267.0000  2.6360E-45
 4268.0000  2.6250E-45
 4269.0000  2.6140E-45
 4270.0000  2.6030E-45
 4271.0000  2.5910E-45
 4272.0000  2.5800E-45
 4273.0000  2.5710E-45
 4274.0000  2.5600E-45
 4275.0000  2.5480E-45
 4276.0000  2.5380E-45
 4277.0000  2.5260E-45
 4278.0000  2.5140E-45
 4279.0000  2.5030E-45
 4280.0000  2.4930E-45
 4281.0000  2.4820E-45
 4282.0000  2.4690E-45
 4283.0000  2.4570E-45
 4284.0000  2.4470E-45
 4285.0000  2.4350E-45
 4286.0000  2.4230E-45
 4287.0000  2.4110E-45
 4288.0000  2.3990E-45
 4289.0000  2.3900E-45
 4290.0000  2.3790E-45
 4291.0000  2.3650E-45
 4292.0000  2.3550E-45
 4293.0000  2.3430E-45
 4294.0000  2.3310E-45
 4295.0000  2.3200E-45
 4296.0000  2.3090E-45
 4297.0000  2.2970E-45
 4298.0000  2.2850E-45
 4299.0000  2.2730E-45
 4300.0000  2.2620E-45
 4301.0000  2.2500E-45
 4302.0000  2.2390E-45
 4303.0000  2.2260E-45
 4304.0000  2.2150E-45
 4305.0000  2.2050E-45
 4306.0000  2.1930E-45
 4307.0000  2.1810E-45
 4308.0000  2.1690E-45
 4309.0000  2.1560E-45
 4310.0000  2.1470E-45
 4311.0000  2.1350E-45
 4312.0000  2.1230E-45
 4313.0000  2.1100E-45
 4314.0000  2.0990E-45
 4315.0000  2.0880E-45
 4316.0000  2.0760E-45
 4317.0000  2.0660E-45
 4318.0000  2.0540E-45
 4319.0000  2.0420E-45
 4320.0000  2.0300E-45
 4321.0000  2.0180E-45
 4322.0000  2.0080E-45
 4323.0000  1.9970E-45
 4324.0000  1.9870E-45
 4325.0000  1.9760E-45
 4326.0000  1.9640E-45
 4327.0000  1.9520E-45
 4328.0000  1.9400E-45
 4329.0000  1.9290E-45
 4330.0000  1.9170E-45
 4331.0000  1.9060E-45
 4332.0000  1.8950E-45
 4333.0000  1.8850E-45
 4334.0000  1.8740E-45
 4335.0000  1.8640E-45
 4336.0000  1.8530E-45
 4337.0000  1.8420E-45
 4338.0000  1.8310E-45
 4339.0000  1.8210E-45
 4340.0000  1.8100E-45
 4341.0000  1.7990E-45
 4342.0000  1.7870E-45
 4343.0000  1.7770E-45
 4344.0000  1.7680E-45
 4345.0000  1.7560E-45
 4346.0000  1.7450E-45
 4347.0000  1.7360E-45
 4348.0000  1.7250E-45
 4349.0000  1.7140E-45
 4350.0000  1.7030E-45
 4351.0000  1.6940E-45
 4352.0000  1.6830E-45
 4353.0000  1.6740E-45
 4354.0000  1.6630E-45
 4355.0000  1.6520E-45
 4356.0000  1.6430E-45
 4357.0000  1.6330E-45
 4358.0000  1.6220E-45
 4359.0000  1.6140E-45
 4360.0000  1.6030E-45
 4361.0000  1.5940E-45
 4362.0000  1.5840E-45
 4363.0000  1.5750E-45
 4364.0000  1.5630E-45
 4365.0000  1.5540E-45
 4366.0000  1.5460E-45
 4367.0000  1.5350E-45
 4368.0000  1.5250E-45
 4369.0000  1.5160E-45
 4370.0000  1.5070E-45
 4371.0000  1.4970E-45
 4372.0000  1.4870E-45
 4373.0000  1.4800E-45
 4374.0000  1.4720E-45
 4375.0000  1.4640E-45
 4376.0000  1.4540E-45
 4377.0000  1.4450E-45
 4378.0000  1.4350E-45
 4379.0000  1.4260E-45
 4380.0000  1.4170E-45
 4381.0000  1.4080E-45
 4382.0000  1.4000E-45
 4383.0000  1.3900E-45
 4384.0000  1.3820E-45
 4385.0000  1.3740E-45
 4386.0000  1.3660E-45
 4387.0000  1.3580E-45
 4388.0000  1.3500E-45
 4389.0000  1.3430E-45
 4390.0000  1.3330E-45
 4391.0000  1.3260E-45
 4392.0000  1.3160E-45
 4393.0000  1.3080E-45
 4394.0000  1.3020E-45
 4395.0000  1.2930E-45
 4396.0000  1.2850E-45
 4397.0000  1.2780E-45
 4398.0000  1.2700E-45
 4399.0000  1.2610E-45
 4400.0000  1.2530E-45
 4401.0000  1.2470E-45
 4402.0000  1.2390E-45
 4403.0000  1.2310E-45
 4404.0000  1.2250E-45
 4405.0000  1.2170E-45
 4406.0000  1.2090E-45
 4407.0000  1.2020E-45
 4408.0000  1.1950E-45
 4409.0000  1.1880E-45
 4410.0000  1.1810E-45
 4411.0000  1.1750E-45
 4412.0000  1.1670E-45
 4413.0000  1.1600E-45
 4414.0000  1.1530E-45
 4415.0000  1.1460E-45
 4416.0000  1.1400E-45
 4417.0000  1.1350E-45
 4418.0000  1.1290E-45
 4419.0000  1.1210E-45
 4420.0000  1.1140E-45
 4421.0000  1.1080E-45
 4422.0000  1.1020E-45
 4423.0000  1.0970E-45
 4424.0000  1.0900E-45
 4425.0000  1.0830E-45
 4426.0000  1.0770E-45
 4427.0000  1.0730E-45
 4428.0000  1.0670E-45
 4429.0000  1.0590E-45
 4430.0000  1.0530E-45
 4431.0000  1.0470E-45
 4432.0000  1.0410E-45
 4433.0000  1.0390E-45
 4434.0000  1.0340E-45
 4435.0000  1.0280E-45
 4436.0000  1.0220E-45
 4437.0000  1.0170E-45
 4438.0000  1.0120E-45
 4439.0000  1.0060E-45
 4440.0000  1.0030E-45
 4441.0000  9.9900E-46
 4442.0000  9.9300E-46
 4443.0000  9.8700E-46
 4444.0000  9.8300E-46
 4445.0000  9.7900E-46
 4446.0000  9.7200E-46
 4447.0000  9.6900E-46
 4448.0000  9.6400E-46
 4449.0000  9.5900E-46
 4450.0000  9.5700E-46
 4451.0000  9.5300E-46
 4452.0000  9.4700E-46
 4453.0000  9.4400E-46
 4454.0000  9.3900E-46
 4455.0000  9.3700E-46
 4456.0000  9.3300E-46
 4457.0000  9.2800E-46
 4458.0000  9.2400E-46
 4459.0000  9.2200E-46
 4460.0000  9.1800E-46
 4461.0000  9.1400E-46
 4462.0000  9.1000E-46
 4463.0000  9.0600E-46
 4464.0000  9.0100E-46
 4465.0000  8.9900E-46
 4466.0000  8.9500E-46
 4467.0000  8.9200E-46
 4468.0000  8.9100E-46
 4469.0000  8.8800E-46
 4470.0000  8.8200E-46
 4471.0000  8.8200E-46
 4472.0000  8.8100E-46
 4473.0000  8.7800E-46
 4474.0000  8.7400E-46
 4475.0000  8.7200E-46
 4476.0000  8.6900E-46
 4477.0000  8.6400E-46
 4478.0000  8.6100E-46
 4479.0000  8.6000E-46
 4480.0000  8.5800E-46
 4481.0000  8.5300E-46
 4482.0000  8.5200E-46
 4483.0000  8.5000E-46
 4484.0000  8.4800E-46
 4485.0000  8.4400E-46
 4486.0000  8.4300E-46
 4487.0000  8.4100E-46
 4488.0000  8.3800E-46
 4489.0000  8.3900E-46
 4490.0000  8.3500E-46
 4491.0000  8.3000E-46
 4492.0000  8.2500E-46
 4493.0000  8.2100E-46
 4494.0000  8.1200E-46
 4495.0000  8.0700E-46
 4496.0000  7.9700E-46
 4497.0000  7.8200E-46
 4498.0000  7.7600E-46
 4499.0000  7.7000E-46
 4500.0000  7.7500E-46
 4501.0000  7.8100E-46
 4502.0000  7.8300E-46
 4503.0000  7.8400E-46
 4504.0000  7.8700E-46
 4505.0000  7.8600E-46
 4506.0000  7.8100E-46
 4507.0000  7.8000E-46
 4508.0000  7.8000E-46
 4509.0000  7.8000E-46
 4510.0000  7.7500E-46
 4511.0000  7.6900E-46
 4512.0000  7.6700E-46
 4513.0000  7.6400E-46
 4514.0000  7.6300E-46
 4515.0000  7.6200E-46
 4516.0000  7.5700E-46
 4517.0000  7.5500E-46
 4518.0000  7.5100E-46
 4519.0000  7.4600E-46
 4520.0000  7.4000E-46
 4521.0000  7.3700E-46
 4522.0000  7.3600E-46
 4523.0000  7.3000E-46
 4524.0000  7.2700E-46
 4525.0000  7.2300E-46
 4526.0000  7.2100E-46
 4527.0000  7.2000E-46
 4528.0000  7.1600E-46
 4529.0000  7.1100E-46
 4530.0000  7.0600E-46
 4531.0000  7.0300E-46
 4532.0000  7.0000E-46
 4533.0000  6.9700E-46
 4534.0000  6.9400E-46
 4535.0000  6.9100E-46
 4536.0000  6.8600E-46
 4537.0000  6.8400E-46
 4538.0000  6.7900E-46
 4539.0000  6.7400E-46
 4540.0000  6.7200E-46
 4541.0000  6.6900E-46
 4542.0000  6.6300E-46
 4543.0000  6.5900E-46
 4544.0000  6.5600E-46
 4545.0000  6.5300E-46
 4546.0000  6.4800E-46
 4547.0000  6.4400E-46
 4548.0000  6.4000E-46
 4549.0000  6.3800E-46
 4550.0000  6.3500E-46
 4551.0000  6.3100E-46
 4552.0000  6.2900E-46
 4553.0000  6.2600E-46
 4554.0000  6.2400E-46
 4555.0000  6.1900E-46
 4556.0000  6.1600E-46
 4557.0000  6.1200E-46
 4558.0000  6.0800E-46
 4559.0000  6.0500E-46
 4560.0000  6.0400E-46
 4561.0000  6.0000E-46
 4562.0000  5.9700E-46
 4563.0000  5.9400E-46
 4564.0000  5.8900E-46
 4565.0000  5.8800E-46
 4566.0000  5.8600E-46
 4567.0000  5.8300E-46
 4568.0000  5.8000E-46
 4569.0000  5.7600E-46
 4570.0000  5.7300E-46
 4571.0000  5.7000E-46
 4572.0000  5.6800E-46
 4573.0000  5.6500E-46
 4574.0000  5.6100E-46
 4575.0000  5.5900E-46
 4576.0000  5.5700E-46
 4577.0000  5.5400E-46
 4578.0000  5.5100E-46
 4579.0000  5.4700E-46
 4580.0000  5.4500E-46
 4581.0000  5.4200E-46
 4582.0000  5.3900E-46
 4583.0000  5.3700E-46
 4584.0000  5.3400E-46
 4585.0000  5.3200E-46
 4586.0000  5.3100E-46
 4587.0000  5.2800E-46
 4588.0000  5.2600E-46
 4589.0000  5.2400E-46
 4590.0000  5.2000E-46
 4591.0000  5.1940E-46
 4592.0000  5.1660E-46
 4593.0000  5.1320E-46
 4594.0000  5.1120E-46
 4595.0000  5.1060E-46
 4596.0000  5.0720E-46
 4597.0000  5.0750E-46
 4598.0000  5.0540E-46
 4599.0000  5.0280E-46
 4600.0000  5.0040E-46
 4601.0000  4.9900E-46
 4602.0000  4.9660E-46
 4603.0000  4.9530E-46
 4604.0000  4.9370E-46
 4605.0000  4.9140E-46
 4606.0000  4.8930E-46
 4607.0000  4.8760E-46
 4608.0000  4.8750E-46
 4609.0000  4.8600E-46
 4610.0000  4.8350E-46
 4611.0000  4.8240E-46
 4612.0000  4.8230E-46
 4613.0000  4.8270E-46
 4614.0000  4.7970E-46
 4615.0000  4.7650E-46
 4616.0000  4.7210E-46
 4617.0000  4.7270E-46
 4618.0000  4.7300E-46
 4619.0000  4.7240E-46
 4620.0000  4.7030E-46
 4621.0000  4.6890E-46
 4622.0000  4.6840E-46
 4623.0000  4.6920E-46
 4624.0000  4.6580E-46
 4625.0000  4.6500E-46
 4626.0000  4.6410E-46
 4627.0000  4.6260E-46
 4628.0000  4.6240E-46
 4629.0000  4.6160E-46
 4630.0000  4.6290E-46
 4631.0000  4.6260E-46
 4632.0000  4.6270E-46
 4633.0000  4.5800E-46
 4634.0000  4.5710E-46
 4635.0000  4.5880E-46
 4636.0000  4.5820E-46
 4637.0000  4.5920E-46
 4638.0000  4.5930E-46
 4639.0000  4.5770E-46
 4640.0000  4.5830E-46
 4641.0000  4.5930E-46
 4642.0000  4.5840E-46
 4643.0000  4.5770E-46
 4644.0000  4.5670E-46
 4645.0000  4.5780E-46
 4646.0000  4.5780E-46
 4647.0000  4.5640E-46
 4648.0000  4.5910E-46
 4649.0000  4.5930E-46
 4650.0000  4.5850E-46
 4651.0000  4.5900E-46
 4652.0000  4.6100E-46
 4653.0000  4.6100E-46
 4654.0000  4.6100E-46
 4655.0000  4.6100E-46
 4656.0000  4.6300E-46
 4657.0000  4.6400E-46
 4658.0000  4.6300E-46
 4659.0000  4.6500E-46
 4660.0000  4.6600E-46
 4661.0000  4.6400E-46
 4662.0000  4.6700E-46
 4663.0000  4.7000E-46
 4664.0000  4.7000E-46
 4665.0000  4.7100E-46
 4666.0000  4.7300E-46
 4667.0000  4.7400E-46
 4668.0000  4.7500E-46
 4669.0000  4.7800E-46
 4670.0000  4.8000E-46
 4671.0000  4.8100E-46
 4672.0000  4.8000E-46
 4673.0000  4.8400E-46
 4674.0000  4.8600E-46
 4675.0000  4.8900E-46
 4676.0000  4.8900E-46
 4677.0000  4.9200E-46
 4678.0000  4.9300E-46
 4679.0000  4.9300E-46
 4680.0000  4.9600E-46
 4681.0000  4.9700E-46
 4682.0000  4.9900E-46
 4683.0000  5.0500E-46
 4684.0000  5.0900E-46
 4685.0000  5.0800E-46
 4686.0000  5.0800E-46
 4687.0000  5.1100E-46
 4688.0000  5.1400E-46
 4689.0000  5.1700E-46
 4690.0000  5.2000E-46
 4691.0000  5.2000E-46
 4692.0000  5.2200E-46
 4693.0000  5.2600E-46
 4694.0000  5.2900E-46
 4695.0000  5.2900E-46
 4696.0000  5.3300E-46
 4697.0000  5.3700E-46
 4698.0000  5.4000E-46
 4699.0000  5.4100E-46
 4700.0000  5.4500E-46
 4701.0000  5.4500E-46
 4702.0000  5.4800E-46
 4703.0000  5.5000E-46
 4704.0000  5.5300E-46
 4705.0000  5.5400E-46
 4706.0000  5.5500E-46
 4707.0000  5.5300E-46
 4708.0000  5.4800E-46
 4709.0000  5.4100E-46
 4710.0000  5.3000E-46
 4711.0000  5.1400E-46
 4712.0000  4.9900E-46
 4713.0000  4.9800E-46
 4714.0000  4.8900E-46
 4715.0000  5.0200E-46
 4716.0000  5.2300E-46
 4717.0000  5.3900E-46
 4718.0000  5.5100E-46
 4719.0000  5.6200E-46
 4720.0000  5.6700E-46
 4721.0000  5.6800E-46
 4722.0000  5.6900E-46
 4723.0000  5.6800E-46
 4724.0000  5.6900E-46
 4725.0000  5.6900E-46
 4726.0000  5.7000E-46
 4727.0000  5.7300E-46
 4728.0000  5.7400E-46
 4729.0000  5.7400E-46
 4730.0000  5.7300E-46
 4731.0000  5.7300E-46
 4732.0000  5.7100E-46
 4733.0000  5.6800E-46
 4734.0000  5.6900E-46
 4735.0000  5.6800E-46
 4736.0000  5.6700E-46
 4737.0000  5.6700E-46
 4738.0000  5.6300E-46
 4739.0000  5.6400E-46
 4740.0000  5.6800E-46
 4741.0000  5.7100E-46
 4742.0000  5.6900E-46
 4743.0000  5.6400E-46
 4744.0000  5.5900E-46
 4745.0000  5.5500E-46
 4746.0000  5.5500E-46
 4747.0000  5.5700E-46
 4748.0000  5.5800E-46
 4749.0000  5.5500E-46
 4750.0000  5.5100E-46
 4751.0000  5.4400E-46
 4752.0000  5.4400E-46
 4753.0000  5.4300E-46
 4754.0000  5.3800E-46
 4755.0000  5.3700E-46
 4756.0000  5.3400E-46
 4757.0000  5.3400E-46
 4758.0000  5.3300E-46
 4759.0000  5.3200E-46
 4760.0000  5.2600E-46
 4761.0000  5.2400E-46
 4762.0000  5.2200E-46
 4763.0000  5.2000E-46
 4764.0000  5.1300E-46
 4765.0000  5.1300E-46
 4766.0000  5.1300E-46
 4767.0000  5.0900E-46
 4768.0000  5.0300E-46
 4769.0000  5.0200E-46
 4770.0000  4.9900E-46
 4771.0000  4.9800E-46
 4772.0000  4.9500E-46
 4773.0000  4.9000E-46
 4774.0000  4.9100E-46
 4775.0000  4.8900E-46
 4776.0000  4.8700E-46
 4777.0000  4.8500E-46
 4778.0000  4.8300E-46
 4779.0000  4.7900E-46
 4780.0000  4.7600E-46
 4781.0000  4.7200E-46
 4782.0000  4.6900E-46
 4783.0000  4.6900E-46
 4784.0000  4.6900E-46
 4785.0000  4.6700E-46
 4786.0000  4.6200E-46
 4787.0000  4.5900E-46
 4788.0000  4.5700E-46
 4789.0000  4.5300E-46
 4790.0000  4.5100E-46
 4791.0000  4.4900E-46
 4792.0000  4.4800E-46
 4793.0000  4.4600E-46
 4794.0000  4.4100E-46
 4795.0000  4.3800E-46
 4796.0000  4.3600E-46
 4797.0000  4.3600E-46
 4798.0000  4.3200E-46
 4799.0000  4.2900E-46
 4800.0000  4.2800E-46
 4801.0000  4.2800E-46
 4802.0000  4.2500E-46
 4803.0000  4.2200E-46
 4804.0000  4.2400E-46
 4805.0000  4.1900E-46
 4806.0000  4.1200E-46
 4807.0000  4.1000E-46
 4808.0000  4.0600E-46
 4809.0000  4.0600E-46
 4810.0000  4.0600E-46
 4811.0000  4.0700E-46
 4812.0000  4.0200E-46
 4813.0000  3.9900E-46
 4814.0000  3.9600E-46
 4815.0000  3.9100E-46
 4816.0000  3.9100E-46
 4817.0000  3.8800E-46
 4818.0000  3.8700E-46
 4819.0000  3.8200E-46
 4820.0000  3.8200E-46
 4821.0000  3.8200E-46
 4822.0000  3.7900E-46
 4823.0000  3.7800E-46
 4824.0000  3.7700E-46
 4825.0000  3.7500E-46
 4826.0000  3.7160E-46
 4827.0000  3.6860E-46
 4828.0000  3.6580E-46
 4829.0000  3.6460E-46
 4830.0000  3.6300E-46
 4831.0000  3.6150E-46
 4832.0000  3.6050E-46
 4833.0000  3.5880E-46
 4834.0000  3.5570E-46
 4835.0000  3.5260E-46
 4836.0000  3.5370E-46
 4837.0000  3.5380E-46
 4838.0000  3.4780E-46
 4839.0000  3.4510E-46
 4840.0000  3.4210E-46
 4841.0000  3.4100E-46
 4842.0000  3.4010E-46
 4843.0000  3.3740E-46
 4844.0000  3.3780E-46
 4845.0000  3.3360E-46
 4846.0000  3.3540E-46
 4847.0000  3.3250E-46
 4848.0000  3.3070E-46
 4849.0000  3.2920E-46
 4850.0000  3.2360E-46
 4851.0000  3.2250E-46
 4852.0000  3.2290E-46
 4853.0000  3.2060E-46
 4854.0000  3.1430E-46
 4855.0000  3.1480E-46
 4856.0000  3.1730E-46
 4857.0000  3.1690E-46
 4858.0000  3.1310E-46
 4859.0000  3.1060E-46
 4860.0000  3.1090E-46
 4861.0000  3.0840E-46
 4862.0000  3.0530E-46
 4863.0000  3.0440E-46
 4864.0000  3.0040E-46
 4865.0000  2.9930E-46
 4866.0000  3.0100E-46
 4867.0000  2.9980E-46
 4868.0000  2.9700E-46
 4869.0000  2.9350E-46
 4870.0000  2.9470E-46
 4871.0000  2.9240E-46
 4872.0000  2.9150E-46
 4873.0000  2.8900E-46
 4874.0000  2.8700E-46
 4875.0000  2.8640E-46
 4876.0000  2.8610E-46
 4877.0000  2.8270E-46
 4878.0000  2.8150E-46
 4879.0000  2.7970E-46
 4880.0000  2.7680E-46
 4881.0000  2.7570E-46
 4882.0000  2.7300E-46
 4883.0000  2.7220E-46
 4884.0000  2.7240E-46
 4885.0000  2.7110E-46
 4886.0000  2.6830E-46
 4887.0000  2.6790E-46
 4888.0000  2.6620E-46
 4889.0000  2.6550E-46
 4890.0000  2.6430E-46
 4891.0000  2.6330E-46
 4892.0000  2.6390E-46
 4893.0000  2.6020E-46
 4894.0000  2.5810E-46
 4895.0000  2.5770E-46
 4896.0000  2.5690E-46
 4897.0000  2.5480E-46
 4898.0000  2.5410E-46
 4899.0000  2.5080E-46
 4900.0000  2.4810E-46
 4901.0000  2.4570E-46
 4902.0000  2.4590E-46
 4903.0000  2.4810E-46
 4904.0000  2.4520E-46
 4905.0000  2.4350E-46
 4906.0000  2.4310E-46
 4907.0000  2.3890E-46
 4908.0000  2.3750E-46
 4909.0000  2.3830E-46
 4910.0000  2.3620E-46
 4911.0000  2.3670E-46
 4912.0000  2.3670E-46
 4913.0000  2.3380E-46
 4914.0000  2.3100E-46
 4915.0000  2.2690E-46
 4916.0000  2.2910E-46
 4917.0000  2.2720E-46
 4918.0000  2.2260E-46
 4919.0000  2.2240E-46
 4920.0000  2.2430E-46
 4921.0000  2.2460E-46
 4922.0000  2.2240E-46
 4923.0000  2.2130E-46
 4924.0000  2.1970E-46
 4925.0000  2.1870E-46
 4926.0000  2.1800E-46
 4927.0000  2.1460E-46
 4928.0000  2.1200E-46
 4929.0000  2.1120E-46
 4930.0000  2.1190E-46
 4931.0000  2.1120E-46
 4932.0000  2.0830E-46
 4933.0000  2.0690E-46
 4934.0000  2.0870E-46
 4935.0000  2.0950E-46
 4936.0000  2.0730E-46
 4937.0000  2.0560E-46
 4938.0000  2.0590E-46
 4939.0000  2.0510E-46
 4940.0000  2.0350E-46
 4941.0000  2.0410E-46
 4942.0000  2.0030E-46
 4943.0000  1.9670E-46
 4944.0000  1.9430E-46
 4945.0000  1.9620E-46
 4946.0000  1.9510E-46
 4947.0000  1.9420E-46
 4948.0000  1.9250E-46
 4949.0000  1.8990E-46
 4950.0000  1.8900E-46
 4951.0000  1.8990E-46
 4952.0000  1.8610E-46
 4953.0000  1.8600E-46
 4954.0000  1.8840E-46
 4955.0000  1.8540E-46
 4956.0000  1.8220E-46
 4957.0000  1.8160E-46
 4958.0000  1.8080E-46
 4959.0000  1.7900E-46
 4960.0000  1.7790E-46
 4961.0000  1.7610E-46
 4962.0000  1.7630E-46
 4963.0000  1.7500E-46
 4964.0000  1.7570E-46
 4965.0000  1.7430E-46
 4966.0000  1.7500E-46
 4967.0000  1.7320E-46
 4968.0000  1.7120E-46
 4969.0000  1.7190E-46
 4970.0000  1.7080E-46
 4971.0000  1.6810E-46
 4972.0000  1.6770E-46
 4973.0000  1.6970E-46
 4974.0000  1.6790E-46
 4975.0000  1.6920E-46
 4976.0000  1.6880E-46
 4977.0000  1.6770E-46
 4978.0000  1.6470E-46
 4979.0000  1.5990E-46
 4980.0000  1.5930E-46
 4981.0000  1.5890E-46
 4982.0000  1.5620E-46
 4983.0000  1.5850E-46
 4984.0000  1.5700E-46
 4985.0000  1.5530E-46
 4986.0000  1.5170E-46
 4987.0000  1.5350E-46
 4988.0000  1.5340E-46
 4989.0000  1.4750E-46
 4990.0000  1.4920E-46
 4991.0000  1.4950E-46
 4992.0000  1.4720E-46
 4993.0000  1.4550E-46
 4994.0000  1.4680E-46
 4995.0000  1.4640E-46
 4996.0000  1.4480E-46
 4997.0000  1.4550E-46
 4998.0000  1.4520E-46
 4999.0000  1.4390E-46
 5000.0000  1.4020E-46
 5001.0000  1.3920E-46
 5002.0000  1.4200E-46
 5003.0000  1.4130E-46
 5004.0000  1.3930E-46
 5005.0000  1.3740E-46
 5006.0000  1.3770E-46
 5007.0000  1.3350E-46
 5008.0000  1.3240E-46
 5009.0000  1.3560E-46
 5010.0000  1.3450E-46
 5011.0000  1.3420E-46
 5012.0000  1.3280E-46
 5013.0000  1.3110E-46
 5014.0000  1.3070E-46
 5015.0000  1.2890E-46
 5016.0000  1.2920E-46
 5017.0000  1.2870E-46
 5018.0000  1.2840E-46
 5019.0000  1.2730E-46
 5020.0000  1.2460E-46
 5021.0000  1.2430E-46
 5022.0000  1.2860E-46
 5023.0000  1.2590E-46
 5024.0000  1.2380E-46
 5025.0000  1.2300E-46
 5026.0000  1.2390E-46
 5027.0000  1.2470E-46
 5028.0000  1.2150E-46
 5029.0000  1.2210E-46
 5030.0000  1.2140E-46
 5031.0000  1.1890E-46
 5032.0000  1.1980E-46
 5033.0000  1.1860E-46
 5034.0000  1.1740E-46
 5035.0000  1.1710E-46
 5036.0000  1.1770E-46
 5037.0000  1.1820E-46
 5038.0000  1.1680E-46
 5039.0000  1.1450E-46
 5040.0000  1.1450E-46
 5041.0000  1.1270E-46
 5042.0000  1.1200E-46
 5043.0000  1.1070E-46
 5044.0000  1.1050E-46
 5045.0000  1.1020E-46
 5046.0000  1.1210E-46
 5047.0000  1.0840E-46
 5048.0000  1.0790E-46
 5049.0000  1.0570E-46
 5050.0000  1.0530E-46
 5051.0000  1.0580E-46
 5052.0000  1.0900E-46
 5053.0000  1.0930E-46
 5054.0000  1.0690E-46
 5055.0000  1.0800E-46
 5056.0000  1.0510E-46
 5057.0000  1.0250E-46
 5058.0000  1.0240E-46
 5059.0000  1.0240E-46
 5060.0000  9.9800E-47
 5061.0000  1.0180E-46
 5062.0000  1.0000E-46
 5063.0000  9.8400E-47
 5064.0000  9.9600E-47
 5065.0000  9.8600E-47
 5066.0000  9.8700E-47
 5067.0000  9.9000E-47
 5068.0000  9.8100E-47
 5069.0000  9.7000E-47
 5070.0000  9.6200E-47
 5071.0000  9.5500E-47
 5072.0000  9.4600E-47
 5073.0000  9.6000E-47
 5074.0000  9.5800E-47
 5075.0000  9.1300E-47
 5076.0000  9.0100E-47
 5077.0000  9.0500E-47
 5078.0000  9.1200E-47
 5079.0000  9.1900E-47
 5080.0000  9.2000E-47
 5081.0000  9.2700E-47
 5082.0000  8.9500E-47
 5083.0000  9.0300E-47
 5084.0000  8.8800E-47
 5085.0000  8.7300E-47
 5086.0000  9.0100E-47
 5087.0000  8.9600E-47
 5088.0000  8.8300E-47
 5089.0000  8.7000E-47
 5090.0000  8.3000E-47
 5091.0000  8.4200E-47
 5092.0000  8.6000E-47
 5093.0000  8.2800E-47
 5094.0000  8.4400E-47
 5095.0000  8.2800E-47
 5096.0000  8.3200E-47
 5097.0000  7.9700E-47
 5098.0000  8.2300E-47
 5099.0000  7.8000E-47
 5100.0000  7.8400E-47
 5600.0000  5.7000E-48
 5601.0000  9.3000E-48
 5602.0000  5.7000E-48
 5603.0000  0.0000E+00
 5604.0000  7.0000E-48
 5605.0000  1.0300E-47
 5606.0000  9.2000E-48
 5607.0000  2.5000E-48
 5608.0000  3.5000E-48
 5609.0000  2.4000E-48
 5610.0000  9.0000E-49
 5611.0000  8.6000E-48
 5612.0000  9.4000E-48
 5613.0000  7.0000E-48
 5614.0000  3.1000E-48
 5615.0000  5.7000E-48
 5616.0000  7.4000E-48
 5617.0000  7.3000E-48
 5618.0000  3.7000E-48
 5619.0000  7.0000E-48
 5620.0000  4.5000E-48
 5621.0000  1.2000E-48
 5622.0000  0.0000E+00
 5623.0000  3.4000E-48
 5624.0000  6.6000E-48
 5625.0000  8.2000E-48
 5626.0000  4.1000E-48
 5627.0000  4.9000E-48
 5628.0000  1.0600E-47
 5629.0000  8.8000E-48
 5630.0000  1.5000E-48
 5631.0000  7.3000E-48
 5632.0000  2.5000E-48
 5633.0000  3.6000E-48
 5634.0000  8.9000E-48
 5635.0000  1.1900E-47
 5636.0000  6.4000E-48
 5637.0000  0.0000E+00
 5638.0000  4.3000E-48
 5639.0000  6.2000E-48
 5640.0000  4.4000E-48
 5641.0000  2.1000E-48
 5642.0000  5.6000E-48
 5643.0000  4.4000E-48
 5644.0000  1.0700E-47
 5645.0000  1.1000E-47
 5646.0000  6.1000E-48
 5647.0000  0.0000E+00
 5648.0000  0.0000E+00
 5649.0000  5.7000E-48
 5650.0000  3.2000E-48
 5651.0000  0.0000E+00
 5652.0000  0.0000E+00
 5653.0000  0.0000E+00
 5654.0000  6.6000E-48
 5655.0000  9.0000E-48
 5656.0000  1.0300E-47
 5657.0000  7.8000E-48
 5658.0000  6.3000E-48
 5659.0000  5.4000E-48
 5660.0000  9.0000E-49
 5661.0000  2.7000E-48
 5662.0000  4.5000E-48
 5663.0000  0.0000E+00
 5664.0000  0.0000E+00
 5665.0000  1.8000E-48
 5666.0000  3.6000E-48
 5667.0000  4.7000E-48
 5668.0000  5.9000E-48
 5669.0000  1.6000E-48
 5670.0000  3.1000E-48
 5671.0000  1.2700E-47
 5672.0000  9.0000E-48
 5673.0000  8.6000E-48
 5674.0000  5.1000E-48
 5675.0000  2.8000E-48
 5676.0000  3.0000E-49
 5677.0000  3.1000E-48
 5678.0000  3.0000E-49
 5679.0000  3.5000E-48
 5680.0000  7.6000E-48
 5681.0000  5.8000E-48
 5682.0000  9.0000E-49
 5683.0000  4.6000E-48
 5684.0000  7.3000E-48
 5685.0000  2.2000E-48
 5686.0000  2.2000E-48
 5687.0000  3.4000E-48
 5688.0000  2.6000E-48
 5689.0000  2.2000E-48
 5690.0000  6.0000E-48
 5691.0000  4.3000E-48
 5692.0000  6.3000E-48
 5693.0000  1.1700E-47
 5694.0000  4.6000E-48
 5695.0000  1.1200E-47
 5696.0000  0.0000E+00
 5697.0000  1.5000E-48
 5698.0000  7.9000E-48
 5699.0000  9.6000E-48
 5700.0000  8.3000E-48
 5701.0000  8.0000E-48
 5702.0000  2.9000E-48
 5703.0000  0.0000E+00
 5704.0000  1.2500E-47
 5705.0000  1.3200E-47
 5706.0000  5.7000E-48
 5707.0000  8.7000E-48
 5708.0000  2.3000E-48
 5709.0000  3.1000E-48
 5710.0000  0.0000E+00
 5711.0000  6.5000E-48
 5712.0000  4.7000E-48
 5713.0000  2.5000E-48
 5714.0000  3.0000E-48
 5715.0000  5.3000E-48
 5716.0000  9.0000E-49
 5717.0000  2.4000E-48
 5718.0000  4.0000E-48
 5719.0000  5.4000E-48
 5720.0000  1.9000E-48
 5721.0000  0.0000E+00
 5722.0000  0.0000E+00
 5723.0000  0.0000E+00
 5724.0000  6.7000E-48
 5725.0000  1.1000E-48
 5726.0000  1.8000E-48
 5727.0000  0.0000E+00
 5728.0000  4.0000E-49
 5729.0000  6.7000E-48
 5730.0000  5.1000E-48
 5731.0000  4.3000E-48
 5732.0000  7.7000E-48
 5733.0000  7.8000E-48
 5734.0000  9.8000E-48
 5735.0000  3.5000E-48
 5736.0000  5.9000E-48
 5737.0000  5.5000E-48
 5738.0000  0.0000E+00
 5739.0000  3.7000E-48
 5740.0000  6.2000E-48
 5741.0000  3.7000E-48
 5742.0000  3.1000E-48
 5743.0000  8.2000E-48
 5744.0000  5.2000E-48
 5745.0000  1.1000E-48
 5746.0000  8.7000E-48
 5747.0000  5.7000E-48
 5748.0000  4.5000E-48
 5749.0000  0.0000E+00
 5750.0000  1.8000E-48
 5751.0000  1.6600E-47
 5752.0000  5.6000E-48
 5753.0000  5.4000E-48
 5754.0000  8.3000E-48
 5755.0000  2.1000E-48
 5756.0000  0.0000E+00
 5757.0000  0.0000E+00
 5758.0000  2.7000E-48
 5759.0000  7.6000E-48
 5760.0000  3.5000E-48
 5761.0000  0.0000E+00
 5762.0000  4.1000E-48
 5763.0000  7.4000E-48
 5764.0000  5.2000E-48
 5765.0000  2.8000E-48
 5766.0000  0.0000E+00
 5767.0000  0.0000E+00
 5768.0000  0.0000E+00
 5769.0000  1.7000E-48
 5770.0000  3.7000E-48
 5771.0000  0.0000E+00
 5772.0000  0.0000E+00
 5773.0000  0.0000E+00
 5774.0000  9.0000E-49
 5775.0000  0.0000E+00
 5776.0000  0.0000E+00
 5777.0000  4.0000E-49
 5778.0000  0.0000E+00
 5779.0000  0.0000E+00
 5780.0000  4.1000E-48
 5781.0000  4.0000E-48
 5782.0000  4.2000E-48
 5783.0000  1.2000E-48
 5784.0000  3.5000E-48
 5785.0000  8.0000E-48
 5786.0000  4.6000E-48
 5787.0000  2.0000E-48
 5788.0000  0.0000E+00
 5789.0000  1.0100E-47
 5790.0000  1.8000E-48
 5791.0000  0.0000E+00
 5792.0000  4.2000E-48
 5793.0000  5.9000E-48
 5794.0000  0.0000E+00
 5795.0000  1.7000E-48
 5796.0000  1.0000E-48
 5797.0000  0.0000E+00
 5798.0000  0.0000E+00
 5799.0000  0.0000E+00
 5800.0000  1.4000E-48
 5801.0000  0.0000E+00
 5802.0000  3.0000E-48
 5803.0000  2.9000E-48
 5804.0000  5.4000E-48
 5805.0000  7.7000E-48
 5806.0000  1.4800E-47
 5807.0000  5.6000E-48
 5808.0000  6.0000E-49
 5809.0000  0.0000E+00
 5810.0000  2.4000E-48
 5811.0000  1.6000E-48
 5812.0000  4.8000E-48
 5813.0000  3.6000E-48
 5814.0000  0.0000E+00
 5815.0000  3.2000E-48
 5816.0000  6.3000E-48
 5817.0000  0.0000E+00
 5818.0000  0.0000E+00
 5819.0000  0.0000E+00
 5820.0000  0.0000E+00
 5821.0000  0.0000E+00
 5822.0000  1.0000E-48
 5823.0000  2.7000E-48
 5824.0000  0.0000E+00
 5825.0000  7.0000E-49
 5826.0000  1.9000E-48
 5827.0000  2.4000E-48
 5828.0000  3.7000E-48
 5829.0000  5.0000E-49
 5830.0000  2.7000E-48
 5831.0000  1.0000E-49
 5832.0000  3.8000E-48
 5833.0000  0.0000E+00
 5834.0000  0.0000E+00
 5835.0000  0.0000E+00
 5836.0000  0.0000E+00
 5837.0000  0.0000E+00
 5838.0000  3.3000E-48
 5839.0000  0.0000E+00
 5840.0000  0.0000E+00
 5841.0000  4.9000E-48
 5842.0000  3.2000E-48
 5843.0000  2.3000E-48
 5844.0000  0.0000E+00
 5845.0000  5.5000E-48
 5846.0000  1.1500E-47
 5847.0000  1.4000E-48
 5848.0000  0.0000E+00
 5849.0000  2.9000E-48
 5850.0000  3.6000E-48
 5851.0000  0.0000E+00
 5852.0000  5.6000E-48
 5853.0000  1.0000E-47
 5854.0000  3.0000E-49
 5855.0000  0.0000E+00
 5856.0000  0.0000E+00
 5857.0000  1.3000E-48
 5858.0000  7.7000E-48
 5859.0000  8.5000E-48
 5860.0000  1.1000E-48
 5861.0000  0.0000E+00
 5862.0000  0.0000E+00
 5863.0000  1.0000E-47
 5864.0000  7.2000E-48
 5865.0000  0.0000E+00
 5866.0000  0.0000E+00
 5867.0000  0.0000E+00
 5868.0000  1.3000E-48
 5869.0000  8.8000E-48
 5870.0000  6.4000E-48
 5871.0000  2.5000E-48
 5872.0000  0.0000E+00
 5873.0000  0.0000E+00
 5874.0000  0.0000E+00
 5875.0000  0.0000E+00
 5876.0000  3.0000E-49
 5877.0000  0.0000E+00
 5878.0000  0.0000E+00
 5879.0000  0.0000E+00
 5880.0000  0.0000E+00
 5881.0000  0.0000E+00
 5882.0000  0.0000E+00
 5883.0000  0.0000E+00
 5884.0000  2.0000E-48
 5885.0000  6.6000E-48
 5886.0000  0.0000E+00
 5887.0000  0.0000E+00
 5888.0000  1.4000E-48
 5889.0000  0.0000E+00
 5890.0000  0.0000E+00
 5891.0000  0.0000E+00
 5892.0000  0.0000E+00
 5893.0000  1.2000E-48
 5894.0000  4.1000E-48
 5895.0000  2.1000E-48
 5896.0000  0.0000E+00
 5897.0000  4.2000E-48
 5898.0000  5.8000E-48
 5899.0000  0.0000E+00
 5900.0000  0.0000E+00
 5901.0000  6.7000E-48
 5902.0000  3.8000E-48
 5903.0000  0.0000E+00
 5904.0000  0.0000E+00
 5905.0000  0.0000E+00
 5906.0000  0.0000E+00
 5907.0000  0.0000E+00
 5908.0000  6.1000E-48
 5909.0000  4.5000E-48
 5910.0000  0.0000E+00
 5911.0000  0.0000E+00
 5912.0000  0.0000E+00
 5913.0000  0.0000E+00
 5914.0000  0.0000E+00
 5915.0000  0.0000E+00
 5916.0000  0.0000E+00
 5917.0000  0.0000E+00
 5918.0000  0.0000E+00
 5919.0000  0.0000E+00
 5920.0000  3.0000E-49
 5921.0000  4.4000E-48
 5922.0000  9.3000E-48
 5923.0000  3.9000E-48
 5924.0000  0.0000E+00
 5925.0000  0.0000E+00
 5926.0000  4.1000E-48
 5927.0000  6.5000E-48
 5928.0000  5.5000E-48
 5929.0000  6.8000E-48
 5930.0000  3.3000E-48
 5931.0000  9.3000E-48
 5932.0000  4.9000E-48
 5933.0000  5.2000E-48
 5934.0000  0.0000E+00
 5935.0000  0.0000E+00
 5936.0000  0.0000E+00
 5937.0000  0.0000E+00
 5938.0000  2.0000E-48
 5939.0000  1.9000E-48
 5940.0000  0.0000E+00
 5941.0000  4.1000E-48
 5942.0000  7.8000E-48
 5943.0000  6.9000E-48
 5944.0000  7.5000E-48
 5945.0000  0.0000E+00
 5946.0000  0.0000E+00
 5947.0000  0.0000E+00
 5948.0000  0.0000E+00
 5949.0000  0.0000E+00
 5950.0000  4.0000E-48
 5951.0000  3.7000E-48
 5952.0000  3.5000E-48
 5953.0000  3.8000E-48
 5954.0000  0.0000E+00
 5955.0000  0.0000E+00
 5956.0000  0.0000E+00
 5957.0000  0.0000E+00
 5958.0000  0.0000E+00
 5959.0000  0.0000E+00
 5960.0000  0.0000E+00
 5961.0000  0.0000E+00
 5962.0000  1.0000E-49
 5963.0000  8.6000E-48
 5964.0000  0.0000E+00
 5965.0000  0.0000E+00
 5966.0000  0.0000E+00
 5967.0000  0.0000E+00
 5968.0000  0.0000E+00
 5969.0000  5.2000E-48
 5970.0000  7.9000E-48
 5971.0000  4.1000E-48
 5972.0000  4.4000E-48
 5973.0000  0.0000E+00
 5974.0000  0.0000E+00
 5975.0000  0.0000E+00
 5976.0000  0.0000E+00
 5977.0000  3.0000E-49
 5978.0000  0.0000E+00
 5979.0000  3.8000E-48
 5980.0000  2.3000E-48
 5981.0000  0.0000E+00
 5982.0000  3.4000E-48
 5983.0000  5.5000E-48
 5984.0000  2.3000E-48
 5985.0000  5.0000E-49
 5986.0000  0.0000E+00
 5987.0000  0.0000E+00
 5988.0000  0.0000E+00
 5989.0000  0.0000E+00
 5990.0000  1.3000E-48
 5991.0000  1.8000E-48
 5992.0000  5.1000E-48
 5993.0000  7.9000E-48
 5994.0000  1.2900E-47
 5995.0000  0.0000E+00
 5996.0000  0.0000E+00
 5997.0000  0.0000E+00
 5998.0000  0.0000E+00
 5999.0000  0.0000E+00
 6000.0000  3.0000E-49
 6001.0000  4.7000E-48
 6002.0000  3.5000E-48
 6003.0000  4.0000E-49
 6004.0000  2.8000E-48
 6005.0000  0.0000E+00
 6006.0000  0.0000E+00
 6007.0000  0.0000E+00
 6008.0000  5.9000E-48
 6009.0000  0.0000E+00
 6010.0000  0.0000E+00
 6011.0000  2.2000E-48
 6012.0000  4.7000E-48
 6013.0000  1.0000E-48
 6014.0000  9.6000E-48
 6015.0000  1.4000E-48
 6016.0000  1.4000E-48
 6017.0000  0.0000E+00
 6018.0000  2.8000E-48
 6019.0000  7.2000E-48
 6020.0000  3.2000E-48
 6021.0000  1.9000E-48
 6022.0000  8.9000E-48
 6023.0000  0.0000E+00
 6024.0000  0.0000E+00
 6025.0000  0.0000E+00
 6026.0000  0.0000E+00
 6027.0000  0.0000E+00
 6028.0000  0.0000E+00
 6029.0000  0.0000E+00
 6030.0000  0.0000E+00
 6031.0000  1.0000E-49
 6032.0000  0.0000E+00
 6033.0000  0.0000E+00
 6034.0000  0.0000E+00
 6035.0000  0.0000E+00
 6036.0000  0.0000E+00
 6037.0000  0.0000E+00
 6038.0000  1.1000E-48
 6039.0000  0.0000E+00
 6040.0000  0.0000E+00
 6041.0000  0.0000E+00
 6042.0000  0.0000E+00
 6043.0000  0.0000E+00
 6044.0000  2.6000E-48
 6045.0000  0.0000E+00
 6046.0000  0.0000E+00
 6047.0000  0.0000E+00
 6048.0000  0.0000E+00
 6049.0000  2.5000E-48
 6050.0000  0.0000E+00
 6051.0000  0.0000E+00
 6052.0000  2.6000E-48
 6053.0000  3.5000E-48
 6054.0000  1.3000E-48
 6055.0000  0.0000E+00
 6056.0000  0.0000E+00
 6057.0000  3.5000E-48
 6058.0000  0.0000E+00
 6059.0000  0.0000E+00
 6060.0000  0.0000E+00
 6061.0000  6.0000E-48
 6062.0000  2.6000E-48
 6063.0000  0.0000E+00
 6064.0000  0.0000E+00
 6065.0000  0.0000E+00
 6066.0000  0.0000E+00
 6067.0000  0.0000E+00
 6068.0000  0.0000E+00
 6069.0000  0.0000E+00
 6070.0000  0.0000E+00
 6071.0000  0.0000E+00
 6072.0000  1.7000E-48
 6073.0000  0.0000E+00
 6074.0000  0.0000E+00
 6075.0000  4.2000E-48
 6076.0000  0.0000E+00
 6077.0000  0.0000E+00
 6078.0000  0.0000E+00
 6079.0000  0.0000E+00
 6080.0000  0.0000E+00
 6081.0000  0.0000E+00
 6082.0000  0.0000E+00
 6083.0000  0.0000E+00
 6084.0000  0.0000E+00
 6085.0000  0.0000E+00
 6086.0000  4.7000E-48
 6087.0000  0.0000E+00
 6088.0000  0.0000E+00
 6089.0000  0.0000E+00
 6090.0000  0.0000E+00
 6091.0000  0.0000E+00
 6092.0000  2.1000E-48
 6093.0000  8.9000E-48
 6094.0000  0.0000E+00
 6095.0000  5.0000E-49
 6096.0000  3.9000E-48
 6097.0000  0.0000E+00
 6098.0000  0.0000E+00
 6099.0000  0.0000E+00
 6100.0000  0.0000E+00
 6101.0000  0.0000E+00
 6102.0000  0.0000E+00
 6103.0000  0.0000E+00
 6104.0000  0.0000E+00
 6105.0000  0.0000E+00
 6106.0000  0.0000E+00
 6107.0000  4.9000E-48
 6108.0000  0.0000E+00
 6109.0000  0.0000E+00
 6110.0000  0.0000E+00
 6111.0000  0.0000E+00
 6112.0000  3.6000E-48
 6113.0000  0.0000E+00
 6114.0000  0.0000E+00
 6115.0000  0.0000E+00
 6116.0000  0.0000E+00
 6117.0000  0.0000E+00
 6118.0000  0.0000E+00
 6119.0000  2.6000E-48
 6120.0000  0.0000E+00
 6121.0000  0.0000E+00
 6122.0000  0.0000E+00
 6123.0000  0.0000E+00
 6124.0000  4.1000E-48
 6125.0000  0.0000E+00
 6126.0000  0.0000E+00
 6127.0000  0.0000E+00
 6128.0000  6.0000E-49
 6129.0000  0.0000E+00
 6130.0000  3.0000E-49
 6131.0000  0.0000E+00
 6132.0000  0.0000E+00
 6133.0000  0.0000E+00
 6134.0000  0.0000E+00
 6135.0000  0.0000E+00
 6136.0000  0.0000E+00
 6137.0000  0.0000E+00
 6138.0000  0.0000E+00
 6139.0000  0.0000E+00
 6140.0000  0.0000E+00
 6141.0000  0.0000E+00
 6142.0000  0.0000E+00
 6143.0000  0.0000E+00
 6144.0000  0.0000E+00
 6145.0000  0.0000E+00
 6146.0000  0.0000E+00
 6147.0000  0.0000E+00
 6148.0000  0.0000E+00
 6149.0000  0.0000E+00
 6150.0000  3.1000E-48
 6151.0000  0.0000E+00
 6152.0000  0.0000E+00
 6153.0000  0.0000E+00
 6154.0000  2.0000E-49
 6155.0000  0.0000E+00
 6156.0000  6.3000E-48
 6157.0000  1.7000E-48
 6158.0000  0.0000E+00
 6159.0000  0.0000E+00
 6160.0000  4.4000E-48
 6161.0000  6.8000E-48
 6162.0000  4.6000E-48
 6163.0000  0.0000E+00
 6164.0000  0.0000E+00
 6165.0000  0.0000E+00
 6166.0000  3.0000E-49
 6167.0000  4.1000E-48
 6168.0000  8.7000E-48
 6169.0000  0.0000E+00
 6170.0000  0.0000E+00
 6171.0000  0.0000E+00
 6172.0000  0.0000E+00
 6173.0000  0.0000E+00
 6174.0000  0.0000E+00
 6175.0000  0.0000E+00
 6176.0000  0.0000E+00
 6177.0000  0.0000E+00
 6178.0000  0.0000E+00
 6179.0000  0.0000E+00
 6180.0000  0.0000E+00
 6181.0000  0.0000E+00
 6182.0000  0.0000E+00
 6183.0000  3.0000E-49
 6184.0000  6.4000E-48
 6185.0000  1.2000E-48
 6186.0000  0.0000E+00
 6187.0000  0.0000E+00
 6188.0000  0.0000E+00
 6189.0000  0.0000E+00
 6190.0000  0.0000E+00
 6191.0000  0.0000E+00
 6192.0000  0.0000E+00
 6193.0000  1.4000E-48
 6194.0000  2.2000E-48
 6195.0000  7.4000E-48
 6196.0000  9.9000E-48
 6197.0000  4.3000E-48
 6198.0000  0.0000E+00
 6199.0000  0.0000E+00
 6200.0000  0.0000E+00
               H2-He      2400      6200   2103    182 3.611E-45 1.000                            44
 2400.0000  0.0000E+00
 2401.0000  0.0000E+00
 2402.0000  0.0000E+00
 2403.0000  0.0000E+00
 2404.0000  0.0000E+00
 2405.0000  0.0000E+00
 2406.0000  0.0000E+00
 2407.0000  0.0000E+00
 2408.0000  0.0000E+00
 2409.0000  0.0000E+00
 2410.0000  0.0000E+00
 2411.0000  0.0000E+00
 2412.0000  0.0000E+00
 2413.0000  0.0000E+00
 2414.0000  0.0000E+00
 2415.0000  0.0000E+00
 2416.0000  0.0000E+00
 2417.0000  0.0000E+00
 2418.0000  0.0000E+00
 2419.0000  0.0000E+00
 2420.0000  0.0000E+00
 2421.0000  0.0000E+00
 2422.0000  0.0000E+00
 2423.0000  0.0000E+00
 2424.0000  0.0000E+00
 2425.0000  0.0000E+00
 2426.0000  0.0000E+00
 2427.0000  0.0000E+00
 2428.0000  0.0000E+00
 2429.0000  0.0000E+00
 2430.0000  0.0000E+00
 2431.0000  0.0000E+00
 2432.0000  0.0000E+00
 2433.0000  0.0000E+00
 2434.0000  0.0000E+00
 2435.0000  0.0000E+00
 2436.0000  0.0000E+00
 2437.0000  0.0000E+00
 2438.0000  0.0000E+00
 2439.0000  0.0000E+00
 2440.0000  0.0000E+00
 2441.0000  0.0000E+00
 2442.0000  0.0000E+00
 2443.0000  0.0000E+00
 2444.0000  0.0000E+00
 2445.0000  0.0000E+00
 2446.0000  0.0000E+00
 2447.0000  0.0000E+00
 2448.0000  0.0000E+00
 2449.0000  0.0000E+00
 2450.0000  0.0000E+00
 2451.0000  0.0000E+00
 2452.0000  0.0000E+00
 2453.0000  0.0000E+00
 2454.0000  0.0000E+00
 2455.0000  0.0000E+00
 2456.0000  0.0000E+00
 2457.0000  0.0000E+00
 2458.0000  0.0000E+00
 2459.0000  0.0000E+00
 2460.0000  0.0000E+00
 2461.0000  0.0000E+00
 2462.0000  0.0000E+00
 2463.0000  0.0000E+00
 2464.0000  0.0000E+00
 2465.0000  0.0000E+00
 2466.0000  0.0000E+00
 2467.0000  0.0000E+00
 2468.0000  0.0000E+00
 2469.0000  0.0000E+00
 2470.0000  0.0000E+00
 2471.0000  0.0000E+00
 2472.0000  0.0000E+00
 2473.0000  0.0000E+00
 2474.0000  0.0000E+00
 2475.0000  0.0000E+00
 2476.0000  0.0000E+00
 2477.0000  0.0000E+00
 2478.0000  0.0000E+00
 2479.0000  0.0000E+00
 2480.0000  0.0000E+00
 2481.0000  0.0000E+00
 2482.0000  0.0000E+00
 2483.0000  0.0000E+00
 2484.0000  0.0000E+00
 2485.0000  0.0000E+00
 2486.0000  0.0000E+00
 2487.0000  0.0000E+00
 2488.0000  0.0000E+00
 2489.0000  0.0000E+00
 2490.0000  0.0000E+00
 2491.0000  0.0000E+00
 2492.0000  0.0000E+00
 2493.0000  0.0000E+00
 2494.0000  0.0000E+00
 2495.0000  0.0000E+00
 2496.0000  0.0000E+00
 2497.0000  0.0000E+00
 2498.0000  0.0000E+00
 2499.0000  0.0000E+00
 2500.0000  0.0000E+00
 2501.0000  0.0000E+00
 2502.0000  0.0000E+00
 2503.0000  0.0000E+00
 2504.0000  0.0000E+00
 2505.0000  0.0000E+00
 2506.0000  0.0000E+00
 2507.0000  0.0000E+00
 2508.0000  0.0000E+00
 2509.0000  0.0000E+00
 2510.0000  0.0000E+00
 2511.0000  0.0000E+00
 2512.0000  0.0000E+00
 2513.0000  0.0000E+00
 2514.0000  0.0000E+00
 2515.0000  0.0000E+00
 2516.0000  0.0000E+00
 2517.0000  0.0000E+00
 2518.0000  0.0000E+00
 2519.0000  0.0000E+00
 2520.0000  0.0000E+00
 2521.0000  0.0000E+00
 2522.0000  0.0000E+00
 2523.0000  0.0000E+00
 2524.0000  0.0000E+00
 2525.0000  0.0000E+00
 2526.0000  0.0000E+00
 2527.0000  0.0000E+00
 2528.0000  0.0000E+00
 2529.0000  0.0000E+00
 2530.0000  0.0000E+00
 2531.0000  0.0000E+00
 2532.0000  0.0000E+00
 2533.0000  0.0000E+00
 2534.0000  0.0000E+00
 2535.0000  0.0000E+00
 2536.0000  0.0000E+00
 2537.0000  0.0000E+00
 2538.0000  0.0000E+00
 2539.0000  0.0000E+00
 2540.0000  0.0000E+00
 2541.0000  0.0000E+00
 2542.0000  0.0000E+00
 2543.0000  0.0000E+00
 2544.0000  0.0000E+00
 2545.0000  0.0000E+00
 2546.0000  0.0000E+00
 2547.0000  0.0000E+00
 2548.0000  0.0000E+00
 2549.0000  0.0000E+00
 2550.0000  0.0000E+00
 2551.0000  0.0000E+00
 2552.0000  0.0000E+00
 2553.0000  0.0000E+00
 2554.0000  0.0000E+00
 2555.0000  0.0000E+00
 2556.0000  0.0000E+00
 2557.0000  0.0000E+00
 2558.0000  0.0000E+00
 2559.0000  0.0000E+00
 2560.0000  0.0000E+00
 2561.0000  0.0000E+00
 2562.0000  0.0000E+00
 2563.0000  0.0000E+00
 2564.0000  0.0000E+00
 2565.0000  0.0000E+00
 2566.0000  0.0000E+00
 2567.0000  0.0000E+00
 2568.0000  0.0000E+00
 2569.0000  0.0000E+00
 2570.0000  0.0000E+00
 2571.0000  0.0000E+00
 2572.0000  0.0000E+00
 2573.0000  0.0000E+00
 2574.0000  0.0000E+00
 2575.0000  0.0000E+00
 2576.0000  0.0000E+00
 2577.0000  0.0000E+00
 2578.0000  0.0000E+00
 2579.0000  0.0000E+00
 2580.0000  0.0000E+00
 2581.0000  0.0000E+00
 2582.0000  0.0000E+00
 2583.0000  0.0000E+00
 2584.0000  0.0000E+00
 2585.0000  0.0000E+00
 2586.0000  0.0000E+00
 2587.0000  0.0000E+00
 2588.0000  0.0000E+00
 2589.0000  0.0000E+00
 2590.0000  0.0000E+00
 2591.0000  0.0000E+00
 2592.0000  0.0000E+00
 2593.0000  0.0000E+00
 2594.0000  0.0000E+00
 2595.0000  0.0000E+00
 2596.0000  0.0000E+00
 2597.0000  0.0000E+00
 2598.0000  0.0000E+00
 2599.0000  0.0000E+00
 2600.0000  0.0000E+00
 2601.0000  0.0000E+00
 2602.0000  0.0000E+00
 2603.0000  0.0000E+00
 2604.0000  0.0000E+00
 2605.0000  0.0000E+00
 2606.0000  0.0000E+00
 2607.0000  0.0000E+00
 2608.0000  0.0000E+00
 2609.0000  0.0000E+00
 2610.0000  0.0000E+00
 2611.0000  0.0000E+00
 2612.0000  0.0000E+00
 2613.0000  0.0000E+00
 2614.0000  0.0000E+00
 2615.0000  0.0000E+00
 2616.0000  0.0000E+00
 2617.0000  0.0000E+00
 2618.0000  0.0000E+00
 2619.0000  0.0000E+00
 2620.0000  0.0000E+00
 2621.0000  0.0000E+00
 2622.0000  0.0000E+00
 2623.0000  0.0000E+00
 2624.0000  0.0000E+00
 2625.0000  0.0000E+00
 2626.0000  0.0000E+00
 2627.0000  0.0000E+00
 2628.0000  0.0000E+00
 2629.0000  0.0000E+00
 2630.0000  0.0000E+00
 2631.0000  0.0000E+00
 2632.0000  0.0000E+00
 2633.0000  0.0000E+00
 2634.0000  0.0000E+00
 2635.0000  0.0000E+00
 2636.0000  0.0000E+00
 2637.0000  0.0000E+00
 2638.0000  0.0000E+00
 2639.0000  0.0000E+00
 2640.0000  0.0000E+00
 2641.0000  0.0000E+00
 2642.0000  0.0000E+00
 2643.0000  0.0000E+00
 2644.0000  0.0000E+00
 2645.0000  0.0000E+00
 2646.0000  0.0000E+00
 2647.0000  0.0000E+00
 2648.0000  0.0000E+00
 2649.0000  0.0000E+00
 2650.0000  0.0000E+00
 2651.0000  0.0000E+00
 2652.0000  0.0000E+00
 2653.0000  0.0000E+00
 2654.0000  0.0000E+00
 2655.0000  0.0000E+00
 2656.0000  0.0000E+00
 2657.0000  0.0000E+00
 2658.0000  0.0000E+00
 2659.0000  0.0000E+00
 2660.0000  0.0000E+00
 2661.0000  0.0000E+00
 2662.0000  0.0000E+00
 2663.0000  0.0000E+00
 2664.0000  0.0000E+00
 2665.0000  0.0000E+00
 2666.0000  0.0000E+00
 2667.0000  0.0000E+00
 2668.0000  0.0000E+00
 2669.0000  0.0000E+00
 2670.0000  0.0000E+00
 2671.0000  0.0000E+00
 2672.0000  0.0000E+00
 2673.0000  0.0000E+00
 2674.0000  0.0000E+00
 2675.0000  0.0000E+00
 2676.0000  0.0000E+00
 2677.0000  0.0000E+00
 2678.0000  0.0000E+00
 2679.0000  0.0000E+00
 2680.0000  0.0000E+00
 2681.0000  0.0000E+00
 2682.0000  0.0000E+00
 2683.0000  0.0000E+00
 2684.0000  0.0000E+00
 2685.0000  0.0000E+00
 2686.0000  0.0000E+00
 2687.0000  0.0000E+00
 2688.0000  0.0000E+00
 2689.0000  0.0000E+00
 2690.0000  0.0000E+00
 2691.0000  0.0000E+00
 2692.0000  0.0000E+00
 2693.0000  0.0000E+00
 2694.0000  0.0000E+00
 2695.0000  0.0000E+00
 2696.0000  0.0000E+00
 2697.0000  0.0000E+00
 2698.0000  0.0000E+00
 2699.0000  0.0000E+00
 2700.0000  0.0000E+00
 2701.0000  0.0000E+00
 2702.0000  0.0000E+00
 2703.0000  0.0000E+00
 2704.0000  0.0000E+00
 2705.0000  0.0000E+00
 2706.0000  0.0000E+00
 2707.0000  0.0000E+00
 2708.0000  0.0000E+00
 2709.0000  0.0000E+00
 2710.0000  0.0000E+00
 2711.0000  0.0000E+00
 2712.0000  0.0000E+00
 2713.0000  0.0000E+00
 2714.0000  0.0000E+00
 2715.0000  0.0000E+00
 2716.0000  0.0000E+00
 2717.0000  0.0000E+00
 2718.0000  0.0000E+00
 2719.0000  0.0000E+00
 2720.0000  0.0000E+00
 2721.0000  0.0000E+00
 2722.0000  0.0000E+00
 2723.0000  0.0000E+00
 2724.0000  0.0000E+00
 2725.0000  0.0000E+00
 2726.0000  0.0000E+00
 2727.0000  0.0000E+00
 2728.0000  0.0000E+00
 2729.0000  0.0000E+00
 2730.0000  0.0000E+00
 2731.0000  0.0000E+00
 2732.0000  0.0000E+00
 2733.0000  0.0000E+00
 2734.0000  0.0000E+00
 2735.0000  0.0000E+00
 2736.0000  0.0000E+00
 2737.0000  0.0000E+00
 2738.0000  0.0000E+00
 2739.0000  0.0000E+00
 2740.0000  0.0000E+00
 2741.0000  0.0000E+00
 2742.0000  0.0000E+00
 2743.0000  0.0000E+00
 2744.0000  0.0000E+00
 2745.0000  0.0000E+00
 2746.0000  0.0000E+00
 2747.0000  0.0000E+00
 2748.0000  0.0000E+00
 2749.0000  0.0000E+00
 2750.0000  0.0000E+00
 2751.0000  0.0000E+00
 2752.0000  0.0000E+00
 2753.0000  0.0000E+00
 2754.0000  0.0000E+00
 2755.0000  0.0000E+00
 2756.0000  0.0000E+00
 2757.0000  0.0000E+00
 2758.0000  0.0000E+00
 2759.0000  0.0000E+00
 2760.0000  0.0000E+00
 2761.0000  0.0000E+00
 2762.0000  0.0000E+00
 2763.0000  0.0000E+00
 2764.0000  0.0000E+00
 2765.0000  0.0000E+00
 2766.0000  0.0000E+00
 2767.0000  0.0000E+00
 2768.0000  0.0000E+00
 2769.0000  0.0000E+00
 2770.0000  0.0000E+00
 2771.0000  0.0000E+00
 2772.0000  0.0000E+00
 2773.0000  0.0000E+00
 2774.0000  0.0000E+00
 2775.0000  0.0000E+00
 2776.0000  0.0000E+00
 2777.0000  0.0000E+00
 2778.0000  0.0000E+00
 2779.0000  0.0000E+00
 2780.0000  0.0000E+00
 2781.0000  0.0000E+00
 2782.0000  0.0000E+00
 2783.0000  0.0000E+00
 2784.0000  0.0000E+00
 2785.0000  0.0000E+00
 2786.0000  0.0000E+00
 2787.0000  0.0000E+00
 2788.0000  0.0000E+00
 2789.0000  0.0000E+00
 2790.0000  0.0000E+00
 2791.0000  0.0000E+00
 2792.0000  0.0000E+00
 2793.0000  0.0000E+00
 2794.0000  0.0000E+00
 2795.0000  0.0000E+00
 2796.0000  0.0000E+00
 2797.0000  0.0000E+00
 2798.0000  0.0000E+00
 2799.0000  0.0000E+00
 2800.0000  0.0000E+00
 4000.0000  6.4470E-46
 4001.0000  6.5380E-46
 4002.0000  6.6160E-46
 4003.0000  6.6970E-46
 4004.0000  6.7910E-46
 4005.0000  6.8830E-46
 4006.0000  6.9860E-46
 4007.0000  7.0830E-46
 4008.0000  7.0710E-46
 4009.0000  7.1250E-46
 4010.0000  7.3660E-46
 4011.0000  7.4760E-46
 4012.0000  7.5630E-46
 4013.0000  7.6530E-46
 4014.0000  7.7720E-46
 4015.0000  7.8620E-46
 4016.0000  7.9760E-46
 4017.0000  8.0770E-46
 4018.0000  8.1940E-46
 4019.0000  8.2500E-46
 4020.0000  8.3690E-46
 4021.0000  8.5320E-46
 4022.0000  8.6500E-46
 4023.0000  8.7700E-46
 4024.0000  8.8800E-46
 4025.0000  8.9100E-46
 4026.0000  9.0400E-46
 4027.0000  9.2300E-46
 4028.0000  9.3600E-46
 4029.0000  9.4800E-46
 4030.0000  9.5800E-46
 4031.0000  9.7200E-46
 4032.0000  9.8500E-46
 4033.0000  9.9800E-46
 4034.0000  1.0110E-45
 4035.0000  1.0240E-45
 4036.0000  1.0380E-45
 4037.0000  1.0520E-45
 4038.0000  1.0660E-45
 4039.0000  1.0790E-45
 4040.0000  1.0920E-45
 4041.0000  1.1060E-45
 4042.0000  1.1200E-45
 4043.0000  1.1320E-45
 4044.0000  1.1390E-45
 4045.0000  1.1470E-45
 4046.0000  1.1750E-45
 4047.0000  1.1920E-45
 4048.0000  1.2070E-45
 4049.0000  1.2220E-45
 4050.0000  1.2360E-45
 4051.0000  1.2510E-45
 4052.0000  1.2650E-45
 4053.0000  1.2820E-45
 4054.0000  1.3000E-45
 4055.0000  1.3140E-45
 4056.0000  1.3300E-45
 4057.0000  1.3460E-45
 4058.0000  1.3630E-45
 4059.0000  1.3790E-45
 4060.0000  1.3910E-45
 4061.0000  1.4070E-45
 4062.0000  1.4290E-45
 4063.0000  1.4470E-45
 4064.0000  1.4630E-45
 4065.0000  1.4810E-45
 4066.0000  1.4990E-45
 4067.0000  1.5160E-45
 4068.0000  1.5330E-45
 4069.0000  1.5510E-45
 4070.0000  1.5690E-45
 4071.0000  1.5870E-45
 4072.0000  1.6060E-45
 4073.0000  1.6240E-45
 4074.0000  1.6400E-45
 4075.0000  1.6600E-45
 4076.0000  1.6800E-45
 4077.0000  1.6990E-45
 4078.0000  1.7170E-45
 4079.0000  1.7300E-45
 4080.0000  1.7490E-45
 4081.0000  1.7740E-45
 4082.0000  1.7930E-45
 4083.0000  1.8130E-45
 4084.0000  1.8320E-45
 4085.0000  1.8520E-45
 4086.0000  1.8710E-45
 4087.0000  1.8920E-45
 4088.0000  1.9070E-45
 4089.0000  1.9320E-45
 4090.0000  1.9540E-45
 4091.0000  1.9740E-45
 4092.0000  1.9940E-45
 4093.0000  2.0160E-45
 4094.0000  2.0380E-45
 4095.0000  2.0570E-45
 4096.0000  2.0760E-45
 4097.0000  2.0960E-45
 4098.0000  2.1190E-45
 4099.0000  2.1420E-45
 4100.0000  2.1640E-45
 4101.0000  2.1830E-45
 4102.0000  2.2040E-45
 4103.0000  2.2260E-45
 4104.0000  2.2460E-45
 4105.0000  2.2630E-45
 4106.0000  2.2780E-45
 4107.0000  2.3060E-45
 4108.0000  2.3330E-45
 4109.0000  2.3530E-45
 4110.0000  2.3740E-45
 4111.0000  2.3970E-45
 4112.0000  2.4200E-45
 4113.0000  2.4420E-45
 4114.0000  2.4630E-45
 4115.0000  2.4830E-45
 4116.0000  2.5040E-45
 4117.0000  2.5250E-45
 4118.0000  2.5480E-45
 4119.0000  2.5680E-45
 4120.0000  2.5890E-45
 4121.0000  2.6090E-45
 4122.0000  2.6260E-45
 4123.0000  2.6420E-45
 4124.0000  2.6550E-45
 4125.0000  2.6610E-45
 4126.0000  2.6750E-45
 4127.0000  2.6980E-45
 4128.0000  2.7300E-45
 4129.0000  2.7620E-45
 4130.0000  2.7890E-45
 4131.0000  2.8140E-45
 4132.0000  2.8360E-45
 4133.0000  2.8550E-45
 4134.0000  2.8750E-45
 4135.0000  2.8950E-45
 4136.0000  2.9150E-45
 4137.0000  2.9330E-45
 4138.0000  2.9470E-45
 4139.0000  2.9550E-45
 4140.0000  2.9620E-45
 4141.0000  2.9520E-45
 4142.0000  2.9220E-45
 4143.0000  2.8970E-45
 4144.0000  2.8980E-45
 4145.0000  2.9380E-45
 4146.0000  2.9930E-45
 4147.0000  3.0290E-45
 4148.0000  3.0420E-45
 4149.0000  3.0330E-45
 4150.0000  2.9980E-45
 4151.0000  2.9160E-45
 4152.0000  2.7410E-45
 4153.0000  2.3720E-45
 4154.0000  1.7730E-45
 4155.0000  1.3450E-45
 4156.0000  1.3040E-45
 4157.0000  1.7400E-45
 4158.0000  2.2350E-45
 4159.0000  2.4740E-45
 4160.0000  2.5220E-45
 4161.0000  2.5450E-45
 4162.0000  2.6300E-45
 4163.0000  2.8130E-45
 4164.0000  2.9880E-45
 4165.0000  3.1020E-45
 4166.0000  3.1780E-45
 4167.0000  3.2290E-45
 4168.0000  3.2690E-45
 4169.0000  3.3020E-45
 4170.0000  3.3300E-45
 4171.0000  3.3530E-45
 4172.0000  3.3740E-45
 4173.0000  3.3910E-45
 4174.0000  3.4090E-45
 4175.0000  3.4250E-45
 4176.0000  3.4410E-45
 4177.0000  3.4540E-45
 4178.0000  3.4660E-45
 4179.0000  3.4750E-45
 4180.0000  3.4860E-45
 4181.0000  3.4970E-45
 4182.0000  3.5060E-45
 4183.0000  3.5140E-45
 4184.0000  3.5220E-45
 4185.0000  3.5310E-45
 4186.0000  3.5400E-45
 4187.0000  3.5460E-45
 4188.0000  3.5520E-45
 4189.0000  3.5580E-45
 4190.0000  3.5630E-45
 4191.0000  3.5690E-45
 4192.0000  3.5740E-45
 4193.0000  3.5810E-45
 4194.0000  3.5840E-45
 4195.0000  3.5870E-45
 4196.0000  3.5920E-45
 4197.0000  3.5940E-45
 4198.0000  3.5990E-45
 4199.0000  3.6020E-45
 4200.0000  3.6030E-45
 4201.0000  3.6050E-45
 4202.0000  3.6070E-45
 4203.0000  3.6090E-45
 4204.0000  3.6100E-45
 4205.0000  3.6090E-45
 4206.0000  3.6100E-45
 4207.0000  3.6110E-45
 4208.0000  3.6100E-45
 4209.0000  3.6100E-45
 4210.0000  3.6100E-45
 4211.0000  3.6110E-45
 4212.0000  3.6110E-45
 4213.0000  3.6100E-45
 4214.0000  3.6060E-45
 4215.0000  3.6030E-45
 4216.0000  3.6020E-45
 4217.0000  3.6000E-45
 4218.0000  3.5960E-45
 4219.0000  3.5940E-45
 4220.0000  3.5920E-45
 4221.0000  3.5890E-45
 4222.0000  3.5870E-45
 4223.0000  3.5840E-45
 4224.0000  3.5780E-45
 4225.0000  3.5740E-45
 4226.0000  3.5700E-45
 4227.0000  3.5670E-45
 4228.0000  3.5620E-45
 4229.0000  3.5560E-45
 4230.0000  3.5520E-45
 4231.0000  3.5450E-45
 4232.0000  3.5410E-45
 4233.0000  3.5350E-45
 4234.0000  3.5290E-45
 4235.0000  3.5220E-45
 4236.0000  3.5160E-45
 4237.0000  3.5100E-45
 4238.0000  3.5040E-45
 4239.0000  3.4970E-45
 4240.0000  3.4900E-45
 4241.0000  3.4860E-45
 4242.0000  3.4780E-45
 4243.0000  3.4700E-45
 4244.0000  3.4610E-45
 4245.0000  3.4550E-45
 4246.0000  3.4480E-45
 4247.0000  3.4390E-45
 4248.0000  3.4300E-45
 4249.0000  3.4240E-45
 4250.0000  3.4150E-45
 4251.0000  3.4060E-45
 4252.0000  3.3970E-45
 4253.0000  3.3900E-45
 4254.0000  3.3820E-45
 4255.0000  3.3720E-45
 4256.0000  3.3630E-45
 4257.0000  3.3520E-45
 4258.0000  3.3440E-45
 4259.0000  3.3330E-45
 4260.0000  3.3260E-45
 4261.0000  3.3160E-45
 4262.0000  3.3050E-45
 4263.0000  3.2950E-45
 4264.0000  3.2860E-45
 4265.0000  3.2770E-45
 4266.0000  3.2640E-45
 4267.0000  3.2550E-45
 4268.0000  3.2450E-45
 4269.0000  3.2330E-45
 4270.0000  3.2210E-45
 4271.0000  3.2100E-45
 4272.0000  3.1980E-45
 4273.0000  3.1890E-45
 4274.0000  3.1790E-45
 4275.0000  3.1690E-45
 4276.0000  3.1590E-45
 4277.0000  3.1470E-45
 4278.0000  3.1350E-45
 4279.0000  3.1250E-45
 4280.0000  3.1110E-45
 4281.0000  3.0990E-45
 4282.0000  3.0900E-45
 4283.0000  3.0800E-45
 4284.0000  3.0680E-45
 4285.0000  3.0570E-45
 4286.0000  3.0460E-45
 4287.0000  3.0340E-45
 4288.0000  3.0220E-45
 4289.0000  3.0110E-45
 4290.0000  3.0000E-45
 4291.0000  2.9860E-45
 4292.0000  2.9740E-45
 4293.0000  2.9640E-45
 4294.0000  2.9520E-45
 4295.0000  2.9430E-45
 4296.0000  2.9290E-45
 4297.0000  2.9150E-45
 4298.0000  2.9020E-45
 4299.0000  2.8920E-45
 4300.0000  2.8810E-45
 4301.0000  2.8690E-45
 4302.0000  2.8570E-45
 4303.0000  2.8460E-45
 4304.0000  2.8360E-45
 4305.0000  2.8250E-45
 4306.0000  2.8110E-45
 4307.0000  2.7980E-45
 4308.0000  2.7870E-45
 4309.0000  2.7740E-45
 4310.0000  2.7610E-45
 4311.0000  2.7500E-45
 4312.0000  2.7370E-45
 4313.0000  2.7270E-45
 4314.0000  2.7140E-45
 4315.0000  2.7010E-45
 4316.0000  2.6890E-45
 4317.0000  2.6770E-45
 4318.0000  2.6650E-45
 4319.0000  2.6520E-45
 4320.0000  2.6420E-45
 4321.0000  2.6310E-45
 4322.0000  2.6180E-45
 4323.0000  2.6070E-45
 4324.0000  2.5940E-45
 4325.0000  2.5810E-45
 4326.0000  2.5690E-45
 4327.0000  2.5570E-45
 4328.0000  2.5440E-45
 4329.0000  2.5320E-45
 4330.0000  2.5210E-45
 4331.0000  2.5110E-45
 4332.0000  2.4980E-45
 4333.0000  2.4870E-45
 4334.0000  2.4750E-45
 4335.0000  2.4620E-45
 4336.0000  2.4500E-45
 4337.0000  2.4380E-45
 4338.0000  2.4280E-45
 4339.0000  2.4150E-45
 4340.0000  2.4030E-45
 4341.0000  2.3930E-45
 4342.0000  2.3810E-45
 4343.0000  2.3690E-45
 4344.0000  2.3570E-45
 4345.0000  2.3440E-45
 4346.0000  2.3350E-45
 4347.0000  2.3210E-45
 4348.0000  2.3090E-45
 4349.0000  2.2990E-45
 4350.0000  2.2860E-45
 4351.0000  2.2750E-45
 4352.0000  2.2640E-45
 4353.0000  2.2520E-45
 4354.0000  2.2410E-45
 4355.0000  2.2290E-45
 4356.0000  2.2190E-45
 4357.0000  2.2090E-45
 4358.0000  2.1990E-45
 4359.0000  2.1850E-45
 4360.0000  2.1750E-45
 4361.0000  2.1640E-45
 4362.0000  2.1520E-45
 4363.0000  2.1420E-45
 4364.0000  2.1320E-45
 4365.0000  2.1200E-45
 4366.0000  2.1090E-45
 4367.0000  2.0970E-45
 4368.0000  2.0870E-45
 4369.0000  2.0780E-45
 4370.0000  2.0660E-45
 4371.0000  2.0580E-45
 4372.0000  2.0460E-45
 4373.0000  2.0360E-45
 4374.0000  2.0250E-45
 4375.0000  2.0140E-45
 4376.0000  2.0040E-45
 4377.0000  1.9930E-45
 4378.0000  1.9810E-45
 4379.0000  1.9710E-45
 4380.0000  1.9610E-45
 4381.0000  1.9510E-45
 4382.0000  1.9410E-45
 4383.0000  1.9300E-45
 4384.0000  1.9210E-45
 4385.0000  1.9110E-45
 4386.0000  1.8980E-45
 4387.0000  1.8910E-45
 4388.0000  1.8820E-45
 4389.0000  1.8720E-45
 4390.0000  1.8610E-45
 4391.0000  1.8510E-45
 4392.0000  1.8420E-45
 4393.0000  1.8320E-45
 4394.0000  1.8220E-45
 4395.0000  1.8140E-45
 4396.0000  1.8060E-45
 4397.0000  1.7960E-45
 4398.0000  1.7890E-45
 4399.0000  1.7800E-45
 4400.0000  1.7680E-45
 4401.0000  1.7600E-45
 4402.0000  1.7480E-45
 4403.0000  1.7390E-45
 4404.0000  1.7330E-45
 4405.0000  1.7230E-45
 4406.0000  1.7120E-45
 4407.0000  1.7050E-45
 4408.0000  1.6980E-45
 4409.0000  1.6880E-45
 4410.0000  1.6780E-45
 4411.0000  1.6690E-45
 4412.0000  1.6610E-45
 4413.0000  1.6530E-45
 4414.0000  1.6440E-45
 4415.0000  1.6360E-45
 4416.0000  1.6260E-45
 4417.0000  1.6190E-45
 4418.0000  1.6110E-45
 4419.0000  1.5980E-45
 4420.0000  1.5910E-45
 4421.0000  1.5850E-45
 4422.0000  1.5790E-45
 4423.0000  1.5710E-45
 4424.0000  1.5620E-45
 4425.0000  1.5550E-45
 4426.0000  1.5470E-45
 4427.0000  1.5390E-45
 4428.0000  1.5290E-45
 4429.0000  1.5230E-45
 4430.0000  1.5160E-45
 4431.0000  1.5090E-45
 4432.0000  1.5010E-45
 4433.0000  1.4960E-45
 4434.0000  1.4880E-45
 4435.0000  1.4800E-45
 4436.0000  1.4710E-45
 4437.0000  1.4640E-45
 4438.0000  1.4570E-45
 4439.0000  1.4510E-45
 4440.0000  1.4420E-45
 4441.0000  1.4350E-45
 4442.0000  1.4310E-45
 4443.0000  1.4250E-45
 4444.0000  1.4170E-45
 4445.0000  1.4080E-45
 4446.0000  1.4020E-45
 4447.0000  1.3960E-45
 4448.0000  1.3900E-45
 4449.0000  1.3840E-45
 4450.0000  1.3780E-45
 4451.0000  1.3690E-45
 4452.0000  1.3610E-45
 4453.0000  1.3560E-45
 4454.0000  1.3490E-45
 4455.0000  1.3440E-45
 4456.0000  1.3380E-45
 4457.0000  1.3310E-45
 4458.0000  1.3260E-45
 4459.0000  1.3220E-45
 4460.0000  1.3170E-45
 4461.0000  1.3100E-45
 4462.0000  1.3030E-45
 4463.0000  1.2970E-45
 4464.0000  1.2930E-45
 4465.0000  1.2880E-45
 4466.0000  1.2810E-45
 4467.0000  1.2750E-45
 4468.0000  1.2690E-45
 4469.0000  1.2640E-45
 4470.0000  1.2570E-45
 4471.0000  1.2530E-45
 4472.0000  1.2500E-45
 4473.0000  1.2440E-45
 4474.0000  1.2390E-45
 4475.0000  1.2320E-45
 4476.0000  1.2270E-45
 4477.0000  1.2220E-45
 4478.0000  1.2190E-45
 4479.0000  1.2140E-45
 4480.0000  1.2070E-45
 4481.0000  1.2030E-45
 4482.0000  1.1990E-45
 4483.0000  1.1930E-45
 4484.0000  1.1880E-45
 4485.0000  1.1820E-45
 4486.0000  1.1780E-45
 4487.0000  1.1760E-45
 4488.0000  1.1710E-45
 4489.0000  1.1650E-45
 4490.0000  1.1620E-45
 4491.0000  1.1570E-45
 4492.0000  1.1490E-45
 4493.0000  1.1430E-45
 4494.0000  1.1380E-45
 4495.0000  1.1260E-45
 4496.0000  1.1090E-45
 4497.0000  1.0920E-45
 4498.0000  1.0790E-45
 4499.0000  1.0730E-45
 4500.0000  1.0740E-45
 4501.0000  1.0790E-45
 4502.0000  1.0840E-45
 4503.0000  1.0860E-45
 4504.0000  1.0820E-45
 4505.0000  1.0760E-45
 4506.0000  1.0730E-45
 4507.0000  1.0690E-45
 4508.0000  1.0660E-45
 4509.0000  1.0650E-45
 4510.0000  1.0610E-45
 4511.0000  1.0570E-45
 4512.0000  1.0520E-45
 4513.0000  1.0470E-45
 4514.0000  1.0450E-45
 4515.0000  1.0400E-45
 4516.0000  1.0340E-45
 4517.0000  1.0290E-45
 4518.0000  1.0270E-45
 4519.0000  1.0230E-45
 4520.0000  1.0170E-45
 4521.0000  1.0090E-45
 4522.0000  1.0070E-45
 4523.0000  1.0040E-45
 4524.0000  1.0010E-45
 4525.0000  9.9500E-46
 4526.0000  9.9100E-46
 4527.0000  9.8500E-46
 4528.0000  9.8000E-46
 4529.0000  9.7600E-46
 4530.0000  9.7100E-46
 4531.0000  9.6700E-46
 4532.0000  9.6000E-46
 4533.0000  9.5800E-46
 4534.0000  9.5300E-46
 4535.0000  9.4800E-46
 4536.0000  9.4500E-46
 4537.0000  9.4300E-46
 4538.0000  9.3800E-46
 4539.0000  9.3500E-46
 4540.0000  9.2900E-46
 4541.0000  9.2200E-46
 4542.0000  9.2000E-46
 4543.0000  9.1600E-46
 4544.0000  9.1200E-46
 4545.0000  9.0800E-46
 4546.0000  9.0300E-46
 4547.0000  9.0100E-46
 4548.0000  8.9900E-46
 4549.0000  8.9200E-46
 4550.0000  8.8500E-46
 4551.0000  8.8100E-46
 4552.0000  8.7900E-46
 4553.0000  8.7400E-46
 4554.0000  8.6900E-46
 4555.0000  8.6700E-46
 4556.0000  8.6400E-46
 4557.0000  8.6000E-46
 4558.0000  8.5700E-46
 4559.0000  8.5600E-46
 4560.0000  8.5100E-46
 4561.0000  8.4800E-46
 4562.0000  8.4200E-46
 4563.0000  8.3800E-46
 4564.0000  8.3700E-46
 4565.0000  8.3200E-46
 4566.0000  8.2800E-46
 4567.0000  8.2400E-46
 4568.0000  8.1900E-46
 4569.0000  8.1900E-46
 4570.0000  8.1700E-46
 4571.0000  8.1100E-46
 4572.0000  8.0700E-46
 4573.0000  8.0400E-46
 4574.0000  8.0200E-46
 4575.0000  7.9600E-46
 4576.0000  7.9300E-46
 4577.0000  7.9000E-46
 4578.0000  7.8800E-46
 4579.0000  7.8600E-46
 4580.0000  7.8400E-46
 4581.0000  7.8200E-46
 4582.0000  7.7700E-46
 4583.0000  7.7300E-46
 4584.0000  7.7300E-46
 4585.0000  7.7000E-46
 4586.0000  7.6400E-46
 4587.0000  7.6200E-46
 4588.0000  7.6100E-46
 4589.0000  7.5900E-46
 4590.0000  7.5400E-46
 4591.0000  7.5000E-46
 4592.0000  7.4800E-46
 4593.0000  7.4500E-46
 4594.0000  7.3900E-46
 4595.0000  7.3800E-46
 4596.0000  7.3500E-46
 4597.0000  7.3400E-46
 4598.0000  7.3000E-46
 4599.0000  7.3000E-46
 4600.0000  7.2900E-46
 4601.0000  7.3200E-46
 4602.0000  7.2700E-46
 4603.0000  7.1900E-46
 4604.0000  7.1900E-46
 4605.0000  7.1600E-46
 4606.0000  7.1600E-46
 4607.0000  7.1600E-46
 4608.0000  7.1200E-46
 4609.0000  7.0900E-46
 4610.0000  7.0600E-46
 4611.0000  7.0500E-46
 4612.0000  7.0300E-46
 4613.0000  7.0100E-46
 4614.0000  6.9900E-46
 4615.0000  6.9500E-46
 4616.0000  6.9400E-46
 4617.0000  6.9300E-46
 4618.0000  6.9100E-46
 4619.0000  6.8800E-46
 4620.0000  6.8800E-46
 4621.0000  6.8700E-46
 4622.0000  6.8600E-46
 4623.0000  6.8600E-46
 4624.0000  6.8600E-46
 4625.0000  6.8400E-46
 4626.0000  6.8000E-46
 4627.0000  6.7800E-46
 4628.0000  6.8000E-46
 4629.0000  6.7800E-46
 4630.0000  6.7400E-46
 4631.0000  6.7500E-46
 4632.0000  6.7300E-46
 4633.0000  6.7200E-46
 4634.0000  6.7000E-46
 4635.0000  6.7100E-46
 4636.0000  6.7200E-46
 4637.0000  6.6800E-46
 4638.0000  6.6600E-46
 4639.0000  6.6700E-46
 4640.0000  6.6500E-46
 4641.0000  6.6400E-46
 4642.0000  6.6200E-46
 4643.0000  6.5900E-46
 4644.0000  6.6300E-46
 4645.0000  6.6100E-46
 4646.0000  6.5900E-46
 4647.0000  6.5800E-46
 4648.0000  6.6000E-46
 4649.0000  6.5800E-46
 4650.0000  6.5400E-46
 4651.0000  6.5900E-46
 4652.0000  6.6100E-46
 4653.0000  6.5800E-46
 4654.0000  6.5800E-46
 4655.0000  6.5700E-46
 4656.0000  6.5600E-46
 4657.0000  6.5600E-46
 4658.0000  6.5800E-46
 4659.0000  6.5800E-46
 4660.0000  6.5800E-46
 4661.0000  6.5600E-46
 4662.0000  6.5600E-46
 4663.0000  6.5700E-46
 4664.0000  6.5400E-46
 4665.0000  6.5200E-46
 4666.0000  6.5300E-46
 4667.0000  6.5600E-46
 4668.0000  6.5500E-46
 4669.0000  6.5700E-46
 4670.0000  6.5800E-46
 4671.0000  6.5900E-46
 4672.0000  6.5700E-46
 4673.0000  6.5700E-46
 4674.0000  6.5700E-46
 4675.0000  6.5900E-46
 4676.0000  6.6000E-46
 4677.0000  6.6300E-46
 4678.0000  6.6400E-46
 4679.0000  6.6400E-46
 4680.0000  6.6700E-46
 4681.0000  6.6600E-46
 4682.0000  6.6100E-46
 4683.0000  6.6100E-46
 4684.0000  6.6500E-46
 4685.0000  6.6700E-46
 4686.0000  6.6800E-46
 4687.0000  6.6900E-46
 4688.0000  6.6900E-46
 4689.0000  6.7300E-46
 4690.0000  6.7200E-46
 4691.0000  6.7400E-46
 4692.0000  6.7300E-46
 4693.0000  6.7700E-46
 4694.0000  6.7700E-46
 4695.0000  6.7600E-46
 4696.0000  6.7400E-46
 4697.0000  6.7600E-46
 4698.0000  6.7600E-46
 4699.0000  6.7500E-46
 4700.0000  6.7200E-46
 4701.0000  6.7600E-46
 4702.0000  6.7900E-46
 4703.0000  6.7700E-46
 4704.0000  6.7800E-46
 4705.0000  6.7600E-46
 4706.0000  6.7200E-46
 4707.0000  6.7100E-46
 4708.0000  6.6700E-46
 4709.0000  6.5900E-46
 4710.0000  6.4800E-46
 4711.0000  6.2400E-46
 4712.0000  5.9300E-46
 4713.0000  5.7800E-46
 4714.0000  5.7200E-46
 4715.0000  5.8800E-46
 4716.0000  6.1600E-46
 4717.0000  6.3300E-46
 4718.0000  6.4600E-46
 4719.0000  6.5800E-46
 4720.0000  6.6200E-46
 4721.0000  6.6400E-46
 4722.0000  6.6600E-46
 4723.0000  6.6500E-46
 4724.0000  6.6800E-46
 4725.0000  6.6800E-46
 4726.0000  6.6500E-46
 4727.0000  6.6800E-46
 4728.0000  6.6900E-46
 4729.0000  6.6800E-46
 4730.0000  6.6700E-46
 4731.0000  6.6600E-46
 4732.0000  6.6600E-46
 4733.0000  6.6600E-46
 4734.0000  6.6800E-46
 4735.0000  6.6200E-46
 4736.0000  6.5500E-46
 4737.0000  6.5600E-46
 4738.0000  6.5500E-46
 4739.0000  6.5900E-46
 4740.0000  6.5400E-46
 4741.0000  6.5400E-46
 4742.0000  6.5900E-46
 4743.0000  6.5300E-46
 4744.0000  6.4900E-46
 4745.0000  6.4500E-46
 4746.0000  6.4700E-46
 4747.0000  6.4800E-46
 4748.0000  6.4600E-46
 4749.0000  6.4300E-46
 4750.0000  6.4000E-46
 4751.0000  6.3600E-46
 4752.0000  6.3300E-46
 4753.0000  6.3600E-46
 4754.0000  6.3500E-46
 4755.0000  6.2800E-46
 4756.0000  6.2400E-46
 4757.0000  6.2800E-46
 4758.0000  6.2800E-46
 4759.0000  6.2600E-46
 4760.0000  6.2200E-46
 4761.0000  6.2100E-46
 4762.0000  6.2000E-46
 4763.0000  6.1900E-46
 4764.0000  6.1300E-46
 4765.0000  6.0900E-46
 4766.0000  6.0700E-46
 4767.0000  6.0700E-46
 4768.0000  6.0400E-46
 4769.0000  6.0200E-46
 4770.0000  6.0000E-46
 4771.0000  5.9900E-46
 4772.0000  6.0000E-46
 4773.0000  5.9400E-46
 4774.0000  5.9200E-46
 4775.0000  5.8700E-46
 4776.0000  5.8600E-46
 4777.0000  5.8700E-46
 4778.0000  5.8700E-46
 4779.0000  5.8100E-46
 4780.0000  5.7800E-46
 4781.0000  5.7700E-46
 4782.0000  5.7600E-46
 4783.0000  5.7400E-46
 4784.0000  5.7200E-46
 4785.0000  5.6800E-46
 4786.0000  5.6300E-46
 4787.0000  5.6100E-46
 4788.0000  5.6200E-46
 4789.0000  5.6200E-46
 4790.0000  5.5900E-46
 4791.0000  5.5800E-46
 4792.0000  5.5800E-46
 4793.0000  5.5200E-46
 4794.0000  5.4900E-46
 4795.0000  5.4500E-46
 4796.0000  5.4800E-46
 4797.0000  5.4700E-46
 4798.0000  5.4300E-46
 4799.0000  5.3900E-46
 4800.0000  5.3700E-46
 4801.0000  5.3900E-46
 4802.0000  5.3200E-46
 4803.0000  5.3400E-46
 4804.0000  5.3400E-46
 4805.0000  5.2600E-46
 4806.0000  5.2700E-46
 4807.0000  5.2700E-46
 4808.0000  5.2500E-46
 4809.0000  5.2200E-46
 4810.0000  5.2000E-46
 4811.0000  5.1500E-46
 4812.0000  5.1300E-46
 4813.0000  5.1400E-46
 4814.0000  5.1100E-46
 4815.0000  5.0900E-46
 4816.0000  5.0700E-46
 4817.0000  5.0400E-46
 4818.0000  5.0000E-46
 4819.0000  4.9700E-46
 4820.0000  5.0000E-46
 4821.0000  4.9600E-46
 4822.0000  4.9400E-46
 4823.0000  4.9300E-46
 4824.0000  4.9000E-46
 4825.0000  4.8700E-46
 4826.0000  4.8500E-46
 4827.0000  4.8200E-46
 4828.0000  4.8200E-46
 4829.0000  4.8000E-46
 4830.0000  4.7600E-46
 4831.0000  4.7700E-46
 4832.0000  4.7600E-46
 4833.0000  4.7500E-46
 4834.0000  4.7100E-46
 4835.0000  4.6900E-46
 4836.0000  4.6900E-46
 4837.0000  4.6700E-46
 4838.0000  4.6500E-46
 4839.0000  4.6100E-46
 4840.0000  4.6000E-46
 4841.0000  4.5900E-46
 4842.0000  4.5900E-46
 4843.0000  4.5300E-46
 4844.0000  4.5300E-46
 4845.0000  4.5000E-46
 4846.0000  4.4800E-46
 4847.0000  4.4500E-46
 4848.0000  4.4200E-46
 4849.0000  4.4500E-46
 4850.0000  4.4300E-46
 4851.0000  4.3800E-46
 4852.0000  4.3200E-46
 4853.0000  4.3600E-46
 4854.0000  4.3700E-46
 4855.0000  4.3400E-46
 4856.0000  4.3200E-46
 4857.0000  4.3000E-46
 4858.0000  4.2600E-46
 4859.0000  4.2400E-46
 4860.0000  4.2300E-46
 4861.0000  4.2200E-46
 4862.0000  4.2000E-46
 4863.0000  4.1600E-46
 4864.0000  4.1600E-46
 4865.0000  4.1700E-46
 4866.0000  4.1500E-46
 4867.0000  4.1000E-46
 4868.0000  4.1100E-46
 4869.0000  4.0830E-46
 4870.0000  4.0490E-46
 4871.0000  4.0740E-46
 4872.0000  4.0580E-46
 4873.0000  4.0270E-46
 4874.0000  4.0230E-46
 4875.0000  3.9920E-46
 4876.0000  3.9700E-46
 4877.0000  3.9720E-46
 4878.0000  3.9490E-46
 4879.0000  3.9410E-46
 4880.0000  3.9210E-46
 4881.0000  3.9100E-46
 4882.0000  3.8970E-46
 4883.0000  3.8670E-46
 4884.0000  3.8070E-46
 4885.0000  3.7930E-46
 4886.0000  3.8360E-46
 4887.0000  3.8670E-46
 4888.0000  3.8200E-46
 4889.0000  3.7590E-46
 4890.0000  3.7290E-46
 4891.0000  3.7450E-46
 4892.0000  3.7080E-46
 4893.0000  3.6970E-46
 4894.0000  3.6980E-46
 4895.0000  3.6860E-46
 4896.0000  3.6760E-46
 4897.0000  3.6460E-46
 4898.0000  3.6210E-46
 4899.0000  3.6070E-46
 4900.0000  3.5940E-46
 4901.0000  3.5780E-46
 4902.0000  3.5630E-46
 4903.0000  3.5640E-46
 4904.0000  3.5390E-46
 4905.0000  3.5390E-46
 4906.0000  3.4960E-46
 4907.0000  3.4750E-46
 4908.0000  3.4530E-46
 4909.0000  3.4770E-46
 4910.0000  3.4990E-46
 4911.0000  3.5080E-46
 4912.0000  3.4710E-46
 4913.0000  3.4150E-46
 4914.0000  3.4180E-46
 4915.0000  3.3940E-46
 4916.0000  3.2950E-46
 4917.0000  3.2780E-46
 4918.0000  3.2850E-46
 4919.0000  3.3100E-46
 4920.0000  3.3230E-46
 4921.0000  3.3230E-46
 4922.0000  3.3020E-46
 4923.0000  3.2750E-46
 4924.0000  3.2830E-46
 4925.0000  3.2760E-46
 4926.0000  3.2620E-46
 4927.0000  3.2700E-46
 4928.0000  3.2200E-46
 4929.0000  3.2080E-46
 4930.0000  3.1880E-46
 4931.0000  3.2000E-46
 4932.0000  3.1940E-46
 4933.0000  3.1690E-46
 4934.0000  3.1550E-46
 4935.0000  3.1640E-46
 4936.0000  3.1380E-46
 4937.0000  3.1310E-46
 4938.0000  3.1070E-46
 4939.0000  3.0670E-46
 4940.0000  3.0290E-46
 4941.0000  3.0390E-46
 4942.0000  3.0280E-46
 4943.0000  3.0360E-46
 4944.0000  3.0120E-46
 4945.0000  3.0070E-46
 4946.0000  2.9720E-46
 4947.0000  2.9660E-46
 4948.0000  2.9470E-46
 4949.0000  2.9090E-46
 4950.0000  2.9250E-46
 4951.0000  2.9700E-46
 4952.0000  2.9180E-46
 4953.0000  2.8640E-46
 4954.0000  2.8720E-46
 4955.0000  2.8560E-46
 4956.0000  2.8760E-46
 4957.0000  2.8740E-46
 4958.0000  2.8960E-46
 4959.0000  2.8680E-46
 4960.0000  2.8310E-46
 4961.0000  2.8270E-46
 4962.0000  2.7870E-46
 4963.0000  2.7170E-46
 4964.0000  2.7370E-46
 4965.0000  2.7390E-46
 4966.0000  2.7330E-46
 4967.0000  2.7420E-46
 4968.0000  2.7700E-46
 4969.0000  2.7280E-46
 4970.0000  2.7260E-46
 4971.0000  2.7020E-46
 4972.0000  2.6580E-46
 4973.0000  2.6190E-46
 4974.0000  2.6390E-46
 4975.0000  2.6440E-46
 4976.0000  2.6170E-46
 4977.0000  2.5680E-46
 4978.0000  2.5910E-46
 4979.0000  2.5870E-46
 4980.0000  2.5670E-46
 4981.0000  2.5740E-46
 4982.0000  2.5300E-46
 4983.0000  2.5380E-46
 4984.0000  2.4890E-46
 4985.0000  2.4940E-46
 4986.0000  2.4890E-46
 4987.0000  2.4850E-46
 4988.0000  2.4280E-46
 4989.0000  2.4140E-46
 4990.0000  2.4140E-46
 4991.0000  2.4120E-46
 4992.0000  2.4230E-46
 4993.0000  2.4270E-46
 4994.0000  2.3990E-46
 4995.0000  2.3800E-46
 4996.0000  2.4010E-46
 4997.0000  2.3490E-46
 4998.0000  2.3460E-46
 4999.0000  2.3860E-46
 5000.0000  2.3660E-46
 5001.0000  2.3330E-46
 5002.0000  2.3020E-46
 5003.0000  2.2790E-46
 5004.0000  2.2190E-46
 5005.0000  2.2480E-46
 5006.0000  2.2630E-46
 5007.0000  2.2470E-46
 5008.0000  2.2100E-46
 5009.0000  2.2140E-46
 5010.0000  2.2190E-46
 5011.0000  2.2000E-46
 5012.0000  2.1870E-46
 5013.0000  2.2010E-46
 5014.0000  2.1520E-46
 5015.0000  2.1240E-46
 5016.0000  2.1540E-46
 5017.0000  2.1340E-46
 5018.0000  2.1520E-46
 5019.0000  2.1580E-46
 5020.0000  2.1550E-46
 5021.0000  2.1130E-46
 5022.0000  2.0780E-46
 5023.0000  2.0510E-46
 5024.0000  2.0630E-46
 5025.0000  2.0940E-46
 5026.0000  2.0810E-46
 5027.0000  2.0750E-46
 5028.0000  2.1050E-46
 5029.0000  2.0640E-46
 5030.0000  2.0470E-46
 5031.0000  1.9810E-46
 5032.0000  1.9530E-46
 5033.0000  1.9800E-46
 5034.0000  2.0180E-46
 5035.0000  2.0060E-46
 5036.0000  1.9670E-46
 5037.0000  1.9690E-46
 5038.0000  1.9690E-46
 5039.0000  1.9460E-46
 5040.0000  1.9590E-46
 5041.0000  1.9360E-46
 5042.0000  1.9250E-46
 5043.0000  1.9120E-46
 5044.0000  1.8680E-46
 5045.0000  1.8780E-46
 5046.0000  1.8760E-46
 5047.0000  1.8930E-46
 5048.0000  1.8620E-46
 5049.0000  1.8290E-46
 5050.0000  1.8460E-46
 5051.0000  1.8140E-46
 5052.0000  1.8400E-46
 5053.0000  1.8170E-46
 5054.0000  1.7870E-46
 5055.0000  1.7660E-46
 5056.0000  1.7830E-46
 5057.0000  1.7660E-46
 5058.0000  1.7630E-46
 5059.0000  1.7190E-46
 5060.0000  1.7170E-46
 5061.0000  1.7330E-46
 5062.0000  1.7600E-46
 5063.0000  1.7680E-46
 5064.0000  1.7450E-46
 5065.0000  1.7050E-46
 5066.0000  1.6860E-46
 5067.0000  1.6940E-46
 5068.0000  1.7500E-46
 5069.0000  1.7250E-46
 5070.0000  1.6840E-46
 5071.0000  1.7190E-46
 5072.0000  1.6570E-46
 5073.0000  1.6720E-46
 5074.0000  1.7020E-46
 5075.0000  1.6730E-46
 5076.0000  1.6580E-46
 5077.0000  1.6810E-46
 5078.0000  1.6270E-46
 5079.0000  1.6280E-46
 5080.0000  1.6200E-46
 5081.0000  1.6230E-46
 5082.0000  1.5920E-46
 5083.0000  1.5830E-46
 5084.0000  1.5060E-46
 5085.0000  1.5240E-46
 5086.0000  1.5810E-46
 5087.0000  1.6150E-46
 5088.0000  1.6020E-46
 5089.0000  1.5970E-46
 5090.0000  1.5250E-46
 5091.0000  1.4850E-46
 5092.0000  1.5070E-46
 5093.0000  1.5210E-46
 5094.0000  1.5060E-46
 5095.0000  1.4830E-46
 5096.0000  1.4900E-46
 5097.0000  1.4680E-46
 5098.0000  1.4500E-46
 5099.0000  1.4700E-46
 5100.0000  1.5190E-46
 5600.0000  1.9000E-47
 5601.0000  2.2600E-47
 5602.0000  1.3100E-47
 5603.0000  9.3000E-48
 5604.0000  2.0500E-47
 5605.0000  1.1000E-47
 5606.0000  9.9000E-48
 5607.0000  1.3500E-47
 5608.0000  1.3600E-47
 5609.0000  5.8000E-48
 5610.0000  1.1800E-47
 5611.0000  2.3500E-47
 5612.0000  1.6400E-47
 5613.0000  8.5000E-48
 5614.0000  4.0000E-48
 5615.0000  8.9000E-48
 5616.0000  1.6800E-47
 5617.0000  2.1500E-47
 5618.0000  1.4700E-47
 5619.0000  9.1000E-48
 5620.0000  1.0000E-47
 5621.0000  1.1800E-47
 5622.0000  3.5000E-48
 5623.0000  3.3000E-48
 5624.0000  1.3500E-47
 5625.0000  1.3000E-47
 5626.0000  6.7000E-48
 5627.0000  0.0000E+00
 5628.0000  0.0000E+00
 5629.0000  9.5000E-48
 5630.0000  1.9200E-47
 5631.0000  1.6700E-47
 5632.0000  1.2700E-47
 5633.0000  9.7000E-48
 5634.0000  1.9200E-47
 5635.0000  1.2100E-47
 5636.0000  1.1400E-47
 5637.0000  2.0000E-47
 5638.0000  1.7100E-47
 5639.0000  4.7000E-48
 5640.0000  3.8000E-48
 5641.0000  1.3400E-47
 5642.0000  1.0900E-47
 5643.0000  1.5900E-47
 5644.0000  1.1200E-47
 5645.0000  1.3100E-47
 5646.0000  1.8700E-47
 5647.0000  1.2400E-47
 5648.0000  1.1000E-47
 5649.0000  1.0400E-47
 5650.0000  1.4100E-47
 5651.0000  1.3300E-47
 5652.0000  1.4400E-47
 5653.0000  1.6100E-47
 5654.0000  1.7100E-47
 5655.0000  1.9300E-47
 5656.0000  1.3100E-47
 5657.0000  6.3000E-48
 5658.0000  7.4000E-48
 5659.0000  5.1000E-48
 5660.0000  8.0000E-48
 5661.0000  7.8000E-48
 5662.0000  1.0000E-47
 5663.0000  1.2600E-47
 5664.0000  1.0600E-47
 5665.0000  9.4000E-48
 5666.0000  4.9000E-48
 5667.0000  9.7000E-48
 5668.0000  1.8100E-47
 5669.0000  2.0100E-47
 5670.0000  7.9000E-48
 5671.0000  5.3000E-48
 5672.0000  8.8000E-48
 5673.0000  7.5000E-48
 5674.0000  6.7000E-48
 5675.0000  1.0900E-47
 5676.0000  6.8000E-48
 5677.0000  1.0200E-47
 5678.0000  1.7800E-47
 5679.0000  1.3200E-47
 5680.0000  1.0000E-48
 5681.0000  1.6600E-47
 5682.0000  1.6000E-47
 5683.0000  8.4000E-48
 5684.0000  1.3900E-47
 5685.0000  1.0200E-47
 5686.0000  1.5400E-47
 5687.0000  2.4100E-47
 5688.0000  1.4600E-47
 5689.0000  1.0400E-47
 5690.0000  1.7600E-47
 5691.0000  9.0000E-48
 5692.0000  2.2000E-48
 5693.0000  1.0000E-48
 5694.0000  1.3500E-47
 5695.0000  1.9300E-47
 5696.0000  1.3900E-47
 5697.0000  1.6600E-47
 5698.0000  9.1000E-48
 5699.0000  4.3000E-48
 5700.0000  1.1400E-47
 5701.0000  1.2100E-47
 5702.0000  9.2000E-48
 5703.0000  8.3000E-48
 5704.0000  6.3000E-48
 5705.0000  7.7000E-48
 5706.0000  1.6800E-47
 5707.0000  2.3100E-47
 5708.0000  2.4800E-47
 5709.0000  9.5000E-48
 5710.0000  8.9000E-48
 5711.0000  6.7000E-48
 5712.0000  1.0400E-47
 5713.0000  1.0300E-47
 5714.0000  6.6000E-48
 5715.0000  3.1000E-48
 5716.0000  1.1600E-47
 5717.0000  9.6000E-48
 5718.0000  7.9000E-48
 5719.0000  0.0000E+00
 5720.0000  1.3000E-48
 5721.0000  7.4000E-48
 5722.0000  9.7000E-48
 5723.0000  1.1400E-47
 5724.0000  3.2000E-48
 5725.0000  9.3000E-48
 5726.0000  1.8100E-47
 5727.0000  9.8000E-48
 5728.0000  1.4800E-47
 5729.0000  2.0700E-47
 5730.0000  1.9700E-47
 5731.0000  1.4700E-47
 5732.0000  9.4000E-48
 5733.0000  1.3900E-47
 5734.0000  1.4400E-47
 5735.0000  5.6000E-48
 5736.0000  8.8000E-48
 5737.0000  1.8800E-47
 5738.0000  2.1800E-47
 5739.0000  1.7100E-47
 5740.0000  1.4000E-47
 5741.0000  8.2000E-48
 5742.0000  4.7000E-48
 5743.0000  0.0000E+00
 5744.0000  1.4000E-47
 5745.0000  1.8900E-47
 5746.0000  1.0000E-47
 5747.0000  1.1200E-47
 5748.0000  6.1000E-48
 5749.0000  1.1800E-47
 5750.0000  2.0500E-47
 5751.0000  1.3300E-47
 5752.0000  1.6700E-47
 5753.0000  2.1600E-47
 5754.0000  1.4900E-47
 5755.0000  1.1200E-47
 5756.0000  1.3900E-47
 5757.0000  2.3000E-47
 5758.0000  1.7500E-47
 5759.0000  5.9000E-48
 5760.0000  7.4000E-48
 5761.0000  1.5300E-47
 5762.0000  1.0400E-47
 5763.0000  1.2000E-47
 5764.0000  9.6000E-48
 5765.0000  8.9000E-48
 5766.0000  3.7000E-48
 5767.0000  0.0000E+00
 5768.0000  0.0000E+00
 5769.0000  0.0000E+00
 5770.0000  8.4000E-48
 5771.0000  2.0800E-47
 5772.0000  1.9600E-47
 5773.0000  1.1100E-47
 5774.0000  0.0000E+00
 5775.0000  1.7000E-47
 5776.0000  1.3900E-47
 5777.0000  1.1000E-48
 5778.0000  8.0000E-48
 5779.0000  8.6000E-48
 5780.0000  9.0000E-48
 5781.0000  1.2600E-47
 5782.0000  3.6000E-48
 5783.0000  0.0000E+00
 5784.0000  3.6000E-48
 5785.0000  1.0400E-47
 5786.0000  1.3100E-47
 5787.0000  8.3000E-48
 5788.0000  0.0000E+00
 5789.0000  2.5000E-48
 5790.0000  1.1000E-48
 5791.0000  9.6000E-48
 5792.0000  1.2200E-47
 5793.0000  1.0000E-47
 5794.0000  3.7000E-48
 5795.0000  0.0000E+00
 5796.0000  5.5000E-48
 5797.0000  0.0000E+00
 5798.0000  0.0000E+00
 5799.0000  8.8000E-48
 5800.0000  9.2000E-48
 5801.0000  1.6100E-47
 5802.0000  0.0000E+00
 5803.0000  3.8000E-48
 5804.0000  1.2600E-47
 5805.0000  1.3400E-47
 5806.0000  1.3600E-47
 5807.0000  1.6300E-47
 5808.0000  8.5000E-48
 5809.0000  9.5000E-48
 5810.0000  1.2800E-47
 5811.0000  1.5000E-47
 5812.0000  1.2700E-47
 5813.0000  1.2300E-47
 5814.0000  6.5000E-48
 5815.0000  7.3000E-48
 5816.0000  0.0000E+00
 5817.0000  4.3000E-48
 5818.0000  7.7000E-48
 5819.0000  1.7100E-47
 5820.0000  1.0200E-47
 5821.0000  0.0000E+00
 5822.0000  0.0000E+00
 5823.0000  9.6000E-48
 5824.0000  8.9000E-48
 5825.0000  5.4000E-48
 5826.0000  6.2000E-48
 5827.0000  1.1000E-47
 5828.0000  1.6500E-47
 5829.0000  1.1200E-47
 5830.0000  1.2800E-47
 5831.0000  1.0600E-47
 5832.0000  7.1000E-48
 5833.0000  7.5000E-48
 5834.0000  1.7200E-47
 5835.0000  5.8000E-48
 5836.0000  9.5000E-48
 5837.0000  2.2000E-48
 5838.0000  3.0000E-49
 5839.0000  1.2000E-48
 5840.0000  0.0000E+00
 5841.0000  0.0000E+00
 5842.0000  9.5000E-48
 5843.0000  1.6100E-47
 5844.0000  0.0000E+00
 5845.0000  4.0000E-48
 5846.0000  1.2900E-47
 5847.0000  1.9200E-47
 5848.0000  1.4600E-47
 5849.0000  4.3000E-48
 5850.0000  1.5500E-47
 5851.0000  9.3000E-48
 5852.0000  5.3000E-48
 5853.0000  2.9000E-48
 5854.0000  1.1600E-47
 5855.0000  1.4000E-47
 5856.0000  5.0000E-48
 5857.0000  7.0000E-48
 5858.0000  1.8000E-48
 5859.0000  4.1000E-48
 5860.0000  2.8000E-48
 5861.0000  0.0000E+00
 5862.0000  0.0000E+00
 5863.0000  0.0000E+00
 5864.0000  0.0000E+00
 5865.0000  2.0000E-49
 5866.0000  4.0000E-49
 5867.0000  2.2000E-48
 5868.0000  6.0000E-49
 5869.0000  2.0000E-49
 5870.0000  0.0000E+00
 5871.0000  1.2000E-48
 5872.0000  8.5000E-48
 5873.0000  9.1000E-48
 5874.0000  4.2000E-48
 5875.0000  7.6000E-48
 5876.0000  0.0000E+00
 5877.0000  0.0000E+00
 5878.0000  0.0000E+00
 5879.0000  0.0000E+00
 5880.0000  1.6000E-48
 5881.0000  0.0000E+00
 5882.0000  0.0000E+00
 5883.0000  1.7000E-48
 5884.0000  3.4000E-48
 5885.0000  2.8000E-48
 5886.0000  0.0000E+00
 5887.0000  6.7000E-48
 5888.0000  1.1000E-48
 5889.0000  0.0000E+00
 5890.0000  7.5000E-48
 5891.0000  7.4000E-48
 5892.0000  0.0000E+00
 5893.0000  0.0000E+00
 5894.0000  5.0000E-49
 5895.0000  4.0000E-48
 5896.0000  9.0000E-48
 5897.0000  7.1000E-48
 5898.0000  1.1200E-47
 5899.0000  7.1000E-48
 5900.0000  5.5000E-48
 5901.0000  4.4000E-48
 5902.0000  5.3000E-48
 5903.0000  0.0000E+00
 5904.0000  2.9000E-48
 5905.0000  0.0000E+00
 5906.0000  0.0000E+00
 5907.0000  2.7000E-48
 5908.0000  1.0200E-47
 5909.0000  1.2400E-47
 5910.0000  3.8000E-48
 5911.0000  0.0000E+00
 5912.0000  6.9000E-48
 5913.0000  1.7000E-47
 5914.0000  1.8000E-48
 5915.0000  0.0000E+00
 5916.0000  9.7000E-48
 5917.0000  1.4900E-47
 5918.0000  6.7000E-48
 5919.0000  7.4000E-48
 5920.0000  0.0000E+00
 5921.0000  0.0000E+00
 5922.0000  0.0000E+00
 5923.0000  3.9000E-48
 5924.0000  1.3100E-47
 5925.0000  7.6000E-48
 5926.0000  0.0000E+00
 5927.0000  4.1000E-48
 5928.0000  2.8000E-48
 5929.0000  1.5000E-48
 5930.0000  0.0000E+00
 5931.0000  0.0000E+00
 5932.0000  0.0000E+00
 5933.0000  0.0000E+00
 5934.0000  1.0800E-47
 5935.0000  2.0600E-47
 5936.0000  1.3000E-47
 5937.0000  7.6000E-48
 5938.0000  4.6000E-48
 5939.0000  1.4200E-47
 5940.0000  1.3500E-47
 5941.0000  1.3500E-47
 5942.0000  2.6000E-48
 5943.0000  0.0000E+00
 5944.0000  0.0000E+00
 5945.0000  1.1800E-47
 5946.0000  0.0000E+00
 5947.0000  0.0000E+00
 5948.0000  2.4000E-48
 5949.0000  7.4000E-48
 5950.0000  2.8000E-48
 5951.0000  1.0200E-47
 5952.0000  4.3000E-48
 5953.0000  2.1000E-48
 5954.0000  0.0000E+00
 5955.0000  2.0000E-48
 5956.0000  4.3000E-48
 5957.0000  6.0000E-49
 5958.0000  8.3000E-48
 5959.0000  9.3000E-48
 5960.0000  0.0000E+00
 5961.0000  0.0000E+00
 5962.0000  2.9000E-48
 5963.0000  3.0000E-48
 5964.0000  0.0000E+00
 5965.0000  5.9000E-48
 5966.0000  1.2600E-47
 5967.0000  9.0000E-49
 5968.0000  0.0000E+00
 5969.0000  8.8000E-48
 5970.0000  9.1000E-48
 5971.0000  5.5000E-48
 5972.0000  0.0000E+00
 5973.0000  0.0000E+00
 5974.0000  0.0000E+00
 5975.0000  0.0000E+00
 5976.0000  1.8000E-48
 5977.0000  0.0000E+00
 5978.0000  4.0000E-48
 5979.0000  0.0000E+00
 5980.0000  1.0000E-49
 5981.0000  0.0000E+00
 5982.0000  5.2000E-48
 5983.0000  0.0000E+00
 5984.0000  7.6000E-48
 5985.0000  3.3000E-48
 5986.0000  0.0000E+00
 5987.0000  0.0000E+00
 5988.0000  0.0000E+00
 5989.0000  0.0000E+00
 5990.0000  0.0000E+00
 5991.0000  8.7000E-48
 5992.0000  7.4000E-48
 5993.0000  7.0000E-48
 5994.0000  4.5000E-48
 5995.0000  0.0000E+00
 5996.0000  0.0000E+00
 5997.0000  0.0000E+00
 5998.0000  0.0000E+00
 5999.0000  0.0000E+00
 6000.0000  0.0000E+00
 6001.0000  0.0000E+00
 6002.0000  8.8000E-48
 6003.0000  0.0000E+00
 6004.0000  0.0000E+00
 6005.0000  1.0000E-47
 6006.0000  6.0000E-49
 6007.0000  0.0000E+00
 6008.0000  6.0000E-49
 6009.0000  0.0000E+00
 6010.0000  1.5800E-47
 6011.0000  1.2300E-47
 6012.0000  9.2000E-48
 6013.0000  5.2000E-48
 6014.0000  2.3000E-48
 6015.0000  0.0000E+00
 6016.0000  7.0000E-48
 6017.0000  1.7000E-48
 6018.0000  0.0000E+00
 6019.0000  0.0000E+00
 6020.0000  4.5000E-48
 6021.0000  0.0000E+00
 6022.0000  0.0000E+00
 6023.0000  8.0000E-48
 6024.0000  8.8000E-48
 6025.0000  7.3000E-48
 6026.0000  0.0000E+00
 6027.0000  0.0000E+00
 6028.0000  8.5000E-48
 6029.0000  3.0000E-48
 6030.0000  0.0000E+00
 6031.0000  2.0000E-49
 6032.0000  4.4000E-48
 6033.0000  0.0000E+00
 6034.0000  0.0000E+00
 6035.0000  6.0000E-49
 6036.0000  0.0000E+00
 6037.0000  0.0000E+00
 6038.0000  0.0000E+00
 6039.0000  0.0000E+00
 6040.0000  3.9000E-48
 6041.0000  0.0000E+00
 6042.0000  8.6000E-48
 6043.0000  1.4000E-48
 6044.0000  0.0000E+00
 6045.0000  1.0000E-47
 6046.0000  2.2100E-47
 6047.0000  0.0000E+00
 6048.0000  3.9000E-48
 6049.0000  8.3000E-48
 6050.0000  2.9000E-48
 6051.0000  0.0000E+00
 6052.0000  0.0000E+00
 6053.0000  0.0000E+00
 6054.0000  3.3000E-48
 6055.0000  1.0200E-47
 6056.0000  7.3000E-48
 6057.0000  1.2500E-47
 6058.0000  1.8000E-47
 6059.0000  7.7000E-48
 6060.0000  7.0000E-49
 6061.0000  0.0000E+00
 6062.0000  1.3600E-47
 6063.0000  2.4000E-47
 6064.0000  2.2900E-47
 6065.0000  1.3900E-47
 6066.0000  0.0000E+00
 6067.0000  0.0000E+00
 6068.0000  2.2000E-48
 6069.0000  1.3600E-47
 6070.0000  1.0300E-47
 6071.0000  0.0000E+00
 6072.0000  0.0000E+00
 6073.0000  0.0000E+00
 6074.0000  0.0000E+00
 6075.0000  0.0000E+00
 6076.0000  4.2000E-48
 6077.0000  1.8900E-47
 6078.0000  0.0000E+00
 6079.0000  0.0000E+00
 6080.0000  6.7000E-48
 6081.0000  8.5000E-48
 6082.0000  8.9000E-48
 6083.0000  3.1000E-48
 6084.0000  4.8000E-48
 6085.0000  5.7000E-48
 6086.0000  0.0000E+00
 6087.0000  0.0000E+00
 6088.0000  0.0000E+00
 6089.0000  8.1000E-48
 6090.0000  3.1000E-48
 6091.0000  1.0000E-48
 6092.0000  0.0000E+00
 6093.0000  6.0000E-49
 6094.0000  6.3000E-48
 6095.0000  0.0000E+00
 6096.0000  2.6000E-48
 6097.0000  1.4400E-47
 6098.0000  1.6000E-47
 6099.0000  2.0000E-48
 6100.0000  0.0000E+00
 6101.0000  0.0000E+00
 6102.0000  0.0000E+00
 6103.0000  0.0000E+00
 6104.0000  0.0000E+00
 6105.0000  2.9000E-48
 6106.0000  1.7000E-48
 6107.0000  4.8000E-48
 6108.0000  6.0000E-49
 6109.0000  0.0000E+00
 6110.0000  4.9000E-48
 6111.0000  6.6000E-48
 6112.0000  4.0000E-49
 6113.0000  0.0000E+00
 6114.0000  0.0000E+00
 6115.0000  0.0000E+00
 6116.0000  2.0500E-47
 6117.0000  2.2200E-47
 6118.0000  0.0000E+00
 6119.0000  0.0000E+00
 6120.0000  5.2000E-48
 6121.0000  0.0000E+00
 6122.0000  0.0000E+00
 6123.0000  4.0000E-49
 6124.0000  0.0000E+00
 6125.0000  4.6000E-48
 6126.0000  1.0800E-47
 6127.0000  1.7000E-48
 6128.0000  9.3000E-48
 6129.0000  7.3000E-48
 6130.0000  3.3000E-48
 6131.0000  0.0000E+00
 6132.0000  0.0000E+00
 6133.0000  0.0000E+00
 6134.0000  5.0000E-49
 6135.0000  0.0000E+00
 6136.0000  0.0000E+00
 6137.0000  3.0000E-48
 6138.0000  2.8000E-48
 6139.0000  0.0000E+00
 6140.0000  0.0000E+00
 6141.0000  5.8000E-48
 6142.0000  2.0000E-49
 6143.0000  9.0000E-49
 6144.0000  5.6000E-48
 6145.0000  1.5000E-48
 6146.0000  0.0000E+00
 6147.0000  0.0000E+00
 6148.0000  9.8000E-48
 6149.0000  0.0000E+00
 6150.0000  0.0000E+00
 6151.0000  0.0000E+00
 6152.0000  0.0000E+00
 6153.0000  0.0000E+00
 6154.0000  0.0000E+00
 6155.0000  1.1800E-47
 6156.0000  1.7000E-47
 6157.0000  1.4900E-47
 6158.0000  1.1800E-47
 6159.0000  2.0400E-47
 6160.0000  0.0000E+00
 6161.0000  0.0000E+00
 6162.0000  0.0000E+00
 6163.0000  0.0000E+00
 6164.0000  1.1000E-47
 6165.0000  5.0000E-48
 6166.0000  8.5000E-48
 6167.0000  4.4000E-48
 6168.0000  0.0000E+00
 6169.0000  0.0000E+00
 6170.0000  0.0000E+00
 6171.0000  0.0000E+00
 6172.0000  5.3000E-48
 6173.0000  1.2100E-47
 6174.0000  1.3200E-47
 6175.0000  0.0000E+00
 6176.0000  0.0000E+00
 6177.0000  1.6500E-47
 6178.0000  4.3000E-48
 6179.0000  2.8000E-48
 6180.0000  1.5300E-47
 6181.0000  1.0900E-47
 6182.0000  2.1000E-48
 6183.0000  0.0000E+00
 6184.0000  0.0000E+00
 6185.0000  4.5000E-48
 6186.0000  0.0000E+00
 6187.0000  0.0000E+00
 6188.0000  0.0000E+00
 6189.0000  4.6000E-48
 6190.0000  6.3000E-48
 6191.0000  0.0000E+00
 6192.0000  4.5000E-48
 6193.0000  9.3000E-48
 6194.0000  0.0000E+00
 6195.0000  0.0000E+00
 6196.0000  1.5700E-47
 6197.0000  0.0000E+00
 6198.0000  0.0000E+00
 6199.0000  0.0000E+00
 6200.0000  0.0000E+00
               H2-He      2500      6000   1853    201 3.791E-45 1.000                            44
 2500.0000  3.3400E-47
 2501.0000  3.2800E-47
 2502.0000  3.2900E-47
 2503.0000  3.2700E-47
 2504.0000  3.2200E-47
 2505.0000  3.2200E-47
 2506.0000  3.2100E-47
 2507.0000  3.1900E-47
 2508.0000  3.1600E-47
 2509.0000  3.1100E-47
 2510.0000  3.1100E-47
 2511.0000  3.0900E-47
 2512.0000  3.0700E-47
 2513.0000  3.0500E-47
 2514.0000  3.0400E-47
 2515.0000  3.0400E-47
 2516.0000  3.0200E-47
 2517.0000  2.9800E-47
 2518.0000  2.9600E-47
 2519.0000  2.9100E-47
 2520.0000  2.8800E-47
 2521.0000  2.8800E-47
 2522.0000  2.8700E-47
 2523.0000  2.8600E-47
 2524.0000  2.8200E-47
 2525.0000  2.7600E-47
 2526.0000  2.7500E-47
 2527.0000  2.7700E-47
 2528.0000  2.7300E-47
 2529.0000  2.6900E-47
 2530.0000  2.6900E-47
 2531.0000  2.6700E-47
 2532.0000  2.6300E-47
 2533.0000  2.5800E-47
 2534.0000  2.5600E-47
 2535.0000  2.5500E-47
 2536.0000  2.5400E-47
 2537.0000  2.4800E-47
 2538.0000  2.4600E-47
 2539.0000  2.4300E-47
 2540.0000  2.4000E-47
 2541.0000  2.4000E-47
 2542.0000  2.3700E-47
 2543.0000  2.3500E-47
 2544.0000  2.3500E-47
 2545.0000  2.3300E-47
 2546.0000  2.2800E-47
 2547.0000  2.2900E-47
 2548.0000  2.2400E-47
 2549.0000  2.1900E-47
 2550.0000  2.1800E-47
 2551.0000  2.1700E-47
 2552.0000  2.1700E-47
 2553.0000  2.1300E-47
 2554.0000  2.0900E-47
 2555.0000  2.1300E-47
 2556.0000  2.0500E-47
 2557.0000  2.0400E-47
 2558.0000  2.0500E-47
 2559.0000  1.9800E-47
 2560.0000  2.0600E-47
 2561.0000  2.1200E-47
 2562.0000  2.0300E-47
 2563.0000  1.9700E-47
 2564.0000  1.7500E-47
 2565.0000  1.7500E-47
 2566.0000  1.8300E-47
 2567.0000  1.8000E-47
 2568.0000  1.8100E-47
 2569.0000  1.7900E-47
 2570.0000  1.7700E-47
 2571.0000  1.7500E-47
 2572.0000  1.7200E-47
 2573.0000  1.7300E-47
 2574.0000  1.7600E-47
 2575.0000  1.7300E-47
 2576.0000  1.6700E-47
 2577.0000  1.6200E-47
 2578.0000  1.6100E-47
 2579.0000  1.6000E-47
 2580.0000  1.5900E-47
 2581.0000  1.6100E-47
 2582.0000  1.5700E-47
 2583.0000  1.5900E-47
 2584.0000  1.5500E-47
 2585.0000  1.5100E-47
 2586.0000  1.4900E-47
 2587.0000  1.5000E-47
 2588.0000  1.4700E-47
 2589.0000  1.4400E-47
 2590.0000  1.4800E-47
 2591.0000  1.4400E-47
 2592.0000  1.4200E-47
 2593.0000  1.4000E-47
 2594.0000  1.4000E-47
 2595.0000  1.3500E-47
 2596.0000  1.3500E-47
 2597.0000  1.3700E-47
 2598.0000  1.3600E-47
 2599.0000  1.3500E-47
 2600.0000  1.3500E-47
 2601.0000  1.3100E-47
 2602.0000  1.2900E-47
 2603.0000  1.2600E-47
 2604.0000  1.2400E-47
 2605.0000  1.2200E-47
 2606.0000  1.2100E-47
 2607.0000  1.1900E-47
 2608.0000  1.1800E-47
 2609.0000  1.2100E-47
 2610.0000  1.1600E-47
 2611.0000  1.1500E-47
 2612.0000  1.1300E-47
 2613.0000  1.1100E-47
 2614.0000  1.1300E-47
 2615.0000  1.1100E-47
 2616.0000  1.0700E-47
 2617.0000  1.1100E-47
 2618.0000  1.0700E-47
 2619.0000  1.0500E-47
 2620.0000  1.0500E-47
 2621.0000  1.0200E-47
 2622.0000  1.0000E-47
 2623.0000  9.8000E-48
 2624.0000  9.7000E-48
 2625.0000  9.5000E-48
 2626.0000  9.5000E-48
 2627.0000  9.5000E-48
 2628.0000  9.4000E-48
 2629.0000  8.9000E-48
 2630.0000  8.9000E-48
 2631.0000  8.7000E-48
 2632.0000  8.0000E-48
 2633.0000  8.4000E-48
 2634.0000  8.8000E-48
 2635.0000  8.7000E-48
 2636.0000  7.9000E-48
 2637.0000  7.7000E-48
 2638.0000  7.6000E-48
 2639.0000  7.7000E-48
 2640.0000  7.5000E-48
 2641.0000  7.4000E-48
 2642.0000  7.1000E-48
 2643.0000  7.0000E-48
 2644.0000  6.5000E-48
 2645.0000  6.8000E-48
 2646.0000  6.5000E-48
 2647.0000  6.3000E-48
 2648.0000  6.6000E-48
 2649.0000  6.7000E-48
 2650.0000  6.0000E-48
 2651.0000  5.9000E-48
 2652.0000  5.8000E-48
 2653.0000  5.3000E-48
 2654.0000  5.3000E-48
 2655.0000  5.3000E-48
 2656.0000  5.1000E-48
 2657.0000  4.6000E-48
 2658.0000  4.6000E-48
 2659.0000  4.4000E-48
 2660.0000  5.2000E-48
 2661.0000  4.7000E-48
 2662.0000  3.9000E-48
 2663.0000  3.9000E-48
 2664.0000  4.0000E-48
 2665.0000  3.4000E-48
 2666.0000  3.3000E-48
 2667.0000  3.0000E-48
 2668.0000  2.9000E-48
 2669.0000  2.6000E-48
 2670.0000  2.9000E-48
 2671.0000  2.9000E-48
 2672.0000  2.1000E-48
 2673.0000  1.9000E-48
 2674.0000  1.8000E-48
 2675.0000  1.3000E-48
 2676.0000  1.4000E-48
 2677.0000  1.3000E-48
 2678.0000  1.7000E-48
 2679.0000  1.1000E-48
 2680.0000  8.0000E-49
 2681.0000  1.0000E-48
 2682.0000  7.0000E-49
 2683.0000  1.0000E-48
 2684.0000  2.0000E-49
 2685.0000  0.0000E+00
 2686.0000  0.0000E+00
 2687.0000  0.0000E+00
 2688.0000  0.0000E+00
 2689.0000  0.0000E+00
 2690.0000  0.0000E+00
 2691.0000  0.0000E+00
 2692.0000  0.0000E+00
 2693.0000  0.0000E+00
 2694.0000  0.0000E+00
 2695.0000  0.0000E+00
 2696.0000  0.0000E+00
 2697.0000  0.0000E+00
 2698.0000  0.0000E+00
 2699.0000  0.0000E+00
 2700.0000  0.0000E+00
 2701.0000  0.0000E+00
 2702.0000  0.0000E+00
 2703.0000  0.0000E+00
 2704.0000  0.0000E+00
 2705.0000  0.0000E+00
 2706.0000  0.0000E+00
 2707.0000  0.0000E+00
 2708.0000  0.0000E+00
 2709.0000  0.0000E+00
 2710.0000  0.0000E+00
 2711.0000  0.0000E+00
 2712.0000  0.0000E+00
 2713.0000  0.0000E+00
 2714.0000  0.0000E+00
 2715.0000  0.0000E+00
 2716.0000  0.0000E+00
 2717.0000  0.0000E+00
 2718.0000  0.0000E+00
 2719.0000  0.0000E+00
 2720.0000  0.0000E+00
 2721.0000  0.0000E+00
 2722.0000  0.0000E+00
 2723.0000  0.0000E+00
 2724.0000  0.0000E+00
 2725.0000  0.0000E+00
 2726.0000  0.0000E+00
 2727.0000  0.0000E+00
 2728.0000  0.0000E+00
 2729.0000  0.0000E+00
 2730.0000  0.0000E+00
 2731.0000  0.0000E+00
 2732.0000  0.0000E+00
 2733.0000  0.0000E+00
 2734.0000  0.0000E+00
 2735.0000  0.0000E+00
 2736.0000  0.0000E+00
 2737.0000  0.0000E+00
 2738.0000  0.0000E+00
 2739.0000  0.0000E+00
 2740.0000  0.0000E+00
 2741.0000  0.0000E+00
 2742.0000  0.0000E+00
 2743.0000  0.0000E+00
 2744.0000  0.0000E+00
 2745.0000  0.0000E+00
 2746.0000  0.0000E+00
 2747.0000  0.0000E+00
 2748.0000  0.0000E+00
 2749.0000  0.0000E+00
 2750.0000  0.0000E+00
 2751.0000  0.0000E+00
 2752.0000  0.0000E+00
 2753.0000  0.0000E+00
 2754.0000  0.0000E+00
 2755.0000  0.0000E+00
 2756.0000  0.0000E+00
 2757.0000  0.0000E+00
 2758.0000  0.0000E+00
 2759.0000  0.0000E+00
 2760.0000  0.0000E+00
 2761.0000  0.0000E+00
 2762.0000  0.0000E+00
 2763.0000  0.0000E+00
 2764.0000  0.0000E+00
 2765.0000  0.0000E+00
 2766.0000  0.0000E+00
 2767.0000  0.0000E+00
 2768.0000  0.0000E+00
 2769.0000  0.0000E+00
 2770.0000  0.0000E+00
 2771.0000  0.0000E+00
 2772.0000  0.0000E+00
 2773.0000  0.0000E+00
 2774.0000  0.0000E+00
 2775.0000  0.0000E+00
 2776.0000  0.0000E+00
 2777.0000  0.0000E+00
 2778.0000  0.0000E+00
 2779.0000  0.0000E+00
 2780.0000  0.0000E+00
 2781.0000  0.0000E+00
 2782.0000  0.0000E+00
 2783.0000  0.0000E+00
 2784.0000  0.0000E+00
 2785.0000  0.0000E+00
 2786.0000  0.0000E+00
 2787.0000  0.0000E+00
 2788.0000  0.0000E+00
 2789.0000  0.0000E+00
 2790.0000  0.0000E+00
 2791.0000  0.0000E+00
 2792.0000  0.0000E+00
 2793.0000  0.0000E+00
 2794.0000  0.0000E+00
 2795.0000  0.0000E+00
 2796.0000  0.0000E+00
 2797.0000  0.0000E+00
 2798.0000  0.0000E+00
 2799.0000  0.0000E+00
 2800.0000  0.0000E+00
 2801.0000  0.0000E+00
 2802.0000  0.0000E+00
 2803.0000  0.0000E+00
 2804.0000  0.0000E+00
 2805.0000  0.0000E+00
 2806.0000  0.0000E+00
 2807.0000  0.0000E+00
 2808.0000  0.0000E+00
 2809.0000  0.0000E+00
 2810.0000  0.0000E+00
 2811.0000  0.0000E+00
 2812.0000  0.0000E+00
 2813.0000  0.0000E+00
 2814.0000  0.0000E+00
 2815.0000  0.0000E+00
 2816.0000  0.0000E+00
 2817.0000  0.0000E+00
 2818.0000  0.0000E+00
 2819.0000  0.0000E+00
 2820.0000  0.0000E+00
 2821.0000  0.0000E+00
 2822.0000  0.0000E+00
 2823.0000  0.0000E+00
 2824.0000  0.0000E+00
 2825.0000  0.0000E+00
 2826.0000  0.0000E+00
 2827.0000  0.0000E+00
 2828.0000  0.0000E+00
 2829.0000  0.0000E+00
 2830.0000  0.0000E+00
 2831.0000  0.0000E+00
 2832.0000  0.0000E+00
 2833.0000  0.0000E+00
 2834.0000  0.0000E+00
 2835.0000  0.0000E+00
 2836.0000  0.0000E+00
 2837.0000  0.0000E+00
 2838.0000  0.0000E+00
 2839.0000  0.0000E+00
 2840.0000  0.0000E+00
 2841.0000  0.0000E+00
 2842.0000  0.0000E+00
 2843.0000  0.0000E+00
 2844.0000  0.0000E+00
 2845.0000  0.0000E+00
 2846.0000  0.0000E+00
 2847.0000  0.0000E+00
 2848.0000  0.0000E+00
 2849.0000  0.0000E+00
 2850.0000  0.0000E+00
 4000.0000  6.9090E-46
 4001.0000  6.9980E-46
 4002.0000  7.0960E-46
 4003.0000  7.2040E-46
 4004.0000  7.3120E-46
 4005.0000  7.4340E-46
 4006.0000  7.5450E-46
 4007.0000  7.6300E-46
 4008.0000  7.8940E-46
 4009.0000  8.1210E-46
 4010.0000  7.9720E-46
 4011.0000  8.0650E-46
 4012.0000  8.2070E-46
 4013.0000  8.3580E-46
 4014.0000  8.4230E-46
 4015.0000  8.5280E-46
 4016.0000  8.6270E-46
 4017.0000  8.7690E-46
 4018.0000  8.9290E-46
 4019.0000  9.1270E-46
 4020.0000  9.2570E-46
 4021.0000  9.2940E-46
 4022.0000  9.4130E-46
 4023.0000  9.5180E-46
 4024.0000  9.6710E-46
 4025.0000  9.9190E-46
 4026.0000  1.0062E-45
 4027.0000  1.0046E-45
 4028.0000  1.0165E-45
 4029.0000  1.0324E-45
 4030.0000  1.0493E-45
 4031.0000  1.0612E-45
 4032.0000  1.0747E-45
 4033.0000  1.0889E-45
 4034.0000  1.1021E-45
 4035.0000  1.1146E-45
 4036.0000  1.1324E-45
 4037.0000  1.1445E-45
 4038.0000  1.1566E-45
 4039.0000  1.1728E-45
 4040.0000  1.1906E-45
 4041.0000  1.2051E-45
 4042.0000  1.2181E-45
 4043.0000  1.2374E-45
 4044.0000  1.2649E-45
 4045.0000  1.2936E-45
 4046.0000  1.2900E-45
 4047.0000  1.2990E-45
 4048.0000  1.3140E-45
 4049.0000  1.3300E-45
 4050.0000  1.3460E-45
 4051.0000  1.3640E-45
 4052.0000  1.3830E-45
 4053.0000  1.4000E-45
 4054.0000  1.4160E-45
 4055.0000  1.4340E-45
 4056.0000  1.4500E-45
 4057.0000  1.4670E-45
 4058.0000  1.4820E-45
 4059.0000  1.5020E-45
 4060.0000  1.5260E-45
 4061.0000  1.5450E-45
 4062.0000  1.5570E-45
 4063.0000  1.5770E-45
 4064.0000  1.5930E-45
 4065.0000  1.6120E-45
 4066.0000  1.6310E-45
 4067.0000  1.6500E-45
 4068.0000  1.6670E-45
 4069.0000  1.6860E-45
 4070.0000  1.7080E-45
 4071.0000  1.7290E-45
 4072.0000  1.7480E-45
 4073.0000  1.7660E-45
 4074.0000  1.7880E-45
 4075.0000  1.8080E-45
 4076.0000  1.8260E-45
 4077.0000  1.8440E-45
 4078.0000  1.8660E-45
 4079.0000  1.8900E-45
 4080.0000  1.9140E-45
 4081.0000  1.9320E-45
 4082.0000  1.9500E-45
 4083.0000  1.9690E-45
 4084.0000  1.9910E-45
 4085.0000  2.0120E-45
 4086.0000  2.0330E-45
 4087.0000  2.0520E-45
 4088.0000  2.0790E-45
 4089.0000  2.0980E-45
 4090.0000  2.1150E-45
 4091.0000  2.1380E-45
 4092.0000  2.1580E-45
 4093.0000  2.1790E-45
 4094.0000  2.2030E-45
 4095.0000  2.2230E-45
 4096.0000  2.2440E-45
 4097.0000  2.2660E-45
 4098.0000  2.2870E-45
 4099.0000  2.3100E-45
 4100.0000  2.3320E-45
 4101.0000  2.3540E-45
 4102.0000  2.3750E-45
 4103.0000  2.3970E-45
 4104.0000  2.4240E-45
 4105.0000  2.4490E-45
 4106.0000  2.4800E-45
 4107.0000  2.4970E-45
 4108.0000  2.5120E-45
 4109.0000  2.5330E-45
 4110.0000  2.5560E-45
 4111.0000  2.5790E-45
 4112.0000  2.6010E-45
 4113.0000  2.6220E-45
 4114.0000  2.6450E-45
 4115.0000  2.6670E-45
 4116.0000  2.6900E-45
 4117.0000  2.7110E-45
 4118.0000  2.7350E-45
 4119.0000  2.7540E-45
 4120.0000  2.7760E-45
 4121.0000  2.8010E-45
 4122.0000  2.8190E-45
 4123.0000  2.8340E-45
 4124.0000  2.8410E-45
 4125.0000  2.8390E-45
 4126.0000  2.8420E-45
 4127.0000  2.8770E-45
 4128.0000  2.9200E-45
 4129.0000  2.9560E-45
 4130.0000  2.9850E-45
 4131.0000  3.0090E-45
 4132.0000  3.0330E-45
 4133.0000  3.0580E-45
 4134.0000  3.0790E-45
 4135.0000  3.1010E-45
 4136.0000  3.1180E-45
 4137.0000  3.1320E-45
 4138.0000  3.1540E-45
 4139.0000  3.1730E-45
 4140.0000  3.1800E-45
 4141.0000  3.1780E-45
 4142.0000  3.1520E-45
 4143.0000  3.0890E-45
 4144.0000  3.0770E-45
 4145.0000  3.1520E-45
 4146.0000  3.2210E-45
 4147.0000  3.2670E-45
 4148.0000  3.2900E-45
 4149.0000  3.3000E-45
 4150.0000  3.2960E-45
 4151.0000  3.2610E-45
 4152.0000  3.1640E-45
 4153.0000  2.9240E-45
 4154.0000  2.3640E-45
 4155.0000  1.6490E-45
 4156.0000  1.6000E-45
 4157.0000  2.2290E-45
 4158.0000  2.7310E-45
 4159.0000  2.9420E-45
 4160.0000  2.9470E-45
 4161.0000  2.8720E-45
 4162.0000  2.9450E-45
 4163.0000  3.1430E-45
 4164.0000  3.2940E-45
 4165.0000  3.3840E-45
 4166.0000  3.4400E-45
 4167.0000  3.4790E-45
 4168.0000  3.5090E-45
 4169.0000  3.5330E-45
 4170.0000  3.5550E-45
 4171.0000  3.5740E-45
 4172.0000  3.5920E-45
 4173.0000  3.6070E-45
 4174.0000  3.6190E-45
 4175.0000  3.6320E-45
 4176.0000  3.6440E-45
 4177.0000  3.6570E-45
 4178.0000  3.6650E-45
 4179.0000  3.6760E-45
 4180.0000  3.6860E-45
 4181.0000  3.6960E-45
 4182.0000  3.7060E-45
 4183.0000  3.7110E-45
 4184.0000  3.7180E-45
 4185.0000  3.7210E-45
 4186.0000  3.7300E-45
 4187.0000  3.7380E-45
 4188.0000  3.7440E-45
 4189.0000  3.7510E-45
 4190.0000  3.7560E-45
 4191.0000  3.7590E-45
 4192.0000  3.7630E-45
 4193.0000  3.7670E-45
 4194.0000  3.7690E-45
 4195.0000  3.7740E-45
 4196.0000  3.7750E-45
 4197.0000  3.7770E-45
 4198.0000  3.7780E-45
 4199.0000  3.7830E-45
 4200.0000  3.7840E-45
 4201.0000  3.7840E-45
 4202.0000  3.7850E-45
 4203.0000  3.7900E-45
 4204.0000  3.7910E-45
 4205.0000  3.7890E-45
 4206.0000  3.7860E-45
 4207.0000  3.7850E-45
 4208.0000  3.7890E-45
 4209.0000  3.7840E-45
 4210.0000  3.7790E-45
 4211.0000  3.7800E-45
 4212.0000  3.7820E-45
 4213.0000  3.7790E-45
 4214.0000  3.7750E-45
 4215.0000  3.7730E-45
 4216.0000  3.7730E-45
 4217.0000  3.7710E-45
 4218.0000  3.7690E-45
 4219.0000  3.7640E-45
 4220.0000  3.7600E-45
 4221.0000  3.7560E-45
 4222.0000  3.7530E-45
 4223.0000  3.7500E-45
 4224.0000  3.7450E-45
 4225.0000  3.7390E-45
 4226.0000  3.7320E-45
 4227.0000  3.7300E-45
 4228.0000  3.7230E-45
 4229.0000  3.7210E-45
 4230.0000  3.7170E-45
 4231.0000  3.7070E-45
 4232.0000  3.7000E-45
 4233.0000  3.6950E-45
 4234.0000  3.6890E-45
 4235.0000  3.6810E-45
 4236.0000  3.6760E-45
 4237.0000  3.6700E-45
 4238.0000  3.6630E-45
 4239.0000  3.6540E-45
 4240.0000  3.6490E-45
 4241.0000  3.6410E-45
 4242.0000  3.6350E-45
 4243.0000  3.6240E-45
 4244.0000  3.6170E-45
 4245.0000  3.6120E-45
 4246.0000  3.6020E-45
 4247.0000  3.5910E-45
 4248.0000  3.5840E-45
 4249.0000  3.5750E-45
 4250.0000  3.5670E-45
 4251.0000  3.5560E-45
 4252.0000  3.5440E-45
 4253.0000  3.5400E-45
 4254.0000  3.5290E-45
 4255.0000  3.5230E-45
 4256.0000  3.5110E-45
 4257.0000  3.5020E-45
 4258.0000  3.4910E-45
 4259.0000  3.4820E-45
 4260.0000  3.4700E-45
 4261.0000  3.4640E-45
 4262.0000  3.4520E-45
 4263.0000  3.4400E-45
 4264.0000  3.4280E-45
 4265.0000  3.4200E-45
 4266.0000  3.4140E-45
 4267.0000  3.3990E-45
 4268.0000  3.3850E-45
 4269.0000  3.3790E-45
 4270.0000  3.3680E-45
 4271.0000  3.3560E-45
 4272.0000  3.3450E-45
 4273.0000  3.3370E-45
 4274.0000  3.3260E-45
 4275.0000  3.3100E-45
 4276.0000  3.2950E-45
 4277.0000  3.2910E-45
 4278.0000  3.2820E-45
 4279.0000  3.2700E-45
 4280.0000  3.2590E-45
 4281.0000  3.2460E-45
 4282.0000  3.2380E-45
 4283.0000  3.2240E-45
 4284.0000  3.2080E-45
 4285.0000  3.1970E-45
 4286.0000  3.1880E-45
 4287.0000  3.1780E-45
 4288.0000  3.1650E-45
 4289.0000  3.1540E-45
 4290.0000  3.1420E-45
 4291.0000  3.1290E-45
 4292.0000  3.1160E-45
 4293.0000  3.1010E-45
 4294.0000  3.0890E-45
 4295.0000  3.0760E-45
 4296.0000  3.0640E-45
 4297.0000  3.0590E-45
 4298.0000  3.0460E-45
 4299.0000  3.0300E-45
 4300.0000  3.0170E-45
 4301.0000  3.0080E-45
 4302.0000  2.9980E-45
 4303.0000  2.9810E-45
 4304.0000  2.9650E-45
 4305.0000  2.9530E-45
 4306.0000  2.9440E-45
 4307.0000  2.9310E-45
 4308.0000  2.9180E-45
 4309.0000  2.9040E-45
 4310.0000  2.8970E-45
 4311.0000  2.8850E-45
 4312.0000  2.8710E-45
 4313.0000  2.8610E-45
 4314.0000  2.8460E-45
 4315.0000  2.8370E-45
 4316.0000  2.8240E-45
 4317.0000  2.8100E-45
 4318.0000  2.7940E-45
 4319.0000  2.7820E-45
 4320.0000  2.7690E-45
 4321.0000  2.7550E-45
 4322.0000  2.7400E-45
 4323.0000  2.7310E-45
 4324.0000  2.7190E-45
 4325.0000  2.7080E-45
 4326.0000  2.6990E-45
 4327.0000  2.6870E-45
 4328.0000  2.6750E-45
 4329.0000  2.6660E-45
 4330.0000  2.6460E-45
 4331.0000  2.6360E-45
 4332.0000  2.6220E-45
 4333.0000  2.6090E-45
 4334.0000  2.5980E-45
 4335.0000  2.5860E-45
 4336.0000  2.5760E-45
 4337.0000  2.5610E-45
 4338.0000  2.5500E-45
 4339.0000  2.5340E-45
 4340.0000  2.5190E-45
 4341.0000  2.5070E-45
 4342.0000  2.4970E-45
 4343.0000  2.4850E-45
 4344.0000  2.4750E-45
 4345.0000  2.4680E-45
 4346.0000  2.4520E-45
 4347.0000  2.4380E-45
 4348.0000  2.4290E-45
 4349.0000  2.4150E-45
 4350.0000  2.4040E-45
 4351.0000  2.3940E-45
 4352.0000  2.3800E-45
 4353.0000  2.3690E-45
 4354.0000  2.3570E-45
 4355.0000  2.3440E-45
 4356.0000  2.3300E-45
 4357.0000  2.3170E-45
 4358.0000  2.3090E-45
 4359.0000  2.2980E-45
 4360.0000  2.2860E-45
 4361.0000  2.2720E-45
 4362.0000  2.2630E-45
 4363.0000  2.2530E-45
 4364.0000  2.2390E-45
 4365.0000  2.2300E-45
 4366.0000  2.2190E-45
 4367.0000  2.2080E-45
 4368.0000  2.1950E-45
 4369.0000  2.1840E-45
 4370.0000  2.1700E-45
 4371.0000  2.1590E-45
 4372.0000  2.1480E-45
 4373.0000  2.1380E-45
 4374.0000  2.1290E-45
 4375.0000  2.1140E-45
 4376.0000  2.1040E-45
 4377.0000  2.0880E-45
 4378.0000  2.0840E-45
 4379.0000  2.0830E-45
 4380.0000  2.0680E-45
 4381.0000  2.0470E-45
 4382.0000  2.0410E-45
 4383.0000  2.0310E-45
 4384.0000  2.0170E-45
 4385.0000  2.0170E-45
 4386.0000  2.0060E-45
 4387.0000  1.9910E-45
 4388.0000  1.9820E-45
 4389.0000  1.9720E-45
 4390.0000  1.9620E-45
 4391.0000  1.9450E-45
 4392.0000  1.9320E-45
 4393.0000  1.9220E-45
 4394.0000  1.9110E-45
 4395.0000  1.9030E-45
 4396.0000  1.8950E-45
 4397.0000  1.8790E-45
 4398.0000  1.8770E-45
 4399.0000  1.8680E-45
 4400.0000  1.8610E-45
 4401.0000  1.8490E-45
 4402.0000  1.8370E-45
 4403.0000  1.8290E-45
 4404.0000  1.8210E-45
 4405.0000  1.8110E-45
 4406.0000  1.7970E-45
 4407.0000  1.7920E-45
 4408.0000  1.7840E-45
 4409.0000  1.7750E-45
 4410.0000  1.7640E-45
 4411.0000  1.7520E-45
 4412.0000  1.7430E-45
 4413.0000  1.7370E-45
 4414.0000  1.7260E-45
 4415.0000  1.7150E-45
 4416.0000  1.7060E-45
 4417.0000  1.7000E-45
 4418.0000  1.6930E-45
 4419.0000  1.6830E-45
 4420.0000  1.6730E-45
 4421.0000  1.6680E-45
 4422.0000  1.6600E-45
 4423.0000  1.6520E-45
 4424.0000  1.6400E-45
 4425.0000  1.6330E-45
 4426.0000  1.6240E-45
 4427.0000  1.6170E-45
 4428.0000  1.6080E-45
 4429.0000  1.6000E-45
 4430.0000  1.5930E-45
 4431.0000  1.5860E-45
 4432.0000  1.5720E-45
 4433.0000  1.5680E-45
 4434.0000  1.5660E-45
 4435.0000  1.5550E-45
 4436.0000  1.5460E-45
 4437.0000  1.5370E-45
 4438.0000  1.5320E-45
 4439.0000  1.5240E-45
 4440.0000  1.5140E-45
 4441.0000  1.5070E-45
 4442.0000  1.5020E-45
 4443.0000  1.4930E-45
 4444.0000  1.4840E-45
 4445.0000  1.4770E-45
 4446.0000  1.4710E-45
 4447.0000  1.4640E-45
 4448.0000  1.4590E-45
 4449.0000  1.4530E-45
 4450.0000  1.4460E-45
 4451.0000  1.4320E-45
 4452.0000  1.4240E-45
 4453.0000  1.4220E-45
 4454.0000  1.4170E-45
 4455.0000  1.4070E-45
 4456.0000  1.4020E-45
 4457.0000  1.3930E-45
 4458.0000  1.3910E-45
 4459.0000  1.3890E-45
 4460.0000  1.3860E-45
 4461.0000  1.3780E-45
 4462.0000  1.3610E-45
 4463.0000  1.3610E-45
 4464.0000  1.3560E-45
 4465.0000  1.3490E-45
 4466.0000  1.3430E-45
 4467.0000  1.3330E-45
 4468.0000  1.3340E-45
 4469.0000  1.3330E-45
 4470.0000  1.3230E-45
 4471.0000  1.3130E-45
 4472.0000  1.3030E-45
 4473.0000  1.2970E-45
 4474.0000  1.2910E-45
 4475.0000  1.2840E-45
 4476.0000  1.2790E-45
 4477.0000  1.2740E-45
 4478.0000  1.2730E-45
 4479.0000  1.2700E-45
 4480.0000  1.2660E-45
 4481.0000  1.2560E-45
 4482.0000  1.2500E-45
 4483.0000  1.2420E-45
 4484.0000  1.2390E-45
 4485.0000  1.2370E-45
 4486.0000  1.2320E-45
 4487.0000  1.2280E-45
 4488.0000  1.2210E-45
 4489.0000  1.2150E-45
 4490.0000  1.2090E-45
 4491.0000  1.2020E-45
 4492.0000  1.2010E-45
 4493.0000  1.1950E-45
 4494.0000  1.1870E-45
 4495.0000  1.1850E-45
 4496.0000  1.1700E-45
 4497.0000  1.1500E-45
 4498.0000  1.1400E-45
 4499.0000  1.1320E-45
 4500.0000  1.1310E-45
 4501.0000  1.1330E-45
 4502.0000  1.1330E-45
 4503.0000  1.1280E-45
 4504.0000  1.1230E-45
 4505.0000  1.1260E-45
 4506.0000  1.1190E-45
 4507.0000  1.1160E-45
 4508.0000  1.1100E-45
 4509.0000  1.1020E-45
 4510.0000  1.0980E-45
 4511.0000  1.0950E-45
 4512.0000  1.0910E-45
 4513.0000  1.0880E-45
 4514.0000  1.0860E-45
 4515.0000  1.0800E-45
 4516.0000  1.0780E-45
 4517.0000  1.0700E-45
 4518.0000  1.0620E-45
 4519.0000  1.0590E-45
 4520.0000  1.0550E-45
 4521.0000  1.0450E-45
 4522.0000  1.0410E-45
 4523.0000  1.0390E-45
 4524.0000  1.0340E-45
 4525.0000  1.0289E-45
 4526.0000  1.0245E-45
 4527.0000  1.0163E-45
 4528.0000  1.0143E-45
 4529.0000  1.0085E-45
 4530.0000  9.9960E-46
 4531.0000  9.9500E-46
 4532.0000  9.9080E-46
 4533.0000  9.9300E-46
 4534.0000  9.8390E-46
 4535.0000  9.7990E-46
 4536.0000  9.7310E-46
 4537.0000  9.6950E-46
 4538.0000  9.6540E-46
 4539.0000  9.6020E-46
 4540.0000  9.5840E-46
 4541.0000  9.4890E-46
 4542.0000  9.4290E-46
 4543.0000  9.4340E-46
 4544.0000  9.3780E-46
 4545.0000  9.3430E-46
 4546.0000  9.3040E-46
 4547.0000  9.2680E-46
 4548.0000  9.1850E-46
 4549.0000  9.2260E-46
 4550.0000  9.1740E-46
 4551.0000  9.0700E-46
 4552.0000  9.0720E-46
 4553.0000  8.9670E-46
 4554.0000  8.9100E-46
 4555.0000  8.9250E-46
 4556.0000  8.8870E-46
 4557.0000  8.8550E-46
 4558.0000  8.7740E-46
 4559.0000  8.7080E-46
 4560.0000  8.7090E-46
 4561.0000  8.7010E-46
 4562.0000  8.6540E-46
 4563.0000  8.6150E-46
 4564.0000  8.5340E-46
 4565.0000  8.4640E-46
 4566.0000  8.4230E-46
 4567.0000  8.3960E-46
 4568.0000  8.3600E-46
 4569.0000  8.3290E-46
 4570.0000  8.3060E-46
 4571.0000  8.2670E-46
 4572.0000  8.2180E-46
 4573.0000  8.2340E-46
 4574.0000  8.1960E-46
 4575.0000  8.1300E-46
 4576.0000  8.0770E-46
 4577.0000  8.0650E-46
 4578.0000  8.0260E-46
 4579.0000  7.9730E-46
 4580.0000  7.9550E-46
 4581.0000  7.9220E-46
 4582.0000  7.9020E-46
 4583.0000  7.8810E-46
 4584.0000  7.8440E-46
 4585.0000  7.8100E-46
 4586.0000  7.7560E-46
 4587.0000  7.7060E-46
 4588.0000  7.7410E-46
 4589.0000  7.7300E-46
 4590.0000  7.6730E-46
 4591.0000  7.6490E-46
 4592.0000  7.6200E-46
 4593.0000  7.5810E-46
 4594.0000  7.6210E-46
 4595.0000  7.6040E-46
 4596.0000  7.5590E-46
 4597.0000  7.4650E-46
 4598.0000  7.5070E-46
 4599.0000  7.3570E-46
 4600.0000  7.3520E-46
 4601.0000  7.3610E-46
 4602.0000  7.3350E-46
 4603.0000  7.3490E-46
 4604.0000  7.3110E-46
 4605.0000  7.3150E-46
 4606.0000  7.2700E-46
 4607.0000  7.1890E-46
 4608.0000  7.1960E-46
 4609.0000  7.1760E-46
 4610.0000  7.1980E-46
 4611.0000  7.1870E-46
 4612.0000  7.1240E-46
 4613.0000  7.1070E-46
 4614.0000  7.0760E-46
 4615.0000  7.0720E-46
 4616.0000  7.0490E-46
 4617.0000  7.0120E-46
 4618.0000  6.9860E-46
 4619.0000  6.9880E-46
 4620.0000  6.9760E-46
 4621.0000  6.9740E-46
 4622.0000  6.9180E-46
 4623.0000  6.9230E-46
 4624.0000  6.9730E-46
 4625.0000  6.9340E-46
 4626.0000  6.8940E-46
 4627.0000  6.8540E-46
 4628.0000  6.8780E-46
 4629.0000  6.8650E-46
 4630.0000  6.8470E-46
 4631.0000  6.8160E-46
 4632.0000  6.8250E-46
 4633.0000  6.8200E-46
 4634.0000  6.8090E-46
 4635.0000  6.7890E-46
 4636.0000  6.7860E-46
 4637.0000  6.7840E-46
 4638.0000  6.7610E-46
 4639.0000  6.6970E-46
 4640.0000  6.7330E-46
 4641.0000  6.7880E-46
 4642.0000  6.7820E-46
 4643.0000  6.7110E-46
 4644.0000  6.6960E-46
 4645.0000  6.7150E-46
 4646.0000  6.7230E-46
 4647.0000  6.7640E-46
 4648.0000  6.7030E-46
 4649.0000  6.6940E-46
 4650.0000  6.7320E-46
 4651.0000  6.7090E-46
 4652.0000  6.7330E-46
 4653.0000  6.7600E-46
 4654.0000  6.6940E-46
 4655.0000  6.6750E-46
 4656.0000  6.7060E-46
 4657.0000  6.6670E-46
 4658.0000  6.7110E-46
 4659.0000  6.7530E-46
 4660.0000  6.6840E-46
 4661.0000  6.7150E-46
 4662.0000  6.6570E-46
 4663.0000  6.7230E-46
 4664.0000  6.8010E-46
 4665.0000  6.8150E-46
 4666.0000  6.7300E-46
 4667.0000  6.7230E-46
 4668.0000  6.7530E-46
 4669.0000  6.7530E-46
 4670.0000  6.7870E-46
 4671.0000  6.7810E-46
 4672.0000  6.8240E-46
 4673.0000  6.7910E-46
 4674.0000  6.8090E-46
 4675.0000  6.8010E-46
 4676.0000  6.8500E-46
 4677.0000  6.7840E-46
 4678.0000  6.7890E-46
 4679.0000  6.8010E-46
 4680.0000  6.7900E-46
 4681.0000  6.8330E-46
 4682.0000  6.8700E-46
 4683.0000  6.8780E-46
 4684.0000  6.8960E-46
 4685.0000  6.9170E-46
 4686.0000  6.9260E-46
 4687.0000  6.9390E-46
 4688.0000  6.9500E-46
 4689.0000  6.9320E-46
 4690.0000  6.9100E-46
 4691.0000  6.9560E-46
 4692.0000  6.9620E-46
 4693.0000  6.9510E-46
 4694.0000  6.9890E-46
 4695.0000  7.0090E-46
 4696.0000  6.9680E-46
 4697.0000  6.9510E-46
 4698.0000  7.0060E-46
 4699.0000  7.0590E-46
 4700.0000  7.0540E-46
 4701.0000  7.0830E-46
 4702.0000  7.1000E-46
 4703.0000  7.0610E-46
 4704.0000  7.1120E-46
 4705.0000  7.2110E-46
 4706.0000  7.1580E-46
 4707.0000  7.0060E-46
 4708.0000  7.2100E-46
 4709.0000  7.1180E-46
 4710.0000  6.8920E-46
 4711.0000  6.7850E-46
 4712.0000  6.4850E-46
 4713.0000  6.2950E-46
 4714.0000  6.3160E-46
 4715.0000  6.4750E-46
 4716.0000  6.6580E-46
 4717.0000  6.8060E-46
 4718.0000  6.8940E-46
 4719.0000  6.9040E-46
 4720.0000  6.9920E-46
 4721.0000  6.9720E-46
 4722.0000  7.0490E-46
 4723.0000  7.0510E-46
 4724.0000  7.0240E-46
 4725.0000  7.0290E-46
 4726.0000  6.9750E-46
 4727.0000  6.9480E-46
 4728.0000  6.9570E-46
 4729.0000  6.9110E-46
 4730.0000  6.9450E-46
 4731.0000  6.9620E-46
 4732.0000  6.9000E-46
 4733.0000  6.8950E-46
 4734.0000  6.8570E-46
 4735.0000  6.9060E-46
 4736.0000  6.8830E-46
 4737.0000  6.8350E-46
 4738.0000  6.7840E-46
 4739.0000  6.7490E-46
 4740.0000  6.7940E-46
 4741.0000  6.8000E-46
 4742.0000  6.7770E-46
 4743.0000  6.7770E-46
 4744.0000  6.6990E-46
 4745.0000  6.6890E-46
 4746.0000  6.6570E-46
 4747.0000  6.6120E-46
 4748.0000  6.5750E-46
 4749.0000  6.6230E-46
 4750.0000  6.6290E-46
 4751.0000  6.6140E-46
 4752.0000  6.5880E-46
 4753.0000  6.5580E-46
 4754.0000  6.6220E-46
 4755.0000  6.5040E-46
 4756.0000  6.3930E-46
 4757.0000  6.4470E-46
 4758.0000  6.4370E-46
 4759.0000  6.4240E-46
 4760.0000  6.4040E-46
 4761.0000  6.3270E-46
 4762.0000  6.3170E-46
 4763.0000  6.3420E-46
 4764.0000  6.3040E-46
 4765.0000  6.2100E-46
 4766.0000  6.2310E-46
 4767.0000  6.2010E-46
 4768.0000  6.1440E-46
 4769.0000  6.1600E-46
 4770.0000  6.1670E-46
 4771.0000  6.1610E-46
 4772.0000  6.1140E-46
 4773.0000  6.1060E-46
 4774.0000  6.0620E-46
 4775.0000  6.0080E-46
 4776.0000  5.9540E-46
 4777.0000  5.9040E-46
 4778.0000  5.9540E-46
 4779.0000  5.9180E-46
 4780.0000  5.8620E-46
 4781.0000  5.8410E-46
 4782.0000  5.8500E-46
 4783.0000  5.8140E-46
 4784.0000  5.8210E-46
 4785.0000  5.7270E-46
 4786.0000  5.6890E-46
 4787.0000  5.6950E-46
 4788.0000  5.6700E-46
 4789.0000  5.6140E-46
 4790.0000  5.5940E-46
 4791.0000  5.6280E-46
 4792.0000  5.6210E-46
 4793.0000  5.5630E-46
 4794.0000  5.5760E-46
 4795.0000  5.5400E-46
 4796.0000  5.5080E-46
 4797.0000  5.5000E-46
 4798.0000  5.4040E-46
 4799.0000  5.4030E-46
 4800.0000  5.3710E-46
 4801.0000  5.3840E-46
 4802.0000  5.3290E-46
 4803.0000  5.3060E-46
 4804.0000  5.3020E-46
 4805.0000  5.2370E-46
 4806.0000  5.2220E-46
 4807.0000  5.2010E-46
 4808.0000  5.1780E-46
 4809.0000  5.1440E-46
 4810.0000  5.1150E-46
 4811.0000  5.0980E-46
 4812.0000  5.0680E-46
 4813.0000  5.0210E-46
 4814.0000  4.9320E-46
 4815.0000  4.9640E-46
 4816.0000  5.0160E-46
 4817.0000  4.9800E-46
 4818.0000  4.9110E-46
 4819.0000  4.9010E-46
 4820.0000  4.9000E-46
 4821.0000  4.8670E-46
 4822.0000  4.8260E-46
 4823.0000  4.8280E-46
 4824.0000  4.8220E-46
 4825.0000  4.8180E-46
 4826.0000  4.7800E-46
 4827.0000  4.7410E-46
 4828.0000  4.6900E-46
 4829.0000  4.6450E-46
 4830.0000  4.6490E-46
 4831.0000  4.6520E-46
 4832.0000  4.5740E-46
 4833.0000  4.6360E-46
 4834.0000  4.6090E-46
 4835.0000  4.6140E-46
 4836.0000  4.4890E-46
 4837.0000  4.4770E-46
 4838.0000  4.4270E-46
 4839.0000  4.4670E-46
 4840.0000  4.4610E-46
 4841.0000  4.4320E-46
 4842.0000  4.4080E-46
 4843.0000  4.3230E-46
 4844.0000  4.3010E-46
 4845.0000  4.3490E-46
 4846.0000  4.3240E-46
 4847.0000  4.3150E-46
 4848.0000  4.2770E-46
 4849.0000  4.2370E-46
 4850.0000  4.2370E-46
 4851.0000  4.2440E-46
 4852.0000  4.2240E-46
 4853.0000  4.1610E-46
 4854.0000  4.1520E-46
 4855.0000  4.0980E-46
 4856.0000  4.1250E-46
 4857.0000  4.1380E-46
 4858.0000  4.1160E-46
 4859.0000  4.1110E-46
 4860.0000  4.0360E-46
 4861.0000  3.9750E-46
 4862.0000  3.8920E-46
 4863.0000  3.9310E-46
 4864.0000  3.8870E-46
 4865.0000  3.9280E-46
 4866.0000  3.9180E-46
 4867.0000  3.9160E-46
 4868.0000  3.8860E-46
 4869.0000  3.8710E-46
 4870.0000  3.8440E-46
 4871.0000  3.8010E-46
 4872.0000  3.7840E-46
 4873.0000  3.8210E-46
 4874.0000  3.7580E-46
 4875.0000  3.7180E-46
 4876.0000  3.7780E-46
 4877.0000  3.7290E-46
 4878.0000  3.6900E-46
 4879.0000  3.6970E-46
 4880.0000  3.6800E-46
 4881.0000  3.6270E-46
 4882.0000  3.6200E-46
 4883.0000  3.6180E-46
 4884.0000  3.5850E-46
 4885.0000  3.5360E-46
 4886.0000  3.3990E-46
 4887.0000  3.4800E-46
 4888.0000  3.6070E-46
 4889.0000  3.5930E-46
 4890.0000  3.6080E-46
 4891.0000  3.4050E-46
 4892.0000  3.3270E-46
 4893.0000  3.4910E-46
 4894.0000  3.4430E-46
 4895.0000  3.4940E-46
 4896.0000  3.4170E-46
 4897.0000  3.3440E-46
 4898.0000  3.2080E-46
 4899.0000  3.2690E-46
 4900.0000  3.2280E-46
 4901.0000  3.1490E-46
 4902.0000  3.1590E-46
 4903.0000  3.2500E-46
 4904.0000  3.2080E-46
 4905.0000  3.2530E-46
 4906.0000  3.1990E-46
 4907.0000  3.2240E-46
 4908.0000  3.2270E-46
 4909.0000  3.2050E-46
 4910.0000  3.1000E-46
 4911.0000  3.1790E-46
 4912.0000  3.1340E-46
 4913.0000  3.0990E-46
 4914.0000  3.1430E-46
 4915.0000  3.0590E-46
 4916.0000  2.9300E-46
 4917.0000  2.8940E-46
 4918.0000  2.9820E-46
 4919.0000  3.0280E-46
 4920.0000  3.0030E-46
 4921.0000  2.9810E-46
 4922.0000  2.9340E-46
 4923.0000  2.8400E-46
 4924.0000  2.9020E-46
 4925.0000  2.9440E-46
 4926.0000  2.9790E-46
 4927.0000  2.9600E-46
 4928.0000  2.9140E-46
 4929.0000  2.9030E-46
 4930.0000  2.8530E-46
 4931.0000  2.8660E-46
 4932.0000  2.8780E-46
 4933.0000  2.8360E-46
 4934.0000  2.7760E-46
 4935.0000  2.7950E-46
 4936.0000  2.7970E-46
 4937.0000  2.7350E-46
 4938.0000  2.6980E-46
 4939.0000  2.7220E-46
 4940.0000  2.6450E-46
 4941.0000  2.6400E-46
 4942.0000  2.6380E-46
 4943.0000  2.5860E-46
 4944.0000  2.6100E-46
 4945.0000  2.6090E-46
 4946.0000  2.6090E-46
 4947.0000  2.6000E-46
 4948.0000  2.5740E-46
 4949.0000  2.5650E-46
 4950.0000  2.5980E-46
 4951.0000  2.5430E-46
 4952.0000  2.4530E-46
 4953.0000  2.5220E-46
 4954.0000  2.5020E-46
 4955.0000  2.4570E-46
 4956.0000  2.5390E-46
 4957.0000  2.5250E-46
 4958.0000  2.4400E-46
 4959.0000  2.4890E-46
 4960.0000  2.4370E-46
 4961.0000  2.4140E-46
 4962.0000  2.4160E-46
 4963.0000  2.3870E-46
 4964.0000  2.3300E-46
 4965.0000  2.4010E-46
 4966.0000  2.3600E-46
 4967.0000  2.3680E-46
 4968.0000  2.3920E-46
 4969.0000  2.2470E-46
 4970.0000  2.2540E-46
 4971.0000  2.2910E-46
 4972.0000  2.2380E-46
 4973.0000  2.2290E-46
 4974.0000  2.2370E-46
 4975.0000  2.2120E-46
 4976.0000  2.2100E-46
 4977.0000  2.2040E-46
 4978.0000  2.2020E-46
 4979.0000  2.1910E-46
 4980.0000  2.1490E-46
 4981.0000  2.0820E-46
 4982.0000  2.0910E-46
 4983.0000  2.0670E-46
 4984.0000  2.0720E-46
 4985.0000  2.0260E-46
 4986.0000  2.0990E-46
 4987.0000  2.0340E-46
 4988.0000  2.0870E-46
 4989.0000  2.0860E-46
 4990.0000  2.0240E-46
 4991.0000  2.0120E-46
 4992.0000  2.0070E-46
 4993.0000  1.9150E-46
 4994.0000  1.9730E-46
 4995.0000  2.0580E-46
 4996.0000  2.0460E-46
 4997.0000  1.9700E-46
 4998.0000  1.9180E-46
 4999.0000  1.9000E-46
 5000.0000  1.9430E-46
 5001.0000  1.9100E-46
 5002.0000  1.8720E-46
 5003.0000  1.8590E-46
 5004.0000  1.8710E-46
 5005.0000  1.8830E-46
 5006.0000  1.9100E-46
 5007.0000  1.8250E-46
 5008.0000  1.7960E-46
 5009.0000  1.8340E-46
 5010.0000  1.7790E-46
 5011.0000  1.7020E-46
 5012.0000  1.7380E-46
 5013.0000  1.7130E-46
 5014.0000  1.6130E-46
 5015.0000  1.6510E-46
 5016.0000  1.7190E-46
 5017.0000  1.6480E-46
 5018.0000  1.6520E-46
 5019.0000  1.6830E-46
 5020.0000  1.6980E-46
 5021.0000  1.6700E-46
 5022.0000  1.6300E-46
 5023.0000  1.6190E-46
 5024.0000  1.6020E-46
 5025.0000  1.5570E-46
 5026.0000  1.5840E-46
 5027.0000  1.6260E-46
 5028.0000  1.5280E-46
 5029.0000  1.5300E-46
 5030.0000  1.6080E-46
 5031.0000  1.5800E-46
 5032.0000  1.5500E-46
 5033.0000  1.4900E-46
 5034.0000  1.5340E-46
 5035.0000  1.5160E-46
 5036.0000  1.4710E-46
 5037.0000  1.5220E-46
 5038.0000  1.5610E-46
 5039.0000  1.4410E-46
 5040.0000  1.4340E-46
 5041.0000  1.4740E-46
 5042.0000  1.4630E-46
 5043.0000  1.4370E-46
 5044.0000  1.3760E-46
 5045.0000  1.4210E-46
 5046.0000  1.4050E-46
 5047.0000  1.4000E-46
 5048.0000  1.4420E-46
 5049.0000  1.3960E-46
 5050.0000  1.3560E-46
 5051.0000  1.3410E-46
 5052.0000  1.3430E-46
 5053.0000  1.3960E-46
 5054.0000  1.3730E-46
 5055.0000  1.3460E-46
 5056.0000  1.3330E-46
 5057.0000  1.3800E-46
 5058.0000  1.3220E-46
 5059.0000  1.2890E-46
 5060.0000  1.2820E-46
 5061.0000  1.2670E-46
 5062.0000  1.3410E-46
 5063.0000  1.3130E-46
 5064.0000  1.2580E-46
 5065.0000  1.2590E-46
 5066.0000  1.2540E-46
 5067.0000  1.1630E-46
 5068.0000  1.1770E-46
 5069.0000  1.2820E-46
 5070.0000  1.2740E-46
 5071.0000  1.1640E-46
 5072.0000  1.2110E-46
 5073.0000  1.2240E-46
 5074.0000  1.1370E-46
 5075.0000  1.0840E-46
 5076.0000  1.1010E-46
 5077.0000  1.1690E-46
 5078.0000  1.1440E-46
 5079.0000  1.0870E-46
 5080.0000  1.0620E-46
 5081.0000  1.1970E-46
 5082.0000  1.1370E-46
 5083.0000  1.0730E-46
 5084.0000  1.0210E-46
 5085.0000  1.0850E-46
 5086.0000  1.1310E-46
 5087.0000  1.0660E-46
 5088.0000  1.0840E-46
 5089.0000  1.0870E-46
 5090.0000  1.1530E-46
 5091.0000  1.1330E-46
 5092.0000  1.0090E-46
 5093.0000  1.0150E-46
 5094.0000  1.1750E-46
 5095.0000  1.1570E-46
 5096.0000  1.0620E-46
 5097.0000  1.0790E-46
 5098.0000  1.0440E-46
 5099.0000  1.0210E-46
 5100.0000  9.9100E-47
 5600.0000  0.0000E+00
 5601.0000  1.1200E-47
 5602.0000  7.6000E-48
 5603.0000  0.0000E+00
 5604.0000  0.0000E+00
 5605.0000  1.1900E-47
 5606.0000  9.0000E-48
 5607.0000  0.0000E+00
 5608.0000  0.0000E+00
 5609.0000  0.0000E+00
 5610.0000  0.0000E+00
 5611.0000  0.0000E+00
 5612.0000  0.0000E+00
 5613.0000  0.0000E+00
 5614.0000  0.0000E+00
 5615.0000  0.0000E+00
 5616.0000  0.0000E+00
 5617.0000  0.0000E+00
 5618.0000  0.0000E+00
 5619.0000  0.0000E+00
 5620.0000  0.0000E+00
 5621.0000  0.0000E+00
 5622.0000  0.0000E+00
 5623.0000  0.0000E+00
 5624.0000  0.0000E+00
 5625.0000  0.0000E+00
 5626.0000  0.0000E+00
 5627.0000  0.0000E+00
 5628.0000  0.0000E+00
 5629.0000  0.0000E+00
 5630.0000  1.6500E-47
 5631.0000  0.0000E+00
 5632.0000  0.0000E+00
 5633.0000  0.0000E+00
 5634.0000  0.0000E+00
 5635.0000  0.0000E+00
 5636.0000  0.0000E+00
 5637.0000  0.0000E+00
 5638.0000  2.3600E-47
 5639.0000  6.2000E-48
 5640.0000  0.0000E+00
 5641.0000  0.0000E+00
 5642.0000  0.0000E+00
 5643.0000  0.0000E+00
 5644.0000  0.0000E+00
 5645.0000  0.0000E+00
 5646.0000  0.0000E+00
 5647.0000  0.0000E+00
 5648.0000  0.0000E+00
 5649.0000  0.0000E+00
 5650.0000  0.0000E+00
 5651.0000  0.0000E+00
 5652.0000  0.0000E+00
 5653.0000  0.0000E+00
 5654.0000  0.0000E+00
 5655.0000  0.0000E+00
 5656.0000  0.0000E+00
 5657.0000  0.0000E+00
 5658.0000  5.4000E-48
 5659.0000  0.0000E+00
 5660.0000  0.0000E+00
 5661.0000  0.0000E+00
 5662.0000  0.0000E+00
 5663.0000  0.0000E+00
 5664.0000  0.0000E+00
 5665.0000  0.0000E+00
 5666.0000  0.0000E+00
 5667.0000  0.0000E+00
 5668.0000  1.1300E-47
 5669.0000  0.0000E+00
 5670.0000  0.0000E+00
 5671.0000  0.0000E+00
 5672.0000  0.0000E+00
 5673.0000  0.0000E+00
 5674.0000  0.0000E+00
 5675.0000  0.0000E+00
 5676.0000  0.0000E+00
 5677.0000  0.0000E+00
 5678.0000  0.0000E+00
 5679.0000  0.0000E+00
 5680.0000  0.0000E+00
 5681.0000  3.3000E-48
 5682.0000  0.0000E+00
 5683.0000  8.9000E-48
 5684.0000  0.0000E+00
 5685.0000  0.0000E+00
 5686.0000  0.0000E+00
 5687.0000  0.0000E+00
 5688.0000  0.0000E+00
 5689.0000  0.0000E+00
 5690.0000  0.0000E+00
 5691.0000  0.0000E+00
 5692.0000  0.0000E+00
 5693.0000  0.0000E+00
 5694.0000  0.0000E+00
 5695.0000  0.0000E+00
 5696.0000  9.0000E-49
 5697.0000  0.0000E+00
 5698.0000  0.0000E+00
 5699.0000  1.1100E-47
 5700.0000  0.0000E+00
 5701.0000  0.0000E+00
 5702.0000  0.0000E+00
 5703.0000  0.0000E+00
 5704.0000  0.0000E+00
 5705.0000  0.0000E+00
 5706.0000  0.0000E+00
 5707.0000  0.0000E+00
 5708.0000  0.0000E+00
 5709.0000  8.9000E-48
 5710.0000  0.0000E+00
 5711.0000  0.0000E+00
 5712.0000  0.0000E+00
 5713.0000  0.0000E+00
 5714.0000  0.0000E+00
 5715.0000  0.0000E+00
 5716.0000  0.0000E+00
 5717.0000  0.0000E+00
 5718.0000  0.0000E+00
 5719.0000  0.0000E+00
 5720.0000  0.0000E+00
 5721.0000  0.0000E+00
 5722.0000  0.0000E+00
 5723.0000  0.0000E+00
 5724.0000  0.0000E+00
 5725.0000  0.0000E+00
 5726.0000  0.0000E+00
 5727.0000  0.0000E+00
 5728.0000  0.0000E+00
 5729.0000  0.0000E+00
 5730.0000  0.0000E+00
 5731.0000  0.0000E+00
 5732.0000  0.0000E+00
 5733.0000  0.0000E+00
 5734.0000  0.0000E+00
 5735.0000  1.0000E-49
 5736.0000  2.1000E-48
 5737.0000  4.6000E-48
 5738.0000  6.5000E-48
 5739.0000  1.0500E-47
 5740.0000  0.0000E+00
 5741.0000  0.0000E+00
 5742.0000  0.0000E+00
 5743.0000  0.0000E+00
 5744.0000  0.0000E+00
 5745.0000  0.0000E+00
 5746.0000  0.0000E+00
 5747.0000  4.0000E-48
 5748.0000  0.0000E+00
 5749.0000  0.0000E+00
 5750.0000  0.0000E+00
 5751.0000  2.6000E-48
 5752.0000  0.0000E+00
 5753.0000  0.0000E+00
 5754.0000  0.0000E+00
 5755.0000  0.0000E+00
 5756.0000  0.0000E+00
 5757.0000  0.0000E+00
 5758.0000  0.0000E+00
 5759.0000  0.0000E+00
 5760.0000  0.0000E+00
 5761.0000  0.0000E+00
 5762.0000  0.0000E+00
 5763.0000  0.0000E+00
 5764.0000  0.0000E+00
 5765.0000  0.0000E+00
 5766.0000  0.0000E+00
 5767.0000  0.0000E+00
 5768.0000  0.0000E+00
 5769.0000  0.0000E+00
 5770.0000  0.0000E+00
 5771.0000  0.0000E+00
 5772.0000  0.0000E+00
 5773.0000  0.0000E+00
 5774.0000  0.0000E+00
 5775.0000  0.0000E+00
 5776.0000  0.0000E+00
 5777.0000  0.0000E+00
 5778.0000  0.0000E+00
 5779.0000  0.0000E+00
 5780.0000  0.0000E+00
 5781.0000  0.0000E+00
 5782.0000  0.0000E+00
 5783.0000  0.0000E+00
 5784.0000  0.0000E+00
 5785.0000  0.0000E+00
 5786.0000  0.0000E+00
 5787.0000  0.0000E+00
 5788.0000  0.0000E+00
 5789.0000  0.0000E+00
 5790.0000  0.0000E+00
 5791.0000  0.0000E+00
 5792.0000  0.0000E+00
 5793.0000  0.0000E+00
 5794.0000  0.0000E+00
 5795.0000  0.0000E+00
 5796.0000  0.0000E+00
 5797.0000  0.0000E+00
 5798.0000  0.0000E+00
 5799.0000  0.0000E+00
 5800.0000  0.0000E+00
 5801.0000  0.0000E+00
 5802.0000  0.0000E+00
 5803.0000  0.0000E+00
 5804.0000  0.0000E+00
 5805.0000  0.0000E+00
 5806.0000  0.0000E+00
 5807.0000  0.0000E+00
 5808.0000  0.0000E+00
 5809.0000  0.0000E+00
 5810.0000  0.0000E+00
 5811.0000  2.0000E-48
 5812.0000  0.0000E+00
 5813.0000  0.0000E+00
 5814.0000  0.0000E+00
 5815.0000  0.0000E+00
 5816.0000  0.0000E+00
 5817.0000  0.0000E+00
 5818.0000  0.0000E+00
 5819.0000  0.0000E+00
 5820.0000  0.0000E+00
 5821.0000  0.0000E+00
 5822.0000  0.0000E+00
 5823.0000  0.0000E+00
 5824.0000  0.0000E+00
 5825.0000  0.0000E+00
 5826.0000  0.0000E+00
 5827.0000  0.0000E+00
 5828.0000  0.0000E+00
 5829.0000  0.0000E+00
 5830.0000  0.0000E+00
 5831.0000  0.0000E+00
 5832.0000  0.0000E+00
 5833.0000  0.0000E+00
 5834.0000  0.0000E+00
 5835.0000  0.0000E+00
 5836.0000  0.0000E+00
 5837.0000  0.0000E+00
 5838.0000  0.0000E+00
 5839.0000  0.0000E+00
 5840.0000  9.5000E-48
 5841.0000  0.0000E+00
 5842.0000  0.0000E+00
 5843.0000  0.0000E+00
 5844.0000  0.0000E+00
 5845.0000  0.0000E+00
 5846.0000  0.0000E+00
 5847.0000  0.0000E+00
 5848.0000  0.0000E+00
 5849.0000  0.0000E+00
 5850.0000  0.0000E+00
 5851.0000  8.3000E-48
 5852.0000  0.0000E+00
 5853.0000  0.0000E+00
 5854.0000  0.0000E+00
 5855.0000  0.0000E+00
 5856.0000  5.2000E-48
 5857.0000  0.0000E+00
 5858.0000  1.9200E-47
 5859.0000  0.0000E+00
 5860.0000  0.0000E+00
 5861.0000  0.0000E+00
 5862.0000  0.0000E+00
 5863.0000  0.0000E+00
 5864.0000  0.0000E+00
 5865.0000  0.0000E+00
 5866.0000  0.0000E+00
 5867.0000  0.0000E+00
 5868.0000  0.0000E+00
 5869.0000  0.0000E+00
 5870.0000  0.0000E+00
 5871.0000  0.0000E+00
 5872.0000  0.0000E+00
 5873.0000  0.0000E+00
 5874.0000  0.0000E+00
 5875.0000  1.8500E-47
 5876.0000  0.0000E+00
 5877.0000  5.3000E-48
 5878.0000  7.5000E-48
 5879.0000  0.0000E+00
 5880.0000  0.0000E+00
 5881.0000  0.0000E+00
 5882.0000  0.0000E+00
 5883.0000  0.0000E+00
 5884.0000  0.0000E+00
 5885.0000  0.0000E+00
 5886.0000  1.9500E-47
 5887.0000  0.0000E+00
 5888.0000  0.0000E+00
 5889.0000  0.0000E+00
 5890.0000  0.0000E+00
 5891.0000  0.0000E+00
 5892.0000  0.0000E+00
 5893.0000  0.0000E+00
 5894.0000  4.3000E-48
 5895.0000  8.5000E-48
 5896.0000  0.0000E+00
 5897.0000  0.0000E+00
 5898.0000  0.0000E+00
 5899.0000  1.3800E-47
 5900.0000  0.0000E+00
 5901.0000  0.0000E+00
 5902.0000  0.0000E+00
 5903.0000  4.4000E-48
 5904.0000  0.0000E+00
 5905.0000  0.0000E+00
 5906.0000  0.0000E+00
 5907.0000  0.0000E+00
 5908.0000  0.0000E+00
 5909.0000  0.0000E+00
 5910.0000  0.0000E+00
 5911.0000  0.0000E+00
 5912.0000  9.0000E-48
 5913.0000  0.0000E+00
 5914.0000  0.0000E+00
 5915.0000  0.0000E+00
 5916.0000  0.0000E+00
 5917.0000  1.2000E-48
 5918.0000  1.2000E-47
 5919.0000  0.0000E+00
 5920.0000  0.0000E+00
 5921.0000  0.0000E+00
 5922.0000  0.0000E+00
 5923.0000  0.0000E+00
 5924.0000  0.0000E+00
 5925.0000  0.0000E+00
 5926.0000  0.0000E+00
 5927.0000  0.0000E+00
 5928.0000  0.0000E+00
 5929.0000  0.0000E+00
 5930.0000  0.0000E+00
 5931.0000  0.0000E+00
 5932.0000  0.0000E+00
 5933.0000  2.0000E-49
 5934.0000  0.0000E+00
 5935.0000  0.0000E+00
 5936.0000  0.0000E+00
 5937.0000  0.0000E+00
 5938.0000  0.0000E+00
 5939.0000  0.0000E+00
 5940.0000  0.0000E+00
 5941.0000  0.0000E+00
 5942.0000  0.0000E+00
 5943.0000  0.0000E+00
 5944.0000  1.0000E-48
 5945.0000  4.2900E-47
 5946.0000  2.8000E-47
 5947.0000  2.9000E-48
 5948.0000  0.0000E+00
 5949.0000  0.0000E+00
 5950.0000  0.0000E+00
 5951.0000  1.5000E-48
 5952.0000  0.0000E+00
 5953.0000  0.0000E+00
 5954.0000  0.0000E+00
 5955.0000  0.0000E+00
 5956.0000  0.0000E+00
 5957.0000  4.9300E-47
 5958.0000  0.0000E+00
 5959.0000  0.0000E+00
 5960.0000  0.0000E+00
 5961.0000  0.0000E+00
 5962.0000  0.0000E+00
 5963.0000  0.0000E+00
 5964.0000  0.0000E+00
 5965.0000  1.7000E-47
 5966.0000  2.2500E-47
 5967.0000  0.0000E+00
 5968.0000  3.7100E-47
 5969.0000  4.5600E-47
 5970.0000  0.0000E+00
 5971.0000  0.0000E+00
 5972.0000  0.0000E+00
 5973.0000  2.7500E-47
 5974.0000  0.0000E+00
 5975.0000  0.0000E+00
 5976.0000  0.0000E+00
 5977.0000  0.0000E+00
 5978.0000  0.0000E+00
 5979.0000  0.0000E+00
 5980.0000  0.0000E+00
 5981.0000  0.0000E+00
 5982.0000  0.0000E+00
 5983.0000  0.0000E+00
 5984.0000  0.0000E+00
 5985.0000  0.0000E+00
 5986.0000  0.0000E+00
 5987.0000  0.0000E+00
 5988.0000  0.0000E+00
 5989.0000  6.5000E-48
 5990.0000  1.0400E-47
 5991.0000  0.0000E+00
 5992.0000  0.0000E+00
 5993.0000  1.2300E-47
 5994.0000  7.5000E-48
 5995.0000  3.7800E-47
 5996.0000  0.0000E+00
 5997.0000  0.0000E+00
 5998.0000  0.0000E+00
 5999.0000  0.0000E+00
 6000.0000  3.9700E-47
               H2-He      2400      6200   2023    245 4.039E-45 1.000                            44
 2400.0000  3.2700E-47
 2401.0000  3.2900E-47
 2402.0000  3.2100E-47
 2403.0000  3.2500E-47
 2404.0000  3.2600E-47
 2405.0000  3.2200E-47
 2406.0000  3.2700E-47
 2407.0000  3.2400E-47
 2408.0000  3.1400E-47
 2409.0000  3.1000E-47
 2410.0000  3.1600E-47
 2411.0000  3.1300E-47
 2412.0000  3.1500E-47
 2413.0000  3.1300E-47
 2414.0000  3.0600E-47
 2415.0000  3.0600E-47
 2416.0000  3.0000E-47
 2417.0000  3.0500E-47
 2418.0000  3.0300E-47
 2419.0000  3.0500E-47
 2420.0000  3.0300E-47
 2421.0000  3.0000E-47
 2422.0000  2.9500E-47
 2423.0000  2.9100E-47
 2424.0000  2.9400E-47
 2425.0000  2.9400E-47
 2426.0000  2.9700E-47
 2427.0000  2.9500E-47
 2428.0000  2.8100E-47
 2429.0000  2.7600E-47
 2430.0000  2.7700E-47
 2431.0000  2.9800E-47
 2432.0000  2.9300E-47
 2433.0000  2.8800E-47
 2434.0000  2.8600E-47
 2435.0000  2.8100E-47
 2436.0000  2.7900E-47
 2437.0000  2.7400E-47
 2438.0000  2.6700E-47
 2439.0000  2.6700E-47
 2440.0000  2.7000E-47
 2441.0000  2.7300E-47
 2442.0000  2.6600E-47
 2443.0000  2.6500E-47
 2444.0000  2.5700E-47
 2445.0000  2.6200E-47
 2446.0000  2.6300E-47
 2447.0000  2.6000E-47
 2448.0000  2.6000E-47
 2449.0000  2.6100E-47
 2450.0000  2.5900E-47
 2451.0000  2.5700E-47
 2452.0000  2.6000E-47
 2453.0000  2.5700E-47
 2454.0000  2.6600E-47
 2455.0000  2.7500E-47
 2456.0000  2.6700E-47
 2457.0000  2.5300E-47
 2458.0000  2.4400E-47
 2459.0000  2.3400E-47
 2460.0000  2.3200E-47
 2461.0000  2.5400E-47
 2462.0000  2.3600E-47
 2463.0000  2.3400E-47
 2464.0000  2.3600E-47
 2465.0000  2.3900E-47
 2466.0000  2.2900E-47
 2467.0000  2.3300E-47
 2468.0000  2.3800E-47
 2469.0000  2.3300E-47
 2470.0000  2.3300E-47
 2471.0000  2.2800E-47
 2472.0000  2.2800E-47
 2473.0000  2.1800E-47
 2474.0000  2.2000E-47
 2475.0000  2.2700E-47
 2476.0000  2.2900E-47
 2477.0000  2.3300E-47
 2478.0000  2.2300E-47
 2479.0000  2.0600E-47
 2480.0000  2.1300E-47
 2481.0000  2.2400E-47
 2482.0000  2.1800E-47
 2483.0000  2.1100E-47
 2484.0000  2.1500E-47
 2485.0000  2.0500E-47
 2486.0000  2.0600E-47
 2487.0000  2.0100E-47
 2488.0000  2.0400E-47
 2489.0000  2.1100E-47
 2490.0000  2.1400E-47
 2491.0000  2.0700E-47
 2492.0000  1.9500E-47
 2493.0000  1.9200E-47
 2494.0000  1.9200E-47
 2495.0000  1.9100E-47
 2496.0000  1.8700E-47
 2497.0000  1.9400E-47
 2498.0000  1.9600E-47
 2499.0000  2.0000E-47
 2500.0000  1.9600E-47
 2501.0000  1.9100E-47
 2502.0000  1.7700E-47
 2503.0000  1.7600E-47
 2504.0000  1.8600E-47
 2505.0000  1.9000E-47
 2506.0000  1.9200E-47
 2507.0000  1.8700E-47
 2508.0000  1.8600E-47
 2509.0000  1.8600E-47
 2510.0000  1.8600E-47
 2511.0000  1.9000E-47
 2512.0000  1.9100E-47
 2513.0000  1.8600E-47
 2514.0000  1.8300E-47
 2515.0000  1.7800E-47
 2516.0000  1.7500E-47
 2517.0000  1.7100E-47
 2518.0000  1.6900E-47
 2519.0000  1.7300E-47
 2520.0000  1.7500E-47
 2521.0000  1.7200E-47
 2522.0000  1.6900E-47
 2523.0000  1.6800E-47
 2524.0000  1.6100E-47
 2525.0000  1.5800E-47
 2526.0000  1.6300E-47
 2527.0000  1.6200E-47
 2528.0000  1.6000E-47
 2529.0000  1.6000E-47
 2530.0000  1.4900E-47
 2531.0000  1.5100E-47
 2532.0000  1.5300E-47
 2533.0000  1.4900E-47
 2534.0000  1.5100E-47
 2535.0000  1.5400E-47
 2536.0000  1.4900E-47
 2537.0000  1.3900E-47
 2538.0000  1.3500E-47
 2539.0000  1.4500E-47
 2540.0000  1.4300E-47
 2541.0000  1.4600E-47
 2542.0000  1.4200E-47
 2543.0000  1.3700E-47
 2544.0000  1.3400E-47
 2545.0000  1.3600E-47
 2546.0000  1.3700E-47
 2547.0000  1.2500E-47
 2548.0000  1.2500E-47
 2549.0000  1.2800E-47
 2550.0000  1.2800E-47
 2551.0000  1.2700E-47
 2552.0000  1.2400E-47
 2553.0000  1.1800E-47
 2554.0000  1.1100E-47
 2555.0000  1.1800E-47
 2556.0000  1.1100E-47
 2557.0000  1.0400E-47
 2558.0000  9.6000E-48
 2559.0000  9.3000E-48
 2560.0000  1.0500E-47
 2561.0000  1.3100E-47
 2562.0000  8.6000E-48
 2563.0000  6.6000E-48
 2564.0000  1.3300E-47
 2565.0000  1.1800E-47
 2566.0000  9.9000E-48
 2567.0000  9.5000E-48
 2568.0000  9.3000E-48
 2569.0000  9.0000E-48
 2570.0000  9.8000E-48
 2571.0000  9.9000E-48
 2572.0000  9.2000E-48
 2573.0000  8.4000E-48
 2574.0000  9.5000E-48
 2575.0000  9.5000E-48
 2576.0000  8.7000E-48
 2577.0000  9.1000E-48
 2578.0000  9.0000E-48
 2579.0000  9.0000E-48
 2580.0000  8.6000E-48
 2581.0000  8.4000E-48
 2582.0000  8.4000E-48
 2583.0000  8.5000E-48
 2584.0000  8.6000E-48
 2585.0000  8.7000E-48
 2586.0000  8.0000E-48
 2587.0000  7.6000E-48
 2588.0000  7.2000E-48
 2589.0000  6.9000E-48
 2590.0000  7.5000E-48
 2591.0000  7.5000E-48
 2592.0000  7.6000E-48
 2593.0000  7.4000E-48
 2594.0000  7.5000E-48
 2595.0000  6.6000E-48
 2596.0000  6.5000E-48
 2597.0000  6.5000E-48
 2598.0000  6.5000E-48
 2599.0000  6.7000E-48
 2600.0000  7.3000E-48
 2601.0000  7.0000E-48
 2602.0000  7.0000E-48
 2603.0000  7.0000E-48
 2604.0000  6.7000E-48
 2605.0000  6.8000E-48
 2606.0000  6.7000E-48
 2607.0000  6.6000E-48
 2608.0000  6.1000E-48
 2609.0000  6.4000E-48
 2610.0000  6.3000E-48
 2611.0000  6.1000E-48
 2612.0000  6.0000E-48
 2613.0000  6.2000E-48
 2614.0000  6.0000E-48
 2615.0000  6.0000E-48
 2616.0000  5.6000E-48
 2617.0000  5.0000E-48
 2618.0000  4.6000E-48
 2619.0000  5.0000E-48
 2620.0000  4.9000E-48
 2621.0000  4.9000E-48
 2622.0000  5.1000E-48
 2623.0000  4.4000E-48
 2624.0000  3.8000E-48
 2625.0000  3.8000E-48
 2626.0000  3.9000E-48
 2627.0000  3.7000E-48
 2628.0000  3.8000E-48
 2629.0000  3.7000E-48
 2630.0000  3.7000E-48
 2631.0000  2.9000E-48
 2632.0000  2.4000E-48
 2633.0000  2.4000E-48
 2634.0000  2.4000E-48
 2635.0000  2.2000E-48
 2636.0000  2.4000E-48
 2637.0000  2.4000E-48
 2638.0000  2.4000E-48
 2639.0000  2.2000E-48
 2640.0000  2.3000E-48
 2641.0000  2.2000E-48
 2642.0000  2.0000E-48
 2643.0000  1.8000E-48
 2644.0000  2.1000E-48
 2645.0000  1.7000E-48
 2646.0000  1.5000E-48
 2647.0000  1.5000E-48
 2648.0000  1.7000E-48
 2649.0000  1.7000E-48
 2650.0000  1.5000E-48
 2651.0000  1.3000E-48
 2652.0000  1.1000E-48
 2653.0000  7.0000E-49
 2654.0000  6.0000E-49
 2655.0000  9.0000E-49
 2656.0000  4.0000E-49
 2657.0000  8.0000E-49
 2658.0000  3.0000E-49
 2659.0000  4.0000E-49
 2660.0000  0.0000E+00
 2661.0000  0.0000E+00
 2662.0000  0.0000E+00
 2663.0000  0.0000E+00
 2664.0000  0.0000E+00
 2665.0000  0.0000E+00
 2666.0000  0.0000E+00
 2667.0000  0.0000E+00
 2668.0000  0.0000E+00
 2669.0000  0.0000E+00
 2670.0000  0.0000E+00
 2671.0000  0.0000E+00
 2672.0000  0.0000E+00
 2673.0000  0.0000E+00
 2674.0000  0.0000E+00
 2675.0000  0.0000E+00
 2676.0000  0.0000E+00
 2677.0000  0.0000E+00
 2678.0000  0.0000E+00
 2679.0000  0.0000E+00
 2680.0000  0.0000E+00
 2681.0000  0.0000E+00
 2682.0000  0.0000E+00
 2683.0000  0.0000E+00
 2684.0000  0.0000E+00
 2685.0000  0.0000E+00
 2686.0000  0.0000E+00
 2687.0000  0.0000E+00
 2688.0000  0.0000E+00
 2689.0000  0.0000E+00
 2690.0000  0.0000E+00
 2691.0000  0.0000E+00
 2692.0000  0.0000E+00
 2693.0000  0.0000E+00
 2694.0000  0.0000E+00
 2695.0000  0.0000E+00
 2696.0000  0.0000E+00
 2697.0000  0.0000E+00
 2698.0000  0.0000E+00
 2699.0000  0.0000E+00
 2700.0000  0.0000E+00
 2701.0000  0.0000E+00
 2702.0000  0.0000E+00
 2703.0000  0.0000E+00
 2704.0000  0.0000E+00
 2705.0000  0.0000E+00
 2706.0000  0.0000E+00
 2707.0000  0.0000E+00
 2708.0000  0.0000E+00
 2709.0000  0.0000E+00
 2710.0000  0.0000E+00
 2711.0000  0.0000E+00
 2712.0000  0.0000E+00
 2713.0000  0.0000E+00
 2714.0000  0.0000E+00
 2715.0000  0.0000E+00
 2716.0000  0.0000E+00
 2717.0000  0.0000E+00
 2718.0000  0.0000E+00
 2719.0000  0.0000E+00
 2720.0000  0.0000E+00
 2721.0000  0.0000E+00
 2722.0000  0.0000E+00
 2723.0000  0.0000E+00
 2724.0000  0.0000E+00
 2725.0000  0.0000E+00
 2726.0000  0.0000E+00
 2727.0000  0.0000E+00
 2728.0000  0.0000E+00
 2729.0000  0.0000E+00
 2730.0000  0.0000E+00
 2731.0000  0.0000E+00
 2732.0000  0.0000E+00
 2733.0000  0.0000E+00
 2734.0000  0.0000E+00
 2735.0000  0.0000E+00
 2736.0000  0.0000E+00
 2737.0000  0.0000E+00
 2738.0000  0.0000E+00
 2739.0000  0.0000E+00
 2740.0000  0.0000E+00
 2741.0000  0.0000E+00
 2742.0000  0.0000E+00
 2743.0000  0.0000E+00
 2744.0000  0.0000E+00
 2745.0000  0.0000E+00
 2746.0000  0.0000E+00
 2747.0000  0.0000E+00
 2748.0000  0.0000E+00
 2749.0000  0.0000E+00
 2750.0000  0.0000E+00
 2751.0000  0.0000E+00
 2752.0000  0.0000E+00
 2753.0000  0.0000E+00
 2754.0000  0.0000E+00
 2755.0000  0.0000E+00
 2756.0000  0.0000E+00
 2757.0000  0.0000E+00
 2758.0000  0.0000E+00
 2759.0000  0.0000E+00
 2760.0000  0.0000E+00
 2761.0000  0.0000E+00
 2762.0000  0.0000E+00
 2763.0000  0.0000E+00
 2764.0000  0.0000E+00
 2765.0000  0.0000E+00
 2766.0000  0.0000E+00
 2767.0000  0.0000E+00
 2768.0000  0.0000E+00
 2769.0000  0.0000E+00
 2770.0000  0.0000E+00
 2771.0000  0.0000E+00
 2772.0000  0.0000E+00
 2773.0000  0.0000E+00
 2774.0000  0.0000E+00
 2775.0000  0.0000E+00
 2776.0000  0.0000E+00
 2777.0000  0.0000E+00
 2778.0000  0.0000E+00
 2779.0000  0.0000E+00
 2780.0000  0.0000E+00
 2781.0000  0.0000E+00
 2782.0000  0.0000E+00
 2783.0000  0.0000E+00
 2784.0000  0.0000E+00
 2785.0000  0.0000E+00
 2786.0000  0.0000E+00
 2787.0000  0.0000E+00
 2788.0000  0.0000E+00
 2789.0000  0.0000E+00
 2790.0000  0.0000E+00
 2791.0000  0.0000E+00
 2792.0000  0.0000E+00
 2793.0000  0.0000E+00
 2794.0000  0.0000E+00
 2795.0000  0.0000E+00
 2796.0000  0.0000E+00
 2797.0000  0.0000E+00
 2798.0000  0.0000E+00
 2799.0000  0.0000E+00
 2800.0000  0.0000E+00
 3980.0000  7.0900E-46
 3981.0000  7.2100E-46
 3982.0000  7.3900E-46
 3983.0000  7.4400E-46
 3984.0000  7.4500E-46
 3985.0000  7.5400E-46
 3986.0000  7.6400E-46
 3987.0000  7.7200E-46
 3988.0000  7.8200E-46
 3989.0000  7.9700E-46
 3990.0000  8.1700E-46
 3991.0000  8.2800E-46
 3992.0000  8.3300E-46
 3993.0000  8.4500E-46
 3994.0000  8.5900E-46
 3995.0000  8.8600E-46
 3996.0000  8.8200E-46
 3997.0000  8.8900E-46
 3998.0000  8.9700E-46
 3999.0000  9.0900E-46
 4000.0000  9.2000E-46
 4001.0000  9.3200E-46
 4002.0000  9.4400E-46
 4003.0000  9.5400E-46
 4004.0000  9.6600E-46
 4005.0000  9.8200E-46
 4006.0000  9.9600E-46
 4007.0000  1.0140E-45
 4008.0000  1.0480E-45
 4009.0000  1.0650E-45
 4010.0000  1.0570E-45
 4011.0000  1.0650E-45
 4012.0000  1.0810E-45
 4013.0000  1.0970E-45
 4014.0000  1.1010E-45
 4015.0000  1.1110E-45
 4016.0000  1.1230E-45
 4017.0000  1.1390E-45
 4018.0000  1.1600E-45
 4019.0000  1.1870E-45
 4020.0000  1.2000E-45
 4021.0000  1.2020E-45
 4022.0000  1.2150E-45
 4023.0000  1.2290E-45
 4024.0000  1.2490E-45
 4025.0000  1.2800E-45
 4026.0000  1.2880E-45
 4027.0000  1.2900E-45
 4028.0000  1.3020E-45
 4029.0000  1.3180E-45
 4030.0000  1.3360E-45
 4031.0000  1.3490E-45
 4032.0000  1.3630E-45
 4033.0000  1.3780E-45
 4034.0000  1.3900E-45
 4035.0000  1.4080E-45
 4036.0000  1.4240E-45
 4037.0000  1.4390E-45
 4038.0000  1.4580E-45
 4039.0000  1.4720E-45
 4040.0000  1.4890E-45
 4041.0000  1.5060E-45
 4042.0000  1.5260E-45
 4043.0000  1.5530E-45
 4044.0000  1.5800E-45
 4045.0000  1.6070E-45
 4046.0000  1.6060E-45
 4047.0000  1.6130E-45
 4048.0000  1.6280E-45
 4049.0000  1.6440E-45
 4050.0000  1.6620E-45
 4051.0000  1.6790E-45
 4052.0000  1.6990E-45
 4053.0000  1.7150E-45
 4054.0000  1.7300E-45
 4055.0000  1.7510E-45
 4056.0000  1.7690E-45
 4057.0000  1.7880E-45
 4058.0000  1.8100E-45
 4059.0000  1.8280E-45
 4060.0000  1.8500E-45
 4061.0000  1.8710E-45
 4062.0000  1.8840E-45
 4063.0000  1.9010E-45
 4064.0000  1.9210E-45
 4065.0000  1.9400E-45
 4066.0000  1.9580E-45
 4067.0000  1.9770E-45
 4068.0000  1.9980E-45
 4069.0000  2.0190E-45
 4070.0000  2.0410E-45
 4071.0000  2.0610E-45
 4072.0000  2.0800E-45
 4073.0000  2.1010E-45
 4074.0000  2.1260E-45
 4075.0000  2.1460E-45
 4076.0000  2.1630E-45
 4077.0000  2.1820E-45
 4078.0000  2.2060E-45
 4079.0000  2.2340E-45
 4080.0000  2.2530E-45
 4081.0000  2.2710E-45
 4082.0000  2.2890E-45
 4083.0000  2.3100E-45
 4084.0000  2.3310E-45
 4085.0000  2.3500E-45
 4086.0000  2.3740E-45
 4087.0000  2.3960E-45
 4088.0000  2.4220E-45
 4089.0000  2.4400E-45
 4090.0000  2.4560E-45
 4091.0000  2.4760E-45
 4092.0000  2.4980E-45
 4093.0000  2.5220E-45
 4094.0000  2.5440E-45
 4095.0000  2.5650E-45
 4096.0000  2.5840E-45
 4097.0000  2.6080E-45
 4098.0000  2.6290E-45
 4099.0000  2.6480E-45
 4100.0000  2.6700E-45
 4101.0000  2.6920E-45
 4102.0000  2.7130E-45
 4103.0000  2.7330E-45
 4104.0000  2.7580E-45
 4105.0000  2.7890E-45
 4106.0000  2.8180E-45
 4107.0000  2.8340E-45
 4108.0000  2.8460E-45
 4109.0000  2.8680E-45
 4110.0000  2.8890E-45
 4111.0000  2.9060E-45
 4112.0000  2.9290E-45
 4113.0000  2.9510E-45
 4114.0000  2.9720E-45
 4115.0000  2.9920E-45
 4116.0000  3.0160E-45
 4117.0000  3.0390E-45
 4118.0000  3.0590E-45
 4119.0000  3.0790E-45
 4120.0000  3.1010E-45
 4121.0000  3.1170E-45
 4122.0000  3.1300E-45
 4123.0000  3.1390E-45
 4124.0000  3.1270E-45
 4125.0000  3.0890E-45
 4126.0000  3.0690E-45
 4127.0000  3.1090E-45
 4128.0000  3.1850E-45
 4129.0000  3.2360E-45
 4130.0000  3.2750E-45
 4131.0000  3.3050E-45
 4132.0000  3.3290E-45
 4133.0000  3.3540E-45
 4134.0000  3.3770E-45
 4135.0000  3.3950E-45
 4136.0000  3.4100E-45
 4137.0000  3.4290E-45
 4138.0000  3.4460E-45
 4139.0000  3.4580E-45
 4140.0000  3.4630E-45
 4141.0000  3.4440E-45
 4142.0000  3.3810E-45
 4143.0000  3.2810E-45
 4144.0000  3.2630E-45
 4145.0000  3.3620E-45
 4146.0000  3.4630E-45
 4147.0000  3.5200E-45
 4148.0000  3.5520E-45
 4149.0000  3.5640E-45
 4150.0000  3.5530E-45
 4151.0000  3.5140E-45
 4152.0000  3.4050E-45
 4153.0000  3.1220E-45
 4154.0000  2.4640E-45
 4155.0000  1.7200E-45
 4156.0000  1.6790E-45
 4157.0000  2.3730E-45
 4158.0000  2.9450E-45
 4159.0000  3.1720E-45
 4160.0000  3.1840E-45
 4161.0000  3.1330E-45
 4162.0000  3.2040E-45
 4163.0000  3.4040E-45
 4164.0000  3.5570E-45
 4165.0000  3.6390E-45
 4166.0000  3.6960E-45
 4167.0000  3.7340E-45
 4168.0000  3.7630E-45
 4169.0000  3.7850E-45
 4170.0000  3.8040E-45
 4171.0000  3.8240E-45
 4172.0000  3.8460E-45
 4173.0000  3.8580E-45
 4174.0000  3.8700E-45
 4175.0000  3.8830E-45
 4176.0000  3.8930E-45
 4177.0000  3.9040E-45
 4178.0000  3.9140E-45
 4179.0000  3.9220E-45
 4180.0000  3.9350E-45
 4181.0000  3.9440E-45
 4182.0000  3.9520E-45
 4183.0000  3.9570E-45
 4184.0000  3.9620E-45
 4185.0000  3.9720E-45
 4186.0000  3.9780E-45
 4187.0000  3.9870E-45
 4188.0000  3.9880E-45
 4189.0000  3.9950E-45
 4190.0000  4.0000E-45
 4191.0000  4.0040E-45
 4192.0000  4.0080E-45
 4193.0000  4.0110E-45
 4194.0000  4.0150E-45
 4195.0000  4.0160E-45
 4196.0000  4.0190E-45
 4197.0000  4.0270E-45
 4198.0000  4.0270E-45
 4199.0000  4.0290E-45
 4200.0000  4.0330E-45
 4201.0000  4.0320E-45
 4202.0000  4.0310E-45
 4203.0000  4.0330E-45
 4204.0000  4.0390E-45
 4205.0000  4.0360E-45
 4206.0000  4.0350E-45
 4207.0000  4.0360E-45
 4208.0000  4.0360E-45
 4209.0000  4.0370E-45
 4210.0000  4.0360E-45
 4211.0000  4.0330E-45
 4212.0000  4.0310E-45
 4213.0000  4.0280E-45
 4214.0000  4.0240E-45
 4215.0000  4.0250E-45
 4216.0000  4.0230E-45
 4217.0000  4.0250E-45
 4218.0000  4.0250E-45
 4219.0000  4.0170E-45
 4220.0000  4.0130E-45
 4221.0000  4.0120E-45
 4222.0000  4.0060E-45
 4223.0000  4.0050E-45
 4224.0000  4.0000E-45
 4225.0000  3.9960E-45
 4226.0000  3.9960E-45
 4227.0000  3.9920E-45
 4228.0000  3.9850E-45
 4229.0000  3.9780E-45
 4230.0000  3.9740E-45
 4231.0000  3.9670E-45
 4232.0000  3.9590E-45
 4233.0000  3.9540E-45
 4234.0000  3.9480E-45
 4235.0000  3.9430E-45
 4236.0000  3.9360E-45
 4237.0000  3.9330E-45
 4238.0000  3.9290E-45
 4239.0000  3.9210E-45
 4240.0000  3.9100E-45
 4241.0000  3.9060E-45
 4242.0000  3.8980E-45
 4243.0000  3.8920E-45
 4244.0000  3.8810E-45
 4245.0000  3.8730E-45
 4246.0000  3.8680E-45
 4247.0000  3.8610E-45
 4248.0000  3.8500E-45
 4249.0000  3.8450E-45
 4250.0000  3.8360E-45
 4251.0000  3.8270E-45
 4252.0000  3.8210E-45
 4253.0000  3.8100E-45
 4254.0000  3.8000E-45
 4255.0000  3.7920E-45
 4256.0000  3.7820E-45
 4257.0000  3.7730E-45
 4258.0000  3.7600E-45
 4259.0000  3.7510E-45
 4260.0000  3.7440E-45
 4261.0000  3.7420E-45
 4262.0000  3.7310E-45
 4263.0000  3.7190E-45
 4264.0000  3.7090E-45
 4265.0000  3.6990E-45
 4266.0000  3.6890E-45
 4267.0000  3.6790E-45
 4268.0000  3.6670E-45
 4269.0000  3.6620E-45
 4270.0000  3.6470E-45
 4271.0000  3.6330E-45
 4272.0000  3.6240E-45
 4273.0000  3.6130E-45
 4274.0000  3.6060E-45
 4275.0000  3.5930E-45
 4276.0000  3.5820E-45
 4277.0000  3.5730E-45
 4278.0000  3.5620E-45
 4279.0000  3.5490E-45
 4280.0000  3.5390E-45
 4281.0000  3.5280E-45
 4282.0000  3.5160E-45
 4283.0000  3.5070E-45
 4284.0000  3.4930E-45
 4285.0000  3.4820E-45
 4286.0000  3.4720E-45
 4287.0000  3.4580E-45
 4288.0000  3.4460E-45
 4289.0000  3.4350E-45
 4290.0000  3.4230E-45
 4291.0000  3.4120E-45
 4292.0000  3.3990E-45
 4293.0000  3.3860E-45
 4294.0000  3.3740E-45
 4295.0000  3.3650E-45
 4296.0000  3.3500E-45
 4297.0000  3.3410E-45
 4298.0000  3.3320E-45
 4299.0000  3.3210E-45
 4300.0000  3.3060E-45
 4301.0000  3.2940E-45
 4302.0000  3.2760E-45
 4303.0000  3.2660E-45
 4304.0000  3.2550E-45
 4305.0000  3.2420E-45
 4306.0000  3.2340E-45
 4307.0000  3.2170E-45
 4308.0000  3.2070E-45
 4309.0000  3.1910E-45
 4310.0000  3.1760E-45
 4311.0000  3.1660E-45
 4312.0000  3.1580E-45
 4313.0000  3.1460E-45
 4314.0000  3.1320E-45
 4315.0000  3.1170E-45
 4316.0000  3.1090E-45
 4317.0000  3.0910E-45
 4318.0000  3.0810E-45
 4319.0000  3.0690E-45
 4320.0000  3.0580E-45
 4321.0000  3.0480E-45
 4322.0000  3.0320E-45
 4323.0000  3.0210E-45
 4324.0000  3.0040E-45
 4325.0000  2.9900E-45
 4326.0000  2.9830E-45
 4327.0000  2.9690E-45
 4328.0000  2.9560E-45
 4329.0000  2.9460E-45
 4330.0000  2.9350E-45
 4331.0000  2.9190E-45
 4332.0000  2.9040E-45
 4333.0000  2.8970E-45
 4334.0000  2.8830E-45
 4335.0000  2.8690E-45
 4336.0000  2.8620E-45
 4337.0000  2.8420E-45
 4338.0000  2.8280E-45
 4339.0000  2.8150E-45
 4340.0000  2.8010E-45
 4341.0000  2.7850E-45
 4342.0000  2.7740E-45
 4343.0000  2.7770E-45
 4344.0000  2.7850E-45
 4345.0000  2.7660E-45
 4346.0000  2.7350E-45
 4347.0000  2.7110E-45
 4348.0000  2.7110E-45
 4349.0000  2.6970E-45
 4350.0000  2.6850E-45
 4351.0000  2.6710E-45
 4352.0000  2.6580E-45
 4353.0000  2.6490E-45
 4354.0000  2.6390E-45
 4355.0000  2.6210E-45
 4356.0000  2.6090E-45
 4357.0000  2.6010E-45
 4358.0000  2.5910E-45
 4359.0000  2.5770E-45
 4360.0000  2.5610E-45
 4361.0000  2.5510E-45
 4362.0000  2.5380E-45
 4363.0000  2.5260E-45
 4364.0000  2.5150E-45
 4365.0000  2.5050E-45
 4366.0000  2.4920E-45
 4367.0000  2.4780E-45
 4368.0000  2.4670E-45
 4369.0000  2.4560E-45
 4370.0000  2.4440E-45
 4371.0000  2.4340E-45
 4372.0000  2.4290E-45
 4373.0000  2.4140E-45
 4374.0000  2.3990E-45
 4375.0000  2.3890E-45
 4376.0000  2.3760E-45
 4377.0000  2.3630E-45
 4378.0000  2.3530E-45
 4379.0000  2.3430E-45
 4380.0000  2.3320E-45
 4381.0000  2.3230E-45
 4382.0000  2.3090E-45
 4383.0000  2.3010E-45
 4384.0000  2.2890E-45
 4385.0000  2.2740E-45
 4386.0000  2.2650E-45
 4387.0000  2.2520E-45
 4388.0000  2.2400E-45
 4389.0000  2.2260E-45
 4390.0000  2.2200E-45
 4391.0000  2.2110E-45
 4392.0000  2.1990E-45
 4393.0000  2.1880E-45
 4394.0000  2.1780E-45
 4395.0000  2.1670E-45
 4396.0000  2.1550E-45
 4397.0000  2.1450E-45
 4398.0000  2.1350E-45
 4399.0000  2.1170E-45
 4400.0000  2.1100E-45
 4401.0000  2.1030E-45
 4402.0000  2.0960E-45
 4403.0000  2.0840E-45
 4404.0000  2.0690E-45
 4405.0000  2.0590E-45
 4406.0000  2.0520E-45
 4407.0000  2.0410E-45
 4408.0000  2.0320E-45
 4409.0000  2.0240E-45
 4410.0000  2.0150E-45
 4411.0000  2.0030E-45
 4412.0000  1.9940E-45
 4413.0000  1.9830E-45
 4414.0000  1.9740E-45
 4415.0000  1.9660E-45
 4416.0000  1.9610E-45
 4417.0000  1.9470E-45
 4418.0000  1.9340E-45
 4419.0000  1.9240E-45
 4420.0000  1.9150E-45
 4421.0000  1.9060E-45
 4422.0000  1.8940E-45
 4423.0000  1.8830E-45
 4424.0000  1.8780E-45
 4425.0000  1.8720E-45
 4426.0000  1.8620E-45
 4427.0000  1.8520E-45
 4428.0000  1.8410E-45
 4429.0000  1.8310E-45
 4430.0000  1.8200E-45
 4431.0000  1.8140E-45
 4432.0000  1.8080E-45
 4433.0000  1.7980E-45
 4434.0000  1.7880E-45
 4435.0000  1.7780E-45
 4436.0000  1.7730E-45
 4437.0000  1.7670E-45
 4438.0000  1.7590E-45
 4439.0000  1.7470E-45
 4440.0000  1.7400E-45
 4441.0000  1.7300E-45
 4442.0000  1.7230E-45
 4443.0000  1.7160E-45
 4444.0000  1.7110E-45
 4445.0000  1.7050E-45
 4446.0000  1.6920E-45
 4447.0000  1.6850E-45
 4448.0000  1.6790E-45
 4449.0000  1.6690E-45
 4450.0000  1.6610E-45
 4451.0000  1.6550E-45
 4452.0000  1.6420E-45
 4453.0000  1.6330E-45
 4454.0000  1.6290E-45
 4455.0000  1.6250E-45
 4456.0000  1.6140E-45
 4457.0000  1.6100E-45
 4458.0000  1.6000E-45
 4459.0000  1.5950E-45
 4460.0000  1.5890E-45
 4461.0000  1.5770E-45
 4462.0000  1.5660E-45
 4463.0000  1.5590E-45
 4464.0000  1.5530E-45
 4465.0000  1.5480E-45
 4466.0000  1.5440E-45
 4467.0000  1.5360E-45
 4468.0000  1.5270E-45
 4469.0000  1.5220E-45
 4470.0000  1.5150E-45
 4471.0000  1.5090E-45
 4472.0000  1.5010E-45
 4473.0000  1.4940E-45
 4474.0000  1.4870E-45
 4475.0000  1.4790E-45
 4476.0000  1.4780E-45
 4477.0000  1.4740E-45
 4478.0000  1.4630E-45
 4479.0000  1.4560E-45
 4480.0000  1.4530E-45
 4481.0000  1.4440E-45
 4482.0000  1.4400E-45
 4483.0000  1.4380E-45
 4484.0000  1.4250E-45
 4485.0000  1.4210E-45
 4486.0000  1.4130E-45
 4487.0000  1.4020E-45
 4488.0000  1.3960E-45
 4489.0000  1.3880E-45
 4490.0000  1.3860E-45
 4491.0000  1.3860E-45
 4492.0000  1.3810E-45
 4493.0000  1.3710E-45
 4494.0000  1.3610E-45
 4495.0000  1.3570E-45
 4496.0000  1.3480E-45
 4497.0000  1.3240E-45
 4498.0000  1.3030E-45
 4499.0000  1.2960E-45
 4500.0000  1.2950E-45
 4501.0000  1.2980E-45
 4502.0000  1.2950E-45
 4503.0000  1.2970E-45
 4504.0000  1.2920E-45
 4505.0000  1.2850E-45
 4506.0000  1.2820E-45
 4507.0000  1.2790E-45
 4508.0000  1.2740E-45
 4509.0000  1.2690E-45
 4510.0000  1.2620E-45
 4511.0000  1.2570E-45
 4512.0000  1.2530E-45
 4513.0000  1.2470E-45
 4514.0000  1.2380E-45
 4515.0000  1.2340E-45
 4516.0000  1.2320E-45
 4517.0000  1.2240E-45
 4518.0000  1.2170E-45
 4519.0000  1.2100E-45
 4520.0000  1.2050E-45
 4521.0000  1.2000E-45
 4522.0000  1.1970E-45
 4523.0000  1.1950E-45
 4524.0000  1.1880E-45
 4525.0000  1.1810E-45
 4526.0000  1.1700E-45
 4527.0000  1.1690E-45
 4528.0000  1.1640E-45
 4529.0000  1.1630E-45
 4530.0000  1.1530E-45
 4531.0000  1.1470E-45
 4532.0000  1.1380E-45
 4533.0000  1.1350E-45
 4534.0000  1.1310E-45
 4535.0000  1.1230E-45
 4536.0000  1.1200E-45
 4537.0000  1.1150E-45
 4538.0000  1.1090E-45
 4539.0000  1.1030E-45
 4540.0000  1.0970E-45
 4541.0000  1.0940E-45
 4542.0000  1.0920E-45
 4543.0000  1.0900E-45
 4544.0000  1.0820E-45
 4545.0000  1.0740E-45
 4546.0000  1.0700E-45
 4547.0000  1.0680E-45
 4548.0000  1.0590E-45
 4549.0000  1.0530E-45
 4550.0000  1.0500E-45
 4551.0000  1.0490E-45
 4552.0000  1.0450E-45
 4553.0000  1.0360E-45
 4554.0000  1.0310E-45
 4555.0000  1.0240E-45
 4556.0000  1.0180E-45
 4557.0000  1.0080E-45
 4558.0000  1.0030E-45
 4559.0000  1.0020E-45
 4560.0000  1.0020E-45
 4561.0000  9.9800E-46
 4562.0000  9.9800E-46
 4563.0000  9.9800E-46
 4564.0000  9.8900E-46
 4565.0000  9.8200E-46
 4566.0000  9.7100E-46
 4567.0000  9.6800E-46
 4568.0000  9.6400E-46
 4569.0000  9.6300E-46
 4570.0000  9.6100E-46
 4571.0000  9.5500E-46
 4572.0000  9.4900E-46
 4573.0000  9.4600E-46
 4574.0000  9.3900E-46
 4575.0000  9.3700E-46
 4576.0000  9.3600E-46
 4577.0000  9.3400E-46
 4578.0000  9.2600E-46
 4579.0000  9.1900E-46
 4580.0000  9.1600E-46
 4581.0000  9.1500E-46
 4582.0000  9.1300E-46
 4583.0000  9.0600E-46
 4584.0000  9.0300E-46
 4585.0000  9.0100E-46
 4586.0000  8.9700E-46
 4587.0000  8.9600E-46
 4588.0000  8.9300E-46
 4589.0000  8.9100E-46
 4590.0000  8.8600E-46
 4591.0000  8.7900E-46
 4592.0000  8.7600E-46
 4593.0000  8.6800E-46
 4594.0000  8.6700E-46
 4595.0000  8.6400E-46
 4596.0000  8.6300E-46
 4597.0000  8.6100E-46
 4598.0000  8.6000E-46
 4599.0000  8.6000E-46
 4600.0000  8.4900E-46
 4601.0000  8.4300E-46
 4602.0000  8.4300E-46
 4603.0000  8.4200E-46
 4604.0000  8.4100E-46
 4605.0000  8.3500E-46
 4606.0000  8.3200E-46
 4607.0000  8.2900E-46
 4608.0000  8.3400E-46
 4609.0000  8.2600E-46
 4610.0000  8.1900E-46
 4611.0000  8.2000E-46
 4612.0000  8.1700E-46
 4613.0000  8.1500E-46
 4614.0000  8.1600E-46
 4615.0000  8.1700E-46
 4616.0000  8.0800E-46
 4617.0000  8.0500E-46
 4618.0000  7.9900E-46
 4619.0000  7.9900E-46
 4620.0000  8.0200E-46
 4621.0000  7.9800E-46
 4622.0000  7.9800E-46
 4623.0000  7.9700E-46
 4624.0000  7.9700E-46
 4625.0000  7.9300E-46
 4626.0000  7.8600E-46
 4627.0000  7.8300E-46
 4628.0000  7.8500E-46
 4629.0000  7.8100E-46
 4630.0000  7.8300E-46
 4631.0000  7.7900E-46
 4632.0000  7.7700E-46
 4633.0000  7.7600E-46
 4634.0000  7.7400E-46
 4635.0000  7.7500E-46
 4636.0000  7.7600E-46
 4637.0000  7.7500E-46
 4638.0000  7.7000E-46
 4639.0000  7.6200E-46
 4640.0000  7.6100E-46
 4641.0000  7.6100E-46
 4642.0000  7.6400E-46
 4643.0000  7.6200E-46
 4644.0000  7.6100E-46
 4645.0000  7.5800E-46
 4646.0000  7.5700E-46
 4647.0000  7.5600E-46
 4648.0000  7.5600E-46
 4649.0000  7.5500E-46
 4650.0000  7.5000E-46
 4651.0000  7.4700E-46
 4652.0000  7.5000E-46
 4653.0000  7.5300E-46
 4654.0000  7.4900E-46
 4655.0000  7.4700E-46
 4656.0000  7.5700E-46
 4657.0000  7.5000E-46
 4658.0000  7.5500E-46
 4659.0000  7.5100E-46
 4660.0000  7.4900E-46
 4661.0000  7.5000E-46
 4662.0000  7.4800E-46
 4663.0000  7.4800E-46
 4664.0000  7.4900E-46
 4665.0000  7.5000E-46
 4666.0000  7.5600E-46
 4667.0000  7.4500E-46
 4668.0000  7.4200E-46
 4669.0000  7.4200E-46
 4670.0000  7.5200E-46
 4671.0000  7.5200E-46
 4672.0000  7.5100E-46
 4673.0000  7.4800E-46
 4674.0000  7.4500E-46
 4675.0000  7.4500E-46
 4676.0000  7.4800E-46
 4677.0000  7.5000E-46
 4678.0000  7.5000E-46
 4679.0000  7.4900E-46
 4680.0000  7.5100E-46
 4681.0000  7.5000E-46
 4682.0000  7.4900E-46
 4683.0000  7.5200E-46
 4684.0000  7.5000E-46
 4685.0000  7.4700E-46
 4686.0000  7.5500E-46
 4687.0000  7.5800E-46
 4688.0000  7.5400E-46
 4689.0000  7.5100E-46
 4690.0000  7.5400E-46
 4691.0000  7.6000E-46
 4692.0000  7.5800E-46
 4693.0000  7.5500E-46
 4694.0000  7.5700E-46
 4695.0000  7.5300E-46
 4696.0000  7.5800E-46
 4697.0000  7.5800E-46
 4698.0000  7.5900E-46
 4699.0000  7.5900E-46
 4700.0000  7.5400E-46
 4701.0000  7.5400E-46
 4702.0000  7.6000E-46
 4703.0000  7.6100E-46
 4704.0000  7.6000E-46
 4705.0000  7.6000E-46
 4706.0000  7.5700E-46
 4707.0000  7.5200E-46
 4708.0000  7.4800E-46
 4709.0000  7.4900E-46
 4710.0000  7.3700E-46
 4711.0000  7.1500E-46
 4712.0000  6.7100E-46
 4713.0000  6.4000E-46
 4714.0000  6.4400E-46
 4715.0000  6.7100E-46
 4716.0000  6.9300E-46
 4717.0000  7.1500E-46
 4718.0000  7.2500E-46
 4719.0000  7.3100E-46
 4720.0000  7.3900E-46
 4721.0000  7.4000E-46
 4722.0000  7.3600E-46
 4723.0000  7.4100E-46
 4724.0000  7.3700E-46
 4725.0000  7.3500E-46
 4726.0000  7.3700E-46
 4727.0000  7.3700E-46
 4728.0000  7.4000E-46
 4729.0000  7.3300E-46
 4730.0000  7.2700E-46
 4731.0000  7.3600E-46
 4732.0000  7.3100E-46
 4733.0000  7.2500E-46
 4734.0000  7.3000E-46
 4735.0000  7.2500E-46
 4736.0000  7.2100E-46
 4737.0000  7.2600E-46
 4738.0000  7.1000E-46
 4739.0000  7.1500E-46
 4740.0000  7.1700E-46
 4741.0000  7.1400E-46
 4742.0000  7.1700E-46
 4743.0000  7.2000E-46
 4744.0000  7.1600E-46
 4745.0000  7.1100E-46
 4746.0000  7.0700E-46
 4747.0000  7.0300E-46
 4748.0000  7.0500E-46
 4749.0000  7.0600E-46
 4750.0000  7.0500E-46
 4751.0000  7.0200E-46
 4752.0000  6.9800E-46
 4753.0000  7.0100E-46
 4754.0000  6.9000E-46
 4755.0000  6.8500E-46
 4756.0000  6.8500E-46
 4757.0000  6.8900E-46
 4758.0000  6.8000E-46
 4759.0000  6.7700E-46
 4760.0000  6.7800E-46
 4761.0000  6.7600E-46
 4762.0000  6.7200E-46
 4763.0000  6.6600E-46
 4764.0000  6.6300E-46
 4765.0000  6.6900E-46
 4766.0000  6.6100E-46
 4767.0000  6.5800E-46
 4768.0000  6.6300E-46
 4769.0000  6.6500E-46
 4770.0000  6.6700E-46
 4771.0000  6.6600E-46
 4772.0000  6.5900E-46
 4773.0000  6.5400E-46
 4774.0000  6.4500E-46
 4775.0000  6.3900E-46
 4776.0000  6.4100E-46
 4777.0000  6.3700E-46
 4778.0000  6.3100E-46
 4779.0000  6.3200E-46
 4780.0000  6.3100E-46
 4781.0000  6.2600E-46
 4782.0000  6.1800E-46
 4783.0000  6.2300E-46
 4784.0000  6.1600E-46
 4785.0000  6.1900E-46
 4786.0000  6.1200E-46
 4787.0000  6.0800E-46
 4788.0000  6.0600E-46
 4789.0000  6.0200E-46
 4790.0000  6.0200E-46
 4791.0000  6.0200E-46
 4792.0000  5.9700E-46
 4793.0000  5.9100E-46
 4794.0000  5.9400E-46
 4795.0000  5.9300E-46
 4796.0000  5.9100E-46
 4797.0000  5.8900E-46
 4798.0000  5.8400E-46
 4799.0000  5.8500E-46
 4800.0000  5.7800E-46
 4801.0000  5.7100E-46
 4802.0000  5.6800E-46
 4803.0000  5.7100E-46
 4804.0000  5.6500E-46
 4805.0000  5.6300E-46
 4806.0000  5.5800E-46
 4807.0000  5.5900E-46
 4808.0000  5.5900E-46
 4809.0000  5.5200E-46
 4810.0000  5.4900E-46
 4811.0000  5.4900E-46
 4812.0000  5.4300E-46
 4813.0000  5.4900E-46
 4814.0000  5.4800E-46
 4815.0000  5.4000E-46
 4816.0000  5.3000E-46
 4817.0000  5.3400E-46
 4818.0000  5.3000E-46
 4819.0000  5.2100E-46
 4820.0000  5.2500E-46
 4821.0000  5.2200E-46
 4822.0000  5.1400E-46
 4823.0000  5.2400E-46
 4824.0000  5.1800E-46
 4825.0000  5.1800E-46
 4826.0000  5.1200E-46
 4827.0000  5.0500E-46
 4828.0000  5.0400E-46
 4829.0000  5.0600E-46
 4830.0000  4.9300E-46
 4831.0000  4.8800E-46
 4832.0000  4.9700E-46
 4833.0000  4.9700E-46
 4834.0000  5.0300E-46
 4835.0000  4.8100E-46
 4836.0000  4.9000E-46
 4837.0000  5.0000E-46
 4838.0000  4.9700E-46
 4839.0000  4.7700E-46
 4840.0000  4.7100E-46
 4841.0000  4.8700E-46
 4842.0000  4.9800E-46
 4843.0000  4.8200E-46
 4844.0000  4.6600E-46
 4845.0000  4.7800E-46
 4846.0000  4.3000E-46
 4847.0000  4.7700E-46
 4848.0000  4.4400E-46
 4849.0000  4.0900E-46
 4850.0000  4.3000E-46
 4851.0000  4.7000E-46
 4852.0000  4.5400E-46
 4853.0000  4.5200E-46
 4854.0000  4.6400E-46
 4855.0000  4.7200E-46
 4856.0000  4.4700E-46
 4857.0000  4.6000E-46
 4858.0000  4.5200E-46
 4859.0000  4.4500E-46
 4860.0000  4.4200E-46
 4861.0000  4.3600E-46
 4862.0000  4.3400E-46
 4863.0000  4.3800E-46
 4864.0000  4.2700E-46
 4865.0000  4.2900E-46
 4866.0000  4.3600E-46
 4867.0000  4.2500E-46
 4868.0000  4.0900E-46
 4869.0000  4.0600E-46
 4870.0000  4.1400E-46
 4871.0000  4.1600E-46
 4872.0000  4.1000E-46
 4873.0000  4.0800E-46
 4874.0000  4.1300E-46
 4875.0000  4.1400E-46
 4876.0000  4.0700E-46
 4877.0000  4.0600E-46
 4878.0000  4.0700E-46
 4879.0000  4.0600E-46
 4880.0000  4.0100E-46
 4881.0000  4.0100E-46
 4882.0000  4.0000E-46
 4883.0000  3.9600E-46
 4884.0000  3.9500E-46
 4885.0000  3.8900E-46
 4886.0000  3.9200E-46
 4887.0000  3.8900E-46
 4888.0000  3.9200E-46
 4889.0000  3.8800E-46
 4890.0000  3.8700E-46
 4891.0000  3.8200E-46
 4892.0000  3.8400E-46
 4893.0000  3.8700E-46
 4894.0000  3.8100E-46
 4895.0000  3.7100E-46
 4896.0000  3.7300E-46
 4897.0000  3.6400E-46
 4898.0000  3.6800E-46
 4899.0000  3.6800E-46
 4900.0000  3.6700E-46
 4901.0000  3.7300E-46
 4902.0000  3.6400E-46
 4903.0000  3.6200E-46
 4904.0000  3.6800E-46
 4905.0000  3.6600E-46
 4906.0000  3.6000E-46
 4907.0000  3.5400E-46
 4908.0000  3.5400E-46
 4909.0000  3.4400E-46
 4910.0000  3.5100E-46
 4911.0000  3.5300E-46
 4912.0000  3.4800E-46
 4913.0000  3.4700E-46
 4914.0000  3.4500E-46
 4915.0000  3.3500E-46
 4916.0000  3.2200E-46
 4917.0000  3.1400E-46
 4918.0000  3.2100E-46
 4919.0000  3.2300E-46
 4920.0000  3.2400E-46
 4921.0000  3.3100E-46
 4922.0000  3.2200E-46
 4923.0000  3.2000E-46
 4924.0000  3.2100E-46
 4925.0000  3.2200E-46
 4926.0000  3.1600E-46
 4927.0000  3.1000E-46
 4928.0000  3.2300E-46
 4929.0000  3.2000E-46
 4930.0000  3.1300E-46
 4931.0000  3.0600E-46
 4932.0000  3.0800E-46
 4933.0000  3.1200E-46
 4934.0000  3.0900E-46
 4935.0000  3.0400E-46
 4936.0000  2.9800E-46
 4937.0000  3.0100E-46
 4938.0000  3.0800E-46
 4939.0000  3.0500E-46
 4940.0000  3.1100E-46
 4941.0000  3.0500E-46
 4942.0000  2.9890E-46
 4943.0000  2.9250E-46
 4944.0000  2.9320E-46
 4945.0000  2.9690E-46
 4946.0000  3.0100E-46
 4947.0000  2.8610E-46
 4948.0000  2.7220E-46
 4949.0000  2.7670E-46
 4950.0000  2.9110E-46
 4951.0000  2.8830E-46
 4952.0000  2.7700E-46
 4953.0000  2.8150E-46
 4954.0000  2.8820E-46
 4955.0000  2.8560E-46
 4956.0000  2.7760E-46
 4957.0000  2.6920E-46
 4958.0000  2.7010E-46
 4959.0000  2.7440E-46
 4960.0000  2.8090E-46
 4961.0000  2.8310E-46
 4962.0000  2.6260E-46
 4963.0000  2.6310E-46
 4964.0000  2.6960E-46
 4965.0000  2.6410E-46
 4966.0000  2.5790E-46
 4967.0000  2.5470E-46
 4968.0000  2.5600E-46
 4969.0000  2.5850E-46
 4970.0000  2.6260E-46
 4971.0000  2.5700E-46
 4972.0000  2.5480E-46
 4973.0000  2.4500E-46
 4974.0000  2.5330E-46
 4975.0000  2.5810E-46
 4976.0000  2.5210E-46
 4977.0000  2.4880E-46
 4978.0000  2.4620E-46
 4979.0000  2.4440E-46
 4980.0000  2.4170E-46
 4981.0000  2.3360E-46
 4982.0000  2.4300E-46
 4983.0000  2.3520E-46
 4984.0000  2.3420E-46
 4985.0000  2.4210E-46
 4986.0000  2.3630E-46
 4987.0000  2.4110E-46
 4988.0000  2.3530E-46
 4989.0000  2.2820E-46
 4990.0000  2.3170E-46
 4991.0000  2.2940E-46
 4992.0000  2.3140E-46
 4993.0000  2.2480E-46
 4994.0000  2.2620E-46
 4995.0000  2.1840E-46
 4996.0000  2.1500E-46
 4997.0000  2.1200E-46
 4998.0000  2.1520E-46
 4999.0000  2.1490E-46
 5000.0000  2.1020E-46
 5600.0000  0.0000E+00
 5601.0000  0.0000E+00
 5602.0000  0.0000E+00
 5603.0000  0.0000E+00
 5604.0000  0.0000E+00
 5605.0000  0.0000E+00
 5606.0000  0.0000E+00
 5607.0000  0.0000E+00
 5608.0000  0.0000E+00
 5609.0000  0.0000E+00
 5610.0000  0.0000E+00
 5611.0000  0.0000E+00
 5612.0000  0.0000E+00
 5613.0000  0.0000E+00
 5614.0000  0.0000E+00
 5615.0000  0.0000E+00
 5616.0000  0.0000E+00
 5617.0000  0.0000E+00
 5618.0000  0.0000E+00
 5619.0000  0.0000E+00
 5620.0000  0.0000E+00
 5621.0000  0.0000E+00
 5622.0000  0.0000E+00
 5623.0000  0.0000E+00
 5624.0000  0.0000E+00
 5625.0000  0.0000E+00
 5626.0000  0.0000E+00
 5627.0000  0.0000E+00
 5628.0000  0.0000E+00
 5629.0000  0.0000E+00
 5630.0000  0.0000E+00
 5631.0000  0.0000E+00
 5632.0000  0.0000E+00
 5633.0000  0.0000E+00
 5634.0000  0.0000E+00
 5635.0000  0.0000E+00
 5636.0000  0.0000E+00
 5637.0000  0.0000E+00
 5638.0000  0.0000E+00
 5639.0000  0.0000E+00
 5640.0000  0.0000E+00
 5641.0000  0.0000E+00
 5642.0000  0.0000E+00
 5643.0000  0.0000E+00
 5644.0000  0.0000E+00
 5645.0000  0.0000E+00
 5646.0000  0.0000E+00
 5647.0000  0.0000E+00
 5648.0000  0.0000E+00
 5649.0000  0.0000E+00
 5650.0000  0.0000E+00
 5651.0000  0.0000E+00
 5652.0000  0.0000E+00
 5653.0000  0.0000E+00
 5654.0000  0.0000E+00
 5655.0000  0.0000E+00
 5656.0000  0.0000E+00
 5657.0000  0.0000E+00
 5658.0000  0.0000E+00
 5659.0000  0.0000E+00
 5660.0000  0.0000E+00
 5661.0000  0.0000E+00
 5662.0000  0.0000E+00
 5663.0000  0.0000E+00
 5664.0000  0.0000E+00
 5665.0000  0.0000E+00
 5666.0000  0.0000E+00
 5667.0000  0.0000E+00
 5668.0000  0.0000E+00
 5669.0000  0.0000E+00
 5670.0000  0.0000E+00
 5671.0000  0.0000E+00
 5672.0000  0.0000E+00
 5673.0000  0.0000E+00
 5674.0000  0.0000E+00
 5675.0000  0.0000E+00
 5676.0000  0.0000E+00
 5677.0000  0.0000E+00
 5678.0000  0.0000E+00
 5679.0000  0.0000E+00
 5680.0000  0.0000E+00
 5681.0000  0.0000E+00
 5682.0000  0.0000E+00
 5683.0000  0.0000E+00
 5684.0000  0.0000E+00
 5685.0000  0.0000E+00
 5686.0000  0.0000E+00
 5687.0000  0.0000E+00
 5688.0000  0.0000E+00
 5689.0000  0.0000E+00
 5690.0000  0.0000E+00
 5691.0000  0.0000E+00
 5692.0000  0.0000E+00
 5693.0000  0.0000E+00
 5694.0000  0.0000E+00
 5695.0000  0.0000E+00
 5696.0000  0.0000E+00
 5697.0000  0.0000E+00
 5698.0000  0.0000E+00
 5699.0000  0.0000E+00
 5700.0000  0.0000E+00
 5701.0000  0.0000E+00
 5702.0000  0.0000E+00
 5703.0000  0.0000E+00
 5704.0000  0.0000E+00
 5705.0000  0.0000E+00
 5706.0000  0.0000E+00
 5707.0000  0.0000E+00
 5708.0000  0.0000E+00
 5709.0000  0.0000E+00
 5710.0000  0.0000E+00
 5711.0000  0.0000E+00
 5712.0000  0.0000E+00
 5713.0000  0.0000E+00
 5714.0000  0.0000E+00
 5715.0000  0.0000E+00
 5716.0000  0.0000E+00
 5717.0000  0.0000E+00
 5718.0000  0.0000E+00
 5719.0000  0.0000E+00
 5720.0000  0.0000E+00
 5721.0000  0.0000E+00
 5722.0000  0.0000E+00
 5723.0000  0.0000E+00
 5724.0000  0.0000E+00
 5725.0000  0.0000E+00
 5726.0000  0.0000E+00
 5727.0000  0.0000E+00
 5728.0000  0.0000E+00
 5729.0000  0.0000E+00
 5730.0000  0.0000E+00
 5731.0000  0.0000E+00
 5732.0000  0.0000E+00
 5733.0000  0.0000E+00
 5734.0000  0.0000E+00
 5735.0000  0.0000E+00
 5736.0000  0.0000E+00
 5737.0000  0.0000E+00
 5738.0000  0.0000E+00
 5739.0000  0.0000E+00
 5740.0000  0.0000E+00
 5741.0000  0.0000E+00
 5742.0000  0.0000E+00
 5743.0000  0.0000E+00
 5744.0000  0.0000E+00
 5745.0000  0.0000E+00
 5746.0000  0.0000E+00
 5747.0000  0.0000E+00
 5748.0000  0.0000E+00
 5749.0000  0.0000E+00
 5750.0000  0.0000E+00
 5751.0000  0.0000E+00
 5752.0000  5.9000E-48
 5753.0000  0.0000E+00
 5754.0000  9.0000E-48
 5755.0000  0.0000E+00
 5756.0000  0.0000E+00
 5757.0000  0.0000E+00
 5758.0000  0.0000E+00
 5759.0000  0.0000E+00
 5760.0000  0.0000E+00
 5761.0000  0.0000E+00
 5762.0000  0.0000E+00
 5763.0000  0.0000E+00
 5764.0000  0.0000E+00
 5765.0000  0.0000E+00
 5766.0000  0.0000E+00
 5767.0000  0.0000E+00
 5768.0000  0.0000E+00
 5769.0000  7.0000E-48
 5770.0000  0.0000E+00
 5771.0000  0.0000E+00
 5772.0000  0.0000E+00
 5773.0000  0.0000E+00
 5774.0000  0.0000E+00
 5775.0000  0.0000E+00
 5776.0000  0.0000E+00
 5777.0000  0.0000E+00
 5778.0000  0.0000E+00
 5779.0000  0.0000E+00
 5780.0000  0.0000E+00
 5781.0000  0.0000E+00
 5782.0000  0.0000E+00
 5783.0000  2.7200E-47
 5784.0000  1.5000E-48
 5785.0000  0.0000E+00
 5786.0000  0.0000E+00
 5787.0000  0.0000E+00
 5788.0000  0.0000E+00
 5789.0000  0.0000E+00
 5790.0000  2.4000E-48
 5791.0000  0.0000E+00
 5792.0000  0.0000E+00
 5793.0000  0.0000E+00
 5794.0000  0.0000E+00
 5795.0000  0.0000E+00
 5796.0000  0.0000E+00
 5797.0000  0.0000E+00
 5798.0000  0.0000E+00
 5799.0000  0.0000E+00
 5800.0000  0.0000E+00
 5801.0000  0.0000E+00
 5802.0000  0.0000E+00
 5803.0000  0.0000E+00
 5804.0000  0.0000E+00
 5805.0000  0.0000E+00
 5806.0000  0.0000E+00
 5807.0000  0.0000E+00
 5808.0000  0.0000E+00
 5809.0000  0.0000E+00
 5810.0000  0.0000E+00
 5811.0000  0.0000E+00
 5812.0000  0.0000E+00
 5813.0000  2.6000E-48
 5814.0000  8.8000E-48
 5815.0000  0.0000E+00
 5816.0000  0.0000E+00
 5817.0000  0.0000E+00
 5818.0000  7.5000E-48
 5819.0000  0.0000E+00
 5820.0000  0.0000E+00
 5821.0000  0.0000E+00
 5822.0000  0.0000E+00
 5823.0000  0.0000E+00
 5824.0000  0.0000E+00
 5825.0000  0.0000E+00
 5826.0000  0.0000E+00
 5827.0000  0.0000E+00
 5828.0000  0.0000E+00
 5829.0000  0.0000E+00
 5830.0000  0.0000E+00
 5831.0000  0.0000E+00
 5832.0000  0.0000E+00
 5833.0000  0.0000E+00
 5834.0000  0.0000E+00
 5835.0000  0.0000E+00
 5836.0000  0.0000E+00
 5837.0000  0.0000E+00
 5838.0000  0.0000E+00
 5839.0000  0.0000E+00
 5840.0000  0.0000E+00
 5841.0000  0.0000E+00
 5842.0000  0.0000E+00
 5843.0000  0.0000E+00
 5844.0000  0.0000E+00
 5845.0000  0.0000E+00
 5846.0000  0.0000E+00
 5847.0000  0.0000E+00
 5848.0000  0.0000E+00
 5849.0000  0.0000E+00
 5850.0000  0.0000E+00
 5851.0000  0.0000E+00
 5852.0000  0.0000E+00
 5853.0000  0.0000E+00
 5854.0000  0.0000E+00
 5855.0000  0.0000E+00
 5856.0000  0.0000E+00
 5857.0000  0.0000E+00
 5858.0000  0.0000E+00
 5859.0000  0.0000E+00
 5860.0000  0.0000E+00
 5861.0000  0.0000E+00
 5862.0000  0.0000E+00
 5863.0000  0.0000E+00
 5864.0000  0.0000E+00
 5865.0000  0.0000E+00
 5866.0000  0.0000E+00
 5867.0000  0.0000E+00
 5868.0000  0.0000E+00
 5869.0000  0.0000E+00
 5870.0000  0.0000E+00
 5871.0000  0.0000E+00
 5872.0000  0.0000E+00
 5873.0000  0.0000E+00
 5874.0000  0.0000E+00
 5875.0000  0.0000E+00
 5876.0000  0.0000E+00
 5877.0000  0.0000E+00
 5878.0000  0.0000E+00
 5879.0000  0.0000E+00
 5880.0000  0.0000E+00
 5881.0000  5.9000E-48
 5882.0000  0.0000E+00
 5883.0000  0.0000E+00
 5884.0000  0.0000E+00
 5885.0000  0.0000E+00
 5886.0000  9.5000E-48
 5887.0000  0.0000E+00
 5888.0000  0.0000E+00
 5889.0000  0.0000E+00
 5890.0000  0.0000E+00
 5891.0000  0.0000E+00
 5892.0000  1.5000E-48
 5893.0000  0.0000E+00
 5894.0000  0.0000E+00
 5895.0000  0.0000E+00
 5896.0000  4.6300E-47
 5897.0000  0.0000E+00
 5898.0000  1.6400E-47
 5899.0000  5.0000E-49
 5900.0000  1.7900E-47
 5901.0000  0.0000E+00
 5902.0000  3.3000E-48
 5903.0000  2.4100E-47
 5904.0000  0.0000E+00
 5905.0000  0.0000E+00
 5906.0000  0.0000E+00
 5907.0000  0.0000E+00
 5908.0000  0.0000E+00
 5909.0000  0.0000E+00
 5910.0000  0.0000E+00
 5911.0000  0.0000E+00
 5912.0000  0.0000E+00
 5913.0000  0.0000E+00
 5914.0000  4.4000E-48
 5915.0000  9.6000E-48
 5916.0000  0.0000E+00
 5917.0000  0.0000E+00
 5918.0000  0.0000E+00
 5919.0000  0.0000E+00
 5920.0000  0.0000E+00
 5921.0000  0.0000E+00
 5922.0000  1.9500E-47
 5923.0000  0.0000E+00
 5924.0000  0.0000E+00
 5925.0000  0.0000E+00
 5926.0000  0.0000E+00
 5927.0000  2.3300E-47
 5928.0000  0.0000E+00
 5929.0000  0.0000E+00
 5930.0000  0.0000E+00
 5931.0000  0.0000E+00
 5932.0000  4.0100E-47
 5933.0000  7.5000E-47
 5934.0000  5.4000E-48
 5935.0000  5.5600E-47
 5936.0000  7.3900E-47
 5937.0000  5.0700E-47
 5938.0000  1.2400E-47
 5939.0000  0.0000E+00
 5940.0000  0.0000E+00
 5941.0000  6.6000E-48
 5942.0000  8.8500E-47
 5943.0000  0.0000E+00
 5944.0000  0.0000E+00
 5945.0000  3.3200E-47
 5946.0000  1.4070E-46
 5947.0000  8.0500E-47
 5948.0000  0.0000E+00
 5949.0000  0.0000E+00
 5950.0000  5.5800E-47
 5951.0000  0.0000E+00
 5952.0000  0.0000E+00
 5953.0000  0.0000E+00
 5954.0000  0.0000E+00
 5955.0000  0.0000E+00
 5956.0000  0.0000E+00
 5957.0000  2.5000E-47
 5958.0000  8.7800E-47
 5959.0000  0.0000E+00
 5960.0000  0.0000E+00
 5961.0000  0.0000E+00
 5962.0000  0.0000E+00
 5963.0000  0.0000E+00
 5964.0000  4.0100E-47
 5965.0000  0.0000E+00
 5966.0000  0.0000E+00
 5967.0000  0.0000E+00
 5968.0000  0.0000E+00
 5969.0000  0.0000E+00
 5970.0000  0.0000E+00
 5971.0000  0.0000E+00
 5972.0000  2.7000E-48
 5973.0000  4.2000E-48
 5974.0000  0.0000E+00
 5975.0000  0.0000E+00
 5976.0000  0.0000E+00
 5977.0000  0.0000E+00
 5978.0000  0.0000E+00
 5979.0000  0.0000E+00
 5980.0000  0.0000E+00
 5981.0000  0.0000E+00
 5982.0000  1.8000E-48
 5983.0000  8.7000E-48
 5984.0000  3.2000E-48
 5985.0000  0.0000E+00
 5986.0000  0.0000E+00
 5987.0000  0.0000E+00
 5988.0000  0.0000E+00
 5989.0000  0.0000E+00
 5990.0000  0.0000E+00
 5991.0000  0.0000E+00
 5992.0000  0.0000E+00
 5993.0000  0.0000E+00
 5994.0000  0.0000E+00
 5995.0000  9.0000E-48
 5996.0000  1.0000E-49
 5997.0000  0.0000E+00
 5998.0000  1.9000E-47
 5999.0000  0.0000E+00
 6000.0000  0.0000E+00
 6001.0000  0.0000E+00
 6002.0000  5.7000E-48
 6003.0000  0.0000E+00
 6004.0000  0.0000E+00
 6005.0000  0.0000E+00
 6006.0000  0.0000E+00
 6007.0000  0.0000E+00
 6008.0000  0.0000E+00
 6009.0000  1.0000E-49
 6010.0000  0.0000E+00
 6011.0000  3.0000E-49
 6012.0000  2.5000E-48
 6013.0000  0.0000E+00
 6014.0000  0.0000E+00
 6015.0000  0.0000E+00
 6016.0000  0.0000E+00
 6017.0000  0.0000E+00
 6018.0000  0.0000E+00
 6019.0000  0.0000E+00
 6020.0000  0.0000E+00
 6021.0000  8.6000E-48
 6022.0000  0.0000E+00
 6023.0000  0.0000E+00
 6024.0000  0.0000E+00
 6025.0000  0.0000E+00
 6026.0000  0.0000E+00
 6027.0000  0.0000E+00
 6028.0000  0.0000E+00
 6029.0000  0.0000E+00
 6030.0000  0.0000E+00
 6031.0000  0.0000E+00
 6032.0000  0.0000E+00
 6033.0000  0.0000E+00
 6034.0000  0.0000E+00
 6035.0000  0.0000E+00
 6036.0000  0.0000E+00
 6037.0000  0.0000E+00
 6038.0000  0.0000E+00
 6039.0000  0.0000E+00
 6040.0000  0.0000E+00
 6041.0000  0.0000E+00
 6042.0000  0.0000E+00
 6043.0000  0.0000E+00
 6044.0000  0.0000E+00
 6045.0000  0.0000E+00
 6046.0000  0.0000E+00
 6047.0000  0.0000E+00
 6048.0000  0.0000E+00
 6049.0000  0.0000E+00
 6050.0000  0.0000E+00
 6051.0000  0.0000E+00
 6052.0000  0.0000E+00
 6053.0000  0.0000E+00
 6054.0000  0.0000E+00
 6055.0000  2.9000E-48
 6056.0000  0.0000E+00
 6057.0000  0.0000E+00
 6058.0000  1.7200E-47
 6059.0000  1.2700E-47
 6060.0000  0.0000E+00
 6061.0000  0.0000E+00
 6062.0000  0.0000E+00
 6063.0000  0.0000E+00
 6064.0000  0.0000E+00
 6065.0000  0.0000E+00
 6066.0000  0.0000E+00
 6067.0000  0.0000E+00
 6068.0000  0.0000E+00
 6069.0000  1.0800E-47
 6070.0000  1.7500E-47
 6071.0000  1.5700E-47
 6072.0000  0.0000E+00
 6073.0000  0.0000E+00
 6074.0000  0.0000E+00
 6075.0000  9.3000E-48
 6076.0000  0.0000E+00
 6077.0000  0.0000E+00
 6078.0000  0.0000E+00
 6079.0000  0.0000E+00
 6080.0000  0.0000E+00
 6081.0000  0.0000E+00
 6082.0000  0.0000E+00
 6083.0000  0.0000E+00
 6084.0000  0.0000E+00
 6085.0000  0.0000E+00
 6086.0000  0.0000E+00
 6087.0000  0.0000E+00
 6088.0000  0.0000E+00
 6089.0000  0.0000E+00
 6090.0000  0.0000E+00
 6091.0000  0.0000E+00
 6092.0000  0.0000E+00
 6093.0000  0.0000E+00
 6094.0000  0.0000E+00
 6095.0000  0.0000E+00
 6096.0000  0.0000E+00
 6097.0000  0.0000E+00
 6098.0000  0.0000E+00
 6099.0000  0.0000E+00
 6100.0000  0.0000E+00
 6101.0000  0.0000E+00
 6102.0000  0.0000E+00
 6103.0000  0.0000E+00
 6104.0000  0.0000E+00
 6105.0000  0.0000E+00
 6106.0000  2.1000E-48
 6107.0000  2.5000E-48
 6108.0000  0.0000E+00
 6109.0000  9.6000E-48
 6110.0000  8.0000E-49
 6111.0000  8.6000E-48
 6112.0000  0.0000E+00
 6113.0000  0.0000E+00
 6114.0000  1.4000E-48
 6115.0000  0.0000E+00
 6116.0000  0.0000E+00
 6117.0000  0.0000E+00
 6118.0000  2.2700E-47
 6119.0000  1.9100E-47
 6120.0000  0.0000E+00
 6121.0000  0.0000E+00
 6122.0000  0.0000E+00
 6123.0000  0.0000E+00
 6124.0000  0.0000E+00
 6125.0000  1.1000E-48
 6126.0000  0.0000E+00
 6127.0000  0.0000E+00
 6128.0000  3.2000E-48
 6129.0000  4.2400E-47
 6130.0000  3.8300E-47
 6131.0000  0.0000E+00
 6132.0000  0.0000E+00
 6133.0000  0.0000E+00
 6134.0000  0.0000E+00
 6135.0000  0.0000E+00
 6136.0000  0.0000E+00
 6137.0000  0.0000E+00
 6138.0000  0.0000E+00
 6139.0000  8.7000E-48
 6140.0000  0.0000E+00
 6141.0000  0.0000E+00
 6142.0000  3.2000E-48
 6143.0000  9.0000E-48
 6144.0000  2.4000E-48
 6145.0000  0.0000E+00
 6146.0000  0.0000E+00
 6147.0000  0.0000E+00
 6148.0000  0.0000E+00
 6149.0000  0.0000E+00
 6150.0000  0.0000E+00
 6151.0000  0.0000E+00
 6152.0000  1.1700E-47
 6153.0000  8.4000E-48
 6154.0000  8.3000E-48
 6155.0000  0.0000E+00
 6156.0000  0.0000E+00
 6157.0000  0.0000E+00
 6158.0000  1.8000E-48
 6159.0000  4.3000E-48
 6160.0000  0.0000E+00
 6161.0000  0.0000E+00
 6162.0000  0.0000E+00
 6163.0000  1.2200E-47
 6164.0000  1.5800E-47
 6165.0000  0.0000E+00
 6166.0000  0.0000E+00
 6167.0000  0.0000E+00
 6168.0000  2.0000E-49
 6169.0000  5.8000E-48
 6170.0000  0.0000E+00
 6171.0000  0.0000E+00
 6172.0000  0.0000E+00
 6173.0000  4.4000E-48
 6174.0000  3.7100E-47
 6175.0000  2.4600E-47
 6176.0000  2.1000E-48
 6177.0000  2.6000E-48
 6178.0000  0.0000E+00
 6179.0000  1.0800E-47
 6180.0000  2.7000E-47
 6181.0000  7.2000E-48
 6182.0000  0.0000E+00
 6183.0000  0.0000E+00
 6184.0000  0.0000E+00
 6185.0000  2.7000E-48
 6186.0000  0.0000E+00
 6187.0000  2.5300E-47
 6188.0000  2.6900E-47
 6189.0000  1.2700E-47
 6190.0000  0.0000E+00
 6191.0000  0.0000E+00
 6192.0000  1.4600E-47
 6193.0000  1.7200E-47
 6194.0000  0.0000E+00
 6195.0000  2.4900E-47
 6196.0000  0.0000E+00
 6197.0000  0.0000E+00
 6198.0000  0.0000E+00
 6199.0000  0.0000E+00
 6200.0000  1.4700E-47
               H2-He      2500      6000   1903    296 4.506E-45 1.000                            44
 2500.0000  2.8400E-47
 2501.0000  2.8000E-47
 2502.0000  2.7400E-47
 2503.0000  2.8100E-47
 2504.0000  2.8000E-47
 2505.0000  2.8400E-47
 2506.0000  2.7900E-47
 2507.0000  2.8100E-47
 2508.0000  2.7200E-47
 2509.0000  2.5800E-47
 2510.0000  2.6000E-47
 2511.0000  2.6400E-47
 2512.0000  2.6600E-47
 2513.0000  2.6400E-47
 2514.0000  2.5500E-47
 2515.0000  2.5600E-47
 2516.0000  2.5200E-47
 2517.0000  2.4200E-47
 2518.0000  2.4100E-47
 2519.0000  2.4700E-47
 2520.0000  2.5700E-47
 2521.0000  2.5200E-47
 2522.0000  2.4000E-47
 2523.0000  2.3500E-47
 2524.0000  2.3200E-47
 2525.0000  2.3200E-47
 2526.0000  2.3100E-47
 2527.0000  2.2800E-47
 2528.0000  2.2600E-47
 2529.0000  2.2900E-47
 2530.0000  2.2500E-47
 2531.0000  2.1800E-47
 2532.0000  2.2400E-47
 2533.0000  2.2800E-47
 2534.0000  2.2600E-47
 2535.0000  2.1900E-47
 2536.0000  2.1000E-47
 2537.0000  2.1400E-47
 2538.0000  2.0900E-47
 2539.0000  2.1000E-47
 2540.0000  2.1300E-47
 2541.0000  2.1700E-47
 2542.0000  2.1100E-47
 2543.0000  2.0400E-47
 2544.0000  2.0200E-47
 2545.0000  2.0100E-47
 2546.0000  1.9900E-47
 2547.0000  2.0100E-47
 2548.0000  2.0800E-47
 2549.0000  2.0700E-47
 2550.0000  1.9900E-47
 2551.0000  1.9200E-47
 2552.0000  1.8700E-47
 2553.0000  1.8100E-47
 2554.0000  1.8000E-47
 2555.0000  1.8700E-47
 2556.0000  1.8300E-47
 2557.0000  1.8300E-47
 2558.0000  1.7700E-47
 2559.0000  1.6100E-47
 2560.0000  1.5700E-47
 2561.0000  1.6100E-47
 2562.0000  1.7400E-47
 2563.0000  1.8000E-47
 2564.0000  1.7200E-47
 2565.0000  1.6000E-47
 2566.0000  1.4900E-47
 2567.0000  1.4500E-47
 2568.0000  1.4900E-47
 2569.0000  1.5500E-47
 2570.0000  1.5700E-47
 2571.0000  1.5500E-47
 2572.0000  1.4100E-47
 2573.0000  1.3200E-47
 2574.0000  1.3300E-47
 2575.0000  1.3300E-47
 2576.0000  1.4200E-47
 2577.0000  1.4100E-47
 2578.0000  1.3700E-47
 2579.0000  1.3300E-47
 2580.0000  1.3200E-47
 2581.0000  1.2200E-47
 2582.0000  1.2300E-47
 2583.0000  1.2900E-47
 2584.0000  1.2200E-47
 2585.0000  1.2600E-47
 2586.0000  1.1800E-47
 2587.0000  1.1600E-47
 2588.0000  1.1100E-47
 2589.0000  1.0300E-47
 2590.0000  1.1600E-47
 2591.0000  1.1600E-47
 2592.0000  1.1300E-47
 2593.0000  1.0900E-47
 2594.0000  1.0300E-47
 2595.0000  9.6000E-48
 2596.0000  9.3000E-48
 2597.0000  9.2000E-48
 2598.0000  9.3000E-48
 2599.0000  1.0000E-47
 2600.0000  1.0400E-47
 2601.0000  9.6000E-48
 2602.0000  9.3000E-48
 2603.0000  9.3000E-48
 2604.0000  8.7000E-48
 2605.0000  8.8000E-48
 2606.0000  8.7000E-48
 2607.0000  9.4000E-48
 2608.0000  8.5000E-48
 2609.0000  7.7000E-48
 2610.0000  7.7000E-48
 2611.0000  7.6000E-48
 2612.0000  8.0000E-48
 2613.0000  7.5000E-48
 2614.0000  6.4000E-48
 2615.0000  6.7000E-48
 2616.0000  6.4000E-48
 2617.0000  5.7000E-48
 2618.0000  5.4000E-48
 2619.0000  6.2000E-48
 2620.0000  6.5000E-48
 2621.0000  6.4000E-48
 2622.0000  5.7000E-48
 2623.0000  4.9000E-48
 2624.0000  4.3000E-48
 2625.0000  4.2000E-48
 2626.0000  5.3000E-48
 2627.0000  5.3000E-48
 2628.0000  5.4000E-48
 2629.0000  5.3000E-48
 2630.0000  4.2000E-48
 2631.0000  3.6000E-48
 2632.0000  3.1000E-48
 2633.0000  3.9000E-48
 2634.0000  4.1000E-48
 2635.0000  4.4000E-48
 2636.0000  4.4000E-48
 2637.0000  3.8000E-48
 2638.0000  3.7000E-48
 2639.0000  3.5000E-48
 2640.0000  2.9000E-48
 2641.0000  2.6000E-48
 2642.0000  3.8000E-48
 2643.0000  3.4000E-48
 2644.0000  2.3000E-48
 2645.0000  1.6000E-48
 2646.0000  1.8000E-48
 2647.0000  7.0000E-49
 2648.0000  2.1000E-48
 2649.0000  2.8000E-48
 2650.0000  2.4000E-48
 2651.0000  1.7000E-48
 2652.0000  1.0000E-48
 2653.0000  1.0000E-48
 2654.0000  7.0000E-49
 2655.0000  6.0000E-49
 2656.0000  6.0000E-49
 2657.0000  1.0000E-48
 2658.0000  1.0000E-48
 2659.0000  9.0000E-49
 2660.0000  0.0000E+00
 2661.0000  0.0000E+00
 2662.0000  0.0000E+00
 2663.0000  0.0000E+00
 2664.0000  0.0000E+00
 2665.0000  0.0000E+00
 2666.0000  0.0000E+00
 2667.0000  0.0000E+00
 2668.0000  0.0000E+00
 2669.0000  0.0000E+00
 2670.0000  0.0000E+00
 2671.0000  0.0000E+00
 2672.0000  0.0000E+00
 2673.0000  0.0000E+00
 2674.0000  0.0000E+00
 2675.0000  0.0000E+00
 2676.0000  0.0000E+00
 2677.0000  0.0000E+00
 2678.0000  0.0000E+00
 2679.0000  0.0000E+00
 2680.0000  0.0000E+00
 2681.0000  0.0000E+00
 2682.0000  0.0000E+00
 2683.0000  0.0000E+00
 2684.0000  0.0000E+00
 2685.0000  0.0000E+00
 2686.0000  0.0000E+00
 2687.0000  0.0000E+00
 2688.0000  0.0000E+00
 2689.0000  0.0000E+00
 2690.0000  0.0000E+00
 2691.0000  0.0000E+00
 2692.0000  0.0000E+00
 2693.0000  0.0000E+00
 2694.0000  0.0000E+00
 2695.0000  0.0000E+00
 2696.0000  0.0000E+00
 2697.0000  0.0000E+00
 2698.0000  0.0000E+00
 2699.0000  0.0000E+00
 2700.0000  0.0000E+00
 2701.0000  0.0000E+00
 2702.0000  0.0000E+00
 2703.0000  0.0000E+00
 2704.0000  0.0000E+00
 2705.0000  0.0000E+00
 2706.0000  0.0000E+00
 2707.0000  0.0000E+00
 2708.0000  0.0000E+00
 2709.0000  0.0000E+00
 2710.0000  0.0000E+00
 2711.0000  0.0000E+00
 2712.0000  0.0000E+00
 2713.0000  0.0000E+00
 2714.0000  0.0000E+00
 2715.0000  0.0000E+00
 2716.0000  0.0000E+00
 2717.0000  0.0000E+00
 2718.0000  0.0000E+00
 2719.0000  0.0000E+00
 2720.0000  0.0000E+00
 2721.0000  0.0000E+00
 2722.0000  0.0000E+00
 2723.0000  0.0000E+00
 2724.0000  0.0000E+00
 2725.0000  0.0000E+00
 2726.0000  0.0000E+00
 2727.0000  0.0000E+00
 2728.0000  0.0000E+00
 2729.0000  0.0000E+00
 2730.0000  0.0000E+00
 2731.0000  0.0000E+00
 2732.0000  0.0000E+00
 2733.0000  0.0000E+00
 2734.0000  0.0000E+00
 2735.0000  0.0000E+00
 2736.0000  0.0000E+00
 2737.0000  0.0000E+00
 2738.0000  0.0000E+00
 2739.0000  0.0000E+00
 2740.0000  0.0000E+00
 2741.0000  0.0000E+00
 2742.0000  0.0000E+00
 2743.0000  0.0000E+00
 2744.0000  0.0000E+00
 2745.0000  0.0000E+00
 2746.0000  0.0000E+00
 2747.0000  0.0000E+00
 2748.0000  0.0000E+00
 2749.0000  0.0000E+00
 2750.0000  0.0000E+00
 2751.0000  0.0000E+00
 2752.0000  0.0000E+00
 2753.0000  0.0000E+00
 2754.0000  0.0000E+00
 2755.0000  0.0000E+00
 2756.0000  0.0000E+00
 2757.0000  0.0000E+00
 2758.0000  0.0000E+00
 2759.0000  0.0000E+00
 2760.0000  0.0000E+00
 2761.0000  0.0000E+00
 2762.0000  0.0000E+00
 2763.0000  0.0000E+00
 2764.0000  0.0000E+00
 2765.0000  0.0000E+00
 2766.0000  0.0000E+00
 2767.0000  0.0000E+00
 2768.0000  0.0000E+00
 2769.0000  0.0000E+00
 2770.0000  0.0000E+00
 2771.0000  0.0000E+00
 2772.0000  0.0000E+00
 2773.0000  0.0000E+00
 2774.0000  0.0000E+00
 2775.0000  0.0000E+00
 2776.0000  0.0000E+00
 2777.0000  0.0000E+00
 2778.0000  0.0000E+00
 2779.0000  0.0000E+00
 2780.0000  0.0000E+00
 2781.0000  0.0000E+00
 2782.0000  0.0000E+00
 2783.0000  0.0000E+00
 2784.0000  0.0000E+00
 2785.0000  0.0000E+00
 2786.0000  0.0000E+00
 2787.0000  0.0000E+00
 2788.0000  0.0000E+00
 2789.0000  0.0000E+00
 2790.0000  0.0000E+00
 2791.0000  0.0000E+00
 2792.0000  0.0000E+00
 2793.0000  0.0000E+00
 2794.0000  0.0000E+00
 2795.0000  0.0000E+00
 2796.0000  0.0000E+00
 2797.0000  0.0000E+00
 2798.0000  0.0000E+00
 2799.0000  0.0000E+00
 2800.0000  0.0000E+00
 2801.0000  0.0000E+00
 2802.0000  0.0000E+00
 2803.0000  0.0000E+00
 2804.0000  0.0000E+00
 2805.0000  0.0000E+00
 2806.0000  0.0000E+00
 2807.0000  0.0000E+00
 2808.0000  0.0000E+00
 2809.0000  0.0000E+00
 2810.0000  0.0000E+00
 2811.0000  0.0000E+00
 2812.0000  0.0000E+00
 2813.0000  0.0000E+00
 2814.0000  0.0000E+00
 2815.0000  0.0000E+00
 2816.0000  0.0000E+00
 2817.0000  0.0000E+00
 2818.0000  0.0000E+00
 2819.0000  0.0000E+00
 2820.0000  0.0000E+00
 2821.0000  0.0000E+00
 2822.0000  0.0000E+00
 2823.0000  0.0000E+00
 2824.0000  0.0000E+00
 2825.0000  0.0000E+00
 2826.0000  0.0000E+00
 2827.0000  0.0000E+00
 2828.0000  0.0000E+00
 2829.0000  0.0000E+00
 2830.0000  0.0000E+00
 2831.0000  0.0000E+00
 2832.0000  0.0000E+00
 2833.0000  0.0000E+00
 2834.0000  0.0000E+00
 2835.0000  0.0000E+00
 2836.0000  0.0000E+00
 2837.0000  0.0000E+00
 2838.0000  0.0000E+00
 2839.0000  0.0000E+00
 2840.0000  0.0000E+00
 2841.0000  0.0000E+00
 2842.0000  0.0000E+00
 2843.0000  0.0000E+00
 2844.0000  0.0000E+00
 2845.0000  0.0000E+00
 2846.0000  0.0000E+00
 2847.0000  0.0000E+00
 2848.0000  0.0000E+00
 2849.0000  0.0000E+00
 2850.0000  0.0000E+00
 2851.0000  0.0000E+00
 2852.0000  0.0000E+00
 2853.0000  0.0000E+00
 2854.0000  0.0000E+00
 2855.0000  0.0000E+00
 2856.0000  0.0000E+00
 2857.0000  0.0000E+00
 2858.0000  0.0000E+00
 2859.0000  0.0000E+00
 2860.0000  0.0000E+00
 2861.0000  0.0000E+00
 2862.0000  0.0000E+00
 2863.0000  0.0000E+00
 2864.0000  0.0000E+00
 2865.0000  0.0000E+00
 2866.0000  0.0000E+00
 2867.0000  0.0000E+00
 2868.0000  0.0000E+00
 2869.0000  0.0000E+00
 2870.0000  0.0000E+00
 2871.0000  0.0000E+00
 2872.0000  0.0000E+00
 2873.0000  0.0000E+00
 2874.0000  0.0000E+00
 2875.0000  0.0000E+00
 2876.0000  0.0000E+00
 2877.0000  0.0000E+00
 2878.0000  0.0000E+00
 2879.0000  0.0000E+00
 2880.0000  0.0000E+00
 2881.0000  0.0000E+00
 2882.0000  0.0000E+00
 2883.0000  0.0000E+00
 2884.0000  0.0000E+00
 2885.0000  0.0000E+00
 2886.0000  0.0000E+00
 2887.0000  0.0000E+00
 2888.0000  0.0000E+00
 2889.0000  0.0000E+00
 2890.0000  0.0000E+00
 2891.0000  0.0000E+00
 2892.0000  0.0000E+00
 2893.0000  0.0000E+00
 2894.0000  0.0000E+00
 2895.0000  0.0000E+00
 2896.0000  0.0000E+00
 2897.0000  0.0000E+00
 2898.0000  0.0000E+00
 2899.0000  0.0000E+00
 2900.0000  0.0000E+00
 4000.0000  1.2990E-45
 4001.0000  1.3210E-45
 4002.0000  1.3340E-45
 4003.0000  1.3480E-45
 4004.0000  1.3630E-45
 4005.0000  1.3760E-45
 4006.0000  1.3980E-45
 4007.0000  1.4260E-45
 4008.0000  1.4690E-45
 4009.0000  1.4860E-45
 4010.0000  1.4750E-45
 4011.0000  1.4760E-45
 4012.0000  1.4900E-45
 4013.0000  1.5050E-45
 4014.0000  1.5160E-45
 4015.0000  1.5290E-45
 4016.0000  1.5430E-45
 4017.0000  1.5650E-45
 4018.0000  1.5860E-45
 4019.0000  1.6130E-45
 4020.0000  1.6330E-45
 4021.0000  1.6380E-45
 4022.0000  1.6460E-45
 4023.0000  1.6600E-45
 4024.0000  1.6910E-45
 4025.0000  1.7310E-45
 4026.0000  1.7380E-45
 4027.0000  1.7370E-45
 4028.0000  1.7470E-45
 4029.0000  1.7610E-45
 4030.0000  1.7830E-45
 4031.0000  1.8040E-45
 4032.0000  1.8150E-45
 4033.0000  1.8300E-45
 4034.0000  1.8460E-45
 4035.0000  1.8630E-45
 4036.0000  1.8800E-45
 4037.0000  1.9030E-45
 4038.0000  1.9180E-45
 4039.0000  1.9370E-45
 4040.0000  1.9560E-45
 4041.0000  1.9750E-45
 4042.0000  1.9930E-45
 4043.0000  2.0270E-45
 4044.0000  2.0740E-45
 4045.0000  2.1040E-45
 4046.0000  2.0950E-45
 4047.0000  2.0960E-45
 4048.0000  2.1110E-45
 4049.0000  2.1260E-45
 4050.0000  2.1390E-45
 4051.0000  2.1610E-45
 4052.0000  2.1850E-45
 4053.0000  2.2090E-45
 4054.0000  2.2250E-45
 4055.0000  2.2440E-45
 4056.0000  2.2630E-45
 4057.0000  2.2830E-45
 4058.0000  2.3020E-45
 4059.0000  2.3290E-45
 4060.0000  2.3590E-45
 4061.0000  2.3810E-45
 4062.0000  2.3900E-45
 4063.0000  2.4070E-45
 4064.0000  2.4250E-45
 4065.0000  2.4450E-45
 4066.0000  2.4670E-45
 4067.0000  2.4870E-45
 4068.0000  2.5060E-45
 4069.0000  2.5280E-45
 4070.0000  2.5510E-45
 4071.0000  2.5710E-45
 4072.0000  2.5950E-45
 4073.0000  2.6170E-45
 4074.0000  2.6400E-45
 4075.0000  2.6610E-45
 4076.0000  2.6790E-45
 4077.0000  2.6990E-45
 4078.0000  2.7280E-45
 4079.0000  2.7620E-45
 4080.0000  2.7850E-45
 4081.0000  2.8040E-45
 4082.0000  2.8160E-45
 4083.0000  2.8310E-45
 4084.0000  2.8520E-45
 4085.0000  2.8750E-45
 4086.0000  2.9020E-45
 4087.0000  2.9290E-45
 4088.0000  2.9550E-45
 4089.0000  2.9690E-45
 4090.0000  2.9810E-45
 4091.0000  3.0000E-45
 4092.0000  3.0230E-45
 4093.0000  3.0520E-45
 4094.0000  3.0720E-45
 4095.0000  3.0950E-45
 4096.0000  3.1090E-45
 4097.0000  3.1270E-45
 4098.0000  3.1510E-45
 4099.0000  3.1730E-45
 4100.0000  3.1960E-45
 4101.0000  3.2170E-45
 4102.0000  3.2320E-45
 4103.0000  3.2550E-45
 4104.0000  3.2950E-45
 4105.0000  3.3260E-45
 4106.0000  3.3580E-45
 4107.0000  3.3660E-45
 4108.0000  3.3770E-45
 4109.0000  3.3930E-45
 4110.0000  3.4110E-45
 4111.0000  3.4340E-45
 4112.0000  3.4580E-45
 4113.0000  3.4780E-45
 4114.0000  3.4940E-45
 4115.0000  3.5160E-45
 4116.0000  3.5400E-45
 4117.0000  3.5580E-45
 4118.0000  3.5760E-45
 4119.0000  3.5940E-45
 4120.0000  3.6210E-45
 4121.0000  3.6440E-45
 4122.0000  3.6510E-45
 4123.0000  3.6640E-45
 4124.0000  3.6590E-45
 4125.0000  3.5820E-45
 4126.0000  3.4730E-45
 4127.0000  3.5570E-45
 4128.0000  3.6830E-45
 4129.0000  3.7510E-45
 4130.0000  3.7820E-45
 4131.0000  3.8140E-45
 4132.0000  3.8380E-45
 4133.0000  3.8680E-45
 4134.0000  3.8920E-45
 4135.0000  3.9070E-45
 4136.0000  3.9210E-45
 4137.0000  3.9400E-45
 4138.0000  3.9610E-45
 4139.0000  3.9780E-45
 4140.0000  3.9880E-45
 4141.0000  3.9890E-45
 4142.0000  3.9430E-45
 4143.0000  3.7860E-45
 4144.0000  3.7200E-45
 4145.0000  3.8850E-45
 4146.0000  4.0040E-45
 4147.0000  4.0570E-45
 4148.0000  4.0890E-45
 4149.0000  4.1180E-45
 4150.0000  4.1280E-45
 4151.0000  4.1220E-45
 4152.0000  4.1000E-45
 4153.0000  3.9850E-45
 4154.0000  3.5370E-45
 4155.0000  2.5340E-45
 4156.0000  2.4710E-45
 4157.0000  3.3530E-45
 4158.0000  3.8020E-45
 4159.0000  3.9560E-45
 4160.0000  3.9480E-45
 4161.0000  3.8190E-45
 4162.0000  3.8720E-45
 4163.0000  4.0610E-45
 4164.0000  4.1620E-45
 4165.0000  4.2120E-45
 4166.0000  4.2420E-45
 4167.0000  4.2630E-45
 4168.0000  4.2800E-45
 4169.0000  4.3020E-45
 4170.0000  4.3150E-45
 4171.0000  4.3230E-45
 4172.0000  4.3350E-45
 4173.0000  4.3450E-45
 4174.0000  4.3570E-45
 4175.0000  4.3700E-45
 4176.0000  4.3800E-45
 4177.0000  4.3900E-45
 4178.0000  4.3950E-45
 4179.0000  4.3980E-45
 4180.0000  4.4130E-45
 4181.0000  4.4260E-45
 4182.0000  4.4240E-45
 4183.0000  4.4240E-45
 4184.0000  4.4350E-45
 4185.0000  4.4450E-45
 4186.0000  4.4560E-45
 4187.0000  4.4590E-45
 4188.0000  4.4600E-45
 4189.0000  4.4690E-45
 4190.0000  4.4710E-45
 4191.0000  4.4740E-45
 4192.0000  4.4820E-45
 4193.0000  4.4840E-45
 4194.0000  4.4940E-45
 4195.0000  4.4930E-45
 4196.0000  4.4930E-45
 4197.0000  4.4930E-45
 4198.0000  4.4880E-45
 4199.0000  4.4970E-45
 4200.0000  4.4990E-45
 4201.0000  4.4990E-45
 4202.0000  4.4980E-45
 4203.0000  4.5030E-45
 4204.0000  4.5000E-45
 4205.0000  4.5050E-45
 4206.0000  4.5050E-45
 4207.0000  4.5060E-45
 4208.0000  4.5020E-45
 4209.0000  4.4990E-45
 4210.0000  4.5020E-45
 4211.0000  4.4980E-45
 4212.0000  4.4950E-45
 4213.0000  4.4920E-45
 4214.0000  4.4900E-45
 4215.0000  4.4810E-45
 4216.0000  4.4830E-45
 4217.0000  4.4820E-45
 4218.0000  4.4830E-45
 4219.0000  4.4820E-45
 4220.0000  4.4810E-45
 4221.0000  4.4750E-45
 4222.0000  4.4660E-45
 4223.0000  4.4640E-45
 4224.0000  4.4570E-45
 4225.0000  4.4560E-45
 4226.0000  4.4570E-45
 4227.0000  4.4430E-45
 4228.0000  4.4360E-45
 4229.0000  4.4380E-45
 4230.0000  4.4330E-45
 4231.0000  4.4270E-45
 4232.0000  4.4280E-45
 4233.0000  4.4190E-45
 4234.0000  4.4120E-45
 4235.0000  4.4080E-45
 4236.0000  4.4030E-45
 4237.0000  4.3910E-45
 4238.0000  4.3830E-45
 4239.0000  4.3760E-45
 4240.0000  4.3680E-45
 4241.0000  4.3690E-45
 4242.0000  4.3600E-45
 4243.0000  4.3500E-45
 4244.0000  4.3400E-45
 4245.0000  4.3340E-45
 4246.0000  4.3280E-45
 4247.0000  4.3220E-45
 4248.0000  4.3180E-45
 4249.0000  4.3060E-45
 4250.0000  4.2910E-45
 4251.0000  4.2930E-45
 4252.0000  4.2850E-45
 4253.0000  4.2740E-45
 4254.0000  4.2670E-45
 4255.0000  4.2520E-45
 4256.0000  4.2430E-45
 4257.0000  4.2390E-45
 4258.0000  4.2280E-45
 4259.0000  4.2180E-45
 4260.0000  4.2110E-45
 4261.0000  4.1960E-45
 4262.0000  4.1860E-45
 4263.0000  4.1790E-45
 4264.0000  4.1730E-45
 4265.0000  4.1530E-45
 4266.0000  4.1520E-45
 4267.0000  4.1370E-45
 4268.0000  4.1300E-45
 4269.0000  4.1270E-45
 4270.0000  4.1150E-45
 4271.0000  4.1010E-45
 4272.0000  4.0890E-45
 4273.0000  4.0830E-45
 4274.0000  4.0700E-45
 4275.0000  4.0540E-45
 4276.0000  4.0440E-45
 4277.0000  4.0360E-45
 4278.0000  4.0220E-45
 4279.0000  4.0150E-45
 4280.0000  3.9980E-45
 4281.0000  3.9880E-45
 4282.0000  3.9780E-45
 4283.0000  3.9630E-45
 4284.0000  3.9500E-45
 4285.0000  3.9400E-45
 4286.0000  3.9280E-45
 4287.0000  3.9130E-45
 4288.0000  3.9030E-45
 4289.0000  3.8970E-45
 4290.0000  3.8780E-45
 4291.0000  3.8670E-45
 4292.0000  3.8560E-45
 4293.0000  3.8420E-45
 4294.0000  3.8340E-45
 4295.0000  3.8200E-45
 4296.0000  3.8080E-45
 4297.0000  3.7990E-45
 4298.0000  3.7850E-45
 4299.0000  3.7720E-45
 4300.0000  3.7620E-45
 4301.0000  3.7510E-45
 4302.0000  3.7350E-45
 4303.0000  3.7210E-45
 4304.0000  3.7050E-45
 4305.0000  3.6930E-45
 4306.0000  3.6840E-45
 4307.0000  3.6770E-45
 4308.0000  3.6580E-45
 4309.0000  3.6330E-45
 4310.0000  3.6300E-45
 4311.0000  3.6230E-45
 4312.0000  3.6100E-45
 4313.0000  3.5950E-45
 4314.0000  3.5850E-45
 4315.0000  3.5720E-45
 4316.0000  3.5580E-45
 4317.0000  3.5500E-45
 4318.0000  3.5410E-45
 4319.0000  3.5240E-45
 4320.0000  3.5070E-45
 4321.0000  3.4850E-45
 4322.0000  3.4740E-45
 4323.0000  3.4710E-45
 4324.0000  3.4620E-45
 4325.0000  3.4470E-45
 4326.0000  3.4220E-45
 4327.0000  3.4130E-45
 4328.0000  3.4020E-45
 4329.0000  3.3950E-45
 4330.0000  3.3820E-45
 4331.0000  3.3650E-45
 4332.0000  3.3500E-45
 4333.0000  3.3380E-45
 4334.0000  3.3250E-45
 4335.0000  3.3110E-45
 4336.0000  3.2910E-45
 4337.0000  3.2820E-45
 4338.0000  3.2680E-45
 4339.0000  3.2520E-45
 4340.0000  3.2420E-45
 4341.0000  3.2300E-45
 4342.0000  3.2180E-45
 4343.0000  3.2100E-45
 4344.0000  3.1970E-45
 4345.0000  3.1750E-45
 4346.0000  3.1660E-45
 4347.0000  3.1440E-45
 4348.0000  3.1350E-45
 4349.0000  3.1290E-45
 4350.0000  3.1120E-45
 4351.0000  3.0960E-45
 4352.0000  3.0870E-45
 4353.0000  3.0740E-45
 4354.0000  3.0550E-45
 4355.0000  3.0450E-45
 4356.0000  3.0330E-45
 4357.0000  3.0230E-45
 4358.0000  3.0070E-45
 4359.0000  2.9960E-45
 4360.0000  2.9850E-45
 4361.0000  2.9690E-45
 4362.0000  2.9600E-45
 4363.0000  2.9510E-45
 4364.0000  2.9360E-45
 4365.0000  2.9280E-45
 4366.0000  2.9090E-45
 4367.0000  2.8910E-45
 4368.0000  2.8790E-45
 4369.0000  2.8680E-45
 4370.0000  2.8540E-45
 4371.0000  2.8560E-45
 4372.0000  2.8400E-45
 4373.0000  2.8190E-45
 4374.0000  2.8040E-45
 4375.0000  2.7960E-45
 4376.0000  2.7780E-45
 4377.0000  2.7590E-45
 4378.0000  2.7530E-45
 4379.0000  2.7470E-45
 4380.0000  2.7380E-45
 4381.0000  2.7230E-45
 4382.0000  2.7060E-45
 4383.0000  2.6880E-45
 4384.0000  2.6800E-45
 4385.0000  2.6780E-45
 4386.0000  2.6640E-45
 4387.0000  2.6370E-45
 4388.0000  2.6370E-45
 4389.0000  2.6260E-45
 4390.0000  2.6150E-45
 4391.0000  2.6040E-45
 4392.0000  2.5930E-45
 4393.0000  2.5810E-45
 4394.0000  2.5590E-45
 4395.0000  2.5510E-45
 4396.0000  2.5450E-45
 4397.0000  2.5360E-45
 4398.0000  2.5240E-45
 4399.0000  2.5100E-45
 4400.0000  2.4960E-45
 4401.0000  2.4820E-45
 4402.0000  2.4720E-45
 4403.0000  2.4660E-45
 4404.0000  2.4520E-45
 4405.0000  2.4430E-45
 4406.0000  2.4350E-45
 4407.0000  2.4170E-45
 4408.0000  2.4100E-45
 4409.0000  2.3940E-45
 4410.0000  2.3840E-45
 4411.0000  2.3770E-45
 4412.0000  2.3600E-45
 4413.0000  2.3450E-45
 4414.0000  2.3370E-45
 4415.0000  2.3230E-45
 4416.0000  2.3100E-45
 4417.0000  2.3020E-45
 4418.0000  2.2930E-45
 4419.0000  2.2770E-45
 4420.0000  2.2650E-45
 4421.0000  2.2640E-45
 4422.0000  2.2560E-45
 4423.0000  2.2460E-45
 4424.0000  2.2290E-45
 4425.0000  2.2240E-45
 4426.0000  2.2210E-45
 4427.0000  2.2030E-45
 4428.0000  2.1900E-45
 4429.0000  2.1830E-45
 4430.0000  2.1700E-45
 4431.0000  2.1670E-45
 4432.0000  2.1540E-45
 4433.0000  2.1390E-45
 4434.0000  2.1260E-45
 4435.0000  2.1160E-45
 4436.0000  2.1050E-45
 4437.0000  2.1020E-45
 4438.0000  2.0920E-45
 4439.0000  2.0810E-45
 4440.0000  2.0770E-45
 4441.0000  2.0660E-45
 4442.0000  2.0470E-45
 4443.0000  2.0400E-45
 4444.0000  2.0350E-45
 4445.0000  2.0300E-45
 4446.0000  2.0230E-45
 4447.0000  2.0070E-45
 4448.0000  1.9970E-45
 4449.0000  1.9860E-45
 4450.0000  1.9780E-45
 4451.0000  1.9780E-45
 4452.0000  1.9610E-45
 4453.0000  1.9550E-45
 4454.0000  1.9470E-45
 4455.0000  1.9360E-45
 4456.0000  1.9290E-45
 4457.0000  1.9180E-45
 4458.0000  1.9060E-45
 4459.0000  1.8980E-45
 4460.0000  1.8840E-45
 4461.0000  1.8800E-45
 4462.0000  1.8700E-45
 4463.0000  1.8660E-45
 4464.0000  1.8610E-45
 4465.0000  1.8480E-45
 4466.0000  1.8390E-45
 4467.0000  1.8240E-45
 4468.0000  1.8170E-45
 4469.0000  1.8080E-45
 4470.0000  1.7950E-45
 4471.0000  1.7970E-45
 4472.0000  1.7950E-45
 4473.0000  1.7860E-45
 4474.0000  1.7730E-45
 4475.0000  1.7640E-45
 4476.0000  1.7640E-45
 4477.0000  1.7570E-45
 4478.0000  1.7480E-45
 4479.0000  1.7370E-45
 4480.0000  1.7300E-45
 4481.0000  1.7230E-45
 4482.0000  1.7170E-45
 4483.0000  1.7030E-45
 4484.0000  1.6970E-45
 4485.0000  1.6910E-45
 4486.0000  1.6820E-45
 4487.0000  1.6740E-45
 4488.0000  1.6730E-45
 4489.0000  1.6600E-45
 4490.0000  1.6480E-45
 4491.0000  1.6440E-45
 4492.0000  1.6380E-45
 4493.0000  1.6290E-45
 4494.0000  1.6220E-45
 4495.0000  1.6080E-45
 4496.0000  1.6100E-45
 4497.0000  1.5990E-45
 4498.0000  1.5870E-45
 4499.0000  1.5590E-45
 4500.0000  1.5600E-45
 4501.0000  1.5550E-45
 4502.0000  1.5480E-45
 4503.0000  1.5450E-45
 4504.0000  1.5410E-45
 4505.0000  1.5290E-45
 4506.0000  1.5240E-45
 4507.0000  1.5200E-45
 4508.0000  1.5060E-45
 4509.0000  1.5040E-45
 4510.0000  1.5030E-45
 4511.0000  1.5000E-45
 4512.0000  1.5050E-45
 4513.0000  1.4870E-45
 4514.0000  1.4790E-45
 4515.0000  1.4730E-45
 4516.0000  1.4660E-45
 4517.0000  1.4640E-45
 4518.0000  1.4540E-45
 4519.0000  1.4420E-45
 4520.0000  1.4330E-45
 4521.0000  1.4250E-45
 4522.0000  1.4280E-45
 4523.0000  1.4240E-45
 4524.0000  1.4110E-45
 4525.0000  1.4020E-45
 4526.0000  1.3990E-45
 4527.0000  1.3910E-45
 4528.0000  1.3810E-45
 4529.0000  1.3700E-45
 4530.0000  1.3690E-45
 4531.0000  1.3690E-45
 4532.0000  1.3590E-45
 4533.0000  1.3470E-45
 4534.0000  1.3410E-45
 4535.0000  1.3390E-45
 4536.0000  1.3350E-45
 4537.0000  1.3380E-45
 4538.0000  1.3240E-45
 4539.0000  1.3110E-45
 4540.0000  1.3060E-45
 4541.0000  1.3060E-45
 4542.0000  1.3010E-45
 4543.0000  1.2920E-45
 4544.0000  1.2890E-45
 4545.0000  1.2810E-45
 4546.0000  1.2840E-45
 4547.0000  1.2800E-45
 4548.0000  1.2560E-45
 4549.0000  1.2560E-45
 4550.0000  1.2560E-45
 4551.0000  1.2490E-45
 4552.0000  1.2460E-45
 4553.0000  1.2400E-45
 4554.0000  1.2320E-45
 4555.0000  1.2160E-45
 4556.0000  1.2180E-45
 4557.0000  1.2050E-45
 4558.0000  1.2010E-45
 4559.0000  1.2000E-45
 4560.0000  1.1960E-45
 4561.0000  1.1950E-45
 4562.0000  1.1800E-45
 4563.0000  1.1750E-45
 4564.0000  1.1790E-45
 4565.0000  1.1690E-45
 4566.0000  1.1670E-45
 4567.0000  1.1630E-45
 4568.0000  1.1540E-45
 4569.0000  1.1440E-45
 4570.0000  1.1440E-45
 4571.0000  1.1300E-45
 4572.0000  1.1270E-45
 4573.0000  1.1200E-45
 4574.0000  1.1200E-45
 4575.0000  1.1240E-45
 4576.0000  1.1170E-45
 4577.0000  1.1180E-45
 4578.0000  1.1140E-45
 4579.0000  1.1100E-45
 4580.0000  1.1060E-45
 4581.0000  1.1040E-45
 4582.0000  1.1000E-45
 4583.0000  1.0840E-45
 4584.0000  1.0760E-45
 4585.0000  1.0720E-45
 4586.0000  1.0700E-45
 4587.0000  1.0610E-45
 4588.0000  1.0590E-45
 4589.0000  1.0610E-45
 4590.0000  1.0590E-45
 4591.0000  1.0620E-45
 4592.0000  1.0460E-45
 4593.0000  1.0420E-45
 4594.0000  1.0370E-45
 4595.0000  1.0350E-45
 4596.0000  1.0390E-45
 4597.0000  1.0320E-45
 4598.0000  1.0220E-45
 4599.0000  1.0230E-45
 4600.0000  1.0170E-45
 4601.0000  1.0150E-45
 4602.0000  1.0160E-45
 4603.0000  1.0090E-45
 4604.0000  1.0100E-45
 4605.0000  1.0040E-45
 4606.0000  9.9700E-46
 4607.0000  9.9100E-46
 4608.0000  9.9400E-46
 4609.0000  9.8800E-46
 4610.0000  9.8300E-46
 4611.0000  9.8000E-46
 4612.0000  9.7500E-46
 4613.0000  9.7200E-46
 4614.0000  9.8200E-46
 4615.0000  9.7700E-46
 4616.0000  9.6400E-46
 4617.0000  9.6100E-46
 4618.0000  9.6700E-46
 4619.0000  9.5200E-46
 4620.0000  9.4100E-46
 4621.0000  9.4600E-46
 4622.0000  9.4700E-46
 4623.0000  9.5300E-46
 4624.0000  9.4500E-46
 4625.0000  9.4700E-46
 4626.0000  9.4400E-46
 4627.0000  9.3500E-46
 4628.0000  9.2800E-46
 4629.0000  9.2800E-46
 4630.0000  9.2200E-46
 4631.0000  9.2100E-46
 4632.0000  9.3100E-46
 4633.0000  9.2000E-46
 4634.0000  9.0900E-46
 4635.0000  9.1800E-46
 4636.0000  9.1900E-46
 4637.0000  9.2200E-46
 4638.0000  9.2100E-46
 4639.0000  9.0700E-46
 4640.0000  9.1400E-46
 4641.0000  9.0600E-46
 4642.0000  9.0200E-46
 4643.0000  9.0400E-46
 4644.0000  9.0500E-46
 4645.0000  8.9300E-46
 4646.0000  8.9000E-46
 4647.0000  8.8700E-46
 4648.0000  8.9200E-46
 4649.0000  8.9100E-46
 4650.0000  8.8800E-46
 4651.0000  8.8800E-46
 4652.0000  8.8800E-46
 4653.0000  8.8300E-46
 4654.0000  8.7300E-46
 4655.0000  8.8000E-46
 4656.0000  8.7900E-46
 4657.0000  8.7200E-46
 4658.0000  8.8100E-46
 4659.0000  8.8200E-46
 4660.0000  8.7500E-46
 4661.0000  8.7400E-46
 4662.0000  8.7800E-46
 4663.0000  8.7300E-46
 4664.0000  8.6700E-46
 4665.0000  8.6700E-46
 4666.0000  8.6900E-46
 4667.0000  8.7000E-46
 4668.0000  8.6000E-46
 4669.0000  8.6800E-46
 4670.0000  8.6700E-46
 4671.0000  8.6700E-46
 4672.0000  8.7300E-46
 4673.0000  8.6900E-46
 4674.0000  8.6600E-46
 4675.0000  8.6800E-46
 4676.0000  8.6300E-46
 4677.0000  8.5300E-46
 4678.0000  8.5300E-46
 4679.0000  8.5600E-46
 4680.0000  8.6100E-46
 4681.0000  8.6100E-46
 4682.0000  8.5300E-46
 4683.0000  8.5300E-46
 4684.0000  8.5100E-46
 4685.0000  8.5500E-46
 4686.0000  8.5300E-46
 4687.0000  8.4600E-46
 4688.0000  8.3700E-46
 4689.0000  8.4900E-46
 4690.0000  8.5000E-46
 4691.0000  8.4500E-46
 4692.0000  8.4700E-46
 4693.0000  8.4200E-46
 4694.0000  8.4400E-46
 4695.0000  8.4700E-46
 4696.0000  8.3500E-46
 4697.0000  8.3300E-46
 4698.0000  8.3400E-46
 4699.0000  8.3200E-46
 4700.0000  8.4000E-46
 4701.0000  8.5100E-46
 4702.0000  8.4400E-46
 4703.0000  8.4100E-46
 4704.0000  8.3900E-46
 4705.0000  8.5000E-46
 4706.0000  8.4000E-46
 4707.0000  8.3900E-46
 4708.0000  8.4200E-46
 4709.0000  8.2700E-46
 4710.0000  8.3400E-46
 4711.0000  8.3700E-46
 4712.0000  7.9500E-46
 4713.0000  7.5800E-46
 4714.0000  7.4400E-46
 4715.0000  7.7000E-46
 4716.0000  7.8800E-46
 4717.0000  7.9100E-46
 4718.0000  8.0300E-46
 4719.0000  8.0800E-46
 4720.0000  8.0700E-46
 4721.0000  8.0400E-46
 4722.0000  8.1400E-46
 4723.0000  8.0800E-46
 4724.0000  8.0200E-46
 4725.0000  8.0600E-46
 4726.0000  8.0700E-46
 4727.0000  7.9600E-46
 4728.0000  7.8100E-46
 4729.0000  7.8400E-46
 4730.0000  7.9300E-46
 4731.0000  7.9300E-46
 4732.0000  7.9700E-46
 4733.0000  7.9600E-46
 4734.0000  7.8800E-46
 4735.0000  7.9900E-46
 4736.0000  7.9400E-46
 4737.0000  7.8300E-46
 4738.0000  7.7800E-46
 4739.0000  7.7100E-46
 4740.0000  7.6400E-46
 4741.0000  7.6500E-46
 4742.0000  7.7100E-46
 4743.0000  7.6300E-46
 4744.0000  7.5800E-46
 4745.0000  7.5000E-46
 4746.0000  7.5100E-46
 4747.0000  7.5600E-46
 4748.0000  7.5900E-46
 4749.0000  7.4600E-46
 4750.0000  7.5300E-46
 4751.0000  7.6100E-46
 4752.0000  7.5600E-46
 4753.0000  7.4700E-46
 4754.0000  7.3200E-46
 4755.0000  7.1900E-46
 4756.0000  7.2100E-46
 4757.0000  7.2100E-46
 4758.0000  7.3100E-46
 4759.0000  7.2900E-46
 4760.0000  7.2800E-46
 4761.0000  7.2600E-46
 4762.0000  7.2800E-46
 4763.0000  7.3500E-46
 4764.0000  7.1800E-46
 4765.0000  7.0900E-46
 4766.0000  7.0900E-46
 4767.0000  7.0500E-46
 4768.0000  7.1400E-46
 4769.0000  7.1400E-46
 4770.0000  7.0700E-46
 4771.0000  7.0300E-46
 4772.0000  7.0200E-46
 4773.0000  6.8900E-46
 4774.0000  6.8800E-46
 4775.0000  6.7800E-46
 4776.0000  6.7600E-46
 4777.0000  6.9600E-46
 4778.0000  6.9100E-46
 4779.0000  6.8300E-46
 4780.0000  6.7400E-46
 4781.0000  6.7400E-46
 4782.0000  6.6400E-46
 4783.0000  6.5000E-46
 4784.0000  6.5900E-46
 4785.0000  6.6500E-46
 4786.0000  6.6100E-46
 4787.0000  6.5000E-46
 4788.0000  6.4500E-46
 4789.0000  6.4400E-46
 4790.0000  6.4200E-46
 4791.0000  6.3400E-46
 4792.0000  6.4700E-46
 4793.0000  6.4300E-46
 4794.0000  6.3800E-46
 4795.0000  6.3300E-46
 4796.0000  6.2200E-46
 4797.0000  6.2200E-46
 4798.0000  6.2300E-46
 4799.0000  6.1500E-46
 4800.0000  6.0800E-46
 4801.0000  6.0900E-46
 4802.0000  6.1000E-46
 4803.0000  6.0700E-46
 4804.0000  6.0100E-46
 4805.0000  6.0900E-46
 4806.0000  6.0600E-46
 4807.0000  5.9800E-46
 4808.0000  5.9500E-46
 4809.0000  5.8700E-46
 4810.0000  5.8700E-46
 4811.0000  5.9400E-46
 4812.0000  5.9200E-46
 4813.0000  5.7600E-46
 4814.0000  5.7500E-46
 4815.0000  5.7800E-46
 4816.0000  5.8000E-46
 4817.0000  5.8400E-46
 4818.0000  5.7700E-46
 4819.0000  5.6300E-46
 4820.0000  5.5800E-46
 4821.0000  5.5600E-46
 4822.0000  5.6500E-46
 4823.0000  5.5200E-46
 4824.0000  5.5300E-46
 4825.0000  5.5900E-46
 4826.0000  5.5900E-46
 4827.0000  5.5400E-46
 4828.0000  5.3800E-46
 4829.0000  5.3200E-46
 4830.0000  5.3400E-46
 4831.0000  5.3700E-46
 4832.0000  5.3200E-46
 4833.0000  5.3400E-46
 4834.0000  5.4200E-46
 4835.0000  5.2700E-46
 4836.0000  5.2300E-46
 4837.0000  5.1700E-46
 4838.0000  5.1000E-46
 4839.0000  5.1600E-46
 4840.0000  5.1500E-46
 4841.0000  5.1400E-46
 4842.0000  5.1000E-46
 4843.0000  4.9700E-46
 4844.0000  4.9400E-46
 4845.0000  4.9500E-46
 4846.0000  4.9800E-46
 4847.0000  5.0300E-46
 4848.0000  4.9700E-46
 4849.0000  4.9300E-46
 4850.0000  4.9700E-46
 4851.0000  4.9500E-46
 4852.0000  4.8200E-46
 4853.0000  4.8600E-46
 4854.0000  4.7200E-46
 4855.0000  4.8100E-46
 4856.0000  4.8500E-46
 4857.0000  4.8000E-46
 4858.0000  4.7500E-46
 4859.0000  4.5900E-46
 4860.0000  4.5100E-46
 4861.0000  4.5900E-46
 4862.0000  4.7100E-46
 4863.0000  4.5900E-46
 4864.0000  4.4800E-46
 4865.0000  4.5500E-46
 4866.0000  4.4900E-46
 4867.0000  4.6100E-46
 4868.0000  4.4500E-46
 4869.0000  4.5100E-46
 4870.0000  4.5400E-46
 4871.0000  4.4200E-46
 4872.0000  4.3900E-46
 4873.0000  4.4400E-46
 4874.0000  4.5500E-46
 4875.0000  4.3300E-46
 4876.0000  4.4100E-46
 4877.0000  4.4900E-46
 4878.0000  4.3100E-46
 4879.0000  4.3000E-46
 4880.0000  4.3100E-46
 4881.0000  4.2400E-46
 4882.0000  4.3200E-46
 4883.0000  4.2500E-46
 4884.0000  4.1600E-46
 4885.0000  4.1800E-46
 4886.0000  4.1500E-46
 4887.0000  4.0500E-46
 4888.0000  4.1000E-46
 4889.0000  4.0400E-46
 4890.0000  4.1400E-46
 4891.0000  3.9600E-46
 4892.0000  4.1400E-46
 4893.0000  4.2300E-46
 4894.0000  4.1800E-46
 4895.0000  4.0000E-46
 4896.0000  4.0000E-46
 4897.0000  3.9000E-46
 4898.0000  3.8400E-46
 4899.0000  3.9500E-46
 4900.0000  3.9300E-46
 4901.0000  3.9500E-46
 4902.0000  3.8500E-46
 4903.0000  3.6900E-46
 4904.0000  3.7800E-46
 4905.0000  3.9900E-46
 4906.0000  3.8800E-46
 4907.0000  3.8100E-46
 4908.0000  3.7500E-46
 4909.0000  3.7600E-46
 4910.0000  3.6900E-46
 4911.0000  3.5200E-46
 4912.0000  3.7500E-46
 4913.0000  3.6900E-46
 4914.0000  3.7200E-46
 4915.0000  3.6400E-46
 4916.0000  3.6300E-46
 4917.0000  3.3900E-46
 4918.0000  3.4400E-46
 4919.0000  3.4500E-46
 4920.0000  3.5000E-46
 4921.0000  3.4900E-46
 4922.0000  3.4500E-46
 4923.0000  3.4200E-46
 4924.0000  3.3400E-46
 4925.0000  3.2400E-46
 4926.0000  3.2500E-46
 4927.0000  3.3000E-46
 4928.0000  3.4500E-46
 4929.0000  3.4300E-46
 4930.0000  3.5100E-46
 4931.0000  3.3300E-46
 4932.0000  3.2200E-46
 4933.0000  3.3600E-46
 4934.0000  3.3500E-46
 4935.0000  3.3300E-46
 4936.0000  3.2100E-46
 4937.0000  3.2100E-46
 4938.0000  3.1100E-46
 4939.0000  3.1200E-46
 4940.0000  3.1300E-46
 4941.0000  3.0400E-46
 4942.0000  3.1200E-46
 4943.0000  3.1200E-46
 4944.0000  3.0800E-46
 4945.0000  3.1200E-46
 4946.0000  3.0100E-46
 4947.0000  3.0900E-46
 4948.0000  3.1700E-46
 4949.0000  3.0800E-46
 4950.0000  3.0300E-46
 4951.0000  3.0000E-46
 4952.0000  2.9400E-46
 4953.0000  2.9000E-46
 4954.0000  2.7700E-46
 4955.0000  2.8600E-46
 4956.0000  2.9800E-46
 4957.0000  2.8700E-46
 4958.0000  2.8900E-46
 4959.0000  3.0100E-46
 4960.0000  2.9700E-46
 4961.0000  2.9100E-46
 4962.0000  2.8500E-46
 4963.0000  2.7500E-46
 4964.0000  2.9100E-46
 4965.0000  2.8900E-46
 4966.0000  2.6480E-46
 4967.0000  2.5950E-46
 4968.0000  2.5460E-46
 4969.0000  2.7300E-46
 4970.0000  2.8000E-46
 4971.0000  2.7100E-46
 4972.0000  2.5630E-46
 4973.0000  2.5400E-46
 4974.0000  2.5730E-46
 4975.0000  2.5880E-46
 4976.0000  2.4380E-46
 4977.0000  2.3920E-46
 4978.0000  2.5770E-46
 4979.0000  2.4790E-46
 4980.0000  2.5550E-46
 4981.0000  2.3350E-46
 4982.0000  2.2250E-46
 4983.0000  2.3130E-46
 4984.0000  2.4510E-46
 4985.0000  2.4250E-46
 4986.0000  2.4270E-46
 4987.0000  2.4360E-46
 4988.0000  2.5080E-46
 4989.0000  2.2880E-46
 4990.0000  2.2410E-46
 4991.0000  2.3900E-46
 4992.0000  2.3810E-46
 4993.0000  2.1840E-46
 4994.0000  2.2270E-46
 4995.0000  2.3540E-46
 4996.0000  2.2910E-46
 4997.0000  2.2220E-46
 4998.0000  2.2130E-46
 4999.0000  2.1720E-46
 5000.0000  2.1170E-46
 5001.0000  2.2340E-46
 5002.0000  2.2540E-46
 5003.0000  2.2180E-46
 5004.0000  2.1650E-46
 5005.0000  2.2280E-46
 5006.0000  2.2730E-46
 5007.0000  2.2130E-46
 5008.0000  2.0790E-46
 5009.0000  2.2540E-46
 5010.0000  2.2400E-46
 5011.0000  2.1870E-46
 5012.0000  2.1380E-46
 5013.0000  2.0160E-46
 5014.0000  1.8500E-46
 5015.0000  1.8590E-46
 5016.0000  1.8910E-46
 5017.0000  1.9420E-46
 5018.0000  2.1250E-46
 5019.0000  1.9940E-46
 5020.0000  1.7850E-46
 5021.0000  1.8950E-46
 5022.0000  1.8440E-46
 5023.0000  1.8400E-46
 5024.0000  1.9650E-46
 5025.0000  1.9740E-46
 5026.0000  1.8950E-46
 5027.0000  1.9040E-46
 5028.0000  1.7080E-46
 5029.0000  1.8160E-46
 5030.0000  1.7530E-46
 5031.0000  1.8770E-46
 5032.0000  1.6630E-46
 5033.0000  1.5990E-46
 5034.0000  1.8700E-46
 5035.0000  1.6890E-46
 5036.0000  1.8480E-46
 5037.0000  1.7820E-46
 5038.0000  1.8100E-46
 5039.0000  1.6990E-46
 5040.0000  1.7320E-46
 5041.0000  1.8730E-46
 5042.0000  1.6540E-46
 5043.0000  1.5720E-46
 5044.0000  1.6720E-46
 5045.0000  1.6840E-46
 5046.0000  1.5790E-46
 5047.0000  1.7870E-46
 5048.0000  1.7740E-46
 5049.0000  1.6660E-46
 5050.0000  1.6900E-46
 5051.0000  1.6470E-46
 5052.0000  1.5430E-46
 5053.0000  1.4440E-46
 5054.0000  1.3890E-46
 5055.0000  1.4480E-46
 5056.0000  1.4990E-46
 5057.0000  1.4450E-46
 5058.0000  1.6970E-46
 5059.0000  1.6770E-46
 5060.0000  1.5380E-46
 5061.0000  1.4410E-46
 5062.0000  1.4220E-46
 5063.0000  1.5750E-46
 5064.0000  1.5410E-46
 5065.0000  1.4890E-46
 5066.0000  1.4910E-46
 5067.0000  1.3450E-46
 5068.0000  1.3540E-46
 5069.0000  1.4800E-46
 5070.0000  1.4510E-46
 5071.0000  1.6060E-46
 5072.0000  1.4900E-46
 5073.0000  1.4310E-46
 5074.0000  1.3380E-46
 5075.0000  1.1990E-46
 5076.0000  1.4270E-46
 5077.0000  1.3210E-46
 5078.0000  1.3020E-46
 5079.0000  1.6240E-46
 5080.0000  1.3290E-46
 5081.0000  1.3880E-46
 5082.0000  1.3110E-46
 5083.0000  1.4820E-46
 5084.0000  1.5370E-46
 5085.0000  1.3020E-46
 5086.0000  1.3930E-46
 5087.0000  1.4150E-46
 5088.0000  1.2710E-46
 5089.0000  1.2720E-46
 5090.0000  1.2240E-46
 5091.0000  1.1450E-46
 5092.0000  1.3060E-46
 5093.0000  1.3360E-46
 5094.0000  1.4030E-46
 5095.0000  1.3490E-46
 5096.0000  1.3060E-46
 5097.0000  1.2910E-46
 5098.0000  1.0930E-46
 5099.0000  9.5000E-47
 5100.0000  1.0780E-46
 5600.0000  0.0000E+00
 5601.0000  0.0000E+00
 5602.0000  0.0000E+00
 5603.0000  0.0000E+00
 5604.0000  0.0000E+00
 5605.0000  0.0000E+00
 5606.0000  0.0000E+00
 5607.0000  0.0000E+00
 5608.0000  0.0000E+00
 5609.0000  0.0000E+00
 5610.0000  0.0000E+00
 5611.0000  0.0000E+00
 5612.0000  0.0000E+00
 5613.0000  0.0000E+00
 5614.0000  0.0000E+00
 5615.0000  0.0000E+00
 5616.0000  0.0000E+00
 5617.0000  0.0000E+00
 5618.0000  0.0000E+00
 5619.0000  0.0000E+00
 5620.0000  0.0000E+00
 5621.0000  0.0000E+00
 5622.0000  0.0000E+00
 5623.0000  0.0000E+00
 5624.0000  0.0000E+00
 5625.0000  0.0000E+00
 5626.0000  0.0000E+00
 5627.0000  0.0000E+00
 5628.0000  0.0000E+00
 5629.0000  0.0000E+00
 5630.0000  0.0000E+00
 5631.0000  0.0000E+00
 5632.0000  0.0000E+00
 5633.0000  0.0000E+00
 5634.0000  0.0000E+00
 5635.0000  0.0000E+00
 5636.0000  0.0000E+00
 5637.0000  0.0000E+00
 5638.0000  0.0000E+00
 5639.0000  0.0000E+00
 5640.0000  0.0000E+00
 5641.0000  0.0000E+00
 5642.0000  0.0000E+00
 5643.0000  0.0000E+00
 5644.0000  0.0000E+00
 5645.0000  0.0000E+00
 5646.0000  0.0000E+00
 5647.0000  0.0000E+00
 5648.0000  0.0000E+00
 5649.0000  0.0000E+00
 5650.0000  0.0000E+00
 5651.0000  0.0000E+00
 5652.0000  0.0000E+00
 5653.0000  0.0000E+00
 5654.0000  0.0000E+00
 5655.0000  0.0000E+00
 5656.0000  0.0000E+00
 5657.0000  0.0000E+00
 5658.0000  0.0000E+00
 5659.0000  0.0000E+00
 5660.0000  0.0000E+00
 5661.0000  0.0000E+00
 5662.0000  0.0000E+00
 5663.0000  0.0000E+00
 5664.0000  0.0000E+00
 5665.0000  0.0000E+00
 5666.0000  0.0000E+00
 5667.0000  0.0000E+00
 5668.0000  0.0000E+00
 5669.0000  0.0000E+00
 5670.0000  0.0000E+00
 5671.0000  0.0000E+00
 5672.0000  0.0000E+00
 5673.0000  0.0000E+00
 5674.0000  0.0000E+00
 5675.0000  0.0000E+00
 5676.0000  0.0000E+00
 5677.0000  0.0000E+00
 5678.0000  0.0000E+00
 5679.0000  0.0000E+00
 5680.0000  0.0000E+00
 5681.0000  0.0000E+00
 5682.0000  0.0000E+00
 5683.0000  0.0000E+00
 5684.0000  0.0000E+00
 5685.0000  0.0000E+00
 5686.0000  0.0000E+00
 5687.0000  0.0000E+00
 5688.0000  0.0000E+00
 5689.0000  0.0000E+00
 5690.0000  0.0000E+00
 5691.0000  0.0000E+00
 5692.0000  0.0000E+00
 5693.0000  0.0000E+00
 5694.0000  0.0000E+00
 5695.0000  0.0000E+00
 5696.0000  0.0000E+00
 5697.0000  0.0000E+00
 5698.0000  0.0000E+00
 5699.0000  0.0000E+00
 5700.0000  0.0000E+00
 5701.0000  0.0000E+00
 5702.0000  0.0000E+00
 5703.0000  0.0000E+00
 5704.0000  0.0000E+00
 5705.0000  0.0000E+00
 5706.0000  0.0000E+00
 5707.0000  0.0000E+00
 5708.0000  0.0000E+00
 5709.0000  0.0000E+00
 5710.0000  0.0000E+00
 5711.0000  0.0000E+00
 5712.0000  0.0000E+00
 5713.0000  0.0000E+00
 5714.0000  0.0000E+00
 5715.0000  0.0000E+00
 5716.0000  0.0000E+00
 5717.0000  0.0000E+00
 5718.0000  0.0000E+00
 5719.0000  0.0000E+00
 5720.0000  0.0000E+00
 5721.0000  0.0000E+00
 5722.0000  0.0000E+00
 5723.0000  0.0000E+00
 5724.0000  0.0000E+00
 5725.0000  0.0000E+00
 5726.0000  0.0000E+00
 5727.0000  0.0000E+00
 5728.0000  0.0000E+00
 5729.0000  0.0000E+00
 5730.0000  0.0000E+00
 5731.0000  0.0000E+00
 5732.0000  0.0000E+00
 5733.0000  0.0000E+00
 5734.0000  0.0000E+00
 5735.0000  0.0000E+00
 5736.0000  0.0000E+00
 5737.0000  0.0000E+00
 5738.0000  0.0000E+00
 5739.0000  0.0000E+00
 5740.0000  0.0000E+00
 5741.0000  0.0000E+00
 5742.0000  0.0000E+00
 5743.0000  0.0000E+00
 5744.0000  0.0000E+00
 5745.0000  0.0000E+00
 5746.0000  0.0000E+00
 5747.0000  0.0000E+00
 5748.0000  0.0000E+00
 5749.0000  0.0000E+00
 5750.0000  0.0000E+00
 5751.0000  0.0000E+00
 5752.0000  0.0000E+00
 5753.0000  0.0000E+00
 5754.0000  0.0000E+00
 5755.0000  0.0000E+00
 5756.0000  0.0000E+00
 5757.0000  0.0000E+00
 5758.0000  0.0000E+00
 5759.0000  0.0000E+00
 5760.0000  0.0000E+00
 5761.0000  0.0000E+00
 5762.0000  0.0000E+00
 5763.0000  0.0000E+00
 5764.0000  0.0000E+00
 5765.0000  0.0000E+00
 5766.0000  0.0000E+00
 5767.0000  0.0000E+00
 5768.0000  0.0000E+00
 5769.0000  0.0000E+00
 5770.0000  0.0000E+00
 5771.0000  0.0000E+00
 5772.0000  0.0000E+00
 5773.0000  0.0000E+00
 5774.0000  0.0000E+00
 5775.0000  0.0000E+00
 5776.0000  0.0000E+00
 5777.0000  0.0000E+00
 5778.0000  0.0000E+00
 5779.0000  0.0000E+00
 5780.0000  0.0000E+00
 5781.0000  0.0000E+00
 5782.0000  0.0000E+00
 5783.0000  0.0000E+00
 5784.0000  0.0000E+00
 5785.0000  0.0000E+00
 5786.0000  0.0000E+00
 5787.0000  0.0000E+00
 5788.0000  0.0000E+00
 5789.0000  0.0000E+00
 5790.0000  0.0000E+00
 5791.0000  0.0000E+00
 5792.0000  0.0000E+00
 5793.0000  0.0000E+00
 5794.0000  0.0000E+00
 5795.0000  0.0000E+00
 5796.0000  0.0000E+00
 5797.0000  0.0000E+00
 5798.0000  0.0000E+00
 5799.0000  0.0000E+00
 5800.0000  0.0000E+00
 5801.0000  0.0000E+00
 5802.0000  0.0000E+00
 5803.0000  0.0000E+00
 5804.0000  0.0000E+00
 5805.0000  0.0000E+00
 5806.0000  0.0000E+00
 5807.0000  0.0000E+00
 5808.0000  0.0000E+00
 5809.0000  0.0000E+00
 5810.0000  0.0000E+00
 5811.0000  0.0000E+00
 5812.0000  0.0000E+00
 5813.0000  0.0000E+00
 5814.0000  0.0000E+00
 5815.0000  0.0000E+00
 5816.0000  0.0000E+00
 5817.0000  2.3000E-48
 5818.0000  0.0000E+00
 5819.0000  0.0000E+00
 5820.0000  0.0000E+00
 5821.0000  0.0000E+00
 5822.0000  0.0000E+00
 5823.0000  0.0000E+00
 5824.0000  0.0000E+00
 5825.0000  0.0000E+00
 5826.0000  0.0000E+00
 5827.0000  0.0000E+00
 5828.0000  0.0000E+00
 5829.0000  0.0000E+00
 5830.0000  0.0000E+00
 5831.0000  0.0000E+00
 5832.0000  0.0000E+00
 5833.0000  0.0000E+00
 5834.0000  0.0000E+00
 5835.0000  0.0000E+00
 5836.0000  0.0000E+00
 5837.0000  0.0000E+00
 5838.0000  0.0000E+00
 5839.0000  0.0000E+00
 5840.0000  0.0000E+00
 5841.0000  0.0000E+00
 5842.0000  0.0000E+00
 5843.0000  0.0000E+00
 5844.0000  0.0000E+00
 5845.0000  0.0000E+00
 5846.0000  0.0000E+00
 5847.0000  0.0000E+00
 5848.0000  0.0000E+00
 5849.0000  0.0000E+00
 5850.0000  0.0000E+00
 5851.0000  0.0000E+00
 5852.0000  0.0000E+00
 5853.0000  0.0000E+00
 5854.0000  0.0000E+00
 5855.0000  0.0000E+00
 5856.0000  0.0000E+00
 5857.0000  0.0000E+00
 5858.0000  0.0000E+00
 5859.0000  0.0000E+00
 5860.0000  0.0000E+00
 5861.0000  0.0000E+00
 5862.0000  0.0000E+00
 5863.0000  0.0000E+00
 5864.0000  0.0000E+00
 5865.0000  0.0000E+00
 5866.0000  0.0000E+00
 5867.0000  0.0000E+00
 5868.0000  0.0000E+00
 5869.0000  0.0000E+00
 5870.0000  0.0000E+00
 5871.0000  0.0000E+00
 5872.0000  0.0000E+00
 5873.0000  0.0000E+00
 5874.0000  0.0000E+00
 5875.0000  0.0000E+00
 5876.0000  0.0000E+00
 5877.0000  0.0000E+00
 5878.0000  0.0000E+00
 5879.0000  0.0000E+00
 5880.0000  1.5000E-48
 5881.0000  0.0000E+00
 5882.0000  0.0000E+00
 5883.0000  0.0000E+00
 5884.0000  0.0000E+00
 5885.0000  0.0000E+00
 5886.0000  0.0000E+00
 5887.0000  0.0000E+00
 5888.0000  0.0000E+00
 5889.0000  0.0000E+00
 5890.0000  0.0000E+00
 5891.0000  0.0000E+00
 5892.0000  0.0000E+00
 5893.0000  0.0000E+00
 5894.0000  0.0000E+00
 5895.0000  0.0000E+00
 5896.0000  0.0000E+00
 5897.0000  0.0000E+00
 5898.0000  0.0000E+00
 5899.0000  0.0000E+00
 5900.0000  0.0000E+00
 5901.0000  0.0000E+00
 5902.0000  0.0000E+00
 5903.0000  0.0000E+00
 5904.0000  0.0000E+00
 5905.0000  0.0000E+00
 5906.0000  0.0000E+00
 5907.0000  0.0000E+00
 5908.0000  0.0000E+00
 5909.0000  0.0000E+00
 5910.0000  0.0000E+00
 5911.0000  0.0000E+00
 5912.0000  0.0000E+00
 5913.0000  0.0000E+00
 5914.0000  0.0000E+00
 5915.0000  0.0000E+00
 5916.0000  0.0000E+00
 5917.0000  0.0000E+00
 5918.0000  0.0000E+00
 5919.0000  0.0000E+00
 5920.0000  0.0000E+00
 5921.0000  0.0000E+00
 5922.0000  0.0000E+00
 5923.0000  0.0000E+00
 5924.0000  0.0000E+00
 5925.0000  0.0000E+00
 5926.0000  0.0000E+00
 5927.0000  0.0000E+00
 5928.0000  0.0000E+00
 5929.0000  0.0000E+00
 5930.0000  3.2800E-47
 5931.0000  4.9000E-48
 5932.0000  0.0000E+00
 5933.0000  0.0000E+00
 5934.0000  0.0000E+00
 5935.0000  0.0000E+00
 5936.0000  0.0000E+00
 5937.0000  0.0000E+00
 5938.0000  0.0000E+00
 5939.0000  0.0000E+00
 5940.0000  0.0000E+00
 5941.0000  0.0000E+00
 5942.0000  0.0000E+00
 5943.0000  0.0000E+00
 5944.0000  0.0000E+00
 5945.0000  0.0000E+00
 5946.0000  0.0000E+00
 5947.0000  0.0000E+00
 5948.0000  0.0000E+00
 5949.0000  0.0000E+00
 5950.0000  0.0000E+00
 5951.0000  0.0000E+00
 5952.0000  0.0000E+00
 5953.0000  0.0000E+00
 5954.0000  0.0000E+00
 5955.0000  0.0000E+00
 5956.0000  0.0000E+00
 5957.0000  0.0000E+00
 5958.0000  0.0000E+00
 5959.0000  0.0000E+00
 5960.0000  0.0000E+00
 5961.0000  0.0000E+00
 5962.0000  0.0000E+00
 5963.0000  0.0000E+00
 5964.0000  0.0000E+00
 5965.0000  0.0000E+00
 5966.0000  0.0000E+00
 5967.0000  0.0000E+00
 5968.0000  0.0000E+00
 5969.0000  0.0000E+00
 5970.0000  0.0000E+00
 5971.0000  0.0000E+00
 5972.0000  0.0000E+00
 5973.0000  0.0000E+00
 5974.0000  0.0000E+00
 5975.0000  0.0000E+00
 5976.0000  0.0000E+00
 5977.0000  0.0000E+00
 5978.0000  0.0000E+00
 5979.0000  0.0000E+00
 5980.0000  0.0000E+00
 5981.0000  0.0000E+00
 5982.0000  0.0000E+00
 5983.0000  0.0000E+00
 5984.0000  0.0000E+00
 5985.0000  0.0000E+00
 5986.0000  0.0000E+00
 5987.0000  0.0000E+00
 5988.0000  0.0000E+00
 5989.0000  0.0000E+00
 5990.0000  0.0000E+00
 5991.0000  3.0000E-49
 5992.0000  0.0000E+00
 5993.0000  0.0000E+00
 5994.0000  0.0000E+00
 5995.0000  0.0000E+00
 5996.0000  0.0000E+00
 5997.0000  0.0000E+00
 5998.0000  0.0000E+00
 5999.0000  0.0000E+00
 6000.0000  1.3000E-48
               H2-He      2500      5900   1703    402 5.868E-45 1.000                            44
 2500.0000  2.0600E-47
 2501.0000  2.0700E-47
 2502.0000  2.1900E-47
 2503.0000  2.2300E-47
 2504.0000  2.1600E-47
 2505.0000  2.1000E-47
 2506.0000  2.0900E-47
 2507.0000  2.1500E-47
 2508.0000  2.2300E-47
 2509.0000  1.8900E-47
 2510.0000  1.8800E-47
 2511.0000  2.0600E-47
 2512.0000  1.9400E-47
 2513.0000  1.9300E-47
 2514.0000  1.9300E-47
 2515.0000  1.8800E-47
 2516.0000  1.8300E-47
 2517.0000  1.6900E-47
 2518.0000  1.7900E-47
 2519.0000  1.8500E-47
 2520.0000  1.9600E-47
 2521.0000  2.0000E-47
 2522.0000  2.0000E-47
 2523.0000  1.9200E-47
 2524.0000  1.7400E-47
 2525.0000  1.6600E-47
 2526.0000  1.9500E-47
 2527.0000  1.7400E-47
 2528.0000  1.7300E-47
 2529.0000  1.8200E-47
 2530.0000  1.7600E-47
 2531.0000  1.8300E-47
 2532.0000  2.0200E-47
 2533.0000  1.9400E-47
 2534.0000  1.8400E-47
 2535.0000  1.8100E-47
 2536.0000  1.8500E-47
 2537.0000  1.7700E-47
 2538.0000  1.5100E-47
 2539.0000  1.5900E-47
 2540.0000  1.5800E-47
 2541.0000  1.4400E-47
 2542.0000  1.4600E-47
 2543.0000  1.4400E-47
 2544.0000  1.5000E-47
 2545.0000  1.4200E-47
 2546.0000  1.2400E-47
 2547.0000  1.1200E-47
 2548.0000  1.2300E-47
 2549.0000  1.3100E-47
 2550.0000  1.4800E-47
 2551.0000  1.4500E-47
 2552.0000  1.4000E-47
 2553.0000  1.2400E-47
 2554.0000  1.3200E-47
 2555.0000  1.3500E-47
 2556.0000  1.4000E-47
 2557.0000  1.4900E-47
 2558.0000  1.5600E-47
 2559.0000  1.5400E-47
 2560.0000  1.3700E-47
 2561.0000  1.3800E-47
 2562.0000  1.3300E-47
 2563.0000  1.2600E-47
 2564.0000  1.4000E-47
 2565.0000  1.5100E-47
 2566.0000  1.3200E-47
 2567.0000  1.1500E-47
 2568.0000  9.9000E-48
 2569.0000  1.1700E-47
 2570.0000  1.3000E-47
 2571.0000  1.3300E-47
 2572.0000  1.3200E-47
 2573.0000  1.1600E-47
 2574.0000  1.1800E-47
 2575.0000  1.0400E-47
 2576.0000  9.1000E-48
 2577.0000  1.0300E-47
 2578.0000  1.1900E-47
 2579.0000  1.1900E-47
 2580.0000  9.6000E-48
 2581.0000  9.3000E-48
 2582.0000  1.0000E-47
 2583.0000  1.0800E-47
 2584.0000  1.0200E-47
 2585.0000  8.6000E-48
 2586.0000  9.7000E-48
 2587.0000  1.0000E-47
 2588.0000  1.0400E-47
 2589.0000  1.1200E-47
 2590.0000  1.1900E-47
 2591.0000  1.1200E-47
 2592.0000  1.1400E-47
 2593.0000  1.2800E-47
 2594.0000  1.1800E-47
 2595.0000  1.1400E-47
 2596.0000  1.0600E-47
 2597.0000  1.0700E-47
 2598.0000  9.0000E-48
 2599.0000  8.1000E-48
 2600.0000  9.5000E-48
 2601.0000  1.0800E-47
 2602.0000  8.8000E-48
 2603.0000  9.1000E-48
 2604.0000  9.9000E-48
 2605.0000  8.4000E-48
 2606.0000  8.4000E-48
 2607.0000  8.7000E-48
 2608.0000  7.5000E-48
 2609.0000  7.5000E-48
 2610.0000  7.1000E-48
 2611.0000  5.4000E-48
 2612.0000  6.5000E-48
 2613.0000  6.7000E-48
 2614.0000  6.2000E-48
 2615.0000  4.7000E-48
 2616.0000  7.1000E-48
 2617.0000  7.8000E-48
 2618.0000  8.2000E-48
 2619.0000  6.8000E-48
 2620.0000  7.7000E-48
 2621.0000  8.1000E-48
 2622.0000  8.5000E-48
 2623.0000  9.6000E-48
 2624.0000  8.6000E-48
 2625.0000  8.3000E-48
 2626.0000  8.9000E-48
 2627.0000  8.6000E-48
 2628.0000  8.9000E-48
 2629.0000  1.0000E-47
 2630.0000  7.5000E-48
 2631.0000  6.6000E-48
 2632.0000  6.8000E-48
 2633.0000  5.6000E-48
 2634.0000  5.8000E-48
 2635.0000  6.6000E-48
 2636.0000  7.6000E-48
 2637.0000  7.6000E-48
 2638.0000  6.9000E-48
 2639.0000  5.9000E-48
 2640.0000  4.9000E-48
 2641.0000  4.2000E-48
 2642.0000  6.3000E-48
 2643.0000  5.1000E-48
 2644.0000  3.4000E-48
 2645.0000  2.9000E-48
 2646.0000  3.3000E-48
 2647.0000  5.2000E-48
 2648.0000  3.7000E-48
 2649.0000  3.3000E-48
 2650.0000  5.2000E-48
 2651.0000  6.3000E-48
 2652.0000  6.9000E-48
 2653.0000  4.9000E-48
 2654.0000  3.8000E-48
 2655.0000  5.3000E-48
 2656.0000  4.9000E-48
 2657.0000  5.8000E-48
 2658.0000  6.1000E-48
 2659.0000  6.9000E-48
 2660.0000  5.1000E-48
 2661.0000  5.6000E-48
 2662.0000  5.8000E-48
 2663.0000  6.0000E-48
 2664.0000  4.0000E-48
 2665.0000  3.1000E-48
 2666.0000  4.8000E-48
 2667.0000  5.6000E-48
 2668.0000  2.9000E-48
 2669.0000  1.2000E-48
 2670.0000  9.0000E-49
 2671.0000  2.3000E-48
 2672.0000  1.3000E-48
 2673.0000  1.8000E-48
 2674.0000  1.4000E-48
 2675.0000  3.5000E-48
 2676.0000  2.8000E-48
 2677.0000  2.6000E-48
 2678.0000  1.6000E-48
 2679.0000  9.0000E-49
 2680.0000  1.4000E-48
 2681.0000  3.0000E-48
 2682.0000  2.1000E-48
 2683.0000  1.4000E-48
 2684.0000  1.0000E-48
 2685.0000  3.0000E-49
 2686.0000  2.0000E-49
 2687.0000  0.0000E+00
 2688.0000  1.7000E-48
 2689.0000  1.2000E-48
 2690.0000  6.0000E-49
 2691.0000  1.0000E-48
 2692.0000  6.0000E-49
 2693.0000  1.0000E-48
 2694.0000  1.9000E-48
 2695.0000  2.4000E-48
 2696.0000  4.0000E-49
 2697.0000  9.0000E-49
 2698.0000  9.0000E-49
 2699.0000  1.4000E-48
 2700.0000  2.3000E-48
 2701.0000  3.3000E-48
 2702.0000  2.8000E-48
 2703.0000  3.3000E-48
 2704.0000  3.1000E-48
 2705.0000  1.8000E-48
 2706.0000  0.0000E+00
 2707.0000  0.0000E+00
 2708.0000  7.0000E-49
 2709.0000  0.0000E+00
 2710.0000  0.0000E+00
 2711.0000  0.0000E+00
 2712.0000  0.0000E+00
 2713.0000  0.0000E+00
 2714.0000  0.0000E+00
 2715.0000  1.0000E-48
 2716.0000  2.2000E-48
 2717.0000  1.1000E-48
 2718.0000  0.0000E+00
 2719.0000  2.0000E-49
 2720.0000  1.5000E-48
 2721.0000  2.2000E-48
 2722.0000  1.1000E-48
 2723.0000  1.9000E-48
 2724.0000  1.2000E-48
 2725.0000  3.0000E-49
 2726.0000  1.0000E-49
 2727.0000  2.0000E-49
 2728.0000  5.0000E-49
 2729.0000  3.0000E-49
 2730.0000  1.8000E-48
 2731.0000  8.0000E-49
 2732.0000  0.0000E+00
 2733.0000  0.0000E+00
 2734.0000  0.0000E+00
 2735.0000  1.0000E-48
 2736.0000  2.1000E-48
 2737.0000  9.0000E-49
 2738.0000  9.0000E-49
 2739.0000  2.5000E-48
 2740.0000  4.0000E-49
 2741.0000  6.0000E-49
 2742.0000  2.0000E-49
 2743.0000  0.0000E+00
 2744.0000  1.0000E-48
 2745.0000  6.0000E-49
 2746.0000  1.5000E-48
 2747.0000  5.0000E-49
 2748.0000  0.0000E+00
 2749.0000  0.0000E+00
 2750.0000  1.6000E-48
 2751.0000  2.2000E-48
 2752.0000  3.3000E-48
 2753.0000  1.9000E-48
 2754.0000  1.7000E-48
 2755.0000  0.0000E+00
 2756.0000  0.0000E+00
 2757.0000  0.0000E+00
 2758.0000  0.0000E+00
 2759.0000  0.0000E+00
 2760.0000  0.0000E+00
 2761.0000  0.0000E+00
 2762.0000  0.0000E+00
 2763.0000  0.0000E+00
 2764.0000  0.0000E+00
 2765.0000  0.0000E+00
 2766.0000  0.0000E+00
 2767.0000  5.0000E-49
 2768.0000  0.0000E+00
 2769.0000  0.0000E+00
 2770.0000  0.0000E+00
 2771.0000  0.0000E+00
 2772.0000  0.0000E+00
 2773.0000  0.0000E+00
 2774.0000  0.0000E+00
 2775.0000  1.7000E-48
 2776.0000  3.0000E-48
 2777.0000  2.2000E-48
 2778.0000  4.0000E-49
 2779.0000  0.0000E+00
 2780.0000  6.0000E-49
 2781.0000  2.5000E-48
 2782.0000  6.0000E-49
 2783.0000  0.0000E+00
 2784.0000  0.0000E+00
 2785.0000  0.0000E+00
 2786.0000  0.0000E+00
 2787.0000  0.0000E+00
 2788.0000  0.0000E+00
 2789.0000  0.0000E+00
 2790.0000  0.0000E+00
 2791.0000  0.0000E+00
 2792.0000  0.0000E+00
 2793.0000  0.0000E+00
 2794.0000  0.0000E+00
 2795.0000  0.0000E+00
 2796.0000  1.1000E-48
 2797.0000  9.0000E-49
 2798.0000  1.5000E-48
 2799.0000  2.1000E-48
 2800.0000  0.0000E+00
 4000.0000  2.4250E-45
 4001.0000  2.4660E-45
 4002.0000  2.5040E-45
 4003.0000  2.5920E-45
 4004.0000  2.5890E-45
 4005.0000  2.5680E-45
 4006.0000  2.5770E-45
 4007.0000  2.5970E-45
 4008.0000  2.7260E-45
 4009.0000  2.7950E-45
 4010.0000  2.6570E-45
 4011.0000  2.6430E-45
 4012.0000  2.6680E-45
 4013.0000  2.7080E-45
 4014.0000  2.7340E-45
 4015.0000  2.7760E-45
 4016.0000  2.8090E-45
 4017.0000  2.8610E-45
 4018.0000  2.8410E-45
 4019.0000  2.8800E-45
 4020.0000  2.8860E-45
 4021.0000  2.8370E-45
 4022.0000  2.8370E-45
 4023.0000  2.8570E-45
 4024.0000  2.8960E-45
 4025.0000  3.0170E-45
 4026.0000  3.0290E-45
 4027.0000  2.9620E-45
 4028.0000  2.9740E-45
 4029.0000  3.0020E-45
 4030.0000  3.0300E-45
 4031.0000  3.0330E-45
 4032.0000  3.0490E-45
 4033.0000  3.0680E-45
 4034.0000  3.1060E-45
 4035.0000  3.1390E-45
 4036.0000  3.1370E-45
 4037.0000  3.1610E-45
 4038.0000  3.1780E-45
 4039.0000  3.2170E-45
 4040.0000  3.2460E-45
 4041.0000  3.2560E-45
 4042.0000  3.2760E-45
 4043.0000  3.3400E-45
 4044.0000  3.4520E-45
 4045.0000  3.5400E-45
 4046.0000  3.4350E-45
 4047.0000  3.3890E-45
 4048.0000  3.3900E-45
 4049.0000  3.4040E-45
 4050.0000  3.4300E-45
 4051.0000  3.4600E-45
 4052.0000  3.4960E-45
 4053.0000  3.5070E-45
 4054.0000  3.5240E-45
 4055.0000  3.5510E-45
 4056.0000  3.5600E-45
 4057.0000  3.5890E-45
 4058.0000  3.6180E-45
 4059.0000  3.6480E-45
 4060.0000  3.7050E-45
 4061.0000  3.7280E-45
 4062.0000  3.7130E-45
 4063.0000  3.7310E-45
 4064.0000  3.7440E-45
 4065.0000  3.7640E-45
 4066.0000  3.7980E-45
 4067.0000  3.8210E-45
 4068.0000  3.8370E-45
 4069.0000  3.8510E-45
 4070.0000  3.8780E-45
 4071.0000  3.9100E-45
 4072.0000  3.9240E-45
 4073.0000  3.9460E-45
 4074.0000  3.9930E-45
 4075.0000  4.0300E-45
 4076.0000  4.0520E-45
 4077.0000  4.0580E-45
 4078.0000  4.0970E-45
 4079.0000  4.1870E-45
 4080.0000  4.2170E-45
 4081.0000  4.1850E-45
 4082.0000  4.1780E-45
 4083.0000  4.1950E-45
 4084.0000  4.2220E-45
 4085.0000  4.2510E-45
 4086.0000  4.2770E-45
 4087.0000  4.3130E-45
 4088.0000  4.4090E-45
 4089.0000  4.3970E-45
 4090.0000  4.3720E-45
 4091.0000  4.3790E-45
 4092.0000  4.3980E-45
 4093.0000  4.4300E-45
 4094.0000  4.4490E-45
 4095.0000  4.4580E-45
 4096.0000  4.4750E-45
 4097.0000  4.5020E-45
 4098.0000  4.5350E-45
 4099.0000  4.5480E-45
 4100.0000  4.5710E-45
 4101.0000  4.5870E-45
 4102.0000  4.5940E-45
 4103.0000  4.5970E-45
 4104.0000  4.6690E-45
 4105.0000  4.7550E-45
 4106.0000  4.8420E-45
 4107.0000  4.8130E-45
 4108.0000  4.7740E-45
 4109.0000  4.8020E-45
 4110.0000  4.8430E-45
 4111.0000  4.8440E-45
 4112.0000  4.8310E-45
 4113.0000  4.8540E-45
 4114.0000  4.8790E-45
 4115.0000  4.8990E-45
 4116.0000  4.9250E-45
 4117.0000  4.9510E-45
 4118.0000  4.9700E-45
 4119.0000  4.9870E-45
 4120.0000  5.0170E-45
 4121.0000  5.0340E-45
 4122.0000  5.0470E-45
 4123.0000  5.0400E-45
 4124.0000  4.9950E-45
 4125.0000  4.7760E-45
 4126.0000  4.4760E-45
 4127.0000  4.6310E-45
 4128.0000  4.9090E-45
 4129.0000  5.0470E-45
 4130.0000  5.1150E-45
 4131.0000  5.1650E-45
 4132.0000  5.1970E-45
 4133.0000  5.2650E-45
 4134.0000  5.3130E-45
 4135.0000  5.3080E-45
 4136.0000  5.2970E-45
 4137.0000  5.3110E-45
 4138.0000  5.3510E-45
 4139.0000  5.3810E-45
 4140.0000  5.3660E-45
 4141.0000  5.3460E-45
 4142.0000  5.2900E-45
 4143.0000  5.0400E-45
 4144.0000  4.8860E-45
 4145.0000  5.1340E-45
 4146.0000  5.3270E-45
 4147.0000  5.4050E-45
 4148.0000  5.4390E-45
 4149.0000  5.4730E-45
 4150.0000  5.4790E-45
 4151.0000  5.4870E-45
 4152.0000  5.4620E-45
 4153.0000  5.3530E-45
 4154.0000  4.8450E-45
 4155.0000  3.6930E-45
 4156.0000  3.5400E-45
 4157.0000  4.5310E-45
 4158.0000  5.0590E-45
 4159.0000  5.2650E-45
 4160.0000  5.2860E-45
 4161.0000  5.1520E-45
 4162.0000  5.1940E-45
 4163.0000  5.3870E-45
 4164.0000  5.4920E-45
 4165.0000  5.5360E-45
 4166.0000  5.5600E-45
 4167.0000  5.5920E-45
 4168.0000  5.6140E-45
 4169.0000  5.6340E-45
 4170.0000  5.6570E-45
 4171.0000  5.6780E-45
 4172.0000  5.6990E-45
 4173.0000  5.7120E-45
 4174.0000  5.7160E-45
 4175.0000  5.7150E-45
 4176.0000  5.7140E-45
 4177.0000  5.7160E-45
 4178.0000  5.7320E-45
 4179.0000  5.7410E-45
 4180.0000  5.7480E-45
 4181.0000  5.7740E-45
 4182.0000  5.7930E-45
 4183.0000  5.7800E-45
 4184.0000  5.7790E-45
 4185.0000  5.7840E-45
 4186.0000  5.7970E-45
 4187.0000  5.8180E-45
 4188.0000  5.8180E-45
 4189.0000  5.8160E-45
 4190.0000  5.8230E-45
 4191.0000  5.8300E-45
 4192.0000  5.8350E-45
 4193.0000  5.8300E-45
 4194.0000  5.8400E-45
 4195.0000  5.8410E-45
 4196.0000  5.8450E-45
 4197.0000  5.8410E-45
 4198.0000  5.8380E-45
 4199.0000  5.8470E-45
 4200.0000  5.8480E-45
 4201.0000  5.8440E-45
 4202.0000  5.8540E-45
 4203.0000  5.8570E-45
 4204.0000  5.8660E-45
 4205.0000  5.8680E-45
 4206.0000  5.8470E-45
 4207.0000  5.8390E-45
 4208.0000  5.8540E-45
 4209.0000  5.8490E-45
 4210.0000  5.8410E-45
 4211.0000  5.8370E-45
 4212.0000  5.8440E-45
 4213.0000  5.8450E-45
 4214.0000  5.8390E-45
 4215.0000  5.8430E-45
 4216.0000  5.8490E-45
 4217.0000  5.8520E-45
 4218.0000  5.8350E-45
 4219.0000  5.8260E-45
 4220.0000  5.8290E-45
 4221.0000  5.8220E-45
 4222.0000  5.8160E-45
 4223.0000  5.8080E-45
 4224.0000  5.8060E-45
 4225.0000  5.8090E-45
 4226.0000  5.8080E-45
 4227.0000  5.7950E-45
 4228.0000  5.7890E-45
 4229.0000  5.7980E-45
 4230.0000  5.7970E-45
 4231.0000  5.7920E-45
 4232.0000  5.7740E-45
 4233.0000  5.7700E-45
 4234.0000  5.7660E-45
 4235.0000  5.7660E-45
 4236.0000  5.7450E-45
 4237.0000  5.7370E-45
 4238.0000  5.7390E-45
 4239.0000  5.7210E-45
 4240.0000  5.7170E-45
 4241.0000  5.7170E-45
 4242.0000  5.7120E-45
 4243.0000  5.7060E-45
 4244.0000  5.6910E-45
 4245.0000  5.6870E-45
 4246.0000  5.6740E-45
 4247.0000  5.6830E-45
 4248.0000  5.6610E-45
 4249.0000  5.6440E-45
 4250.0000  5.6470E-45
 4251.0000  5.6590E-45
 4252.0000  5.6390E-45
 4253.0000  5.6280E-45
 4254.0000  5.6180E-45
 4255.0000  5.6020E-45
 4256.0000  5.5960E-45
 4257.0000  5.5870E-45
 4258.0000  5.5810E-45
 4259.0000  5.5680E-45
 4260.0000  5.5530E-45
 4261.0000  5.5410E-45
 4262.0000  5.5310E-45
 4263.0000  5.5240E-45
 4264.0000  5.5210E-45
 4265.0000  5.5140E-45
 4266.0000  5.5040E-45
 4267.0000  5.4860E-45
 4268.0000  5.4720E-45
 4269.0000  5.4640E-45
 4270.0000  5.4650E-45
 4271.0000  5.4490E-45
 4272.0000  5.4340E-45
 4273.0000  5.4250E-45
 4274.0000  5.4250E-45
 4275.0000  5.4000E-45
 4276.0000  5.3780E-45
 4277.0000  5.3710E-45
 4278.0000  5.3730E-45
 4279.0000  5.3540E-45
 4280.0000  5.3550E-45
 4281.0000  5.3300E-45
 4282.0000  5.3150E-45
 4283.0000  5.3110E-45
 4284.0000  5.2930E-45
 4285.0000  5.2870E-45
 4286.0000  5.2610E-45
 4287.0000  5.2570E-45
 4288.0000  5.2510E-45
 4289.0000  5.2360E-45
 4290.0000  5.2160E-45
 4291.0000  5.2040E-45
 4292.0000  5.1880E-45
 4293.0000  5.1780E-45
 4294.0000  5.1700E-45
 4295.0000  5.1510E-45
 4296.0000  5.1350E-45
 4297.0000  5.1180E-45
 4298.0000  5.1140E-45
 4299.0000  5.0980E-45
 4300.0000  5.0750E-45
 4301.0000  5.0600E-45
 4302.0000  5.0540E-45
 4303.0000  5.0520E-45
 4304.0000  5.0410E-45
 4305.0000  5.0300E-45
 4306.0000  5.0150E-45
 4307.0000  4.9960E-45
 4308.0000  4.9730E-45
 4309.0000  4.9550E-45
 4310.0000  4.9420E-45
 4311.0000  4.9380E-45
 4312.0000  4.9240E-45
 4313.0000  4.9000E-45
 4314.0000  4.8770E-45
 4315.0000  4.8730E-45
 4316.0000  4.8730E-45
 4317.0000  4.8580E-45
 4318.0000  4.8480E-45
 4319.0000  4.8330E-45
 4320.0000  4.8110E-45
 4321.0000  4.7970E-45
 4322.0000  4.7950E-45
 4323.0000  4.7780E-45
 4324.0000  4.7520E-45
 4325.0000  4.7320E-45
 4326.0000  4.7230E-45
 4327.0000  4.7060E-45
 4328.0000  4.6860E-45
 4329.0000  4.6810E-45
 4330.0000  4.6650E-45
 4331.0000  4.6410E-45
 4332.0000  4.6310E-45
 4333.0000  4.6230E-45
 4334.0000  4.6060E-45
 4335.0000  4.5910E-45
 4336.0000  4.5770E-45
 4337.0000  4.5650E-45
 4338.0000  4.5610E-45
 4339.0000  4.5460E-45
 4340.0000  4.5190E-45
 4341.0000  4.5060E-45
 4342.0000  4.4920E-45
 4343.0000  4.4810E-45
 4344.0000  4.4690E-45
 4345.0000  4.4630E-45
 4346.0000  4.4420E-45
 4347.0000  4.4270E-45
 4348.0000  4.4030E-45
 4349.0000  4.3980E-45
 4350.0000  4.3790E-45
 4351.0000  4.3640E-45
 4352.0000  4.3470E-45
 4353.0000  4.3250E-45
 4354.0000  4.3160E-45
 4355.0000  4.3200E-45
 4356.0000  4.3110E-45
 4357.0000  4.2820E-45
 4358.0000  4.2630E-45
 4359.0000  4.2420E-45
 4360.0000  4.2140E-45
 4361.0000  4.2170E-45
 4362.0000  4.2050E-45
 4363.0000  4.1990E-45
 4364.0000  4.1760E-45
 4365.0000  4.1440E-45
 4366.0000  4.1270E-45
 4367.0000  4.1080E-45
 4368.0000  4.1060E-45
 4369.0000  4.0940E-45
 4370.0000  4.0760E-45
 4371.0000  4.0510E-45
 4372.0000  4.0540E-45
 4373.0000  4.0340E-45
 4374.0000  4.0400E-45
 4375.0000  4.0220E-45
 4376.0000  3.9970E-45
 4377.0000  3.9750E-45
 4378.0000  3.9680E-45
 4379.0000  3.9640E-45
 4380.0000  3.9450E-45
 4381.0000  3.9270E-45
 4382.0000  3.9130E-45
 4383.0000  3.9000E-45
 4384.0000  3.8760E-45
 4385.0000  3.8550E-45
 4386.0000  3.8540E-45
 4387.0000  3.8480E-45
 4388.0000  3.8390E-45
 4389.0000  3.8130E-45
 4390.0000  3.8010E-45
 4391.0000  3.7820E-45
 4392.0000  3.7660E-45
 4393.0000  3.7470E-45
 4394.0000  3.7360E-45
 4395.0000  3.7170E-45
 4396.0000  3.7020E-45
 4397.0000  3.6980E-45
 4398.0000  3.6870E-45
 4399.0000  3.6630E-45
 4400.0000  3.6510E-45
 4401.0000  3.6430E-45
 4402.0000  3.6220E-45
 4403.0000  3.6170E-45
 4404.0000  3.6040E-45
 4405.0000  3.5780E-45
 4406.0000  3.5550E-45
 4407.0000  3.5580E-45
 4408.0000  3.5550E-45
 4409.0000  3.5270E-45
 4410.0000  3.5100E-45
 4411.0000  3.5060E-45
 4412.0000  3.5030E-45
 4413.0000  3.4820E-45
 4414.0000  3.4580E-45
 4415.0000  3.4600E-45
 4416.0000  3.4420E-45
 4417.0000  3.4300E-45
 4418.0000  3.4120E-45
 4419.0000  3.3900E-45
 4420.0000  3.3810E-45
 4421.0000  3.3620E-45
 4422.0000  3.3510E-45
 4423.0000  3.3460E-45
 4424.0000  3.3220E-45
 4425.0000  3.3170E-45
 4426.0000  3.3120E-45
 4427.0000  3.2850E-45
 4428.0000  3.2760E-45
 4429.0000  3.2570E-45
 4430.0000  3.2720E-45
 4431.0000  3.2460E-45
 4432.0000  3.2280E-45
 4433.0000  3.2140E-45
 4434.0000  3.2070E-45
 4435.0000  3.2100E-45
 4436.0000  3.1950E-45
 4437.0000  3.1870E-45
 4438.0000  3.1490E-45
 4439.0000  3.1270E-45
 4440.0000  3.1390E-45
 4441.0000  3.1290E-45
 4442.0000  3.0990E-45
 4443.0000  3.0840E-45
 4444.0000  3.0850E-45
 4445.0000  3.0800E-45
 4446.0000  3.0640E-45
 4447.0000  3.0550E-45
 4448.0000  3.0410E-45
 4449.0000  3.0280E-45
 4450.0000  3.0340E-45
 4451.0000  2.9930E-45
 4452.0000  2.9790E-45
 4453.0000  2.9760E-45
 4454.0000  2.9760E-45
 4455.0000  2.9610E-45
 4456.0000  2.9530E-45
 4457.0000  2.9380E-45
 4458.0000  2.9270E-45
 4459.0000  2.9100E-45
 4460.0000  2.8930E-45
 4461.0000  2.8810E-45
 4462.0000  2.8670E-45
 4463.0000  2.8560E-45
 4464.0000  2.8570E-45
 4465.0000  2.8600E-45
 4466.0000  2.8350E-45
 4467.0000  2.8220E-45
 4468.0000  2.8080E-45
 4469.0000  2.7900E-45
 4470.0000  2.7920E-45
 4471.0000  2.7740E-45
 4472.0000  2.7620E-45
 4473.0000  2.7560E-45
 4474.0000  2.7430E-45
 4475.0000  2.7350E-45
 4476.0000  2.7190E-45
 4477.0000  2.7030E-45
 4478.0000  2.6900E-45
 4479.0000  2.6830E-45
 4480.0000  2.6770E-45
 4481.0000  2.6600E-45
 4482.0000  2.6610E-45
 4483.0000  2.6420E-45
 4484.0000  2.6350E-45
 4485.0000  2.6390E-45
 4486.0000  2.6190E-45
 4487.0000  2.6050E-45
 4488.0000  2.5920E-45
 4489.0000  2.5810E-45
 4490.0000  2.5740E-45
 4491.0000  2.5730E-45
 4492.0000  2.5600E-45
 4493.0000  2.5330E-45
 4494.0000  2.5280E-45
 4495.0000  2.5310E-45
 4496.0000  2.5160E-45
 4497.0000  2.5080E-45
 4498.0000  2.4900E-45
 4499.0000  2.4840E-45
 4500.0000  2.4710E-45
 4501.0000  2.4570E-45
 4502.0000  2.4460E-45
 4503.0000  2.4420E-45
 4504.0000  2.4350E-45
 4505.0000  2.4070E-45
 4506.0000  2.4010E-45
 4507.0000  2.4010E-45
 4508.0000  2.3970E-45
 4509.0000  2.3850E-45
 4510.0000  2.3780E-45
 4511.0000  2.3630E-45
 4512.0000  2.3540E-45
 4513.0000  2.3490E-45
 4514.0000  2.3330E-45
 4515.0000  2.3180E-45
 4516.0000  2.3190E-45
 4517.0000  2.3230E-45
 4518.0000  2.3050E-45
 4519.0000  2.2890E-45
 4520.0000  2.2840E-45
 4521.0000  2.2620E-45
 4522.0000  2.2550E-45
 4523.0000  2.2560E-45
 4524.0000  2.2470E-45
 4525.0000  2.2440E-45
 4526.0000  2.2400E-45
 4527.0000  2.2310E-45
 4528.0000  2.2150E-45
 4529.0000  2.1900E-45
 4530.0000  2.1880E-45
 4531.0000  2.1950E-45
 4532.0000  2.1770E-45
 4533.0000  2.1770E-45
 4534.0000  2.1660E-45
 4535.0000  2.1720E-45
 4536.0000  2.1410E-45
 4537.0000  2.1370E-45
 4538.0000  2.1300E-45
 4539.0000  2.1290E-45
 4540.0000  2.1240E-45
 4541.0000  2.1210E-45
 4542.0000  2.0980E-45
 4543.0000  2.0900E-45
 4544.0000  2.0900E-45
 4545.0000  2.0720E-45
 4546.0000  2.0690E-45
 4547.0000  2.0450E-45
 4548.0000  2.0330E-45
 4549.0000  2.0400E-45
 4550.0000  2.0420E-45
 4551.0000  2.0340E-45
 4552.0000  2.0180E-45
 4553.0000  2.0100E-45
 4554.0000  1.9990E-45
 4555.0000  1.9920E-45
 4556.0000  1.9960E-45
 4557.0000  1.9830E-45
 4558.0000  1.9810E-45
 4559.0000  1.9640E-45
 4560.0000  1.9400E-45
 4561.0000  1.9490E-45
 4562.0000  1.9560E-45
 4563.0000  1.9400E-45
 4564.0000  1.9450E-45
 4565.0000  1.9310E-45
 4566.0000  1.9030E-45
 4567.0000  1.9020E-45
 4568.0000  1.8970E-45
 4569.0000  1.8890E-45
 4570.0000  1.8860E-45
 4571.0000  1.8680E-45
 4572.0000  1.8610E-45
 4573.0000  1.8620E-45
 4574.0000  1.8630E-45
 4575.0000  1.8550E-45
 4576.0000  1.8280E-45
 4577.0000  1.8580E-45
 4578.0000  1.8390E-45
 4579.0000  1.8250E-45
 4580.0000  1.8330E-45
 4581.0000  1.8270E-45
 4582.0000  1.8010E-45
 4583.0000  1.7780E-45
 4584.0000  1.7820E-45
 4585.0000  1.7860E-45
 4586.0000  1.8000E-45
 4587.0000  1.7820E-45
 4588.0000  1.7700E-45
 4589.0000  1.7670E-45
 4590.0000  1.7870E-45
 4591.0000  1.7720E-45
 4592.0000  1.7400E-45
 4593.0000  1.7290E-45
 4594.0000  1.7280E-45
 4595.0000  1.7250E-45
 4596.0000  1.7180E-45
 4597.0000  1.7180E-45
 4598.0000  1.7130E-45
 4599.0000  1.7120E-45
 4600.0000  1.7030E-45
 4601.0000  1.7040E-45
 4602.0000  1.6970E-45
 4603.0000  1.7010E-45
 4604.0000  1.6770E-45
 4605.0000  1.6680E-45
 4606.0000  1.6590E-45
 4607.0000  1.6700E-45
 4608.0000  1.6610E-45
 4609.0000  1.6600E-45
 4610.0000  1.6590E-45
 4611.0000  1.6340E-45
 4612.0000  1.6380E-45
 4613.0000  1.6530E-45
 4614.0000  1.6300E-45
 4615.0000  1.6210E-45
 4616.0000  1.6180E-45
 4617.0000  1.6130E-45
 4618.0000  1.6190E-45
 4619.0000  1.5970E-45
 4620.0000  1.6080E-45
 4621.0000  1.5970E-45
 4622.0000  1.5880E-45
 4623.0000  1.5820E-45
 4624.0000  1.5560E-45
 4625.0000  1.5660E-45
 4626.0000  1.5790E-45
 4627.0000  1.5560E-45
 4628.0000  1.5610E-45
 4629.0000  1.5660E-45
 4630.0000  1.5460E-45
 4631.0000  1.5590E-45
 4632.0000  1.5430E-45
 4633.0000  1.5340E-45
 4634.0000  1.5540E-45
 4635.0000  1.5330E-45
 4636.0000  1.5110E-45
 4637.0000  1.5130E-45
 4638.0000  1.5190E-45
 4639.0000  1.5260E-45
 4640.0000  1.5170E-45
 4641.0000  1.5170E-45
 4642.0000  1.5070E-45
 4643.0000  1.5240E-45
 4644.0000  1.4960E-45
 4645.0000  1.4780E-45
 4646.0000  1.4820E-45
 4647.0000  1.4850E-45
 4648.0000  1.5010E-45
 4649.0000  1.4890E-45
 4650.0000  1.4710E-45
 4651.0000  1.4640E-45
 4652.0000  1.4640E-45
 4653.0000  1.4580E-45
 4654.0000  1.4620E-45
 4655.0000  1.4570E-45
 4656.0000  1.4480E-45
 4657.0000  1.4570E-45
 4658.0000  1.4380E-45
 4659.0000  1.4220E-45
 4660.0000  1.4360E-45
 4661.0000  1.4420E-45
 4662.0000  1.4430E-45
 4663.0000  1.4330E-45
 4664.0000  1.4280E-45
 4665.0000  1.4220E-45
 4666.0000  1.4230E-45
 4667.0000  1.4080E-45
 4668.0000  1.4030E-45
 4669.0000  1.4130E-45
 4670.0000  1.4090E-45
 4671.0000  1.3990E-45
 4672.0000  1.4030E-45
 4673.0000  1.3850E-45
 4674.0000  1.3880E-45
 4675.0000  1.3970E-45
 4676.0000  1.3880E-45
 4677.0000  1.3820E-45
 4678.0000  1.3740E-45
 4679.0000  1.3720E-45
 4680.0000  1.3800E-45
 4681.0000  1.3860E-45
 4682.0000  1.3650E-45
 4683.0000  1.3650E-45
 4684.0000  1.3580E-45
 4685.0000  1.3770E-45
 4686.0000  1.3670E-45
 4687.0000  1.3640E-45
 4688.0000  1.3580E-45
 4689.0000  1.3530E-45
 4690.0000  1.3620E-45
 4691.0000  1.3600E-45
 4692.0000  1.3400E-45
 4693.0000  1.3240E-45
 4694.0000  1.3200E-45
 4695.0000  1.3320E-45
 4696.0000  1.3340E-45
 4697.0000  1.3130E-45
 4698.0000  1.3280E-45
 4699.0000  1.3210E-45
 4700.0000  1.3480E-45
 4701.0000  1.3640E-45
 4702.0000  1.3470E-45
 4703.0000  1.3320E-45
 4704.0000  1.3260E-45
 4705.0000  1.3220E-45
 4706.0000  1.3300E-45
 4707.0000  1.3240E-45
 4708.0000  1.2950E-45
 4709.0000  1.3130E-45
 4710.0000  1.3220E-45
 4711.0000  1.2990E-45
 4712.0000  1.2760E-45
 4713.0000  1.2210E-45
 4714.0000  1.2020E-45
 4715.0000  1.2200E-45
 4716.0000  1.2670E-45
 4717.0000  1.2840E-45
 4718.0000  1.2550E-45
 4719.0000  1.2500E-45
 4720.0000  1.2530E-45
 4721.0000  1.2670E-45
 4722.0000  1.2680E-45
 4723.0000  1.2480E-45
 4724.0000  1.2560E-45
 4725.0000  1.2450E-45
 4726.0000  1.2600E-45
 4727.0000  1.2480E-45
 4728.0000  1.2550E-45
 4729.0000  1.2480E-45
 4730.0000  1.2370E-45
 4731.0000  1.2390E-45
 4732.0000  1.2320E-45
 4733.0000  1.2360E-45
 4734.0000  1.2520E-45
 4735.0000  1.2450E-45
 4736.0000  1.2140E-45
 4737.0000  1.2000E-45
 4738.0000  1.2070E-45
 4739.0000  1.2170E-45
 4740.0000  1.1990E-45
 4741.0000  1.1900E-45
 4742.0000  1.2110E-45
 4743.0000  1.2350E-45
 4744.0000  1.2270E-45
 4745.0000  1.2100E-45
 4746.0000  1.1860E-45
 4747.0000  1.1820E-45
 4748.0000  1.1730E-45
 4749.0000  1.1720E-45
 4750.0000  1.1770E-45
 4751.0000  1.1880E-45
 4752.0000  1.1710E-45
 4753.0000  1.1480E-45
 4754.0000  1.1370E-45
 4755.0000  1.1320E-45
 4756.0000  1.1540E-45
 4757.0000  1.1690E-45
 4758.0000  1.1640E-45
 4759.0000  1.1710E-45
 4760.0000  1.1510E-45
 4761.0000  1.1230E-45
 4762.0000  1.1320E-45
 4763.0000  1.1120E-45
 4764.0000  1.1210E-45
 4765.0000  1.1220E-45
 4766.0000  1.1300E-45
 4767.0000  1.1010E-45
 4768.0000  1.1160E-45
 4769.0000  1.1120E-45
 4770.0000  1.1110E-45
 4771.0000  1.1020E-45
 4772.0000  1.1030E-45
 4773.0000  1.1030E-45
 4774.0000  1.0870E-45
 4775.0000  1.0890E-45
 4776.0000  1.1000E-45
 4777.0000  1.1020E-45
 4778.0000  1.0660E-45
 4779.0000  1.0700E-45
 4780.0000  1.1020E-45
 4781.0000  1.1120E-45
 4782.0000  1.0920E-45
 4783.0000  1.0740E-45
 4784.0000  1.0720E-45
 4785.0000  1.0750E-45
 4786.0000  1.0830E-45
 4787.0000  1.0530E-45
 4788.0000  1.0490E-45
 4789.0000  1.0290E-45
 4790.0000  1.0260E-45
 4791.0000  1.0380E-45
 4792.0000  1.0400E-45
 4793.0000  1.0670E-45
 4794.0000  1.0320E-45
 4795.0000  1.0220E-45
 4796.0000  1.0360E-45
 4797.0000  1.0230E-45
 4798.0000  1.0260E-45
 4799.0000  1.0140E-45
 4800.0000  1.0290E-45
 4801.0000  1.0060E-45
 4802.0000  1.0060E-45
 4803.0000  1.0140E-45
 4804.0000  1.0060E-45
 4805.0000  1.0010E-45
 4806.0000  1.0100E-45
 4807.0000  9.9800E-46
 4808.0000  9.7700E-46
 4809.0000  9.7200E-46
 4810.0000  9.6800E-46
 4811.0000  9.6500E-46
 4812.0000  9.6800E-46
 4813.0000  9.8300E-46
 4814.0000  9.9100E-46
 4815.0000  9.8800E-46
 4816.0000  9.5300E-46
 4817.0000  9.5000E-46
 4818.0000  9.7400E-46
 4819.0000  9.7800E-46
 4820.0000  9.5600E-46
 4821.0000  9.6500E-46
 4822.0000  9.6200E-46
 4823.0000  9.5200E-46
 4824.0000  9.3300E-46
 4825.0000  9.4700E-46
 4826.0000  9.5400E-46
 4827.0000  9.3600E-46
 4828.0000  9.4800E-46
 4829.0000  9.5600E-46
 4830.0000  9.3600E-46
 4831.0000  9.2900E-46
 4832.0000  9.3000E-46
 4833.0000  9.3400E-46
 4834.0000  9.3800E-46
 4835.0000  9.1900E-46
 4836.0000  9.1700E-46
 4837.0000  8.9300E-46
 4838.0000  8.8400E-46
 4839.0000  8.9100E-46
 4840.0000  9.2000E-46
 4841.0000  9.2500E-46
 4842.0000  9.0600E-46
 4843.0000  8.7700E-46
 4844.0000  8.7600E-46
 4845.0000  8.9000E-46
 4846.0000  8.7800E-46
 4847.0000  8.5900E-46
 4848.0000  8.4400E-46
 4849.0000  8.7400E-46
 4850.0000  8.5500E-46
 4851.0000  8.5300E-46
 4852.0000  8.7100E-46
 4853.0000  8.5900E-46
 4854.0000  8.4400E-46
 4855.0000  8.5600E-46
 4856.0000  8.5600E-46
 4857.0000  8.3600E-46
 4858.0000  8.5000E-46
 4859.0000  8.3650E-46
 4860.0000  8.3700E-46
 4861.0000  8.2690E-46
 4862.0000  8.5000E-46
 4863.0000  8.3880E-46
 4864.0000  8.3040E-46
 4865.0000  8.0570E-46
 4866.0000  7.9990E-46
 4867.0000  8.2600E-46
 4868.0000  8.3450E-46
 4869.0000  8.2440E-46
 4870.0000  7.8860E-46
 4871.0000  8.0400E-46
 4872.0000  8.3060E-46
 4873.0000  8.1450E-46
 4874.0000  8.2550E-46
 4875.0000  7.9490E-46
 4876.0000  8.0660E-46
 4877.0000  7.9210E-46
 4878.0000  8.0010E-46
 4879.0000  7.9900E-46
 4880.0000  7.9870E-46
 4881.0000  7.7560E-46
 4882.0000  7.6480E-46
 4883.0000  7.7530E-46
 4884.0000  7.8640E-46
 4885.0000  7.9360E-46
 4886.0000  7.9850E-46
 4887.0000  7.8520E-46
 4888.0000  7.7940E-46
 4889.0000  7.7120E-46
 4890.0000  7.6930E-46
 4891.0000  7.5230E-46
 4892.0000  7.5080E-46
 4893.0000  7.5420E-46
 4894.0000  7.5700E-46
 4895.0000  7.3900E-46
 4896.0000  7.7130E-46
 4897.0000  7.5040E-46
 4898.0000  7.6300E-46
 4899.0000  7.7310E-46
 4900.0000  7.3350E-46
 4901.0000  7.4830E-46
 4902.0000  7.3410E-46
 4903.0000  7.2740E-46
 4904.0000  7.2100E-46
 4905.0000  7.5130E-46
 4906.0000  7.3630E-46
 4907.0000  7.2230E-46
 4908.0000  7.2720E-46
 4909.0000  7.0550E-46
 4910.0000  7.2690E-46
 4911.0000  7.0140E-46
 4912.0000  7.0130E-46
 4913.0000  7.0530E-46
 4914.0000  7.2470E-46
 4915.0000  6.9880E-46
 4916.0000  6.7990E-46
 4917.0000  6.6250E-46
 4918.0000  6.7440E-46
 4919.0000  6.9660E-46
 4920.0000  7.0600E-46
 4921.0000  6.9720E-46
 4922.0000  6.8470E-46
 4923.0000  7.1210E-46
 4924.0000  6.9490E-46
 4925.0000  6.6620E-46
 4926.0000  6.7200E-46
 4927.0000  6.3620E-46
 4928.0000  6.6950E-46
 4929.0000  6.8300E-46
 4930.0000  6.7800E-46
 4931.0000  6.7400E-46
 4932.0000  6.7770E-46
 4933.0000  6.7970E-46
 4934.0000  6.7350E-46
 4935.0000  6.5390E-46
 4936.0000  6.4630E-46
 4937.0000  6.7770E-46
 4938.0000  6.9250E-46
 4939.0000  6.6840E-46
 4940.0000  6.5190E-46
 4941.0000  6.5020E-46
 4942.0000  6.7500E-46
 4943.0000  6.4440E-46
 4944.0000  6.1820E-46
 4945.0000  6.2230E-46
 4946.0000  6.1880E-46
 4947.0000  6.2610E-46
 4948.0000  6.4610E-46
 4949.0000  6.3130E-46
 4950.0000  6.5870E-46
 4951.0000  6.6270E-46
 4952.0000  6.2580E-46
 4953.0000  6.2770E-46
 4954.0000  6.4650E-46
 4955.0000  5.9220E-46
 4956.0000  6.0580E-46
 4957.0000  6.2600E-46
 4958.0000  6.0920E-46
 4959.0000  6.1940E-46
 4960.0000  6.0770E-46
 4961.0000  6.1180E-46
 4962.0000  6.2000E-46
 4963.0000  6.1710E-46
 4964.0000  6.1670E-46
 4965.0000  6.2350E-46
 4966.0000  5.9000E-46
 4967.0000  5.8120E-46
 4968.0000  5.9660E-46
 4969.0000  5.9580E-46
 4970.0000  6.0010E-46
 4971.0000  5.8260E-46
 4972.0000  6.0260E-46
 4973.0000  6.0160E-46
 4974.0000  5.8470E-46
 4975.0000  6.0020E-46
 4976.0000  5.8430E-46
 4977.0000  5.8580E-46
 4978.0000  5.8960E-46
 4979.0000  5.9000E-46
 4980.0000  5.6100E-46
 4981.0000  5.5750E-46
 4982.0000  5.8530E-46
 4983.0000  5.8310E-46
 4984.0000  5.7340E-46
 4985.0000  5.6270E-46
 4986.0000  5.7770E-46
 4987.0000  5.5250E-46
 4988.0000  5.6880E-46
 4989.0000  5.6740E-46
 4990.0000  5.6140E-46
 4991.0000  5.8080E-46
 4992.0000  5.5360E-46
 4993.0000  5.6260E-46
 4994.0000  5.5170E-46
 4995.0000  5.5770E-46
 4996.0000  5.3970E-46
 4997.0000  5.6100E-46
 4998.0000  5.6250E-46
 4999.0000  5.6940E-46
 5000.0000  5.3740E-46
 5001.0000  5.4580E-46
 5002.0000  5.5590E-46
 5003.0000  5.5100E-46
 5004.0000  5.5120E-46
 5005.0000  5.3410E-46
 5006.0000  5.2110E-46
 5007.0000  4.7920E-46
 5008.0000  5.1340E-46
 5009.0000  5.5730E-46
 5010.0000  5.5630E-46
 5011.0000  5.2750E-46
 5012.0000  4.9300E-46
 5013.0000  5.2890E-46
 5014.0000  5.4040E-46
 5015.0000  5.5150E-46
 5016.0000  5.2530E-46
 5017.0000  5.0460E-46
 5018.0000  5.3180E-46
 5019.0000  5.2450E-46
 5020.0000  5.1430E-46
 5021.0000  5.3400E-46
 5022.0000  5.2500E-46
 5023.0000  4.5700E-46
 5024.0000  5.0800E-46
 5025.0000  5.5640E-46
 5026.0000  5.1870E-46
 5027.0000  5.0390E-46
 5028.0000  4.9460E-46
 5029.0000  4.7970E-46
 5030.0000  4.6300E-46
 5031.0000  4.6410E-46
 5032.0000  4.8990E-46
 5033.0000  4.8400E-46
 5034.0000  5.1670E-46
 5035.0000  5.0900E-46
 5036.0000  4.8610E-46
 5037.0000  4.7510E-46
 5038.0000  4.9320E-46
 5039.0000  4.8210E-46
 5040.0000  5.0450E-46
 5041.0000  5.0320E-46
 5042.0000  4.6670E-46
 5043.0000  4.5630E-46
 5044.0000  4.5300E-46
 5045.0000  4.7970E-46
 5046.0000  4.5050E-46
 5047.0000  4.6750E-46
 5048.0000  4.6930E-46
 5049.0000  5.1330E-46
 5050.0000  5.1090E-46
 5051.0000  5.1140E-46
 5052.0000  4.7050E-46
 5053.0000  4.5280E-46
 5054.0000  4.5070E-46
 5055.0000  4.6200E-46
 5056.0000  4.6290E-46
 5057.0000  4.4530E-46
 5058.0000  4.5960E-46
 5059.0000  4.5380E-46
 5060.0000  4.8070E-46
 5061.0000  4.9680E-46
 5062.0000  4.5230E-46
 5063.0000  4.6470E-46
 5064.0000  4.4840E-46
 5065.0000  4.6240E-46
 5066.0000  4.5780E-46
 5067.0000  4.5650E-46
 5068.0000  4.2520E-46
 5069.0000  4.6960E-46
 5070.0000  4.5810E-46
 5071.0000  4.5650E-46
 5072.0000  4.8830E-46
 5073.0000  5.1280E-46
 5074.0000  4.8810E-46
 5075.0000  4.4910E-46
 5076.0000  4.4570E-46
 5077.0000  4.0020E-46
 5078.0000  4.0800E-46
 5079.0000  4.3060E-46
 5080.0000  4.4920E-46
 5081.0000  4.8070E-46
 5082.0000  4.7210E-46
 5083.0000  4.3050E-46
 5084.0000  4.2510E-46
 5085.0000  4.3320E-46
 5086.0000  4.3770E-46
 5087.0000  4.6720E-46
 5088.0000  4.2820E-46
 5089.0000  4.1340E-46
 5090.0000  4.0460E-46
 5091.0000  4.4010E-46
 5092.0000  4.8500E-46
 5093.0000  5.0870E-46
 5094.0000  4.6680E-46
 5095.0000  4.8150E-46
 5096.0000  5.1430E-46
 5097.0000  5.3280E-46
 5098.0000  4.4840E-46
 5099.0000  4.0490E-46
 5100.0000  4.2680E-46
 5600.0000  1.0430E-46
 5601.0000  4.5200E-47
 5602.0000  7.9400E-47
 5603.0000  5.3500E-47
 5604.0000  5.5500E-47
 5605.0000  5.8100E-47
 5606.0000  1.4600E-47
 5607.0000  2.0700E-47
 5608.0000  5.5900E-47
 5609.0000  4.5800E-47
 5610.0000  1.8500E-47
 5611.0000  8.8000E-48
 5612.0000  4.1800E-47
 5613.0000  9.3900E-47
 5614.0000  5.9100E-47
 5615.0000  0.0000E+00
 5616.0000  0.0000E+00
 5617.0000  7.5000E-48
 5618.0000  4.7700E-47
 5619.0000  0.0000E+00
 5620.0000  7.1000E-48
 5621.0000  2.0300E-47
 5622.0000  7.1400E-47
 5623.0000  7.9000E-48
 5624.0000  0.0000E+00
 5625.0000  0.0000E+00
 5626.0000  3.5400E-47
 5627.0000  4.9900E-47
 5628.0000  2.5600E-47
 5629.0000  3.0100E-47
 5630.0000  1.1900E-47
 5631.0000  8.7900E-47
 5632.0000  3.5000E-48
 5633.0000  0.0000E+00
 5634.0000  0.0000E+00
 5635.0000  1.7000E-47
 5636.0000  1.7700E-47
 5637.0000  4.1700E-47
 5638.0000  3.2000E-47
 5639.0000  1.2500E-47
 5640.0000  5.4300E-47
 5641.0000  6.0600E-47
 5642.0000  3.3200E-47
 5643.0000  0.0000E+00
 5644.0000  0.0000E+00
 5645.0000  4.9000E-48
 5646.0000  9.8800E-47
 5647.0000  9.8400E-47
 5648.0000  0.0000E+00
 5649.0000  0.0000E+00
 5650.0000  2.1000E-48
 5651.0000  1.5300E-47
 5652.0000  0.0000E+00
 5653.0000  6.1200E-47
 5654.0000  5.8400E-47
 5655.0000  3.9100E-47
 5656.0000  3.2300E-47
 5657.0000  0.0000E+00
 5658.0000  0.0000E+00
 5659.0000  0.0000E+00
 5660.0000  0.0000E+00
 5661.0000  1.0900E-47
 5662.0000  7.9700E-47
 5663.0000  6.5400E-47
 5664.0000  0.0000E+00
 5665.0000  0.0000E+00
 5666.0000  0.0000E+00
 5667.0000  0.0000E+00
 5668.0000  0.0000E+00
 5669.0000  2.0700E-47
 5670.0000  4.2500E-47
 5671.0000  1.1400E-47
 5672.0000  8.7500E-47
 5673.0000  7.4200E-47
 5674.0000  3.9600E-47
 5675.0000  3.7000E-48
 5676.0000  0.0000E+00
 5677.0000  0.0000E+00
 5678.0000  0.0000E+00
 5679.0000  3.3000E-48
 5680.0000  8.9700E-47
 5681.0000  1.7000E-47
 5682.0000  0.0000E+00
 5683.0000  0.0000E+00
 5684.0000  0.0000E+00
 5685.0000  6.5000E-48
 5686.0000  0.0000E+00
 5687.0000  0.0000E+00
 5688.0000  1.4000E-47
 5689.0000  1.8600E-47
 5690.0000  1.5800E-47
 5691.0000  0.0000E+00
 5692.0000  0.0000E+00
 5693.0000  0.0000E+00
 5694.0000  6.5400E-47
 5695.0000  2.5300E-47
 5696.0000  0.0000E+00
 5697.0000  0.0000E+00
 5698.0000  0.0000E+00
 5699.0000  4.5300E-47
 5700.0000  0.0000E+00
 5701.0000  0.0000E+00
 5702.0000  0.0000E+00
 5703.0000  0.0000E+00
 5704.0000  3.6500E-47
 5705.0000  0.0000E+00
 5706.0000  0.0000E+00
 5707.0000  0.0000E+00
 5708.0000  1.2200E-47
 5709.0000  1.4000E-47
 5710.0000  0.0000E+00
 5711.0000  0.0000E+00
 5712.0000  0.0000E+00
 5713.0000  0.0000E+00
 5714.0000  0.0000E+00
 5715.0000  0.0000E+00
 5716.0000  0.0000E+00
 5717.0000  4.7800E-47
 5718.0000  6.0900E-47
 5719.0000  0.0000E+00
 5720.0000  5.1900E-47
 5721.0000  0.0000E+00
 5722.0000  0.0000E+00
 5723.0000  0.0000E+00
 5724.0000  0.0000E+00
 5725.0000  0.0000E+00
 5726.0000  0.0000E+00
 5727.0000  0.0000E+00
 5728.0000  0.0000E+00
 5729.0000  0.0000E+00
 5730.0000  0.0000E+00
 5731.0000  0.0000E+00
 5732.0000  0.0000E+00
 5733.0000  0.0000E+00
 5734.0000  0.0000E+00
 5735.0000  0.0000E+00
 5736.0000  0.0000E+00
 5737.0000  0.0000E+00
 5738.0000  1.2700E-47
 5739.0000  0.0000E+00
 5740.0000  0.0000E+00
 5741.0000  0.0000E+00
 5742.0000  3.9000E-48
 5743.0000  1.3600E-47
 5744.0000  1.5200E-47
 5745.0000  2.0900E-47
 5746.0000  0.0000E+00
 5747.0000  0.0000E+00
 5748.0000  0.0000E+00
 5749.0000  7.7600E-47
 5750.0000  6.1200E-47
 5751.0000  0.0000E+00
 5752.0000  0.0000E+00
 5753.0000  0.0000E+00
 5754.0000  0.0000E+00
 5755.0000  0.0000E+00
 5756.0000  4.1000E-47
 5757.0000  4.5900E-47
 5758.0000  3.2100E-47
 5759.0000  3.8000E-47
 5760.0000  9.6000E-48
 5761.0000  0.0000E+00
 5762.0000  0.0000E+00
 5763.0000  0.0000E+00
 5764.0000  1.1000E-48
 5765.0000  4.0800E-47
 5766.0000  3.5500E-47
 5767.0000  0.0000E+00
 5768.0000  0.0000E+00
 5769.0000  0.0000E+00
 5770.0000  0.0000E+00
 5771.0000  0.0000E+00
 5772.0000  0.0000E+00
 5773.0000  0.0000E+00
 5774.0000  0.0000E+00
 5775.0000  0.0000E+00
 5776.0000  0.0000E+00
 5777.0000  3.8400E-47
 5778.0000  0.0000E+00
 5779.0000  0.0000E+00
 5780.0000  3.1700E-47
 5781.0000  4.7800E-47
 5782.0000  0.0000E+00
 5783.0000  1.7000E-47
 5784.0000  0.0000E+00
 5785.0000  0.0000E+00
 5786.0000  0.0000E+00
 5787.0000  8.0000E-48
 5788.0000  0.0000E+00
 5789.0000  0.0000E+00
 5790.0000  0.0000E+00
 5791.0000  0.0000E+00
 5792.0000  0.0000E+00
 5793.0000  0.0000E+00
 5794.0000  0.0000E+00
 5795.0000  2.3900E-47
 5796.0000  3.2900E-47
 5797.0000  0.0000E+00
 5798.0000  0.0000E+00
 5799.0000  0.0000E+00
 5800.0000  0.0000E+00
 5801.0000  0.0000E+00
 5802.0000  0.0000E+00
 5803.0000  2.0700E-47
 5804.0000  0.0000E+00
 5805.0000  0.0000E+00
 5806.0000  0.0000E+00
 5807.0000  0.0000E+00
 5808.0000  6.1000E-48
 5809.0000  0.0000E+00
 5810.0000  0.0000E+00
 5811.0000  0.0000E+00
 5812.0000  0.0000E+00
 5813.0000  0.0000E+00
 5814.0000  0.0000E+00
 5815.0000  0.0000E+00
 5816.0000  1.5400E-47
 5817.0000  0.0000E+00
 5818.0000  0.0000E+00
 5819.0000  1.1000E-47
 5820.0000  6.7700E-47
 5821.0000  0.0000E+00
 5822.0000  0.0000E+00
 5823.0000  0.0000E+00
 5824.0000  0.0000E+00
 5825.0000  0.0000E+00
 5826.0000  0.0000E+00
 5827.0000  0.0000E+00
 5828.0000  0.0000E+00
 5829.0000  0.0000E+00
 5830.0000  0.0000E+00
 5831.0000  0.0000E+00
 5832.0000  0.0000E+00
 5833.0000  0.0000E+00
 5834.0000  6.3900E-47
 5835.0000  3.5100E-47
 5836.0000  6.5700E-47
 5837.0000  7.8000E-47
 5838.0000  5.0000E-48
 5839.0000  0.0000E+00
 5840.0000  0.0000E+00
 5841.0000  3.0000E-48
 5842.0000  1.9800E-47
 5843.0000  8.0000E-48
 5844.0000  2.7000E-48
 5845.0000  2.5600E-47
 5846.0000  0.0000E+00
 5847.0000  7.1600E-47
 5848.0000  4.8300E-47
 5849.0000  6.2000E-48
 5850.0000  0.0000E+00
 5851.0000  0.0000E+00
 5852.0000  7.5100E-47
 5853.0000  7.0000E-49
 5854.0000  0.0000E+00
 5855.0000  0.0000E+00
 5856.0000  0.0000E+00
 5857.0000  1.5200E-47
 5858.0000  4.2300E-47
 5859.0000  3.5400E-47
 5860.0000  1.8100E-47
 5861.0000  3.2800E-47
 5862.0000  9.7000E-48
 5863.0000  1.5500E-47
 5864.0000  9.7000E-48
 5865.0000  0.0000E+00
 5866.0000  4.0000E-49
 5867.0000  0.0000E+00
 5868.0000  0.0000E+00
 5869.0000  0.0000E+00
 5870.0000  0.0000E+00
 5871.0000  0.0000E+00
 5872.0000  0.0000E+00
 5873.0000  0.0000E+00
 5874.0000  2.5100E-47
 5875.0000  2.2100E-47
 5876.0000  0.0000E+00
 5877.0000  8.1000E-48
 5878.0000  4.3600E-47
 5879.0000  4.0000E-49
 5880.0000  0.0000E+00
 5881.0000  0.0000E+00
 5882.0000  0.0000E+00
 5883.0000  0.0000E+00
 5884.0000  0.0000E+00
 5885.0000  0.0000E+00
 5886.0000  0.0000E+00
 5887.0000  0.0000E+00
 5888.0000  0.0000E+00
 5889.0000  0.0000E+00
 5890.0000  1.4000E-48
 5891.0000  9.6000E-48
 5892.0000  0.0000E+00
 5893.0000  2.1000E-48
 5894.0000  4.9500E-47
 5895.0000  6.1000E-48
 5896.0000  0.0000E+00
 5897.0000  4.7500E-47
 5898.0000  9.0100E-47
 5899.0000  7.6500E-47
 5900.0000  4.8000E-48
               H2-He      2400      6500   2103    504 6.583E-45 1.000                            44
 2400.0000  0.0000E+00
 2401.0000  0.0000E+00
 2402.0000  0.0000E+00
 2403.0000  0.0000E+00
 2404.0000  0.0000E+00
 2405.0000  0.0000E+00
 2406.0000  0.0000E+00
 2407.0000  0.0000E+00
 2408.0000  0.0000E+00
 2409.0000  0.0000E+00
 2410.0000  0.0000E+00
 2411.0000  0.0000E+00
 2412.0000  0.0000E+00
 2413.0000  0.0000E+00
 2414.0000  0.0000E+00
 2415.0000  0.0000E+00
 2416.0000  0.0000E+00
 2417.0000  0.0000E+00
 2418.0000  0.0000E+00
 2419.0000  0.0000E+00
 2420.0000  0.0000E+00
 2421.0000  0.0000E+00
 2422.0000  0.0000E+00
 2423.0000  0.0000E+00
 2424.0000  0.0000E+00
 2425.0000  0.0000E+00
 2426.0000  0.0000E+00
 2427.0000  0.0000E+00
 2428.0000  0.0000E+00
 2429.0000  0.0000E+00
 2430.0000  0.0000E+00
 2431.0000  0.0000E+00
 2432.0000  0.0000E+00
 2433.0000  0.0000E+00
 2434.0000  0.0000E+00
 2435.0000  0.0000E+00
 2436.0000  0.0000E+00
 2437.0000  0.0000E+00
 2438.0000  0.0000E+00
 2439.0000  0.0000E+00
 2440.0000  0.0000E+00
 2441.0000  0.0000E+00
 2442.0000  0.0000E+00
 2443.0000  0.0000E+00
 2444.0000  0.0000E+00
 2445.0000  0.0000E+00
 2446.0000  0.0000E+00
 2447.0000  0.0000E+00
 2448.0000  0.0000E+00
 2449.0000  0.0000E+00
 2450.0000  0.0000E+00
 2451.0000  0.0000E+00
 2452.0000  0.0000E+00
 2453.0000  0.0000E+00
 2454.0000  0.0000E+00
 2455.0000  0.0000E+00
 2456.0000  0.0000E+00
 2457.0000  0.0000E+00
 2458.0000  0.0000E+00
 2459.0000  0.0000E+00
 2460.0000  0.0000E+00
 2461.0000  0.0000E+00
 2462.0000  0.0000E+00
 2463.0000  0.0000E+00
 2464.0000  0.0000E+00
 2465.0000  0.0000E+00
 2466.0000  0.0000E+00
 2467.0000  0.0000E+00
 2468.0000  0.0000E+00
 2469.0000  0.0000E+00
 2470.0000  0.0000E+00
 2471.0000  0.0000E+00
 2472.0000  0.0000E+00
 2473.0000  0.0000E+00
 2474.0000  0.0000E+00
 2475.0000  0.0000E+00
 2476.0000  0.0000E+00
 2477.0000  0.0000E+00
 2478.0000  0.0000E+00
 2479.0000  0.0000E+00
 2480.0000  0.0000E+00
 2481.0000  0.0000E+00
 2482.0000  0.0000E+00
 2483.0000  0.0000E+00
 2484.0000  0.0000E+00
 2485.0000  0.0000E+00
 2486.0000  0.0000E+00
 2487.0000  0.0000E+00
 2488.0000  0.0000E+00
 2489.0000  0.0000E+00
 2490.0000  0.0000E+00
 2491.0000  0.0000E+00
 2492.0000  0.0000E+00
 2493.0000  0.0000E+00
 2494.0000  0.0000E+00
 2495.0000  0.0000E+00
 2496.0000  0.0000E+00
 2497.0000  0.0000E+00
 2498.0000  0.0000E+00
 2499.0000  0.0000E+00
 2500.0000  0.0000E+00
 2501.0000  0.0000E+00
 2502.0000  0.0000E+00
 2503.0000  0.0000E+00
 2504.0000  0.0000E+00
 2505.0000  0.0000E+00
 2506.0000  0.0000E+00
 2507.0000  0.0000E+00
 2508.0000  0.0000E+00
 2509.0000  0.0000E+00
 2510.0000  0.0000E+00
 2511.0000  0.0000E+00
 2512.0000  0.0000E+00
 2513.0000  0.0000E+00
 2514.0000  0.0000E+00
 2515.0000  0.0000E+00
 2516.0000  0.0000E+00
 2517.0000  0.0000E+00
 2518.0000  0.0000E+00
 2519.0000  0.0000E+00
 2520.0000  0.0000E+00
 2521.0000  0.0000E+00
 2522.0000  0.0000E+00
 2523.0000  0.0000E+00
 2524.0000  0.0000E+00
 2525.0000  0.0000E+00
 2526.0000  0.0000E+00
 2527.0000  0.0000E+00
 2528.0000  0.0000E+00
 2529.0000  0.0000E+00
 2530.0000  0.0000E+00
 2531.0000  0.0000E+00
 2532.0000  0.0000E+00
 2533.0000  0.0000E+00
 2534.0000  0.0000E+00
 2535.0000  0.0000E+00
 2536.0000  0.0000E+00
 2537.0000  0.0000E+00
 2538.0000  0.0000E+00
 2539.0000  0.0000E+00
 2540.0000  0.0000E+00
 2541.0000  0.0000E+00
 2542.0000  0.0000E+00
 2543.0000  0.0000E+00
 2544.0000  0.0000E+00
 2545.0000  0.0000E+00
 2546.0000  0.0000E+00
 2547.0000  0.0000E+00
 2548.0000  0.0000E+00
 2549.0000  0.0000E+00
 2550.0000  0.0000E+00
 2551.0000  0.0000E+00
 2552.0000  0.0000E+00
 2553.0000  0.0000E+00
 2554.0000  0.0000E+00
 2555.0000  0.0000E+00
 2556.0000  0.0000E+00
 2557.0000  0.0000E+00
 2558.0000  0.0000E+00
 2559.0000  0.0000E+00
 2560.0000  0.0000E+00
 2561.0000  0.0000E+00
 2562.0000  0.0000E+00
 2563.0000  0.0000E+00
 2564.0000  0.0000E+00
 2565.0000  0.0000E+00
 2566.0000  0.0000E+00
 2567.0000  0.0000E+00
 2568.0000  0.0000E+00
 2569.0000  0.0000E+00
 2570.0000  0.0000E+00
 2571.0000  0.0000E+00
 2572.0000  0.0000E+00
 2573.0000  0.0000E+00
 2574.0000  0.0000E+00
 2575.0000  0.0000E+00
 2576.0000  0.0000E+00
 2577.0000  0.0000E+00
 2578.0000  0.0000E+00
 2579.0000  0.0000E+00
 2580.0000  0.0000E+00
 2581.0000  0.0000E+00
 2582.0000  0.0000E+00
 2583.0000  0.0000E+00
 2584.0000  0.0000E+00
 2585.0000  0.0000E+00
 2586.0000  0.0000E+00
 2587.0000  0.0000E+00
 2588.0000  0.0000E+00
 2589.0000  0.0000E+00
 2590.0000  0.0000E+00
 2591.0000  0.0000E+00
 2592.0000  0.0000E+00
 2593.0000  0.0000E+00
 2594.0000  0.0000E+00
 2595.0000  0.0000E+00
 2596.0000  0.0000E+00
 2597.0000  0.0000E+00
 2598.0000  0.0000E+00
 2599.0000  0.0000E+00
 2600.0000  0.0000E+00
 4000.0000  3.6050E-45
 4001.0000  3.6810E-45
 4002.0000  3.8320E-45
 4003.0000  4.0290E-45
 4004.0000  4.0240E-45
 4005.0000  3.8340E-45
 4006.0000  3.7400E-45
 4007.0000  3.7320E-45
 4008.0000  3.9150E-45
 4009.0000  4.0060E-45
 4010.0000  3.7560E-45
 4011.0000  3.7350E-45
 4012.0000  3.7730E-45
 4013.0000  3.8790E-45
 4014.0000  3.9650E-45
 4015.0000  4.1050E-45
 4016.0000  4.2090E-45
 4017.0000  4.2400E-45
 4018.0000  4.1510E-45
 4019.0000  4.1170E-45
 4020.0000  4.0480E-45
 4021.0000  3.9140E-45
 4022.0000  3.8820E-45
 4023.0000  3.8800E-45
 4024.0000  3.9230E-45
 4025.0000  4.1140E-45
 4026.0000  4.1420E-45
 4027.0000  4.0320E-45
 4028.0000  4.0580E-45
 4029.0000  4.0790E-45
 4030.0000  4.0930E-45
 4031.0000  4.0800E-45
 4032.0000  4.0970E-45
 4033.0000  4.1210E-45
 4034.0000  4.1800E-45
 4035.0000  4.2050E-45
 4036.0000  4.2090E-45
 4037.0000  4.2070E-45
 4038.0000  4.2630E-45
 4039.0000  4.3320E-45
 4040.0000  4.3360E-45
 4041.0000  4.3060E-45
 4042.0000  4.3150E-45
 4043.0000  4.3940E-45
 4044.0000  4.5640E-45
 4045.0000  4.7030E-45
 4046.0000  4.4810E-45
 4047.0000  4.3860E-45
 4048.0000  4.3780E-45
 4049.0000  4.4040E-45
 4050.0000  4.4170E-45
 4051.0000  4.4390E-45
 4052.0000  4.4670E-45
 4053.0000  4.4640E-45
 4054.0000  4.4740E-45
 4055.0000  4.5010E-45
 4056.0000  4.5240E-45
 4057.0000  4.5360E-45
 4058.0000  4.5650E-45
 4059.0000  4.6020E-45
 4060.0000  4.6920E-45
 4061.0000  4.7240E-45
 4062.0000  4.6810E-45
 4063.0000  4.6900E-45
 4064.0000  4.6980E-45
 4065.0000  4.7070E-45
 4066.0000  4.7250E-45
 4067.0000  4.7420E-45
 4068.0000  4.7480E-45
 4069.0000  4.7600E-45
 4070.0000  4.7860E-45
 4071.0000  4.8180E-45
 4072.0000  4.8380E-45
 4073.0000  4.8560E-45
 4074.0000  4.9450E-45
 4075.0000  5.0660E-45
 4076.0000  5.0940E-45
 4077.0000  5.0520E-45
 4078.0000  5.0850E-45
 4079.0000  5.1800E-45
 4080.0000  5.2200E-45
 4081.0000  5.1610E-45
 4082.0000  5.1210E-45
 4083.0000  5.1020E-45
 4084.0000  5.1190E-45
 4085.0000  5.1640E-45
 4086.0000  5.2320E-45
 4087.0000  5.2720E-45
 4088.0000  5.3750E-45
 4089.0000  5.3460E-45
 4090.0000  5.2890E-45
 4091.0000  5.2810E-45
 4092.0000  5.2950E-45
 4093.0000  5.3150E-45
 4094.0000  5.3390E-45
 4095.0000  5.3470E-45
 4096.0000  5.3460E-45
 4097.0000  5.3650E-45
 4098.0000  5.3970E-45
 4099.0000  5.4200E-45
 4100.0000  5.4300E-45
 4101.0000  5.4220E-45
 4102.0000  5.3960E-45
 4103.0000  5.4040E-45
 4104.0000  5.5180E-45
 4105.0000  5.6710E-45
 4106.0000  5.8100E-45
 4107.0000  5.7290E-45
 4108.0000  5.6720E-45
 4109.0000  5.7490E-45
 4110.0000  5.8180E-45
 4111.0000  5.7370E-45
 4112.0000  5.6910E-45
 4113.0000  5.7010E-45
 4114.0000  5.7080E-45
 4115.0000  5.7290E-45
 4116.0000  5.7490E-45
 4117.0000  5.7750E-45
 4118.0000  5.7950E-45
 4119.0000  5.7970E-45
 4120.0000  5.8190E-45
 4121.0000  5.8380E-45
 4122.0000  5.8170E-45
 4123.0000  5.7790E-45
 4124.0000  5.6370E-45
 4125.0000  5.2260E-45
 4126.0000  4.7950E-45
 4127.0000  4.9490E-45
 4128.0000  5.4190E-45
 4129.0000  5.6830E-45
 4130.0000  5.8000E-45
 4131.0000  5.8800E-45
 4132.0000  5.9510E-45
 4133.0000  6.0460E-45
 4134.0000  6.1150E-45
 4135.0000  6.1150E-45
 4136.0000  6.0780E-45
 4137.0000  6.0860E-45
 4138.0000  6.1220E-45
 4139.0000  6.1650E-45
 4140.0000  6.1360E-45
 4141.0000  6.0960E-45
 4142.0000  6.0140E-45
 4143.0000  5.7420E-45
 4144.0000  5.4900E-45
 4145.0000  5.7220E-45
 4146.0000  5.9520E-45
 4147.0000  6.0670E-45
 4148.0000  6.1220E-45
 4149.0000  6.1540E-45
 4150.0000  6.1720E-45
 4151.0000  6.1540E-45
 4152.0000  6.0870E-45
 4153.0000  5.8900E-45
 4154.0000  5.2360E-45
 4155.0000  4.1170E-45
 4156.0000  3.9060E-45
 4157.0000  4.8720E-45
 4158.0000  5.5490E-45
 4159.0000  5.8290E-45
 4160.0000  5.8680E-45
 4161.0000  5.7780E-45
 4162.0000  5.8270E-45
 4163.0000  6.0020E-45
 4164.0000  6.1220E-45
 4165.0000  6.1880E-45
 4166.0000  6.2350E-45
 4167.0000  6.2680E-45
 4168.0000  6.2980E-45
 4169.0000  6.3050E-45
 4170.0000  6.3300E-45
 4171.0000  6.3510E-45
 4172.0000  6.3900E-45
 4173.0000  6.4350E-45
 4174.0000  6.4780E-45
 4175.0000  6.4480E-45
 4176.0000  6.4280E-45
 4177.0000  6.4230E-45
 4178.0000  6.4210E-45
 4179.0000  6.4450E-45
 4180.0000  6.4460E-45
 4181.0000  6.4560E-45
 4182.0000  6.4900E-45
 4183.0000  6.4770E-45
 4184.0000  6.4790E-45
 4185.0000  6.4870E-45
 4186.0000  6.4870E-45
 4187.0000  6.5180E-45
 4188.0000  6.5140E-45
 4189.0000  6.5100E-45
 4190.0000  6.5180E-45
 4191.0000  6.5360E-45
 4192.0000  6.5440E-45
 4193.0000  6.5490E-45
 4194.0000  6.5560E-45
 4195.0000  6.5610E-45
 4196.0000  6.5350E-45
 4197.0000  6.5190E-45
 4198.0000  6.5330E-45
 4199.0000  6.5390E-45
 4200.0000  6.5420E-45
 4201.0000  6.5340E-45
 4202.0000  6.5570E-45
 4203.0000  6.5810E-45
 4204.0000  6.5830E-45
 4205.0000  6.5650E-45
 4206.0000  6.5430E-45
 4207.0000  6.5190E-45
 4208.0000  6.5380E-45
 4209.0000  6.5540E-45
 4210.0000  6.5350E-45
 4211.0000  6.5390E-45
 4212.0000  6.5390E-45
 4213.0000  6.5220E-45
 4214.0000  6.5190E-45
 4215.0000  6.5240E-45
 4216.0000  6.5410E-45
 4217.0000  6.5420E-45
 4218.0000  6.5370E-45
 4219.0000  6.5480E-45
 4220.0000  6.5220E-45
 4221.0000  6.5250E-45
 4222.0000  6.5330E-45
 4223.0000  6.5080E-45
 4224.0000  6.4900E-45
 4225.0000  6.5000E-45
 4226.0000  6.4980E-45
 4227.0000  6.4880E-45
 4228.0000  6.4960E-45
 4229.0000  6.4850E-45
 4230.0000  6.4980E-45
 4231.0000  6.5050E-45
 4232.0000  6.5000E-45
 4233.0000  6.4710E-45
 4234.0000  6.4630E-45
 4235.0000  6.4570E-45
 4236.0000  6.4410E-45
 4237.0000  6.4390E-45
 4238.0000  6.4410E-45
 4239.0000  6.4470E-45
 4240.0000  6.4230E-45
 4241.0000  6.4210E-45
 4242.0000  6.4180E-45
 4243.0000  6.4060E-45
 4244.0000  6.4020E-45
 4245.0000  6.4020E-45
 4246.0000  6.3880E-45
 4247.0000  6.3810E-45
 4248.0000  6.3730E-45
 4249.0000  6.3690E-45
 4250.0000  6.3740E-45
 4251.0000  6.3790E-45
 4252.0000  6.3640E-45
 4253.0000  6.3530E-45
 4254.0000  6.3350E-45
 4255.0000  6.3260E-45
 4256.0000  6.3180E-45
 4257.0000  6.3120E-45
 4258.0000  6.3020E-45
 4259.0000  6.3080E-45
 4260.0000  6.2950E-45
 4261.0000  6.2690E-45
 4262.0000  6.2540E-45
 4263.0000  6.2570E-45
 4264.0000  6.2510E-45
 4265.0000  6.2390E-45
 4266.0000  6.2230E-45
 4267.0000  6.2220E-45
 4268.0000  6.2020E-45
 4269.0000  6.2080E-45
 4270.0000  6.2200E-45
 4271.0000  6.1810E-45
 4272.0000  6.1660E-45
 4273.0000  6.1440E-45
 4274.0000  6.1350E-45
 4275.0000  6.1190E-45
 4276.0000  6.1190E-45
 4277.0000  6.1110E-45
 4278.0000  6.0930E-45
 4279.0000  6.0780E-45
 4280.0000  6.0720E-45
 4281.0000  6.0670E-45
 4282.0000  6.0570E-45
 4283.0000  6.0460E-45
 4284.0000  6.0210E-45
 4285.0000  6.0160E-45
 4286.0000  6.0200E-45
 4287.0000  6.0020E-45
 4288.0000  5.9800E-45
 4289.0000  5.9750E-45
 4290.0000  5.9640E-45
 4291.0000  5.9610E-45
 4292.0000  5.9450E-45
 4293.0000  5.9250E-45
 4294.0000  5.9230E-45
 4295.0000  5.8970E-45
 4296.0000  5.8940E-45
 4297.0000  5.8720E-45
 4298.0000  5.8690E-45
 4299.0000  5.8580E-45
 4300.0000  5.8270E-45
 4301.0000  5.8110E-45
 4302.0000  5.7940E-45
 4303.0000  5.7990E-45
 4304.0000  5.8020E-45
 4305.0000  5.7890E-45
 4306.0000  5.7790E-45
 4307.0000  5.7520E-45
 4308.0000  5.7460E-45
 4309.0000  5.7330E-45
 4310.0000  5.7060E-45
 4311.0000  5.6810E-45
 4312.0000  5.6650E-45
 4313.0000  5.6680E-45
 4314.0000  5.6660E-45
 4315.0000  5.6560E-45
 4316.0000  5.6210E-45
 4317.0000  5.6040E-45
 4318.0000  5.5900E-45
 4319.0000  5.5870E-45
 4320.0000  5.5740E-45
 4321.0000  5.5620E-45
 4322.0000  5.5470E-45
 4323.0000  5.5220E-45
 4324.0000  5.5130E-45
 4325.0000  5.4960E-45
 4326.0000  5.4710E-45
 4327.0000  5.4570E-45
 4328.0000  5.4410E-45
 4329.0000  5.4240E-45
 4330.0000  5.4310E-45
 4331.0000  5.4040E-45
 4332.0000  5.4090E-45
 4333.0000  5.3950E-45
 4334.0000  5.3780E-45
 4335.0000  5.3580E-45
 4336.0000  5.3370E-45
 4337.0000  5.3250E-45
 4338.0000  5.3170E-45
 4339.0000  5.2980E-45
 4340.0000  5.2900E-45
 4341.0000  5.2830E-45
 4342.0000  5.2590E-45
 4343.0000  5.2490E-45
 4344.0000  5.2300E-45
 4345.0000  5.2160E-45
 4346.0000  5.1940E-45
 4347.0000  5.1890E-45
 4348.0000  5.1860E-45
 4349.0000  5.1640E-45
 4350.0000  5.1340E-45
 4351.0000  5.1200E-45
 4352.0000  5.1240E-45
 4353.0000  5.1060E-45
 4354.0000  5.0750E-45
 4355.0000  5.0650E-45
 4356.0000  5.0790E-45
 4357.0000  5.0500E-45
 4358.0000  5.0320E-45
 4359.0000  5.0220E-45
 4360.0000  4.9970E-45
 4361.0000  4.9800E-45
 4362.0000  4.9600E-45
 4363.0000  4.9450E-45
 4364.0000  4.9410E-45
 4365.0000  4.9350E-45
 4366.0000  4.9100E-45
 4367.0000  4.8700E-45
 4368.0000  4.8580E-45
 4369.0000  4.8550E-45
 4370.0000  4.8580E-45
 4371.0000  4.8320E-45
 4372.0000  4.8140E-45
 4373.0000  4.8200E-45
 4374.0000  4.8090E-45
 4375.0000  4.7850E-45
 4376.0000  4.7600E-45
 4377.0000  4.7350E-45
 4378.0000  4.7190E-45
 4379.0000  4.7130E-45
 4380.0000  4.7030E-45
 4381.0000  4.6760E-45
 4382.0000  4.6580E-45
 4383.0000  4.6430E-45
 4384.0000  4.6270E-45
 4385.0000  4.6240E-45
 4386.0000  4.5950E-45
 4387.0000  4.5840E-45
 4388.0000  4.5540E-45
 4389.0000  4.5640E-45
 4390.0000  4.5480E-45
 4391.0000  4.5180E-45
 4392.0000  4.5160E-45
 4393.0000  4.4910E-45
 4394.0000  4.4700E-45
 4395.0000  4.4730E-45
 4396.0000  4.4750E-45
 4397.0000  4.4640E-45
 4398.0000  4.4410E-45
 4399.0000  4.4260E-45
 4400.0000  4.4110E-45
 4401.0000  4.3930E-45
 4402.0000  4.3780E-45
 4403.0000  4.3710E-45
 4404.0000  4.3490E-45
 4405.0000  4.3470E-45
 4406.0000  4.3340E-45
 4407.0000  4.2970E-45
 4408.0000  4.2930E-45
 4409.0000  4.2880E-45
 4410.0000  4.2860E-45
 4411.0000  4.2650E-45
 4412.0000  4.2260E-45
 4413.0000  4.2050E-45
 4414.0000  4.2030E-45
 4415.0000  4.1750E-45
 4416.0000  4.1640E-45
 4417.0000  4.1520E-45
 4418.0000  4.1650E-45
 4419.0000  4.1380E-45
 4420.0000  4.1130E-45
 4421.0000  4.1040E-45
 4422.0000  4.0730E-45
 4423.0000  4.0540E-45
 4424.0000  4.0660E-45
 4425.0000  4.0450E-45
 4426.0000  4.0340E-45
 4427.0000  4.0480E-45
 4428.0000  4.0030E-45
 4429.0000  3.9950E-45
 4430.0000  3.9760E-45
 4431.0000  3.9790E-45
 4432.0000  3.9710E-45
 4433.0000  3.9580E-45
 4434.0000  3.9440E-45
 4435.0000  3.9350E-45
 4436.0000  3.9090E-45
 4437.0000  3.8770E-45
 4438.0000  3.8580E-45
 4439.0000  3.8570E-45
 4440.0000  3.8330E-45
 4441.0000  3.8280E-45
 4442.0000  3.8210E-45
 4443.0000  3.7910E-45
 4444.0000  3.7870E-45
 4445.0000  3.7840E-45
 4446.0000  3.7610E-45
 4447.0000  3.7340E-45
 4448.0000  3.7320E-45
 4449.0000  3.7190E-45
 4450.0000  3.7070E-45
 4451.0000  3.6990E-45
 4452.0000  3.6910E-45
 4453.0000  3.6900E-45
 4454.0000  3.6810E-45
 4455.0000  3.6620E-45
 4456.0000  3.6510E-45
 4457.0000  3.6230E-45
 4458.0000  3.6140E-45
 4459.0000  3.5900E-45
 4460.0000  3.5720E-45
 4461.0000  3.5650E-45
 4462.0000  3.5550E-45
 4463.0000  3.5400E-45
 4464.0000  3.5270E-45
 4465.0000  3.5100E-45
 4466.0000  3.5120E-45
 4467.0000  3.5030E-45
 4468.0000  3.5010E-45
 4469.0000  3.4860E-45
 4470.0000  3.4710E-45
 4471.0000  3.4570E-45
 4472.0000  3.4370E-45
 4473.0000  3.4320E-45
 4474.0000  3.4340E-45
 4475.0000  3.4150E-45
 4476.0000  3.3940E-45
 4477.0000  3.3770E-45
 4478.0000  3.3750E-45
 4479.0000  3.3620E-45
 4480.0000  3.3420E-45
 4481.0000  3.3310E-45
 4482.0000  3.3460E-45
 4483.0000  3.3150E-45
 4484.0000  3.2850E-45
 4485.0000  3.2750E-45
 4486.0000  3.2600E-45
 4487.0000  3.2300E-45
 4488.0000  3.2360E-45
 4489.0000  3.2400E-45
 4490.0000  3.2270E-45
 4491.0000  3.2050E-45
 4492.0000  3.1940E-45
 4493.0000  3.1810E-45
 4494.0000  3.1810E-45
 4495.0000  3.1710E-45
 4496.0000  3.1560E-45
 4497.0000  3.1320E-45
 4498.0000  3.1060E-45
 4499.0000  3.1060E-45
 4500.0000  3.1000E-45
 4501.0000  3.0800E-45
 4502.0000  3.0630E-45
 4503.0000  3.0720E-45
 4504.0000  3.0640E-45
 4505.0000  3.0400E-45
 4506.0000  3.0470E-45
 4507.0000  3.0340E-45
 4508.0000  2.9980E-45
 4509.0000  2.9750E-45
 4510.0000  2.9730E-45
 4511.0000  2.9830E-45
 4512.0000  2.9910E-45
 4513.0000  2.9950E-45
 4514.0000  2.9540E-45
 4515.0000  2.9550E-45
 4516.0000  2.9410E-45
 4517.0000  2.9260E-45
 4518.0000  2.9140E-45
 4519.0000  2.8980E-45
 4520.0000  2.9000E-45
 4521.0000  2.8890E-45
 4522.0000  2.8740E-45
 4523.0000  2.8670E-45
 4524.0000  2.8600E-45
 4525.0000  2.8660E-45
 4526.0000  2.8670E-45
 4527.0000  2.8410E-45
 4528.0000  2.8070E-45
 4529.0000  2.8030E-45
 4530.0000  2.8020E-45
 4531.0000  2.8110E-45
 4532.0000  2.8020E-45
 4533.0000  2.7730E-45
 4534.0000  2.7630E-45
 4535.0000  2.7510E-45
 4536.0000  2.7380E-45
 4537.0000  2.7290E-45
 4538.0000  2.7200E-45
 4539.0000  2.7000E-45
 4540.0000  2.6900E-45
 4541.0000  2.6930E-45
 4542.0000  2.7080E-45
 4543.0000  2.6860E-45
 4544.0000  2.6570E-45
 4545.0000  2.6640E-45
 4546.0000  2.6530E-45
 4547.0000  2.6420E-45
 4548.0000  2.6340E-45
 4549.0000  2.6200E-45
 4550.0000  2.6000E-45
 4551.0000  2.5840E-45
 4552.0000  2.5870E-45
 4553.0000  2.5730E-45
 4554.0000  2.5650E-45
 4555.0000  2.5780E-45
 4556.0000  2.5720E-45
 4557.0000  2.5350E-45
 4558.0000  2.5280E-45
 4559.0000  2.5530E-45
 4560.0000  2.5360E-45
 4561.0000  2.5390E-45
 4562.0000  2.5040E-45
 4563.0000  2.4950E-45
 4564.0000  2.4870E-45
 4565.0000  2.4950E-45
 4566.0000  2.4820E-45
 4567.0000  2.4620E-45
 4568.0000  2.4610E-45
 4569.0000  2.4250E-45
 4570.0000  2.4140E-45
 4571.0000  2.4330E-45
 4572.0000  2.4270E-45
 4573.0000  2.4250E-45
 4574.0000  2.4320E-45
 4575.0000  2.4020E-45
 4576.0000  2.3740E-45
 4577.0000  2.3870E-45
 4578.0000  2.3860E-45
 4579.0000  2.3670E-45
 4580.0000  2.3630E-45
 4581.0000  2.3630E-45
 4582.0000  2.3500E-45
 4583.0000  2.3420E-45
 4584.0000  2.3430E-45
 4585.0000  2.3230E-45
 4586.0000  2.3280E-45
 4587.0000  2.3160E-45
 4588.0000  2.2800E-45
 4589.0000  2.3060E-45
 4590.0000  2.3000E-45
 4591.0000  2.2950E-45
 4592.0000  2.2620E-45
 4593.0000  2.2630E-45
 4594.0000  2.2700E-45
 4595.0000  2.2580E-45
 4596.0000  2.2380E-45
 4597.0000  2.2230E-45
 4598.0000  2.2400E-45
 4599.0000  2.2360E-45
 4600.0000  2.2230E-45
 4601.0000  2.2030E-45
 4602.0000  2.2200E-45
 4603.0000  2.2050E-45
 4604.0000  2.2090E-45
 4605.0000  2.1870E-45
 4606.0000  2.1840E-45
 4607.0000  2.1620E-45
 4608.0000  2.1710E-45
 4609.0000  2.1540E-45
 4610.0000  2.1490E-45
 4611.0000  2.1800E-45
 4612.0000  2.1590E-45
 4613.0000  2.1470E-45
 4614.0000  2.1400E-45
 4615.0000  2.1240E-45
 4616.0000  2.1070E-45
 4617.0000  2.1220E-45
 4618.0000  2.0980E-45
 4619.0000  2.0820E-45
 4620.0000  2.0990E-45
 4621.0000  2.1010E-45
 4622.0000  2.0880E-45
 4623.0000  2.0620E-45
 4624.0000  2.0680E-45
 4625.0000  2.0580E-45
 4626.0000  2.0440E-45
 4627.0000  2.0240E-45
 4628.0000  2.0260E-45
 4629.0000  2.0200E-45
 4630.0000  2.0160E-45
 4631.0000  2.0230E-45
 4632.0000  2.0140E-45
 4633.0000  2.0280E-45
 4634.0000  2.0160E-45
 4635.0000  1.9890E-45
 4636.0000  2.0110E-45
 4637.0000  2.0020E-45
 4638.0000  1.9620E-45
 4639.0000  1.9720E-45
 4640.0000  1.9920E-45
 4641.0000  1.9830E-45
 4642.0000  1.9450E-45
 4643.0000  1.9460E-45
 4644.0000  1.9390E-45
 4645.0000  1.9080E-45
 4646.0000  1.8970E-45
 4647.0000  1.9000E-45
 4648.0000  1.9030E-45
 4649.0000  1.9150E-45
 4650.0000  1.9080E-45
 4651.0000  1.9080E-45
 4652.0000  1.9000E-45
 4653.0000  1.8830E-45
 4654.0000  1.8640E-45
 4655.0000  1.8890E-45
 4656.0000  1.8920E-45
 4657.0000  1.8440E-45
 4658.0000  1.8400E-45
 4659.0000  1.8600E-45
 4660.0000  1.8710E-45
 4661.0000  1.8380E-45
 4662.0000  1.8450E-45
 4663.0000  1.8420E-45
 4664.0000  1.8100E-45
 4665.0000  1.7920E-45
 4666.0000  1.8100E-45
 4667.0000  1.8180E-45
 4668.0000  1.7870E-45
 4669.0000  1.8010E-45
 4670.0000  1.7930E-45
 4671.0000  1.8040E-45
 4672.0000  1.7830E-45
 4673.0000  1.8040E-45
 4674.0000  1.8060E-45
 4675.0000  1.7640E-45
 4676.0000  1.7560E-45
 4677.0000  1.7790E-45
 4678.0000  1.7560E-45
 4679.0000  1.7480E-45
 4680.0000  1.7520E-45
 4681.0000  1.7350E-45
 4682.0000  1.7140E-45
 4683.0000  1.7140E-45
 4684.0000  1.7270E-45
 4685.0000  1.7080E-45
 4686.0000  1.7160E-45
 4687.0000  1.7250E-45
 4688.0000  1.7010E-45
 4689.0000  1.6930E-45
 4690.0000  1.6960E-45
 4691.0000  1.7070E-45
 4692.0000  1.6990E-45
 4693.0000  1.7240E-45
 4694.0000  1.7290E-45
 4695.0000  1.6960E-45
 4696.0000  1.7110E-45
 4697.0000  1.6990E-45
 4698.0000  1.6990E-45
 4699.0000  1.6720E-45
 4700.0000  1.6760E-45
 4701.0000  1.7050E-45
 4702.0000  1.6830E-45
 4703.0000  1.6770E-45
 4704.0000  1.6950E-45
 4705.0000  1.6640E-45
 4706.0000  1.6380E-45
 4707.0000  1.6540E-45
 4708.0000  1.6630E-45
 4709.0000  1.6170E-45
 4710.0000  1.6030E-45
 4711.0000  1.5840E-45
 4712.0000  1.5380E-45
 4713.0000  1.4720E-45
 4714.0000  1.4650E-45
 4715.0000  1.4790E-45
 4716.0000  1.5420E-45
 4717.0000  1.5300E-45
 4718.0000  1.5400E-45
 4719.0000  1.5660E-45
 4720.0000  1.5570E-45
 4721.0000  1.5600E-45
 4722.0000  1.5380E-45
 4723.0000  1.5330E-45
 4724.0000  1.5400E-45
 4725.0000  1.5470E-45
 4726.0000  1.5220E-45
 4727.0000  1.5420E-45
 4728.0000  1.5160E-45
 4729.0000  1.5100E-45
 4730.0000  1.5030E-45
 4731.0000  1.5240E-45
 4732.0000  1.5480E-45
 4733.0000  1.5120E-45
 4734.0000  1.5310E-45
 4735.0000  1.5150E-45
 4736.0000  1.5020E-45
 4737.0000  1.5230E-45
 4738.0000  1.4660E-45
 4739.0000  1.4710E-45
 4740.0000  1.4750E-45
 4741.0000  1.4580E-45
 4742.0000  1.4640E-45
 4743.0000  1.4700E-45
 4744.0000  1.5050E-45
 4745.0000  1.4970E-45
 4746.0000  1.4680E-45
 4747.0000  1.4870E-45
 4748.0000  1.5050E-45
 4749.0000  1.4690E-45
 4750.0000  1.4680E-45
 4751.0000  1.4780E-45
 4752.0000  1.4510E-45
 4753.0000  1.4460E-45
 4754.0000  1.4390E-45
 4755.0000  1.4380E-45
 4756.0000  1.4400E-45
 4757.0000  1.4580E-45
 4758.0000  1.4390E-45
 4759.0000  1.4550E-45
 4760.0000  1.4510E-45
 4761.0000  1.4420E-45
 4762.0000  1.4450E-45
 4763.0000  1.3860E-45
 4764.0000  1.4070E-45
 4765.0000  1.3910E-45
 4766.0000  1.4110E-45
 4767.0000  1.4030E-45
 4768.0000  1.3860E-45
 4769.0000  1.3910E-45
 4770.0000  1.3970E-45
 4771.0000  1.3970E-45
 4772.0000  1.3770E-45
 4773.0000  1.3740E-45
 4774.0000  1.3750E-45
 4775.0000  1.3790E-45
 4776.0000  1.3650E-45
 4777.0000  1.3270E-45
 4778.0000  1.3520E-45
 4779.0000  1.3290E-45
 4780.0000  1.2860E-45
 4781.0000  1.3080E-45
 4782.0000  1.3360E-45
 4783.0000  1.3380E-45
 4784.0000  1.3090E-45
 4785.0000  1.3100E-45
 4786.0000  1.3190E-45
 4787.0000  1.3270E-45
 4788.0000  1.3050E-45
 4789.0000  1.2870E-45
 4790.0000  1.2940E-45
 4791.0000  1.2910E-45
 4792.0000  1.2880E-45
 4793.0000  1.3120E-45
 4794.0000  1.3030E-45
 4795.0000  1.2970E-45
 4796.0000  1.2780E-45
 4797.0000  1.2590E-45
 4798.0000  1.2690E-45
 4799.0000  1.2600E-45
 4800.0000  1.2690E-45
 4801.0000  1.2790E-45
 4802.0000  1.2670E-45
 4803.0000  1.2490E-45
 4804.0000  1.2400E-45
 4805.0000  1.2310E-45
 4806.0000  1.2190E-45
 4807.0000  1.2140E-45
 4808.0000  1.1930E-45
 4809.0000  1.2290E-45
 4810.0000  1.2010E-45
 4811.0000  1.1880E-45
 4812.0000  1.2150E-45
 4813.0000  1.2140E-45
 4814.0000  1.1920E-45
 4815.0000  1.2000E-45
 4816.0000  1.2080E-45
 4817.0000  1.2070E-45
 4818.0000  1.2080E-45
 4819.0000  1.2120E-45
 4820.0000  1.1750E-45
 4821.0000  1.1850E-45
 4822.0000  1.1740E-45
 4823.0000  1.1790E-45
 4824.0000  1.1710E-45
 4825.0000  1.1730E-45
 4826.0000  1.1700E-45
 4827.0000  1.1430E-45
 4828.0000  1.1410E-45
 4829.0000  1.1480E-45
 4830.0000  1.1500E-45
 4831.0000  1.1070E-45
 4832.0000  1.1370E-45
 4833.0000  1.1420E-45
 4834.0000  1.1340E-45
 4835.0000  1.1290E-45
 4836.0000  1.1200E-45
 4837.0000  1.1230E-45
 4838.0000  1.1180E-45
 4839.0000  1.1020E-45
 4840.0000  1.1190E-45
 4841.0000  1.1250E-45
 4842.0000  1.1150E-45
 4843.0000  1.1350E-45
 4844.0000  1.1140E-45
 4845.0000  1.1160E-45
 4846.0000  1.0960E-45
 4847.0000  1.0990E-45
 4848.0000  1.1270E-45
 4849.0000  1.0920E-45
 4850.0000  1.0680E-45
 4851.0000  1.0700E-45
 4852.0000  1.0870E-45
 4853.0000  1.0710E-45
 4854.0000  1.0490E-45
 4855.0000  1.0720E-45
 4856.0000  1.0920E-45
 4857.0000  1.0730E-45
 4858.0000  1.0560E-45
 4859.0000  1.0640E-45
 4860.0000  1.0530E-45
 4861.0000  1.0430E-45
 4862.0000  1.0430E-45
 4863.0000  1.0680E-45
 4864.0000  1.0790E-45
 4865.0000  1.0330E-45
 4866.0000  1.0360E-45
 4867.0000  1.0450E-45
 4868.0000  1.0440E-45
 4869.0000  1.0550E-45
 4870.0000  1.0330E-45
 4871.0000  1.0210E-45
 4872.0000  1.0310E-45
 4873.0000  1.0220E-45
 4874.0000  1.0300E-45
 4875.0000  1.0160E-45
 4876.0000  1.0100E-45
 4877.0000  9.7200E-46
 4878.0000  9.8300E-46
 4879.0000  9.7900E-46
 4880.0000  1.0090E-45
 4881.0000  1.0220E-45
 4882.0000  1.0270E-45
 4883.0000  1.0180E-45
 4884.0000  9.7900E-46
 4885.0000  9.7400E-46
 4886.0000  9.6400E-46
 4887.0000  9.7500E-46
 4888.0000  9.7100E-46
 4889.0000  9.9100E-46
 4890.0000  9.8600E-46
 4891.0000  9.3100E-46
 4892.0000  9.2100E-46
 4893.0000  9.5300E-46
 4894.0000  9.4700E-46
 4895.0000  9.6200E-46
 4896.0000  9.6800E-46
 4897.0000  9.8900E-46
 4898.0000  9.6800E-46
 4899.0000  9.8200E-46
 4900.0000  9.8400E-46
 4901.0000  9.8600E-46
 4902.0000  9.7000E-46
 4903.0000  9.3500E-46
 4904.0000  9.5500E-46
 4905.0000  9.3900E-46
 4906.0000  9.2500E-46
 4907.0000  9.1200E-46
 4908.0000  9.0000E-46
 4909.0000  9.0200E-46
 4910.0000  9.4100E-46
 4911.0000  9.3600E-46
 4912.0000  9.2000E-46
 4913.0000  9.1000E-46
 4914.0000  9.2500E-46
 4915.0000  9.2000E-46
 4916.0000  9.0900E-46
 4917.0000  8.9000E-46
 4918.0000  9.1300E-46
 4919.0000  8.7800E-46
 4920.0000  8.8300E-46
 4921.0000  8.9000E-46
 4922.0000  8.8600E-46
 4923.0000  8.8800E-46
 4924.0000  9.2200E-46
 4925.0000  8.9800E-46
 4926.0000  8.7000E-46
 4927.0000  9.1300E-46
 4928.0000  8.9400E-46
 4929.0000  8.9600E-46
 4930.0000  8.9800E-46
 4931.0000  8.7000E-46
 4932.0000  8.8900E-46
 4933.0000  8.7200E-46
 4934.0000  8.4200E-46
 4935.0000  8.6600E-46
 4936.0000  8.3800E-46
 4937.0000  8.6000E-46
 4938.0000  8.6100E-46
 4939.0000  8.6900E-46
 4940.0000  8.7100E-46
 4941.0000  8.5700E-46
 4942.0000  8.6600E-46
 4943.0000  8.4300E-46
 4944.0000  8.3800E-46
 4945.0000  8.4200E-46
 4946.0000  8.3400E-46
 4947.0000  8.0600E-46
 4948.0000  8.1900E-46
 4949.0000  8.1800E-46
 4950.0000  8.1200E-46
 4951.0000  7.8700E-46
 4952.0000  8.1100E-46
 4953.0000  8.2300E-46
 4954.0000  8.1100E-46
 4955.0000  8.0100E-46
 4956.0000  8.0400E-46
 4957.0000  7.9300E-46
 4958.0000  7.8900E-46
 4959.0000  8.3200E-46
 4960.0000  8.4000E-46
 4961.0000  8.6100E-46
 4962.0000  8.6700E-46
 4963.0000  8.2700E-46
 4964.0000  8.1700E-46
 4965.0000  8.1300E-46
 4966.0000  8.1000E-46
 4967.0000  8.1700E-46
 4968.0000  7.9400E-46
 4969.0000  7.7700E-46
 4970.0000  7.4800E-46
 4971.0000  7.6300E-46
 4972.0000  7.9000E-46
 4973.0000  7.8300E-46
 4974.0000  7.7800E-46
 4975.0000  8.2300E-46
 4976.0000  8.0100E-46
 4977.0000  7.6300E-46
 4978.0000  7.4900E-46
 4979.0000  7.6900E-46
 4980.0000  7.7600E-46
 4981.0000  7.3700E-46
 4982.0000  7.9100E-46
 4983.0000  7.6600E-46
 4984.0000  7.4300E-46
 4985.0000  7.3800E-46
 4986.0000  7.3900E-46
 4987.0000  7.5000E-46
 4988.0000  7.6600E-46
 4989.0000  7.3300E-46
 4990.0000  6.9500E-46
 4991.0000  7.1000E-46
 4992.0000  7.2800E-46
 4993.0000  7.3900E-46
 4994.0000  7.2400E-46
 4995.0000  7.1300E-46
 4996.0000  7.5300E-46
 4997.0000  7.3800E-46
 4998.0000  7.2500E-46
 4999.0000  7.4400E-46
 5000.0000  7.6900E-46
 5600.0000  2.6000E-46
 5601.0000  1.9300E-46
 5602.0000  2.6300E-46
 5603.0000  4.1300E-46
 5604.0000  3.6800E-46
 5605.0000  2.3900E-46
 5606.0000  1.3100E-46
 5607.0000  4.8000E-47
 5608.0000  3.2000E-47
 5609.0000  4.8000E-47
 5610.0000  1.0800E-46
 5611.0000  1.2000E-46
 5612.0000  2.0600E-46
 5613.0000  2.3000E-46
 5614.0000  2.7600E-46
 5615.0000  2.1100E-46
 5616.0000  1.9300E-46
 5617.0000  1.9600E-46
 5618.0000  1.0100E-46
 5619.0000  7.6000E-47
 5620.0000  1.2600E-46
 5621.0000  1.9800E-46
 5622.0000  2.4700E-46
 5623.0000  1.1500E-46
 5624.0000  4.9000E-47
 5625.0000  9.0000E-47
 5626.0000  8.1000E-47
 5627.0000  3.4000E-47
 5628.0000  4.5000E-47
 5629.0000  1.2400E-46
 5630.0000  1.3600E-46
 5631.0000  8.1000E-47
 5632.0000  1.5400E-46
 5633.0000  1.2000E-46
 5634.0000  1.0600E-46
 5635.0000  1.4900E-46
 5636.0000  1.5300E-46
 5637.0000  1.4700E-46
 5638.0000  9.6000E-47
 5639.0000  6.6000E-47
 5640.0000  9.3000E-47
 5641.0000  1.2000E-46
 5642.0000  8.5000E-47
 5643.0000  1.1300E-46
 5644.0000  1.0600E-46
 5645.0000  1.2000E-46
 5646.0000  1.0100E-46
 5647.0000  1.3700E-46
 5648.0000  9.3000E-47
 5649.0000  6.9000E-47
 5650.0000  1.5000E-46
 5651.0000  1.9900E-46
 5652.0000  1.7200E-46
 5653.0000  9.6000E-47
 5654.0000  9.6000E-47
 5655.0000  1.3800E-46
 5656.0000  8.8000E-47
 5657.0000  1.1900E-46
 5658.0000  1.0100E-46
 5659.0000  8.6000E-47
 5660.0000  1.3400E-46
 5661.0000  2.2400E-46
 5662.0000  2.4800E-46
 5663.0000  1.2100E-46
 5664.0000  3.4000E-47
 5665.0000  1.5000E-47
 5666.0000  7.3000E-47
 5667.0000  1.3400E-46
 5668.0000  1.2300E-46
 5669.0000  3.1000E-47
 5670.0000  1.3000E-46
 5671.0000  1.9300E-46
 5672.0000  2.0100E-46
 5673.0000  1.8900E-46
 5674.0000  1.2000E-46
 5675.0000  9.9000E-47
 5676.0000  0.0000E+00
 5677.0000  2.3000E-47
 5678.0000  1.1400E-46
 5679.0000  8.7000E-47
 5680.0000  2.9000E-47
 5681.0000  3.0000E-47
 5682.0000  6.3000E-47
 5683.0000  3.3000E-47
 5684.0000  1.0600E-46
 5685.0000  1.2800E-46
 5686.0000  9.1000E-47
 5687.0000  3.2000E-47
 5688.0000  9.9000E-47
 5689.0000  8.7000E-47
 5690.0000  1.3200E-46
 5691.0000  1.6200E-46
 5692.0000  1.3500E-46
 5693.0000  1.1000E-47
 5694.0000  3.0000E-47
 5695.0000  7.5000E-47
 5696.0000  6.7000E-47
 5697.0000  1.1300E-46
 5698.0000  1.5600E-46
 5699.0000  1.2300E-46
 5700.0000  1.2500E-46
 5701.0000  6.8000E-47
 5702.0000  1.5000E-47
 5703.0000  1.1000E-47
 5704.0000  2.0000E-47
 5705.0000  0.0000E+00
 5706.0000  2.4000E-47
 5707.0000  1.7000E-47
 5708.0000  0.0000E+00
 5709.0000  7.1000E-47
 5710.0000  7.7000E-47
 5711.0000  1.6300E-46
 5712.0000  7.1000E-47
 5713.0000  3.4000E-47
 5714.0000  1.4300E-46
 5715.0000  1.6600E-46
 5716.0000  9.1000E-47
 5717.0000  8.4000E-47
 5718.0000  8.2000E-47
 5719.0000  7.8000E-47
 5720.0000  1.4400E-46
 5721.0000  1.4000E-46
 5722.0000  1.1200E-46
 5723.0000  8.4000E-47
 5724.0000  4.1000E-47
 5725.0000  2.9000E-47
 5726.0000  1.1700E-46
 5727.0000  1.2100E-46
 5728.0000  0.0000E+00
 5729.0000  0.0000E+00
 5730.0000  9.0000E-48
 5731.0000  1.2900E-46
 5732.0000  1.4200E-46
 5733.0000  7.2000E-47
 5734.0000  1.5000E-47
 5735.0000  3.2000E-47
 5736.0000  1.2900E-46
 5737.0000  6.6000E-47
 5738.0000  8.1000E-47
 5739.0000  5.7000E-47
 5740.0000  0.0000E+00
 5741.0000  8.5000E-47
 5742.0000  1.3500E-46
 5743.0000  1.5200E-46
 5744.0000  1.2400E-46
 5745.0000  1.0100E-46
 5746.0000  1.2200E-46
 5747.0000  7.2000E-47
 5748.0000  1.1900E-46
 5749.0000  4.1000E-47
 5750.0000  8.6000E-47
 5751.0000  2.1000E-47
 5752.0000  2.8000E-47
 5753.0000  4.9000E-47
 5754.0000  2.4000E-47
 5755.0000  0.0000E+00
 5756.0000  6.6000E-47
 5757.0000  2.9000E-47
 5758.0000  4.7000E-47
 5759.0000  1.0000E-46
 5760.0000  7.1000E-47
 5761.0000  2.4000E-47
 5762.0000  8.2000E-47
 5763.0000  0.0000E+00
 5764.0000  0.0000E+00
 5765.0000  4.3000E-47
 5766.0000  1.1500E-46
 5767.0000  6.2000E-47
 5768.0000  5.0000E-48
 5769.0000  0.0000E+00
 5770.0000  3.6000E-47
 5771.0000  0.0000E+00
 5772.0000  2.0000E-48
 5773.0000  1.0000E-46
 5774.0000  1.4100E-46
 5775.0000  9.9000E-47
 5776.0000  6.8000E-47
 5777.0000  4.0000E-48
 5778.0000  4.9000E-47
 5779.0000  3.6000E-47
 5780.0000  3.6000E-47
 5781.0000  8.3000E-47
 5782.0000  9.0000E-47
 5783.0000  4.8000E-47
 5784.0000  0.0000E+00
 5785.0000  5.0000E-47
 5786.0000  8.7000E-47
 5787.0000  7.6000E-47
 5788.0000  9.6000E-47
 5789.0000  7.0000E-47
 5790.0000  7.9000E-47
 5791.0000  4.9000E-47
 5792.0000  0.0000E+00
 5793.0000  6.3000E-47
 5794.0000  1.3400E-46
 5795.0000  6.0000E-47
 5796.0000  5.0000E-47
 5797.0000  0.0000E+00
 5798.0000  0.0000E+00
 5799.0000  6.3000E-47
 5800.0000  4.4000E-47
 5801.0000  1.1500E-46
 5802.0000  4.6000E-47
 5803.0000  0.0000E+00
 5804.0000  9.9000E-47
 5805.0000  1.3400E-46
 5806.0000  0.0000E+00
 5807.0000  0.0000E+00
 5808.0000  0.0000E+00
 5809.0000  6.7000E-47
 5810.0000  6.3000E-47
 5811.0000  1.5000E-47
 5812.0000  1.3500E-46
 5813.0000  4.0000E-47
 5814.0000  1.3000E-47
 5815.0000  1.7000E-47
 5816.0000  0.0000E+00
 5817.0000  6.0000E-48
 5818.0000  1.3000E-47
 5819.0000  0.0000E+00
 5820.0000  9.2000E-47
 5821.0000  1.1400E-46
 5822.0000  1.6800E-46
 5823.0000  3.4000E-47
 5824.0000  7.8000E-47
 5825.0000  9.6000E-47
 5826.0000  2.7000E-47
 5827.0000  0.0000E+00
 5828.0000  7.0000E-48
 5829.0000  6.4000E-47
 5830.0000  3.0000E-47
 5831.0000  7.1000E-47
 5832.0000  4.0000E-47
 5833.0000  0.0000E+00
 5834.0000  0.0000E+00
 5835.0000  0.0000E+00
 5836.0000  0.0000E+00
 5837.0000  0.0000E+00
 5838.0000  5.7000E-47
 5839.0000  1.6300E-46
 5840.0000  5.9000E-47
 5841.0000  0.0000E+00
 5842.0000  3.6000E-47
 5843.0000  7.8000E-47
 5844.0000  1.2800E-46
 5845.0000  2.3000E-47
 5846.0000  7.8000E-47
 5847.0000  1.6100E-46
 5848.0000  9.3000E-47
 5849.0000  3.3000E-47
 5850.0000  0.0000E+00
 5851.0000  0.0000E+00
 5852.0000  0.0000E+00
 5853.0000  0.0000E+00
 5854.0000  7.5000E-47
 5855.0000  1.9000E-47
 5856.0000  0.0000E+00
 5857.0000  0.0000E+00
 5858.0000  0.0000E+00
 5859.0000  0.0000E+00
 5860.0000  8.0000E-48
 5861.0000  7.7000E-47
 5862.0000  1.1100E-46
 5863.0000  0.0000E+00
 5864.0000  0.0000E+00
 5865.0000  2.7000E-47
 5866.0000  9.0000E-47
 5867.0000  3.1000E-47
 5868.0000  0.0000E+00
 5869.0000  0.0000E+00
 5870.0000  2.3000E-47
 5871.0000  8.2000E-47
 5872.0000  6.6000E-47
 5873.0000  0.0000E+00
 5874.0000  0.0000E+00
 5875.0000  3.5000E-47
 5876.0000  7.5000E-47
 5877.0000  7.8000E-47
 5878.0000  2.4000E-47
 5879.0000  3.2000E-47
 5880.0000  1.0400E-46
 5881.0000  6.8000E-47
 5882.0000  0.0000E+00
 5883.0000  8.3000E-47
 5884.0000  6.6000E-47
 5885.0000  0.0000E+00
 5886.0000  0.0000E+00
 5887.0000  5.3000E-47
 5888.0000  4.0000E-48
 5889.0000  5.8000E-47
 5890.0000  1.1100E-46
 5891.0000  9.9000E-47
 5892.0000  0.0000E+00
 5893.0000  9.5000E-47
 5894.0000  8.1000E-47
 5895.0000  2.4000E-47
 5896.0000  2.5000E-47
 5897.0000  0.0000E+00
 5898.0000  0.0000E+00
 5899.0000  4.2000E-47
 5900.0000  0.0000E+00
 5901.0000  0.0000E+00
 5902.0000  0.0000E+00
 5903.0000  0.0000E+00
 5904.0000  0.0000E+00
 5905.0000  0.0000E+00
 5906.0000  7.3000E-47
 5907.0000  6.7000E-47
 5908.0000  0.0000E+00
 5909.0000  2.2000E-47
 5910.0000  0.0000E+00
 5911.0000  0.0000E+00
 5912.0000  6.0000E-47
 5913.0000  0.0000E+00
 5914.0000  2.0000E-48
 5915.0000  0.0000E+00
 5916.0000  0.0000E+00
 5917.0000  1.0000E-46
 5918.0000  8.5000E-47
 5919.0000  2.1000E-47
 5920.0000  0.0000E+00
 5921.0000  5.5000E-47
 5922.0000  5.0000E-47
 5923.0000  6.3000E-47
 5924.0000  1.4000E-47
 5925.0000  4.1000E-47
 5926.0000  0.0000E+00
 5927.0000  5.1000E-47
 5928.0000  8.4000E-47
 5929.0000  6.2000E-47
 5930.0000  3.4000E-47
 5931.0000  0.0000E+00
 5932.0000  0.0000E+00
 5933.0000  4.7000E-47
 5934.0000  6.8000E-47
 5935.0000  0.0000E+00
 5936.0000  3.0000E-47
 5937.0000  4.5000E-47
 5938.0000  7.9000E-47
 5939.0000  0.0000E+00
 5940.0000  0.0000E+00
 5941.0000  0.0000E+00
 5942.0000  3.0000E-48
 5943.0000  6.3000E-47
 5944.0000  8.1000E-47
 5945.0000  3.7000E-47
 5946.0000  1.5000E-47
 5947.0000  2.7000E-47
 5948.0000  2.5000E-47
 5949.0000  8.5000E-47
 5950.0000  0.0000E+00
 5951.0000  0.0000E+00
 5952.0000  0.0000E+00
 5953.0000  0.0000E+00
 5954.0000  3.1000E-47
 5955.0000  6.2000E-47
 5956.0000  6.3000E-47
 5957.0000  5.6000E-47
 5958.0000  0.0000E+00
 5959.0000  0.0000E+00
 5960.0000  2.2000E-47
 5961.0000  7.6000E-47
 5962.0000  5.6000E-47
 5963.0000  0.0000E+00
 5964.0000  0.0000E+00
 5965.0000  0.0000E+00
 5966.0000  0.0000E+00
 5967.0000  0.0000E+00
 5968.0000  0.0000E+00
 5969.0000  3.6000E-47
 5970.0000  0.0000E+00
 5971.0000  0.0000E+00
 5972.0000  0.0000E+00
 5973.0000  7.4000E-47
 5974.0000  1.1200E-46
 5975.0000  5.6000E-47
 5976.0000  0.0000E+00
 5977.0000  0.0000E+00
 5978.0000  7.0000E-47
 5979.0000  6.2000E-47
 5980.0000  0.0000E+00
 5981.0000  0.0000E+00
 5982.0000  3.0000E-48
 5983.0000  4.6000E-47
 5984.0000  0.0000E+00
 5985.0000  0.0000E+00
 5986.0000  0.0000E+00
 5987.0000  0.0000E+00
 5988.0000  5.8000E-47
 5989.0000  5.1000E-47
 5990.0000  0.0000E+00
 5991.0000  0.0000E+00
 5992.0000  0.0000E+00
 5993.0000  9.1000E-47
 5994.0000  1.6100E-46
 5995.0000  3.1000E-47
 5996.0000  2.0000E-47
 5997.0000  3.1000E-47
 5998.0000  0.0000E+00
 5999.0000  3.1000E-47
 6000.0000  4.8000E-47
 6001.0000  5.5000E-47
 6002.0000  0.0000E+00
 6003.0000  0.0000E+00
 6004.0000  0.0000E+00
 6005.0000  0.0000E+00
 6006.0000  0.0000E+00
 6007.0000  6.5000E-47
 6008.0000  0.0000E+00
 6009.0000  0.0000E+00
 6010.0000  1.7000E-47
 6011.0000  1.3000E-47
 6012.0000  8.7000E-47
 6013.0000  2.7000E-47
 6014.0000  0.0000E+00
 6015.0000  0.0000E+00
 6016.0000  0.0000E+00
 6017.0000  0.0000E+00
 6018.0000  0.0000E+00
 6019.0000  1.0800E-46
 6020.0000  1.0000E-47
 6021.0000  0.0000E+00
 6022.0000  0.0000E+00
 6023.0000  0.0000E+00
 6024.0000  0.0000E+00
 6025.0000  0.0000E+00
 6026.0000  3.4000E-47
 6027.0000  7.5000E-47
 6028.0000  6.0000E-48
 6029.0000  0.0000E+00
 6030.0000  3.4000E-47
 6031.0000  6.8000E-47
 6032.0000  1.0700E-46
 6033.0000  6.5000E-47
 6034.0000  0.0000E+00
 6035.0000  0.0000E+00
 6036.0000  0.0000E+00
 6037.0000  0.0000E+00
 6038.0000  0.0000E+00
 6039.0000  9.0000E-48
 6040.0000  7.0000E-48
 6041.0000  0.0000E+00
 6042.0000  0.0000E+00
 6043.0000  0.0000E+00
 6044.0000  8.4000E-47
 6045.0000  1.4600E-46
 6046.0000  3.6000E-47
 6047.0000  1.1000E-47
 6048.0000  0.0000E+00
 6049.0000  0.0000E+00
 6050.0000  0.0000E+00
 6051.0000  0.0000E+00
 6052.0000  0.0000E+00
 6053.0000  0.0000E+00
 6054.0000  0.0000E+00
 6055.0000  0.0000E+00
 6056.0000  0.0000E+00
 6057.0000  0.0000E+00
 6058.0000  0.0000E+00
 6059.0000  0.0000E+00
 6060.0000  2.7000E-47
 6061.0000  5.4000E-47
 6062.0000  0.0000E+00
 6063.0000  0.0000E+00
 6064.0000  6.3000E-47
 6065.0000  0.0000E+00
 6066.0000  0.0000E+00
 6067.0000  0.0000E+00
 6068.0000  0.0000E+00
 6069.0000  0.0000E+00
 6070.0000  0.0000E+00
 6071.0000  0.0000E+00
 6072.0000  0.0000E+00
 6073.0000  0.0000E+00
 6074.0000  0.0000E+00
 6075.0000  5.2000E-47
 6076.0000  2.3000E-47
 6077.0000  0.0000E+00
 6078.0000  0.0000E+00
 6079.0000  0.0000E+00
 6080.0000  0.0000E+00
 6081.0000  3.0000E-48
 6082.0000  0.0000E+00
 6083.0000  0.0000E+00
 6084.0000  0.0000E+00
 6085.0000  0.0000E+00
 6086.0000  4.2000E-47
 6087.0000  9.5000E-47
 6088.0000  0.0000E+00
 6089.0000  0.0000E+00
 6090.0000  0.0000E+00
 6091.0000  0.0000E+00
 6092.0000  0.0000E+00
 6093.0000  5.0000E-48
 6094.0000  0.0000E+00
 6095.0000  0.0000E+00
 6096.0000  0.0000E+00
 6097.0000  0.0000E+00
 6098.0000  0.0000E+00
 6099.0000  1.8000E-47
 6100.0000  0.0000E+00
 6101.0000  0.0000E+00
 6102.0000  0.0000E+00
 6103.0000  1.1100E-46
 6104.0000  2.2700E-46
 6105.0000  1.9700E-46
 6106.0000  0.0000E+00
 6107.0000  0.0000E+00
 6108.0000  0.0000E+00
 6109.0000  0.0000E+00
 6110.0000  0.0000E+00
 6111.0000  3.0000E-48
 6112.0000  5.8000E-47
 6113.0000  5.7000E-47
 6114.0000  0.0000E+00
 6115.0000  0.0000E+00
 6116.0000  1.6000E-47
 6117.0000  3.9000E-47
 6118.0000  0.0000E+00
 6119.0000  0.0000E+00
 6120.0000  0.0000E+00
 6121.0000  0.0000E+00
 6122.0000  2.3000E-47
 6123.0000  0.0000E+00
 6124.0000  0.0000E+00
 6125.0000  0.0000E+00
 6126.0000  0.0000E+00
 6127.0000  0.0000E+00
 6128.0000  4.7000E-47
 6129.0000  0.0000E+00
 6130.0000  0.0000E+00
 6131.0000  0.0000E+00
 6132.0000  0.0000E+00
 6133.0000  1.2000E-46
 6134.0000  4.0000E-47
 6135.0000  0.0000E+00
 6136.0000  0.0000E+00
 6137.0000  8.5000E-47
 6138.0000  3.5000E-47
 6139.0000  4.5000E-47
 6140.0000  3.9000E-47
 6141.0000  0.0000E+00
 6142.0000  0.0000E+00
 6143.0000  3.6000E-47
 6144.0000  9.5000E-47
 6145.0000  0.0000E+00
 6146.0000  6.8000E-47
 6147.0000  0.0000E+00
 6148.0000  0.0000E+00
 6149.0000  0.0000E+00
 6150.0000  5.3000E-47
 6151.0000  0.0000E+00
 6152.0000  0.0000E+00
 6153.0000  2.0000E-47
 6154.0000  0.0000E+00
 6155.0000  0.0000E+00
 6156.0000  1.2000E-47
 6157.0000  4.4000E-47
 6158.0000  1.2200E-46
 6159.0000  1.1700E-46
 6160.0000  0.0000E+00
 6161.0000  0.0000E+00
 6162.0000  0.0000E+00
 6163.0000  0.0000E+00
 6164.0000  0.0000E+00
 6165.0000  0.0000E+00
 6166.0000  5.6000E-47
 6167.0000  8.4000E-47
 6168.0000  0.0000E+00
 6169.0000  0.0000E+00
 6170.0000  0.0000E+00
 6171.0000  0.0000E+00
 6172.0000  0.0000E+00
 6173.0000  0.0000E+00
 6174.0000  0.0000E+00
 6175.0000  0.0000E+00
 6176.0000  0.0000E+00
 6177.0000  0.0000E+00
 6178.0000  0.0000E+00
 6179.0000  0.0000E+00
 6180.0000  0.0000E+00
 6181.0000  0.0000E+00
 6182.0000  0.0000E+00
 6183.0000  0.0000E+00
 6184.0000  0.0000E+00
 6185.0000  8.4000E-47
 6186.0000  0.0000E+00
 6187.0000  0.0000E+00
 6188.0000  0.0000E+00
 6189.0000  0.0000E+00
 6190.0000  8.1000E-47
 6191.0000  4.1000E-47
 6192.0000  0.0000E+00
 6193.0000  0.0000E+00
 6194.0000  0.0000E+00
 6195.0000  0.0000E+00
 6196.0000  0.0000E+00
 6197.0000  0.0000E+00
 6198.0000  0.0000E+00
 6199.0000  0.0000E+00
 6200.0000  0.0000E+00
 6201.0000  0.0000E+00
 6202.0000  0.0000E+00
 6203.0000  0.0000E+00
 6204.0000  1.0000E-47
 6205.0000  0.0000E+00
 6206.0000  0.0000E+00
 6207.0000  0.0000E+00
 6208.0000  0.0000E+00
 6209.0000  0.0000E+00
 6210.0000  0.0000E+00
 6211.0000  0.0000E+00
 6212.0000  0.0000E+00
 6213.0000  0.0000E+00
 6214.0000  0.0000E+00
 6215.0000  0.0000E+00
 6216.0000  8.4000E-47
 6217.0000  9.8000E-47
 6218.0000  0.0000E+00
 6219.0000  1.5100E-46
 6220.0000  5.7000E-47
 6221.0000  0.0000E+00
 6222.0000  1.1400E-46
 6223.0000  6.1000E-47
 6224.0000  0.0000E+00
 6225.0000  1.8000E-46
 6226.0000  1.9700E-46
 6227.0000  1.4600E-46
 6228.0000  0.0000E+00
 6229.0000  0.0000E+00
 6230.0000  0.0000E+00
 6231.0000  0.0000E+00
 6232.0000  0.0000E+00
 6233.0000  0.0000E+00
 6234.0000  0.0000E+00
 6235.0000  0.0000E+00
 6236.0000  0.0000E+00
 6237.0000  0.0000E+00
 6238.0000  0.0000E+00
 6239.0000  0.0000E+00
 6240.0000  1.0000E-48
 6241.0000  0.0000E+00
 6242.0000  0.0000E+00
 6243.0000  0.0000E+00
 6244.0000  7.8000E-47
 6245.0000  0.0000E+00
 6246.0000  0.0000E+00
 6247.0000  0.0000E+00
 6248.0000  0.0000E+00
 6249.0000  6.2000E-47
 6250.0000  0.0000E+00
 6251.0000  0.0000E+00
 6252.0000  8.5000E-47
 6253.0000  0.0000E+00
 6254.0000  0.0000E+00
 6255.0000  0.0000E+00
 6256.0000  0.0000E+00
 6257.0000  0.0000E+00
 6258.0000  0.0000E+00
 6259.0000  0.0000E+00
 6260.0000  0.0000E+00
 6261.0000  0.0000E+00
 6262.0000  4.5000E-47
 6263.0000  1.7300E-46
 6264.0000  9.7000E-47
 6265.0000  0.0000E+00
 6266.0000  0.0000E+00
 6267.0000  2.0000E-47
 6268.0000  2.0000E-48
 6269.0000  0.0000E+00
 6270.0000  0.0000E+00
 6271.0000  0.0000E+00
 6272.0000  0.0000E+00
 6273.0000  0.0000E+00
 6274.0000  0.0000E+00
 6275.0000  1.2800E-46
 6276.0000  0.0000E+00
 6277.0000  0.0000E+00
 6278.0000  9.2000E-47
 6279.0000  1.3800E-46
 6280.0000  0.0000E+00
 6281.0000  0.0000E+00
 6282.0000  0.0000E+00
 6283.0000  0.0000E+00
 6284.0000  0.0000E+00
 6285.0000  1.8000E-47
 6286.0000  0.0000E+00
 6287.0000  0.0000E+00
 6288.0000  0.0000E+00
 6289.0000  0.0000E+00
 6290.0000  0.0000E+00
 6291.0000  0.0000E+00
 6292.0000  0.0000E+00
 6293.0000  4.1000E-47
 6294.0000  2.8000E-47
 6295.0000  0.0000E+00
 6296.0000  0.0000E+00
 6297.0000  0.0000E+00
 6298.0000  3.1000E-47
 6299.0000  0.0000E+00
 6300.0000  4.7000E-47
 6301.0000  2.6000E-47
 6302.0000  3.6000E-47
 6303.0000  0.0000E+00
 6304.0000  0.0000E+00
 6305.0000  0.0000E+00
 6306.0000  0.0000E+00
 6307.0000  0.0000E+00
 6308.0000  5.0000E-48
 6309.0000  0.0000E+00
 6310.0000  4.5000E-47
 6311.0000  0.0000E+00
 6312.0000  0.0000E+00
 6313.0000  0.0000E+00
 6314.0000  0.0000E+00
 6315.0000  0.0000E+00
 6316.0000  0.0000E+00
 6317.0000  0.0000E+00
 6318.0000  0.0000E+00
 6319.0000  0.0000E+00
 6320.0000  2.2000E-47
 6321.0000  0.0000E+00
 6322.0000  6.0000E-47
 6323.0000  0.0000E+00
 6324.0000  0.0000E+00
 6325.0000  0.0000E+00
 6326.0000  0.0000E+00
 6327.0000  0.0000E+00
 6328.0000  0.0000E+00
 6329.0000  0.0000E+00
 6330.0000  0.0000E+00
 6331.0000  6.2000E-47
 6332.0000  0.0000E+00
 6333.0000  0.0000E+00
 6334.0000  0.0000E+00
 6335.0000  0.0000E+00
 6336.0000  0.0000E+00
 6337.0000  0.0000E+00
 6338.0000  0.0000E+00
 6339.0000  2.6000E-47
 6340.0000  0.0000E+00
 6341.0000  0.0000E+00
 6342.0000  2.7000E-47
 6343.0000  1.8000E-47
 6344.0000  0.0000E+00
 6345.0000  0.0000E+00
 6346.0000  5.5000E-47
 6347.0000  0.0000E+00
 6348.0000  0.0000E+00
 6349.0000  0.0000E+00
 6350.0000  0.0000E+00
 6351.0000  8.9000E-47
 6352.0000  4.7000E-47
 6353.0000  0.0000E+00
 6354.0000  3.3000E-47
 6355.0000  2.3000E-47
 6356.0000  6.2000E-47
 6357.0000  0.0000E+00
 6358.0000  0.0000E+00
 6359.0000  0.0000E+00
 6360.0000  0.0000E+00
 6361.0000  0.0000E+00
 6362.0000  0.0000E+00
 6363.0000  0.0000E+00
 6364.0000  0.0000E+00
 6365.0000  9.0000E-47
 6366.0000  1.0800E-46
 6367.0000  0.0000E+00
 6368.0000  0.0000E+00
 6369.0000  0.0000E+00
 6370.0000  0.0000E+00
 6371.0000  0.0000E+00
 6372.0000  0.0000E+00
 6373.0000  0.0000E+00
 6374.0000  0.0000E+00
 6375.0000  0.0000E+00
 6376.0000  0.0000E+00
 6377.0000  0.0000E+00
 6378.0000  0.0000E+00
 6379.0000  0.0000E+00
 6380.0000  0.0000E+00
 6381.0000  0.0000E+00
 6382.0000  8.2000E-47
 6383.0000  0.0000E+00
 6384.0000  1.1500E-46
 6385.0000  0.0000E+00
 6386.0000  0.0000E+00
 6387.0000  7.0000E-47
 6388.0000  0.0000E+00
 6389.0000  0.0000E+00
 6390.0000  0.0000E+00
 6391.0000  0.0000E+00
 6392.0000  4.6000E-47
 6393.0000  0.0000E+00
 6394.0000  0.0000E+00
 6395.0000  0.0000E+00
 6396.0000  0.0000E+00
 6397.0000  0.0000E+00
 6398.0000  1.8000E-47
 6399.0000  0.0000E+00
 6400.0000  0.0000E+00
 6401.0000  0.0000E+00
 6402.0000  0.0000E+00
 6403.0000  0.0000E+00
 6404.0000  0.0000E+00
 6405.0000  0.0000E+00
 6406.0000  9.4000E-47
 6407.0000  0.0000E+00
 6408.0000  0.0000E+00
 6409.0000  8.5000E-47
 6410.0000  3.2000E-47
 6411.0000  1.3400E-46
 6412.0000  0.0000E+00
 6413.0000  0.0000E+00
 6414.0000  0.0000E+00
 6415.0000  0.0000E+00
 6416.0000  6.8000E-47
 6417.0000  0.0000E+00
 6418.0000  0.0000E+00
 6419.0000  0.0000E+00
 6420.0000  8.0000E-48
 6421.0000  5.0000E-48
 6422.0000  0.0000E+00
 6423.0000  0.0000E+00
 6424.0000  0.0000E+00
 6425.0000  1.5000E-47
 6426.0000  9.2000E-47
 6427.0000  0.0000E+00
 6428.0000  0.0000E+00
 6429.0000  0.0000E+00
 6430.0000  0.0000E+00
 6431.0000  0.0000E+00
 6432.0000  3.4000E-47
 6433.0000  0.0000E+00
 6434.0000  0.0000E+00
 6435.0000  0.0000E+00
 6436.0000  0.0000E+00
 6437.0000  1.3000E-47
 6438.0000  6.9000E-47
 6439.0000  0.0000E+00
 6440.0000  0.0000E+00
 6441.0000  7.8000E-47
 6442.0000  7.2000E-47
 6443.0000  8.6000E-47
 6444.0000  4.9000E-47
 6445.0000  3.3000E-47
 6446.0000  6.5000E-47
 6447.0000  9.2000E-47
 6448.0000  7.8000E-47
 6449.0000  9.3000E-47
 6450.0000  3.2000E-47
 6451.0000  0.0000E+00
 6452.0000  0.0000E+00
 6453.0000  0.0000E+00
 6454.0000  0.0000E+00
 6455.0000  0.0000E+00
 6456.0000  0.0000E+00
 6457.0000  0.0000E+00
 6458.0000  0.0000E+00
 6459.0000  0.0000E+00
 6460.0000  0.0000E+00
 6461.0000  0.0000E+00
 6462.0000  0.0000E+00
 6463.0000  5.1000E-47
 6464.0000  1.2000E-46
 6465.0000  0.0000E+00
 6466.0000  3.3000E-47
 6467.0000  7.0000E-47
 6468.0000  0.0000E+00
 6469.0000  0.0000E+00
 6470.0000  0.0000E+00
 6471.0000  0.0000E+00
 6472.0000  0.0000E+00
 6473.0000  1.2100E-46
 6474.0000  2.8000E-47
 6475.0000  0.0000E+00
 6476.0000  0.0000E+00
 6477.0000  0.0000E+00
 6478.0000  0.0000E+00
 6479.0000  0.0000E+00
 6480.0000  0.0000E+00
 6481.0000  0.0000E+00
 6482.0000  0.0000E+00
 6483.0000  0.0000E+00
 6484.0000  0.0000E+00
 6485.0000  1.0400E-46
 6486.0000  7.1000E-47
 6487.0000  0.0000E+00
 6488.0000  0.0000E+00
 6489.0000  1.2000E-47
 6490.0000  3.5000E-47
 6491.0000  1.8000E-47
 6492.0000  0.0000E+00
 6493.0000  2.0000E-48
 6494.0000  5.1000E-47
 6495.0000  0.0000E+00
 6496.0000  0.0000E+00
 6497.0000  2.6000E-47
 6498.0000  0.0000E+00
 6499.0000  0.0000E+00
 6500.0000  0.0000E+00
