               O2-O2  1300.045  1849.786   1070  193.0 9.012E-45 0.500                            42
1300.0446   4.5244E-47
1300.5589   3.6794E-47
1301.0731   4.1733E-47
1301.5874   4.6894E-47
1302.1016   4.0785E-47
1302.6159   5.0636E-47
1303.1301   3.9084E-47
1303.6444   4.7296E-47
1304.1587   4.7391E-47
1304.6729   4.8193E-47
1305.1872   5.6406E-47
1305.7014   4.6156E-47
1306.2157   5.2335E-47
1306.7300   4.3541E-47
1307.2442   4.3018E-47
1307.7585   4.3353E-47
1308.2727   3.6631E-47
1308.7870   4.5954E-47
1309.3012   4.0227E-47
1309.8155   4.6813E-47
1310.3298   4.3454E-47
1310.8440   4.1115E-47
1311.3583   4.7204E-47
1311.8725   4.1088E-47
1312.3868   4.5954E-47
1312.9010   3.8785E-47
1313.4153   4.0391E-47
1313.9296   4.8721E-47
1314.4438   4.4425E-47
1314.9581   5.2610E-47
1315.4723   4.3826E-47
1315.9866   5.0128E-47
1316.5009   5.5276E-47
1317.0151   5.2956E-47
1317.5294   5.2505E-47
1318.0436   4.3811E-47
1318.5579   5.1912E-47
1319.0721   4.7735E-47
1319.5864   4.7806E-47
1320.1007   4.6763E-47
1320.6149   4.2280E-47
1321.1292   5.1681E-47
1321.6434   5.2556E-47
1322.1577   5.7034E-47
1322.6719   5.3874E-47
1323.1862   5.5046E-47
1323.7005   5.6875E-47
1324.2147   4.9984E-47
1324.7290   5.2220E-47
1325.2432   4.6784E-47
1325.7575   5.4964E-47
1326.2718   5.4626E-47
1326.7860   5.6710E-47
1327.3003   5.9134E-47
1327.8145   5.6129E-47
1328.3288   6.0193E-47
1328.8430   5.3615E-47
1329.3573   5.2715E-47
1329.8716   5.2648E-47
1330.3858   5.2285E-47
1330.9001   6.0420E-47
1331.4143   5.7768E-47
1331.9286   6.2005E-47
1332.4428   5.8366E-47
1332.9571   6.0152E-47
1333.4714   5.9945E-47
1333.9856   5.1055E-47
1334.4999   5.5433E-47
1335.0141   5.2014E-47
1335.5284   5.9716E-47
1336.0427   5.9927E-47
1336.5569   5.8894E-47
1337.0712   6.2865E-47
1337.5854   6.1477E-47
1338.0997   6.6980E-47
1338.6139   5.8851E-47
1339.1282   5.8507E-47
1339.6425   6.3466E-47
1340.1567   6.0360E-47
1340.6710   6.9735E-47
1341.1852   6.5883E-47
1341.6995   6.9341E-47
1342.2137   6.8444E-47
1342.7280   6.9839E-47
1343.2423   7.3575E-47
1343.7565   6.5100E-47
1344.2708   7.1016E-47
1344.7850   6.5395E-47
1345.2993   6.4632E-47
1345.8136   6.7521E-47
1346.3278   6.8084E-47
1346.8421   8.1931E-47
1347.3563   7.5609E-47
1347.8706   8.1006E-47
1348.3848   7.5578E-47
1348.8991   6.4049E-47
1349.4134   6.4624E-47
1349.9276   5.4138E-47
1350.4419   6.3651E-47
1350.9561   6.6414E-47
1351.4704   7.3132E-47
1351.9846   7.9358E-47
1352.4989   7.7497E-47
1353.0132   8.5231E-47
1353.5274   6.7976E-47
1354.0417   6.1498E-47
1354.5559   5.9521E-47
1355.0702   6.3362E-47
1355.5845   7.8148E-47
1356.0987   7.5193E-47
1356.6130   8.0677E-47
1357.1272   7.4188E-47
1357.6415   6.9743E-47
1358.1557   6.7233E-47
1358.6700   5.9597E-47
1359.1843   6.9308E-47
1359.6985   7.3187E-47
1360.2128   8.2304E-47
1360.7270   8.0966E-47
1361.2413   7.5294E-47
1361.7555   7.3227E-47
1362.2698   6.1938E-47
1362.7841   6.4531E-47
1363.2983   6.5834E-47
1363.8126   7.6762E-47
1364.3268   8.6029E-47
1364.8411   8.5041E-47
1365.3554   8.5686E-47
1365.8696   7.5052E-47
1366.3839   7.2915E-47
1366.8981   7.0641E-47
1367.4124   7.5589E-47
1367.9266   8.4855E-47
1368.4409   8.7791E-47
1368.9552   9.3076E-47
1369.4694   8.5789E-47
1369.9837   8.1389E-47
1370.4979   7.4783E-47
1371.0122   7.4890E-47
1371.5264   8.4402E-47
1372.0407   8.9624E-47
1372.5550   9.9898E-47
1373.0692   9.7716E-47
1373.5835   9.4399E-47
1374.0977   8.6932E-47
1374.6120   7.9146E-47
1375.1263   8.1249E-47
1375.6405   8.5827E-47
1376.1548   1.0115E-46
1376.6690   1.0364E-46
1377.1833   1.0513E-46
1377.6975   1.0135E-46
1378.2118   9.2266E-47
1378.7261   9.4070E-47
1379.2403   9.0287E-47
1379.7546   1.0183E-46
1380.2688   1.0825E-46
1380.7831   1.1432E-46
1381.2973   1.1888E-46
1381.8116   1.0751E-46
1382.3259   1.0633E-46
1382.8401   9.5863E-47
1383.3544   1.0262E-46
1383.8686   1.1115E-46
1384.3829   1.1590E-46
1384.8972   1.2913E-46
1385.4114   1.2201E-46
1385.9257   1.2527E-46
1386.4399   1.1344E-46
1386.9542   1.0830E-46
1387.4684   1.1479E-46
1387.9827   1.1698E-46
1388.4970   1.3878E-46
1389.0112   1.3504E-46
1389.5255   1.3866E-46
1390.0397   1.3395E-46
1390.5540   1.2268E-46
1391.0682   1.3069E-46
1391.5825   1.2371E-46
1392.0968   1.4225E-46
1392.6110   1.4767E-46
1393.1253   1.5292E-46
1393.6395   1.5910E-46
1394.1538   1.4032E-46
1394.6680   1.4666E-46
1395.1823   1.3720E-46
1395.6966   1.4680E-46
1396.2108   1.5870E-46
1396.7251   1.6018E-46
1397.2393   1.7689E-46
1397.7536   1.6287E-46
1398.2679   1.6888E-46
1398.7821   1.5669E-46
1399.2964   1.5212E-46
1399.8106   1.7178E-46
1400.3249   1.7085E-46
1400.8391   1.9462E-46
1401.3534   1.8885E-46
1401.8677   1.9216E-46
1402.3819   1.9204E-46
1402.8962   1.7680E-46
1403.4104   1.9101E-46
1403.9247   1.8343E-46
1404.4389   2.0325E-46
1404.9532   2.0909E-46
1405.4675   2.1086E-46
1405.9817   2.2290E-46
1406.4960   2.0464E-46
1407.0102   2.1746E-46
1407.5245   2.1043E-46
1408.0388   2.2005E-46
1408.5530   2.3565E-46
1409.0673   2.3222E-46
1409.5815   2.5193E-46
1410.0958   2.3729E-46
1410.6100   2.4323E-46
1411.1243   2.3868E-46
1411.6386   2.3520E-46
1412.1528   2.5706E-46
1412.6671   2.5200E-46
1413.1813   2.7609E-46
1413.6956   2.7395E-46
1414.2098   2.7593E-46
1414.7241   2.8307E-46
1415.2384   2.7011E-46
1415.7526   2.8966E-46
1416.2669   2.8531E-46
1416.7811   3.0266E-46
1417.2954   3.1136E-46
1417.8097   3.0763E-46
1418.3239   3.2164E-46
1418.8382   3.0122E-46
1419.3524   3.1022E-46
1419.8667   3.1502E-46
1420.3809   3.2875E-46
1420.8952   3.4916E-46
1421.4095   3.4706E-46
1421.9237   3.6823E-46
1422.4380   3.5899E-46
1422.9522   3.6510E-46
1423.4665   3.6755E-46
1423.9807   3.6399E-46
1424.4950   3.8897E-46
1425.0093   3.8724E-46
1425.5235   4.0761E-46
1426.0378   4.1087E-46
1426.5520   4.1340E-46
1427.0663   4.2647E-46
1427.5806   4.2023E-46
1428.0948   4.4253E-46
1428.6091   4.4569E-46
1429.1233   4.6095E-46
1429.6376   4.7167E-46
1430.1518   4.7106E-46
1430.6661   4.8981E-46
1431.1804   4.8299E-46
1431.6946   4.9517E-46
1432.2089   5.0038E-46
1432.7231   5.0911E-46
1433.2374   5.2877E-46
1433.7516   5.3056E-46
1434.2659   5.5034E-46
1434.7802   5.5194E-46
1435.2944   5.6209E-46
1435.8087   5.7297E-46
1436.3229   5.7209E-46
1436.8372   5.9015E-46
1437.3515   6.0098E-46
1437.8657   6.2322E-46
1438.3800   6.3235E-46
1438.8942   6.4054E-46
1439.4085   6.5545E-46
1439.9227   6.5971E-46
1440.4370   6.8194E-46
1440.9513   6.9348E-46
1441.4655   7.1176E-46
1441.9798   7.2873E-46
1442.4940   7.3782E-46
1443.0083   7.5392E-46
1443.5225   7.5745E-46
1444.0368   7.7220E-46
1444.5511   7.8170E-46
1445.0653   7.9487E-46
1445.5796   8.1131E-46
1446.0938   8.2208E-46
1446.6081   8.4238E-46
1447.1224   8.5236E-46
1447.6366   8.6769E-46
1448.1509   8.8039E-46
1448.6651   8.9800E-46
1449.1794   9.1971E-46
1449.6936   9.3374E-46
1450.2079   9.5696E-46
1450.7222   9.7057E-46
1451.2364   9.9004E-46
1451.7507   1.0069E-45
1452.2649   1.0232E-45
1452.7792   1.0452E-45
1453.2934   1.0592E-45
1453.8077   1.0851E-45
1454.3220   1.1024E-45
1454.8362   1.1231E-45
1455.3505   1.1399E-45
1455.8647   1.1527E-45
1456.3790   1.1679E-45
1456.8933   1.1736E-45
1457.4075   1.2030E-45
1457.9218   1.2189E-45
1458.4360   1.2395E-45
1458.9503   1.2686E-45
1459.4645   1.2859E-45
1459.9788   1.3163E-45
1460.4931   1.3306E-45
1461.0073   1.3562E-45
1461.5216   1.3785E-45
1462.0358   1.3992E-45
1462.5501   1.4317E-45
1463.0643   1.4505E-45
1463.5786   1.4851E-45
1464.0929   1.5046E-45
1464.6071   1.5254E-45
1465.1214   1.5526E-45
1465.6356   1.5760E-45
1466.1499   1.6135E-45
1466.6642   1.6315E-45
1467.1784   1.6631E-45
1467.6927   1.6837E-45
1468.2069   1.6989E-45
1468.7212   1.7261E-45
1469.2354   1.7334E-45
1469.7497   1.7642E-45
1470.2640   1.7840E-45
1470.7782   1.8148E-45
1471.2925   1.8497E-45
1471.8067   1.8653E-45
1472.3210   1.9053E-45
1472.8352   1.9237E-45
1473.3495   1.9527E-45
1473.8638   1.9806E-45
1474.3780   2.0100E-45
1474.8923   2.0541E-45
1475.4065   2.0757E-45
1475.9208   2.1176E-45
1476.4351   2.1420E-45
1476.9493   2.1761E-45
1477.4636   2.2129E-45
1477.9778   2.2322E-45
1478.4921   2.2780E-45
1479.0063   2.2982E-45
1479.5206   2.3337E-45
1480.0349   2.3580E-45
1480.5491   2.3707E-45
1481.0634   2.3991E-45
1481.5776   2.4044E-45
1482.0919   2.4407E-45
1482.6061   2.4656E-45
1483.1204   2.5020E-45
1483.6347   2.5466E-45
1484.1489   2.5700E-45
1484.6632   2.6160E-45
1485.1774   2.6357E-45
1485.6917   2.6723E-45
1486.2060   2.7064E-45
1486.7202   2.7331E-45
1487.2345   2.7798E-45
1487.7487   2.8078E-45
1488.2630   2.8584E-45
1488.7772   2.8836E-45
1489.2915   2.9081E-45
1489.8058   2.9435E-45
1490.3200   2.9606E-45
1490.8343   3.0058E-45
1491.3485   3.0295E-45
1491.8628   3.0645E-45
1492.3770   3.0912E-45
1492.8913   3.1011E-45
1493.4056   3.1291E-45
1493.9198   3.1346E-45
1494.4341   3.1697E-45
1494.9483   3.1995E-45
1495.4626   3.2348E-45
1495.9769   3.2786E-45
1496.4911   3.3043E-45
1497.0054   3.3562E-45
1497.5196   3.3814E-45
1498.0339   3.4177E-45
1498.5481   3.4505E-45
1499.0624   3.4834E-45
1499.5767   3.5448E-45
1500.0909   3.5708E-45
1500.6052   3.6092E-45
1501.1194   3.6307E-45
1501.6337   3.6478E-45
1502.1479   3.6764E-45
1502.6622   3.6872E-45
1503.1765   3.7233E-45
1503.6907   3.7409E-45
1504.2050   3.7651E-45
1504.7192   3.7872E-45
1505.2335   3.7899E-45
1505.7478   3.8121E-45
1506.2620   3.8254E-45
1506.7763   3.8586E-45
1507.2905   3.8951E-45
1507.8048   3.9376E-45
1508.3190   3.9822E-45
1508.8333   4.0119E-45
1509.3476   4.0582E-45
1509.8618   4.0836E-45
1510.3761   4.1192E-45
1510.8903   4.1577E-45
1511.4046   4.1894E-45
1511.9188   4.2308E-45
1512.4331   4.2502E-45
1512.9474   4.2801E-45
1513.4616   4.2939E-45
1513.9759   4.3041E-45
1514.4901   4.3211E-45
1515.0044   4.3274E-45
1515.5187   4.3545E-45
1516.0329   4.3699E-45
1516.5472   4.3898E-45
1517.0614   4.4061E-45
1517.5757   4.4197E-45
1518.0899   4.4554E-45
1518.6042   4.4832E-45
1519.1185   4.5288E-45
1519.6327   4.5694E-45
1520.1470   4.6141E-45
1520.6612   4.6639E-45
1521.1755   4.6960E-45
1521.6897   4.7466E-45
1522.2040   4.7811E-45
1522.7183   4.8159E-45
1523.2325   4.8598E-45
1523.7468   4.9000E-45
1524.2610   4.9394E-45
1524.7753   4.9614E-45
1525.2895   4.9863E-45
1525.8038   5.0054E-45
1526.3181   5.0327E-45
1526.8323   5.0572E-45
1527.3466   5.0829E-45
1527.8608   5.1246E-45
1528.3751   5.1566E-45
1528.8894   5.1992E-45
1529.4036   5.2361E-45
1529.9179   5.2748E-45
1530.4321   5.3205E-45
1530.9464   5.3679E-45
1531.4606   5.4324E-45
1531.9749   5.4955E-45
1532.4892   5.5690E-45
1533.0034   5.6340E-45
1533.5177   5.7003E-45
1534.0319   5.7766E-45
1534.5462   5.8477E-45
1535.0604   5.9315E-45
1535.5747   6.0099E-45
1536.0890   6.0980E-45
1536.6032   6.1845E-45
1537.1175   6.2665E-45
1537.6317   6.3559E-45
1538.1460   6.4347E-45
1538.6603   6.5221E-45
1539.1745   6.6079E-45
1539.6888   6.7043E-45
1540.2030   6.7987E-45
1540.7173   6.8875E-45
1541.2315   6.9816E-45
1541.7458   7.0455E-45
1542.2601   7.1266E-45
1542.7743   7.2188E-45
1543.2886   7.3035E-45
1543.8028   7.3999E-45
1544.3171   7.4900E-45
1544.8313   7.5872E-45
1545.3456   7.6766E-45
1545.8599   7.7714E-45
1546.3741   7.8647E-45
1546.8884   7.9520E-45
1547.4026   8.0568E-45
1547.9169   8.1534E-45
1548.4312   8.2620E-45
1548.9454   8.3626E-45
1549.4597   8.4576E-45
1549.9739   8.5544E-45
1550.4882   8.6305E-45
1551.0024   8.7107E-45
1551.5167   8.7655E-45
1552.0310   8.8154E-45
1552.5452   8.8535E-45
1553.0595   8.8645E-45
1553.5737   8.8688E-45
1554.0880   8.8491E-45
1554.6022   8.8502E-45
1555.1165   8.8582E-45
1555.6308   8.8775E-45
1556.1450   8.9256E-45
1556.6593   8.9702E-45
1557.1735   9.0070E-45
1557.6878   9.0120E-45
1558.2021   9.0027E-45
1558.7163   8.9644E-45
1559.2306   8.9051E-45
1559.7448   8.8401E-45
1560.2591   8.7571E-45
1560.7733   8.6864E-45
1561.2876   8.5971E-45
1561.8019   8.5107E-45
1562.3161   8.4345E-45
1562.8304   8.3581E-45
1563.3446   8.3031E-45
1563.8589   8.2410E-45
1564.3731   8.1921E-45
1564.8874   8.1416E-45
1565.4017   8.0933E-45
1565.9159   8.0495E-45
1566.4302   7.9838E-45
1566.9444   7.9288E-45
1567.4587   7.8555E-45
1567.9730   7.7846E-45
1568.4872   7.7141E-45
1569.0015   7.6337E-45
1569.5157   7.5654E-45
1570.0300   7.4823E-45
1570.5442   7.4160E-45
1571.0585   7.3384E-45
1571.5728   7.2638E-45
1572.0870   7.2046E-45
1572.6013   7.1396E-45
1573.1155   7.0994E-45
1573.6298   7.0511E-45
1574.1440   7.0169E-45
1574.6583   6.9785E-45
1575.1726   6.9354E-45
1575.6868   6.9034E-45
1576.2011   6.8545E-45
1576.7153   6.8323E-45
1577.2296   6.7943E-45
1577.7439   6.7557E-45
1578.2581   6.7241E-45
1578.7724   6.6764E-45
1579.2866   6.6476E-45
1579.8009   6.6022E-45
1580.3151   6.5761E-45
1580.8294   6.5540E-45
1581.3437   6.5369E-45
1581.8579   6.5381E-45
1582.3722   6.5202E-45
1582.8864   6.5255E-45
1583.4007   6.5190E-45
1583.9149   6.5224E-45
1584.4292   6.5307E-45
1584.9435   6.5288E-45
1585.4577   6.5530E-45
1585.9720   6.5547E-45
1586.4862   6.5691E-45
1587.0005   6.5651E-45
1587.5148   6.5501E-45
1588.0290   6.5434E-45
1588.5433   6.5067E-45
1589.0575   6.4948E-45
1589.5718   6.4621E-45
1590.0860   6.4404E-45
1590.6003   6.4238E-45
1591.1146   6.3879E-45
1591.6288   6.3776E-45
1592.1431   6.3448E-45
1592.6573   6.3440E-45
1593.1716   6.3415E-45
1593.6858   6.3432E-45
1594.2001   6.3696E-45
1594.7144   6.3737E-45
1595.2286   6.4115E-45
1595.7429   6.4221E-45
1596.2571   6.4421E-45
1596.7714   6.4648E-45
1597.2857   6.4661E-45
1597.7999   6.4936E-45
1598.3142   6.4762E-45
1598.8284   6.4723E-45
1599.3427   6.4455E-45
1599.8569   6.4028E-45
1600.3712   6.3772E-45
1600.8855   6.3189E-45
1601.3997   6.2981E-45
1601.9140   6.2595E-45
1602.4282   6.2397E-45
1602.9425   6.2296E-45
1603.4567   6.2000E-45
1603.9710   6.2080E-45
1604.4853   6.1866E-45
1604.9995   6.2020E-45
1605.5138   6.2117E-45
1606.0280   6.2185E-45
1606.5423   6.2534E-45
1607.0566   6.2473E-45
1607.5708   6.2709E-45
1608.0851   6.2554E-45
1608.5993   6.2387E-45
1609.1136   6.2208E-45
1609.6278   6.1714E-45
1610.1421   6.1556E-45
1610.6564   6.0933E-45
1611.1706   6.0548E-45
1611.6849   6.0017E-45
1612.1991   5.9386E-45
1612.7134   5.9054E-45
1613.2276   5.8380E-45
1613.7419   5.8222E-45
1614.2562   5.7885E-45
1614.7704   5.7730E-45
1615.2847   5.7733E-45
1615.7989   5.7429E-45
1616.3132   5.7511E-45
1616.8275   5.7245E-45
1617.3417   5.7347E-45
1617.8560   5.7347E-45
1618.3702   5.7171E-45
1618.8845   5.7232E-45
1619.3987   5.6719E-45
1619.9130   5.6460E-45
1620.4273   5.5779E-45
1620.9415   5.5080E-45
1621.4558   5.4548E-45
1621.9700   5.3699E-45
1622.4843   5.3331E-45
1622.9985   5.2595E-45
1623.5128   5.2106E-45
1624.0271   5.1677E-45
1624.5413   5.1097E-45
1625.0556   5.0882E-45
1625.5698   5.0340E-45
1626.0841   5.0277E-45
1626.5984   5.0049E-45
1627.1126   4.9836E-45
1627.6269   4.9770E-45
1628.1411   4.9348E-45
1628.6554   4.9340E-45
1629.1696   4.8845E-45
1629.6839   4.8527E-45
1630.1982   4.8150E-45
1630.7124   4.7486E-45
1631.2267   4.7132E-45
1631.7409   4.6283E-45
1632.2552   4.5728E-45
1632.7694   4.4965E-45
1633.2837   4.4219E-45
1633.7980   4.3753E-45
1634.3122   4.2986E-45
1634.8265   4.2649E-45
1635.3407   4.2068E-45
1635.8550   4.1756E-45
1636.3693   4.1500E-45
1636.8835   4.0961E-45
1637.3978   4.0783E-45
1637.9120   4.0345E-45
1638.4263   4.0296E-45
1638.9405   4.0039E-45
1639.4548   3.9663E-45
1639.9691   3.9436E-45
1640.4833   3.8740E-45
1640.9976   3.8321E-45
1641.5118   3.7557E-45
1642.0261   3.6940E-45
1642.5403   3.6425E-45
1643.0546   3.5719E-45
1643.5689   3.5365E-45
1644.0831   3.4662E-45
1644.5974   3.4215E-45
1645.1116   3.3665E-45
1645.6259   3.3051E-45
1646.1402   3.2791E-45
1646.6544   3.2334E-45
1647.1687   3.2179E-45
1647.6829   3.1792E-45
1648.1972   3.1476E-45
1648.7114   3.1248E-45
1649.2257   3.0783E-45
1649.7400   3.0558E-45
1650.2542   3.0041E-45
1650.7685   2.9721E-45
1651.2827   2.9301E-45
1651.7970   2.8712E-45
1652.3112   2.8264E-45
1652.8255   2.7539E-45
1653.3398   2.7102E-45
1653.8540   2.6590E-45
1654.3683   2.6172E-45
1654.8825   2.5875E-45
1655.3968   2.5438E-45
1655.9111   2.5223E-45
1656.4253   2.4762E-45
1656.9396   2.4450E-45
1657.4538   2.4100E-45
1657.9681   2.3713E-45
1658.4823   2.3559E-45
1658.9966   2.3204E-45
1659.5109   2.3074E-45
1660.0251   2.2753E-45
1660.5394   2.2408E-45
1661.0536   2.2071E-45
1661.5679   2.1552E-45
1662.0821   2.1213E-45
1662.5964   2.0647E-45
1663.1107   2.0338E-45
1663.6249   2.0064E-45
1664.1392   1.9688E-45
1664.6534   1.9419E-45
1665.1677   1.8969E-45
1665.6819   1.8706E-45
1666.1962   1.8373E-45
1666.7105   1.8118E-45
1667.2247   1.7948E-45
1667.7390   1.7663E-45
1668.2532   1.7512E-45
1668.7675   1.7161E-45
1669.2818   1.6854E-45
1669.7960   1.6639E-45
1670.3103   1.6408E-45
1670.8245   1.6177E-45
1671.3388   1.5799E-45
1671.8530   1.5606E-45
1672.3673   1.5348E-45
1672.8816   1.5057E-45
1673.3958   1.4783E-45
1673.9101   1.4442E-45
1674.4243   1.4211E-45
1674.9386   1.3845E-45
1675.4528   1.3643E-45
1675.9671   1.3533E-45
1676.4814   1.3353E-45
1676.9956   1.3175E-45
1677.5099   1.2925E-45
1678.0241   1.2753E-45
1678.5384   1.2539E-45
1679.0527   1.2371E-45
1679.5669   1.2206E-45
1680.0812   1.2026E-45
1680.5954   1.1889E-45
1681.1097   1.1666E-45
1681.6239   1.1461E-45
1682.1382   1.1216E-45
1682.6525   1.0963E-45
1683.1667   1.0728E-45
1683.6810   1.0535E-45
1684.1952   1.0387E-45
1684.7095   1.0178E-45
1685.2237   1.0054E-45
1685.7380   9.9153E-46
1686.2523   9.7454E-46
1686.7665   9.6073E-46
1687.2808   9.4655E-46
1687.7950   9.3617E-46
1688.3093   9.2206E-46
1688.8236   9.1102E-46
1689.3378   8.9750E-46
1689.8521   8.8080E-46
1690.3663   8.6622E-46
1690.8806   8.5151E-46
1691.3948   8.3781E-46
1691.9091   8.2230E-46
1692.4234   8.1053E-46
1692.9376   7.9737E-46
1693.4519   7.8375E-46
1693.9661   7.6992E-46
1694.4804   7.5587E-46
1694.9946   7.4047E-46
1695.5089   7.1973E-46
1696.0232   7.1147E-46
1696.5374   7.0884E-46
1697.0517   7.0043E-46
1697.5659   6.9022E-46
1698.0802   6.7934E-46
1698.5945   6.7018E-46
1699.1087   6.5541E-46
1699.6230   6.3917E-46
1700.1372   6.2135E-46
1700.6515   6.1026E-46
1701.1657   6.1140E-46
1701.6800   6.1152E-46
1702.1943   6.0699E-46
1702.7085   5.9402E-46
1703.2228   5.8451E-46
1703.7370   5.7134E-46
1704.2513   5.5733E-46
1704.7655   5.5155E-46
1705.2798   5.4510E-46
1705.7941   5.3641E-46
1706.3083   5.2091E-46
1706.8226   5.1863E-46
1707.3368   5.1358E-46
1707.8511   5.0305E-46
1708.3654   4.9966E-46
1708.8796   4.9144E-46
1709.3939   4.9114E-46
1709.9081   4.8176E-46
1710.4224   4.7509E-46
1710.9366   4.7023E-46
1711.4509   4.5831E-46
1711.9652   4.5435E-46
1712.4794   4.4023E-46
1712.9937   4.3767E-46
1713.5079   4.3069E-46
1714.0222   4.2324E-46
1714.5364   4.2091E-46
1715.0507   4.0407E-46
1715.5650   4.0488E-46
1716.0792   3.9735E-46
1716.5935   3.9340E-46
1717.1077   3.8580E-46
1717.6220   3.7681E-46
1718.1363   3.7974E-46
1718.6505   3.6282E-46
1719.1648   3.6759E-46
1719.6790   3.6062E-46
1720.1933   3.5135E-46
1720.7075   3.5250E-46
1721.2218   3.4211E-46
1721.7361   3.4978E-46
1722.2503   3.4007E-46
1722.7646   3.3947E-46
1723.2788   3.3433E-46
1723.7931   3.2141E-46
1724.3073   3.2381E-46
1724.8216   3.0875E-46
1725.3359   3.1431E-46
1725.8501   3.0927E-46
1726.3644   3.0521E-46
1726.8786   3.0604E-46
1727.3929   2.8884E-46
1727.9072   2.9330E-46
1728.4214   2.7849E-46
1728.9357   2.7933E-46
1729.4499   2.7686E-46
1729.9642   2.6705E-46
1730.4784   2.8021E-46
1730.9927   2.6692E-46
1731.5070   2.7012E-46
1732.0212   2.5684E-46
1732.5355   2.4870E-46
1733.0497   2.4898E-46
1733.5640   2.3422E-46
1734.0782   2.4495E-46
1734.5925   2.2833E-46
1735.1068   2.3838E-46
1735.6210   2.4035E-46
1736.1353   2.2470E-46
1736.6495   2.3313E-46
1737.1638   2.1529E-46
1737.6781   2.2863E-46
1738.1923   2.2405E-46
1738.7066   2.2035E-46
1739.2208   2.2182E-46
1739.7351   1.9471E-46
1740.2493   2.0782E-46
1740.7636   1.9579E-46
1741.2779   1.9829E-46
1741.7921   2.0224E-46
1742.3064   1.9373E-46
1742.8206   2.0731E-46
1743.3349   1.8749E-46
1743.8491   1.9573E-46
1744.3634   1.8487E-46
1744.8777   1.7868E-46
1745.3919   1.8785E-46
1745.9062   1.7142E-46
1746.4204   1.8899E-46
1746.9347   1.7323E-46
1747.4490   1.7535E-46
1747.9632   1.7313E-46
1748.4775   1.5188E-46
1748.9917   1.6531E-46
1749.5060   1.5124E-46
1750.0202   1.6807E-46
1750.5345   1.6382E-46
1751.0488   1.5415E-46
1751.5630   1.6448E-46
1752.0773   1.4892E-46
1752.5915   1.6169E-46
1753.1058   1.4382E-46
1753.6200   1.4724E-46
1754.1343   1.5333E-46
1754.6486   1.4297E-46
1755.1628   1.5906E-46
1755.6771   1.3777E-46
1756.1913   1.4388E-46
1756.7056   1.3193E-46
1757.2199   1.2739E-46
1757.7341   1.4373E-46
1758.2484   1.2827E-46
1758.7626   1.4860E-46
1759.2769   1.3653E-46
1759.7911   1.3697E-46
1760.3054   1.3580E-46
1760.8197   1.1726E-46
1761.3339   1.2776E-46
1761.8482   1.0816E-46
1762.3624   1.2667E-46
1762.8767   1.2638E-46
1763.3909   1.2028E-46
1763.9052   1.3121E-46
1764.4195   1.1033E-46
1764.9337   1.2324E-46
1765.4480   1.0930E-46
1765.9622   1.1457E-46
1766.4765   1.2354E-46
1766.9908   1.1164E-46
1767.5050   1.2448E-46
1768.0193   1.0151E-46
1768.5335   1.0805E-46
1769.0478   1.0365E-46
1769.5620   9.5745E-47
1770.0763   1.0868E-46
1770.5906   9.4562E-47
1771.1048   1.0547E-46
1771.6191   9.7542E-47
1772.1333   9.9293E-47
1772.6476   9.4810E-47
1773.1618   8.4799E-47
1773.6761   1.0422E-46
1774.1904   9.1176E-47
1774.7046   1.0161E-46
1775.2189   9.7368E-47
1775.7331   8.9656E-47
1776.2474   9.8913E-47
1776.7617   8.1180E-47
1777.2759   9.0189E-47
1777.7902   8.1769E-47
1778.3044   8.6171E-47
1778.8187   9.3994E-47
1779.3329   8.5360E-47
1779.8472   9.5953E-47
1780.3615   7.8009E-47
1780.8757   8.2326E-47
1781.3900   8.0711E-47
1781.9042   7.5653E-47
1782.4185   8.4863E-47
1782.9327   7.4838E-47
1783.4470   8.5798E-47
1783.9613   7.6929E-47
1784.4755   7.4494E-47
1784.9898   7.4221E-47
1785.5040   6.6202E-47
1786.0183   7.7506E-47
1786.5326   6.9679E-47
1787.0468   7.7812E-47
1787.5611   7.6959E-47
1788.0753   7.2999E-47
1788.5896   7.6360E-47
1789.1038   6.3205E-47
1789.6181   6.8060E-47
1790.1324   6.1480E-47
1790.6466   6.3080E-47
1791.1609   6.6334E-47
1791.6751   6.1856E-47
1792.1894   6.3652E-47
1792.7036   5.0797E-47
1793.2179   5.9536E-47
1793.7322   6.0233E-47
1794.2464   5.8262E-47
1794.7607   6.4486E-47
1795.2749   5.9423E-47
1795.7892   6.4371E-47
1796.3035   5.7615E-47
1796.8177   5.6849E-47
1797.3320   5.5008E-47
1797.8462   4.9884E-47
1798.3605   5.4991E-47
1798.8747   4.9866E-47
1799.3890   5.0299E-47
1799.9033   4.9915E-47
1800.4175   5.3303E-47
1800.9318   5.3921E-47
1801.4460   4.7471E-47
1801.9603   5.0164E-47
1802.4745   4.7022E-47
1802.9888   4.8887E-47
1803.5031   4.8929E-47
1804.0173   4.6968E-47
1804.5316   4.8019E-47
1805.0458   4.2849E-47
1805.5601   4.3378E-47
1806.0743   4.0712E-47
1806.5886   4.1394E-47
1807.1029   4.2943E-47
1807.6171   4.1856E-47
1808.1314   4.3923E-47
1808.6456   4.0603E-47
1809.1599   4.0006E-47
1809.6742   3.7532E-47
1810.1884   3.3652E-47
1810.7027   3.1516E-47
1811.2169   3.2091E-47
1811.7312   3.4832E-47
1812.2454   3.3397E-47
1812.7597   3.3955E-47
1813.2740   3.3032E-47
1813.7882   3.2019E-47
1814.3025   3.2127E-47
1814.8167   3.1255E-47
1815.3310   3.1911E-47
1815.8452   3.0504E-47
1816.3595   3.0229E-47
1816.8738   2.8835E-47
1817.3880   2.6770E-47
1817.9023   2.5198E-47
1818.4165   2.2873E-47
1818.9308   2.2807E-47
1819.4451   2.2288E-47
1819.9593   2.3078E-47
1820.4736   2.2762E-47
1820.9878   2.2967E-47
1821.5021   2.3009E-47
1822.0163   2.2032E-47
1822.5306   2.1401E-47
1823.0449   1.9256E-47
1823.5591   1.8703E-47
1824.0734   1.6919E-47
1824.5876   1.5003E-47
1825.1019   1.0800E-47
1825.6161   1.1342E-47
1826.1304   1.3810E-47
1826.6447   1.2203E-47
1827.1589   1.3091E-47
1827.6732   1.1537E-47
1828.1874   1.2288E-47
1828.7017   9.9516E-48
1829.2160   8.0136E-48
1829.7302   6.7180E-48
1830.2445   2.7456E-48
1830.7587   7.1203E-48
1831.2730   6.6081E-48
1831.7872   5.7103E-48
1832.3015   5.7486E-48
1832.8158   4.5990E-48
1833.3300   6.8371E-48
1833.8443   4.7952E-48
1834.3585   5.7867E-48
1834.8728   3.8069E-48
1835.3870   3.4584E-48
1835.9013   4.4429E-48
1836.4156   2.6775E-48
1836.9298   4.6594E-48
1837.4441   1.8719E-48
1837.9583   3.3965E-48
1838.4726   1.3358E-48
1838.9869  -1.7353E-48
1839.5011  -1.3326E-48
1840.0154  -4.7597E-48
1840.5296  -1.3855E-48
1841.0439  -2.2453E-48
1841.5581  -4.0323E-49
1842.0724   5.5903E-49
1842.5867  -2.9346E-48
1843.1009  -8.0565E-49
1843.6152  -9.1252E-48
1844.1294  -1.5091E-47
1844.6437  -1.2479E-47
1845.1579  -5.4237E-48
1845.6722  -2.4774E-48
1846.1865  -5.6555E-48
1846.7007  -3.0836E-48
1847.2150  -8.3657E-48
1847.7292  -7.7625E-48
1848.2435  -6.7009E-48
1848.7578  -6.8044E-48
1849.2720  -9.7742E-49
1849.7863  -3.3071E-48
               O2-O2  1300.045  1848.758   1068  213.0 8.338E-45 0.500                            42
1300.0446   2.3246E-47
1300.5589   1.1885E-47
1301.0731  -1.7961E-48
1301.5874   6.6011E-48
1302.1016   7.7061E-48
1302.6159   1.5645E-47
1303.1301   1.3137E-47
1303.6444   1.1641E-47
1304.1587   1.2420E-47
1304.6729   9.4848E-48
1305.1872   1.5571E-47
1305.7014   1.5133E-47
1306.2157   1.6358E-47
1306.7300   1.6137E-47
1307.2442   1.3256E-47
1307.7585   2.0135E-47
1308.2727   5.8584E-48
1308.7870   6.1138E-48
1309.3012   3.8443E-48
1309.8155   6.1261E-48
1310.3298   1.2164E-47
1310.8440   1.4101E-47
1311.3583   2.4248E-47
1311.8725   1.5597E-47
1312.3868   1.0212E-47
1312.9010   7.7780E-48
1313.4153   9.1550E-48
1313.9296   8.1929E-48
1314.4438   6.2482E-48
1314.9581   1.1745E-47
1315.4723   1.0811E-47
1315.9866   1.3041E-47
1316.5009   1.4322E-47
1317.0151   1.3898E-47
1317.5294   1.0547E-47
1318.0436   7.6773E-48
1318.5579   7.3113E-48
1319.0721   8.6709E-48
1319.5864   1.0492E-47
1320.1007   1.2836E-47
1320.6149   1.1434E-47
1321.1292   1.6416E-47
1321.6434   1.8243E-47
1322.1577   1.8433E-47
1322.6719   1.7374E-47
1323.1862   1.4487E-47
1323.7005   1.6411E-47
1324.2147   1.3864E-47
1324.7290   1.4984E-47
1325.2432   1.2867E-47
1325.7575   1.5830E-47
1326.2718   2.2226E-47
1326.7860   2.0599E-47
1327.3003   1.8484E-47
1327.8145   1.7760E-47
1328.3288   1.6749E-47
1328.8430   1.9567E-47
1329.3573   1.6656E-47
1329.8716   1.5010E-47
1330.3858   1.5648E-47
1330.9001   2.0093E-47
1331.4143   1.8571E-47
1331.9286   1.7911E-47
1332.4428   1.8536E-47
1332.9571   1.8690E-47
1333.4714   1.9743E-47
1333.9856   1.9025E-47
1334.4999   1.8273E-47
1335.0141   1.6749E-47
1335.5284   2.0807E-47
1336.0427   1.9516E-47
1336.5569   1.7888E-47
1337.0712   1.8049E-47
1337.5854   1.8052E-47
1338.0997   1.7498E-47
1338.6139   1.8081E-47
1339.1282   1.6817E-47
1339.6425   2.0054E-47
1340.1567   1.9530E-47
1340.6710   2.2924E-47
1341.1852   2.3620E-47
1341.6995   2.4240E-47
1342.2137   2.4614E-47
1342.7280   2.5266E-47
1343.2423   2.5108E-47
1343.7565   2.6421E-47
1344.2708   3.0522E-47
1344.7850   3.2085E-47
1345.2993   3.2754E-47
1345.8136   3.7439E-47
1346.3278   4.1132E-47
1346.8421   4.6807E-47
1347.3563   4.1754E-47
1347.8706   4.2083E-47
1348.3848   4.1046E-47
1348.8991   3.4388E-47
1349.4134   3.5588E-47
1349.9276   3.2295E-47
1350.4419   3.5125E-47
1350.9561   3.6995E-47
1351.4704   3.7577E-47
1351.9846   4.1088E-47
1352.4989   4.3571E-47
1353.0132   4.7271E-47
1353.5274   4.6655E-47
1354.0417   3.9388E-47
1354.5559   3.9716E-47
1355.0702   3.9761E-47
1355.5845   4.6063E-47
1356.0987   4.6737E-47
1356.6130   5.0086E-47
1357.1272   5.0720E-47
1357.6415   4.9054E-47
1358.1557   4.7478E-47
1358.6700   3.9711E-47
1359.1843   3.9647E-47
1359.6985   4.1729E-47
1360.2128   4.7510E-47
1360.7270   4.9780E-47
1361.2413   5.0447E-47
1361.7555   5.4165E-47
1362.2698   4.6758E-47
1362.7841   4.2743E-47
1363.2983   4.1146E-47
1363.8126   4.5693E-47
1364.3268   5.5231E-47
1364.8411   5.8526E-47
1365.3554   6.2940E-47
1365.8696   6.2037E-47
1366.3839   5.9056E-47
1366.8981   5.5958E-47
1367.4124   5.3717E-47
1367.9266   5.5131E-47
1368.4409   5.8247E-47
1368.9552   6.6057E-47
1369.4694   7.0552E-47
1369.9837   7.0087E-47
1370.4979   6.6475E-47
1371.0122   6.1920E-47
1371.5264   6.1662E-47
1372.0407   6.2957E-47
1372.5550   6.9947E-47
1373.0692   7.4337E-47
1373.5835   7.2734E-47
1374.0977   7.3397E-47
1374.6120   6.8824E-47
1375.1263   6.8427E-47
1375.6405   6.6478E-47
1376.1548   7.5822E-47
1376.6690   8.1269E-47
1377.1833   8.7190E-47
1377.6975   9.1364E-47
1378.2118   8.9445E-47
1378.7261   8.7643E-47
1379.2403   8.4877E-47
1379.7546   8.1327E-47
1380.2688   8.6445E-47
1380.7831   9.3492E-47
1381.2973   1.0146E-46
1381.8116   1.0138E-46
1382.3259   1.0319E-46
1382.8401   9.8641E-47
1383.3544   9.7092E-47
1383.8686   9.8265E-47
1384.3829   1.0077E-46
1384.8972   1.1108E-46
1385.4114   1.1456E-46
1385.9257   1.1839E-46
1386.4399   1.1490E-46
1386.9542   1.0482E-46
1387.4684   1.0953E-46
1387.9827   1.0791E-46
1388.4970   1.2042E-46
1389.0112   1.2563E-46
1389.5255   1.3319E-46
1390.0397   1.3866E-46
1390.5540   1.3556E-46
1391.0682   1.3532E-46
1391.5825   1.2947E-46
1392.0968   1.3429E-46
1392.6110   1.4002E-46
1393.1253   1.4500E-46
1393.6395   1.5228E-46
1394.1538   1.4143E-46
1394.6680   1.4378E-46
1395.1823   1.4540E-46
1395.6966   1.4199E-46
1396.2108   1.4966E-46
1396.7251   1.5722E-46
1397.2393   1.6539E-46
1397.7536   1.7203E-46
1398.2679   1.6778E-46
1398.7821   1.6916E-46
1399.2964   1.6418E-46
1399.8106   1.7568E-46
1400.3249   1.7678E-46
1400.8391   1.8763E-46
1401.3534   1.9416E-46
1401.8677   1.9734E-46
1402.3819   2.0275E-46
1402.8962   2.0497E-46
1403.4104   2.0832E-46
1403.9247   2.0456E-46
1404.4389   2.0806E-46
1404.9532   2.1227E-46
1405.4675   2.2162E-46
1405.9817   2.2822E-46
1406.4960   2.3440E-46
1407.0102   2.4160E-46
1407.5245   2.3872E-46
1408.0388   2.3855E-46
1408.5530   2.4693E-46
1409.0673   2.5055E-46
1409.5815   2.6508E-46
1410.0958   2.6809E-46
1410.6100   2.7381E-46
1411.1243   2.7708E-46
1411.6386   2.7328E-46
1412.1528   2.8158E-46
1412.6671   2.8346E-46
1413.1813   2.9577E-46
1413.6956   3.0489E-46
1414.2098   3.1077E-46
1414.7241   3.1939E-46
1415.2384   3.1703E-46
1415.7526   3.2229E-46
1416.2669   3.2367E-46
1416.7811   3.3090E-46
1417.2954   3.3776E-46
1417.8097   3.4438E-46
1418.3239   3.5833E-46
1418.8382   3.4728E-46
1419.3524   3.4562E-46
1419.8667   3.6068E-46
1420.3809   3.7405E-46
1420.8952   3.8733E-46
1421.4095   3.9386E-46
1421.9237   4.0813E-46
1422.4380   4.1420E-46
1422.9522   4.1897E-46
1423.4665   4.1928E-46
1423.9807   4.1738E-46
1424.4950   4.3469E-46
1425.0093   4.4376E-46
1425.5235   4.5806E-46
1426.0378   4.7096E-46
1426.5520   4.7923E-46
1427.0663   4.9118E-46
1427.5806   4.9424E-46
1428.0948   5.0428E-46
1428.6091   5.1145E-46
1429.1233   5.2076E-46
1429.6376   5.2590E-46
1430.1518   5.3299E-46
1430.6661   5.5450E-46
1431.1804   5.6240E-46
1431.6946   5.6917E-46
1432.2089   5.7600E-46
1432.7231   5.8335E-46
1433.2374   5.9707E-46
1433.7516   6.0696E-46
1434.2659   6.2259E-46
1434.7802   6.3323E-46
1435.2944   6.4226E-46
1435.8087   6.5075E-46
1436.3229   6.4355E-46
1436.8372   6.4977E-46
1437.3515   6.7617E-46
1437.8657   7.0100E-46
1438.3800   7.1689E-46
1438.8942   7.3043E-46
1439.4085   7.4622E-46
1439.9227   7.5886E-46
1440.4370   7.7435E-46
1440.9513   7.8766E-46
1441.4655   8.0162E-46
1441.9798   8.1710E-46
1442.4940   8.3056E-46
1443.0083   8.4604E-46
1443.5225   8.5689E-46
1444.0368   8.6846E-46
1444.5511   8.7994E-46
1445.0653   8.9246E-46
1445.5796   9.0746E-46
1446.0938   9.2113E-46
1446.6081   9.3875E-46
1447.1224   9.5574E-46
1447.6366   9.6728E-46
1448.1509   9.8207E-46
1448.6651   1.0047E-45
1449.1794   1.0231E-45
1449.6936   1.0391E-45
1450.2079   1.0575E-45
1450.7222   1.0743E-45
1451.2364   1.0936E-45
1451.7507   1.1113E-45
1452.2649   1.1322E-45
1452.7792   1.1564E-45
1453.2934   1.1749E-45
1453.8077   1.1944E-45
1454.3220   1.2118E-45
1454.8362   1.2269E-45
1455.3505   1.2418E-45
1455.8647   1.2595E-45
1456.3790   1.2668E-45
1456.8933   1.2744E-45
1457.4075   1.3057E-45
1457.9218   1.3238E-45
1458.4360   1.3412E-45
1458.9503   1.3671E-45
1459.4645   1.3922E-45
1459.9788   1.4260E-45
1460.4931   1.4493E-45
1461.0073   1.4724E-45
1461.5216   1.4941E-45
1462.0358   1.5150E-45
1462.5501   1.5394E-45
1463.0643   1.5601E-45
1463.5786   1.5879E-45
1464.0929   1.6124E-45
1464.6071   1.6318E-45
1465.1214   1.6575E-45
1465.6356   1.6883E-45
1466.1499   1.7171E-45
1466.6642   1.7391E-45
1467.1784   1.7639E-45
1467.6927   1.7862E-45
1468.2069   1.8066E-45
1468.7212   1.8289E-45
1469.2354   1.8453E-45
1469.7497   1.8666E-45
1470.2640   1.8849E-45
1470.7782   1.9075E-45
1471.2925   1.9318E-45
1471.8067   1.9520E-45
1472.3210   1.9888E-45
1472.8352   2.0202E-45
1473.3495   2.0449E-45
1473.8638   2.0742E-45
1474.3780   2.1054E-45
1474.8923   2.1358E-45
1475.4065   2.1602E-45
1475.9208   2.1834E-45
1476.4351   2.2119E-45
1476.9493   2.2546E-45
1477.4636   2.2888E-45
1477.9778   2.3124E-45
1478.4921   2.3412E-45
1479.0063   2.3628E-45
1479.5206   2.3885E-45
1480.0349   2.4126E-45
1480.5491   2.4325E-45
1481.0634   2.4533E-45
1481.5776   2.4717E-45
1482.0919   2.4994E-45
1482.6061   2.5208E-45
1483.1204   2.5485E-45
1483.6347   2.5821E-45
1484.1489   2.6124E-45
1484.6632   2.6492E-45
1485.1774   2.6794E-45
1485.6917   2.7110E-45
1486.2060   2.7392E-45
1486.7202   2.7627E-45
1487.2345   2.7883E-45
1487.7487   2.8221E-45
1488.2630   2.8646E-45
1488.7772   2.8935E-45
1489.2915   2.9169E-45
1489.8058   2.9425E-45
1490.3200   2.9639E-45
1490.8343   2.9874E-45
1491.3485   3.0123E-45
1491.8628   3.0408E-45
1492.3770   3.0642E-45
1492.8913   3.0842E-45
1493.4056   3.1069E-45
1493.9198   3.1238E-45
1494.4341   3.1469E-45
1494.9483   3.1695E-45
1495.4626   3.1974E-45
1495.9769   3.2264E-45
1496.4911   3.2600E-45
1497.0054   3.3060E-45
1497.5196   3.3390E-45
1498.0339   3.3678E-45
1498.5481   3.3821E-45
1499.0624   3.4073E-45
1499.5767   3.4526E-45
1500.0909   3.4828E-45
1500.6052   3.5146E-45
1501.1194   3.5408E-45
1501.6337   3.5615E-45
1502.1479   3.5831E-45
1502.6622   3.5990E-45
1503.1765   3.6161E-45
1503.6907   3.6293E-45
1504.2050   3.6474E-45
1504.7192   3.6662E-45
1505.2335   3.6765E-45
1505.7478   3.6925E-45
1506.2620   3.7089E-45
1506.7763   3.7252E-45
1507.2905   3.7536E-45
1507.8048   3.7922E-45
1508.3190   3.8260E-45
1508.8333   3.8638E-45
1509.3476   3.9040E-45
1509.8618   3.9343E-45
1510.3761   3.9702E-45
1510.8903   3.9992E-45
1511.4046   4.0227E-45
1511.9188   4.0416E-45
1512.4331   4.0611E-45
1512.9474   4.0928E-45
1513.4616   4.1142E-45
1513.9759   4.1301E-45
1514.4901   4.1388E-45
1515.0044   4.1441E-45
1515.5187   4.1610E-45
1516.0329   4.1713E-45
1516.5472   4.1841E-45
1517.0614   4.2045E-45
1517.5757   4.2280E-45
1518.0899   4.2657E-45
1518.6042   4.2993E-45
1519.1185   4.3304E-45
1519.6327   4.3549E-45
1520.1470   4.3842E-45
1520.6612   4.4303E-45
1521.1755   4.4689E-45
1521.6897   4.5216E-45
1522.2040   4.5673E-45
1522.7183   4.5962E-45
1523.2325   4.6334E-45
1523.7468   4.6676E-45
1524.2610   4.6976E-45
1524.7753   4.7224E-45
1525.2895   4.7463E-45
1525.8038   4.7756E-45
1526.3181   4.8098E-45
1526.8323   4.8310E-45
1527.3466   4.8523E-45
1527.8608   4.8842E-45
1528.3751   4.9135E-45
1528.8894   4.9558E-45
1529.4036   5.0050E-45
1529.9179   5.0526E-45
1530.4321   5.0993E-45
1530.9464   5.1466E-45
1531.4606   5.1962E-45
1531.9749   5.2534E-45
1532.4892   5.3165E-45
1533.0034   5.3738E-45
1533.5177   5.4403E-45
1534.0319   5.5173E-45
1534.5462   5.5979E-45
1535.0604   5.6742E-45
1535.5747   5.7452E-45
1536.0890   5.8234E-45
1536.6032   5.9028E-45
1537.1175   5.9871E-45
1537.6317   6.0702E-45
1538.1460   6.1476E-45
1538.6603   6.2276E-45
1539.1745   6.3089E-45
1539.6888   6.3923E-45
1540.2030   6.4647E-45
1540.7173   6.5431E-45
1541.2315   6.6242E-45
1541.7458   6.6825E-45
1542.2601   6.7574E-45
1542.7743   6.8464E-45
1543.2886   6.9221E-45
1543.8028   7.0000E-45
1544.3171   7.0826E-45
1544.8313   7.1605E-45
1545.3456   7.2422E-45
1545.8599   7.3358E-45
1546.3741   7.4234E-45
1546.8884   7.5079E-45
1547.4026   7.5925E-45
1547.9169   7.6727E-45
1548.4312   7.7583E-45
1548.9454   7.8404E-45
1549.4597   7.9199E-45
1549.9739   7.9979E-45
1550.4882   8.0730E-45
1551.0024   8.1394E-45
1551.5167   8.1820E-45
1552.0310   8.2137E-45
1552.5452   8.2312E-45
1553.0595   8.2391E-45
1553.5737   8.2379E-45
1554.0880   8.2233E-45
1554.6022   8.2226E-45
1555.1165   8.2347E-45
1555.6308   8.2536E-45
1556.1450   8.2853E-45
1556.6593   8.3241E-45
1557.1735   8.3384E-45
1557.6878   8.3358E-45
1558.2021   8.3316E-45
1558.7163   8.3038E-45
1559.2306   8.2579E-45
1559.7448   8.1889E-45
1560.2591   8.1168E-45
1560.7733   8.0511E-45
1561.2876   7.9729E-45
1561.8019   7.8990E-45
1562.3161   7.8303E-45
1562.8304   7.7701E-45
1563.3446   7.7172E-45
1563.8589   7.6682E-45
1564.3731   7.6182E-45
1564.8874   7.5642E-45
1565.4017   7.5276E-45
1565.9159   7.4859E-45
1566.4302   7.4339E-45
1566.9444   7.3811E-45
1567.4587   7.3178E-45
1567.9730   7.2544E-45
1568.4872   7.1772E-45
1569.0015   7.1005E-45
1569.5157   7.0279E-45
1570.0300   6.9584E-45
1570.5442   6.9014E-45
1571.0585   6.8349E-45
1571.5728   6.7736E-45
1572.0870   6.7137E-45
1572.6013   6.6571E-45
1573.1155   6.6104E-45
1573.6298   6.5645E-45
1574.1440   6.5286E-45
1574.6583   6.4902E-45
1575.1726   6.4575E-45
1575.6868   6.4180E-45
1576.2011   6.3730E-45
1576.7153   6.3419E-45
1577.2296   6.3026E-45
1577.7439   6.2673E-45
1578.2581   6.2327E-45
1578.7724   6.1989E-45
1579.2866   6.1689E-45
1579.8009   6.1358E-45
1580.3151   6.1114E-45
1580.8294   6.0834E-45
1581.3437   6.0646E-45
1581.8579   6.0491E-45
1582.3722   6.0365E-45
1582.8864   6.0340E-45
1583.4007   6.0286E-45
1583.9149   6.0330E-45
1584.4292   6.0319E-45
1584.9435   6.0350E-45
1585.4577   6.0411E-45
1585.9720   6.0418E-45
1586.4862   6.0493E-45
1587.0005   6.0454E-45
1587.5148   6.0427E-45
1588.0290   6.0296E-45
1588.5433   6.0085E-45
1589.0575   5.9872E-45
1589.5718   5.9539E-45
1590.0860   5.9337E-45
1590.6003   5.9096E-45
1591.1146   5.8906E-45
1591.6288   5.8760E-45
1592.1431   5.8629E-45
1592.6573   5.8641E-45
1593.1716   5.8568E-45
1593.6858   5.8625E-45
1594.2001   5.8666E-45
1594.7144   5.8806E-45
1595.2286   5.9104E-45
1595.7429   5.9257E-45
1596.2571   5.9493E-45
1596.7714   5.9626E-45
1597.2857   5.9752E-45
1597.7999   5.9806E-45
1598.3142   5.9724E-45
1598.8284   5.9686E-45
1599.3427   5.9461E-45
1599.8569   5.9285E-45
1600.3712   5.8997E-45
1600.8855   5.8640E-45
1601.3997   5.8384E-45
1601.9140   5.8080E-45
1602.4282   5.7930E-45
1602.9425   5.7689E-45
1603.4567   5.7617E-45
1603.9710   5.7671E-45
1604.4853   5.7664E-45
1604.9995   5.7808E-45
1605.5138   5.7826E-45
1606.0280   5.7994E-45
1606.5423   5.8104E-45
1607.0566   5.8188E-45
1607.5708   5.8391E-45
1608.0851   5.8398E-45
1608.5993   5.8410E-45
1609.1136   5.8124E-45
1609.6278   5.7845E-45
1610.1421   5.7585E-45
1610.6564   5.7144E-45
1611.1706   5.6824E-45
1611.6849   5.6356E-45
1612.1991   5.6015E-45
1612.7134   5.5632E-45
1613.2276   5.5271E-45
1613.7419   5.5063E-45
1614.2562   5.4756E-45
1614.7704   5.4694E-45
1615.2847   5.4580E-45
1615.7989   5.4584E-45
1616.3132   5.4566E-45
1616.8275   5.4480E-45
1617.3417   5.4638E-45
1617.8560   5.4541E-45
1618.3702   5.4511E-45
1618.8845   5.4372E-45
1619.3987   5.4116E-45
1619.9130   5.3881E-45
1620.4273   5.3401E-45
1620.9415   5.3004E-45
1621.4558   5.2410E-45
1621.9700   5.1815E-45
1622.4843   5.1268E-45
1622.9985   5.0676E-45
1623.5128   5.0300E-45
1624.0271   4.9912E-45
1624.5413   4.9699E-45
1625.0556   4.9385E-45
1625.5698   4.9095E-45
1626.0841   4.8959E-45
1626.5984   4.8688E-45
1627.1126   4.8600E-45
1627.6269   4.8365E-45
1628.1411   4.8300E-45
1628.6554   4.8298E-45
1629.1696   4.8022E-45
1629.6839   4.7825E-45
1630.1982   4.7343E-45
1630.7124   4.6901E-45
1631.2267   4.6368E-45
1631.7409   4.5756E-45
1632.2552   4.5262E-45
1632.7694   4.4622E-45
1633.2837   4.4157E-45
1633.7980   4.3565E-45
1634.3122   4.3011E-45
1634.8265   4.2495E-45
1635.3407   4.2004E-45
1635.8550   4.1846E-45
1636.3693   4.1578E-45
1636.8835   4.1354E-45
1637.3978   4.1014E-45
1637.9120   4.0776E-45
1638.4263   4.0718E-45
1638.9405   4.0389E-45
1639.4548   4.0188E-45
1639.9691   3.9820E-45
1640.4833   3.9437E-45
1640.9976   3.9045E-45
1641.5118   3.8440E-45
1642.0261   3.7940E-45
1642.5403   3.7281E-45
1643.0546   3.6771E-45
1643.5689   3.6254E-45
1644.0831   3.5722E-45
1644.5974   3.5341E-45
1645.1116   3.4830E-45
1645.6259   3.4399E-45
1646.1402   3.3937E-45
1646.6544   3.3635E-45
1647.1687   3.3312E-45
1647.6829   3.2931E-45
1648.1972   3.2761E-45
1648.7114   3.2519E-45
1649.2257   3.2395E-45
1649.7400   3.2116E-45
1650.2542   3.1726E-45
1650.7685   3.1360E-45
1651.2827   3.0829E-45
1651.7970   3.0346E-45
1652.3112   2.9732E-45
1652.8255   2.9193E-45
1653.3398   2.8731E-45
1653.8540   2.8309E-45
1654.3683   2.7957E-45
1654.8825   2.7502E-45
1655.3968   2.7209E-45
1655.9111   2.6860E-45
1656.4253   2.6524E-45
1656.9396   2.6295E-45
1657.4538   2.5971E-45
1657.9681   2.5748E-45
1658.4823   2.5445E-45
1658.9966   2.5165E-45
1659.5109   2.4921E-45
1660.0251   2.4579E-45
1660.5394   2.4322E-45
1661.0536   2.3926E-45
1661.5679   2.3580E-45
1662.0821   2.3162E-45
1662.5964   2.2608E-45
1663.1107   2.2254E-45
1663.6249   2.1911E-45
1664.1392   2.1609E-45
1664.6534   2.1256E-45
1665.1677   2.0943E-45
1665.6819   2.0665E-45
1666.1962   2.0343E-45
1666.7105   2.0093E-45
1667.2247   1.9774E-45
1667.7390   1.9485E-45
1668.2532   1.9197E-45
1668.7675   1.8880E-45
1669.2818   1.8610E-45
1669.7960   1.8471E-45
1670.3103   1.8371E-45
1670.8245   1.8004E-45
1671.3388   1.7552E-45
1671.8530   1.7304E-45
1672.3673   1.7107E-45
1672.8816   1.6848E-45
1673.3958   1.6553E-45
1673.9101   1.6286E-45
1674.4243   1.5976E-45
1674.9386   1.5539E-45
1675.4528   1.5228E-45
1675.9671   1.5120E-45
1676.4814   1.5010E-45
1676.9956   1.4791E-45
1677.5099   1.4606E-45
1678.0241   1.4427E-45
1678.5384   1.4232E-45
1679.0527   1.4032E-45
1679.5669   1.3756E-45
1680.0812   1.3536E-45
1680.5954   1.3352E-45
1681.1097   1.3203E-45
1681.6239   1.3004E-45
1682.1382   1.2756E-45
1682.6525   1.2477E-45
1683.1667   1.2143E-45
1683.6810   1.1918E-45
1684.1952   1.1717E-45
1684.7095   1.1534E-45
1685.2237   1.1424E-45
1685.7380   1.1308E-45
1686.2523   1.1157E-45
1686.7665   1.0979E-45
1687.2808   1.0823E-45
1687.7950   1.0634E-45
1688.3093   1.0435E-45
1688.8236   1.0319E-45
1689.3378   1.0184E-45
1689.8521   9.9857E-46
1690.3663   9.8387E-46
1690.8806   9.7667E-46
1691.3948   9.6118E-46
1691.9091   9.4292E-46
1692.4234   9.2683E-46
1692.9376   9.0994E-46
1693.4519   8.9540E-46
1693.9661   8.7852E-46
1694.4804   8.6464E-46
1694.9946   8.4287E-46
1695.5089   8.1732E-46
1696.0232   8.0829E-46
1696.5374   8.0675E-46
1697.0517   7.9343E-46
1697.5659   7.7720E-46
1698.0802   7.7214E-46
1698.5945   7.6387E-46
1699.1087   7.4788E-46
1699.6230   7.2595E-46
1700.1372   7.0338E-46
1700.6515   6.8674E-46
1701.1657   6.8426E-46
1701.6800   6.9182E-46
1702.1943   6.8620E-46
1702.7085   6.7545E-46
1703.2228   6.6672E-46
1703.7370   6.5137E-46
1704.2513   6.3358E-46
1704.7655   6.2260E-46
1705.2798   6.2151E-46
1705.7941   6.0453E-46
1706.3083   5.8573E-46
1706.8226   5.8659E-46
1707.3368   5.8358E-46
1707.8511   5.8082E-46
1708.3654   5.7218E-46
1708.8796   5.6370E-46
1709.3939   5.5542E-46
1709.9081   5.3821E-46
1710.4224   5.3248E-46
1710.9366   5.2877E-46
1711.4509   5.2631E-46
1711.9652   5.1865E-46
1712.4794   5.0739E-46
1712.9937   5.0060E-46
1713.5079   4.8274E-46
1714.0222   4.7343E-46
1714.5364   4.6514E-46
1715.0507   4.5647E-46
1715.5650   4.5725E-46
1716.0792   4.5674E-46
1716.5935   4.5363E-46
1717.1077   4.3245E-46
1717.6220   4.2644E-46
1718.1363   4.1535E-46
1718.6505   3.9809E-46
1719.1648   4.0962E-46
1719.6790   4.1197E-46
1720.1933   4.1280E-46
1720.7075   4.0306E-46
1721.2218   3.9778E-46
1721.7361   3.9150E-46
1722.2503   3.8119E-46
1722.7646   3.8205E-46
1723.2788   3.6861E-46
1723.7931   3.7247E-46
1724.3073   3.6964E-46
1724.8216   3.6360E-46
1725.3359   3.6067E-46
1725.8501   3.4723E-46
1726.3644   3.4833E-46
1726.8786   3.3800E-46
1727.3929   3.3850E-46
1727.9072   3.3723E-46
1728.4214   3.2875E-46
1728.9357   3.3065E-46
1729.4499   3.0922E-46
1729.9642   3.0155E-46
1730.4784   3.0005E-46
1730.9927   3.0484E-46
1731.5070   3.0754E-46
1732.0212   2.9588E-46
1732.5355   3.0266E-46
1733.0497   2.8326E-46
1733.5640   2.7784E-46
1734.0782   2.6668E-46
1734.5925   2.5013E-46
1735.1068   2.7261E-46
1735.6210   2.7191E-46
1736.1353   2.7925E-46
1736.6495   2.7273E-46
1737.1638   2.6522E-46
1737.6781   2.6571E-46
1738.1923   2.5152E-46
1738.7066   2.5936E-46
1739.2208   2.4294E-46
1739.7351   2.3852E-46
1740.2493   2.4538E-46
1740.7636   2.4478E-46
1741.2779   2.4974E-46
1741.7921   2.3282E-46
1742.3064   2.3540E-46
1742.8206   2.2120E-46
1743.3349   2.1545E-46
1743.8491   2.2846E-46
1744.3634   2.2240E-46
1744.8777   2.3471E-46
1745.3919   2.1836E-46
1745.9062   2.1474E-46
1746.4204   2.1230E-46
1746.9347   1.9663E-46
1747.4490   2.0793E-46
1747.9632   1.9865E-46
1748.4775   2.0242E-46
1748.9917   1.9586E-46
1749.5060   1.9608E-46
1750.0202   2.0293E-46
1750.5345   1.8046E-46
1751.0488   1.7754E-46
1751.5630   1.7462E-46
1752.0773   1.9496E-46
1752.5915   1.9987E-46
1753.1058   1.9053E-46
1753.6200   1.9948E-46
1754.1343   1.8204E-46
1754.6486   1.8837E-46
1755.1628   1.8165E-46
1755.6771   1.7956E-46
1756.1913   1.8475E-46
1756.7056   1.6506E-46
1757.2199   1.8140E-46
1757.7341   1.7440E-46
1758.2484   1.7348E-46
1758.7626   1.7298E-46
1759.2769   1.6410E-46
1759.7911   1.7776E-46
1760.3054   1.6619E-46
1760.8197   1.7685E-46
1761.3339   1.6414E-46
1761.8482   1.5182E-46
1762.3624   1.6293E-46
1762.8767   1.5263E-46
1763.3909   1.6421E-46
1763.9052   1.5619E-46
1764.4195   1.6183E-46
1764.9337   1.6566E-46
1765.4480   1.5501E-46
1765.9622   1.6429E-46
1766.4765   1.4735E-46
1766.9908   1.5304E-46
1767.5050   1.4307E-46
1768.0193   1.2991E-46
1768.5335   1.4458E-46
1769.0478   1.4452E-46
1769.5620   1.5499E-46
1770.0763   1.4133E-46
1770.5906   1.3637E-46
1771.1048   1.2620E-46
1771.6191   1.2271E-46
1772.1333   1.3928E-46
1772.6476   1.2279E-46
1773.1618   1.3937E-46
1773.6761   1.4116E-46
1774.1904   1.3369E-46
1774.7046   1.3693E-46
1775.2189   1.1922E-46
1775.7331   1.2717E-46
1776.2474   1.2645E-46
1776.7617   1.3355E-46
1777.2759   1.3554E-46
1777.7902   1.2675E-46
1778.3044   1.3254E-46
1778.8187   1.1755E-46
1779.3329   1.2159E-46
1779.8472   1.1757E-46
1780.3615   1.0646E-46
1780.8757   1.1348E-46
1781.3900   1.1593E-46
1781.9042   1.1932E-46
1782.4185   1.1553E-46
1782.9327   1.1520E-46
1783.4470   1.1332E-46
1783.9613   1.0687E-46
1784.4755   1.1169E-46
1784.9898   1.0136E-46
1785.5040   1.1034E-46
1786.0183   1.0618E-46
1786.5326   1.0744E-46
1787.0468   1.0929E-46
1787.5611   1.0018E-46
1788.0753   1.0695E-46
1788.5896   1.0175E-46
1789.1038   1.0347E-46
1789.6181   1.0387E-46
1790.1324   9.8216E-47
1790.6466   9.4133E-47
1791.1609   8.9954E-47
1791.6751   9.2558E-47
1792.1894   9.4409E-47
1792.7036   9.2088E-47
1793.2179   9.1456E-47
1793.7322   9.2004E-47
1794.2464   9.4854E-47
1794.7607   8.7222E-47
1795.2749   8.4253E-47
1795.7892   7.8510E-47
1796.3035   7.6652E-47
1796.8177   8.4772E-47
1797.3320   8.1934E-47
1797.8462   8.4410E-47
1798.3605   7.9159E-47
1798.8747   7.3799E-47
1799.3890   6.7590E-47
1799.9033   6.4970E-47
1800.4175   7.3569E-47
1800.9318   6.9352E-47
1801.4460   7.1038E-47
1801.9603   7.0280E-47
1802.4745   6.5386E-47
1802.9888   6.6720E-47
1803.5031   6.3523E-47
1804.0173   6.4434E-47
1804.5316   6.1599E-47
1805.0458   6.1127E-47
1805.5601   6.1784E-47
1806.0743   6.0686E-47
1806.5886   6.1595E-47
1807.1029   5.6568E-47
1807.6171   5.3731E-47
1808.1314   5.1857E-47
1808.6456   5.2975E-47
1809.1599   5.3449E-47
1809.6742   5.1403E-47
1810.1884   4.4637E-47
1810.7027   4.4994E-47
1811.2169   4.6023E-47
1811.7312   4.4134E-47
1812.2454   4.0561E-47
1812.7597   4.1137E-47
1813.2740   4.1098E-47
1813.7882   4.2780E-47
1814.3025   4.1346E-47
1814.8167   4.0519E-47
1815.3310   3.8423E-47
1815.8452   3.6718E-47
1816.3595   3.5348E-47
1816.8738   3.2731E-47
1817.3880   3.0808E-47
1817.9023   2.9870E-47
1818.4165   3.0910E-47
1818.9308   2.9294E-47
1819.4451   2.7392E-47
1819.9593   2.5666E-47
1820.4736   2.4289E-47
1820.9878   2.4157E-47
1821.5021   2.2252E-47
1822.0163   2.2040E-47
1822.5306   2.1162E-47
1823.0449   2.1446E-47
1823.5591   2.0438E-47
1824.0734   1.7736E-47
1824.5876   1.3260E-47
1825.1019   1.4183E-47
1825.6161   8.1973E-48
1826.1304   1.1753E-47
1826.6447   1.1777E-47
1827.1589   1.1871E-47
1827.6732   1.0660E-47
1828.1874   1.0971E-47
1828.7017   3.1680E-48
1829.2160  -1.0895E-48
1829.7302  -6.2955E-48
1830.2445  -1.0160E-48
1830.7587   2.8915E-48
1831.2730   6.2088E-48
1831.7872   6.3092E-48
1832.3015   3.6938E-48
1832.8158   2.6260E-48
1833.3300  -1.1916E-49
1833.8443  -1.2026E-48
1834.3585  -2.3648E-49
1834.8728  -7.4976E-49
1835.3870   2.7353E-48
1835.9013   6.1375E-49
1836.4156  -4.1572E-49
1836.9298  -6.3186E-48
1837.4441  -8.0601E-48
1837.9583  -3.4151E-48
1838.4726  -5.4643E-48
1838.9869  -2.5259E-48
1839.5011  -3.7127E-48
1840.0154  -2.3037E-48
1840.5296  -3.4565E-48
1841.0439  -7.3054E-48
1841.5581  -7.1345E-48
1842.0724  -1.0020E-47
1842.5867  -6.5683E-48
1843.1009  -5.9906E-48
1843.6152  -9.5036E-48
1844.1294  -9.6293E-48
1844.6437  -1.0737E-47
1845.1579  -8.0788E-48
1845.6722  -1.1851E-47
1846.1865  -9.9293E-48
1846.7007  -8.7517E-48
1847.2150  -9.9500E-48
1847.7292  -8.6945E-48
1848.2435  -9.7474E-48
1848.7578  -4.4884E-48
               O2-O2  1300.045  1849.786   1070  233.0 7.750E-45 0.500                            42
1300.0446  -6.0704E-50
1300.5589  -3.4861E-48
1301.0731  -4.1308E-48
1301.5874  -7.6606E-48
1302.1016   1.6477E-48
1302.6159  -3.3335E-48
1303.1301  -1.9649E-48
1303.6444  -2.4650E-48
1304.1587  -7.8162E-48
1304.6729  -1.4706E-48
1305.1872  -4.4640E-48
1305.7014   6.9316E-49
1306.2157  -1.3884E-48
1306.7300  -4.7780E-48
1307.2442  -3.6596E-48
1307.7585  -9.1953E-48
1308.2727  -9.4107E-48
1308.7870  -9.4775E-48
1309.3012  -5.5024E-48
1309.8155  -3.8750E-48
1310.3298  -8.6280E-48
1310.8440  -3.3370E-48
1311.3583  -8.3425E-48
1311.8725  -6.0663E-48
1312.3868  -1.4139E-47
1312.9010  -1.4604E-47
1313.4153  -1.2753E-47
1313.9296  -1.2302E-47
1314.4438  -4.2538E-48
1314.9581  -1.3115E-47
1315.4723  -1.1181E-47
1315.9866  -1.0578E-47
1316.5009  -6.8331E-48
1317.0151  -4.1422E-48
1317.5294  -8.2753E-48
1318.0436  -3.9201E-48
1318.5579  -1.1571E-47
1319.0721  -1.1191E-47
1319.5864  -1.1237E-47
1320.1007  -1.6507E-47
1320.6149  -8.9351E-48
1321.1292  -5.4261E-48
1321.6434   2.6077E-48
1322.1577   4.7395E-48
1322.6719   5.4610E-48
1323.1862   2.6421E-48
1323.7005  -1.4022E-48
1324.2147  -4.9558E-49
1324.7290  -2.8084E-48
1325.2432  -2.4533E-48
1325.7575   2.7042E-48
1326.2718   5.0546E-48
1326.7860   6.0487E-48
1327.3003   6.0430E-48
1327.8145   5.6284E-48
1328.3288   3.8810E-48
1328.8430   3.7372E-48
1329.3573   2.2793E-48
1329.8716   2.1611E-48
1330.3858   1.0135E-47
1330.9001   1.0883E-47
1331.4143   1.0162E-47
1331.9286   9.0876E-48
1332.4428   8.4033E-48
1332.9571   8.6425E-48
1333.4714   9.4008E-48
1333.9856   1.0907E-47
1334.4999   6.2668E-48
1335.0141   1.3792E-47
1335.5284   1.6501E-47
1336.0427   1.4849E-47
1336.5569   1.9446E-47
1337.0712   1.9968E-47
1337.5854   1.3780E-47
1338.0997   1.5067E-47
1338.6139   1.0193E-47
1339.1282   1.0743E-47
1339.6425   7.7414E-48
1340.1567   1.0477E-47
1340.6710   1.1539E-47
1341.1852   1.4526E-47
1341.6995   1.5968E-47
1342.2137   1.7681E-47
1342.7280   1.8223E-47
1343.2423   1.8803E-47
1343.7565   1.8814E-47
1344.2708   1.8374E-47
1344.7850   1.8054E-47
1345.2993   1.6624E-47
1345.8136   1.6483E-47
1346.3278   1.9236E-47
1346.8421   1.9538E-47
1347.3563   2.0198E-47
1347.8706   2.0619E-47
1348.3848   2.1215E-47
1348.8991   2.2544E-47
1349.4134   2.3833E-47
1349.9276   2.4536E-47
1350.4419   2.6743E-47
1350.9561   2.7089E-47
1351.4704   2.6644E-47
1351.9846   2.6929E-47
1352.4989   2.7347E-47
1353.0132   2.8148E-47
1353.5274   2.9464E-47
1354.0417   2.8196E-47
1354.5559   3.0292E-47
1355.0702   4.2990E-47
1355.5845   4.9429E-47
1356.0987   4.7812E-47
1356.6130   4.4550E-47
1357.1272   3.9407E-47
1357.6415   3.5148E-47
1358.1557   3.1551E-47
1358.6700   3.9434E-47
1359.1843   4.3145E-47
1359.6985   4.7348E-47
1360.2128   4.5545E-47
1360.7270   3.8050E-47
1361.2413   3.2809E-47
1361.7555   3.1411E-47
1362.2698   3.1821E-47
1362.7841   3.5193E-47
1363.2983   3.9060E-47
1363.8126   5.4108E-47
1364.3268   5.6576E-47
1364.8411   5.3256E-47
1365.3554   4.5098E-47
1365.8696   4.6075E-47
1366.3839   4.7090E-47
1366.8981   5.2956E-47
1367.4124   5.9871E-47
1367.9266   6.0953E-47
1368.4409   5.9945E-47
1368.9552   5.4375E-47
1369.4694   5.5670E-47
1369.9837   5.2982E-47
1370.4979   5.6234E-47
1371.0122   6.4382E-47
1371.5264   7.1259E-47
1372.0407   7.0578E-47
1372.5550   7.1844E-47
1373.0692   6.9231E-47
1373.5835   5.5507E-47
1374.0977   6.0988E-47
1374.6120   5.6289E-47
1375.1263   5.5378E-47
1375.6405   7.7245E-47
1376.1548   8.2345E-47
1376.6690   8.3501E-47
1377.1833   7.9063E-47
1377.6975   7.0597E-47
1378.2118   7.4247E-47
1378.7261   7.5431E-47
1379.2403   8.6555E-47
1379.7546   8.9784E-47
1380.2688   9.0525E-47
1380.7831   9.2220E-47
1381.2973   9.2374E-47
1381.8116   9.1298E-47
1382.3259   9.2617E-47
1382.8401   9.5006E-47
1383.3544   1.0293E-46
1383.8686   1.0555E-46
1384.3829   1.1191E-46
1384.8972   1.0694E-46
1385.4114   1.1439E-46
1385.9257   1.0239E-46
1386.4399   1.0518E-46
1386.9542   1.0533E-46
1387.4684   1.0099E-46
1387.9827   1.2409E-46
1388.4970   1.2705E-46
1389.0112   1.3304E-46
1389.5255   1.2748E-46
1390.0397   1.2238E-46
1390.5540   1.3028E-46
1391.0682   1.2645E-46
1391.5825   1.4531E-46
1392.0968   1.4872E-46
1392.6110   1.5305E-46
1393.1253   1.5404E-46
1393.6395   1.4255E-46
1394.1538   1.3638E-46
1394.6680   1.3826E-46
1395.1823   1.5183E-46
1395.6966   1.5570E-46
1396.2108   1.5971E-46
1396.7251   1.6722E-46
1397.2393   1.6537E-46
1397.7536   1.7301E-46
1398.2679   1.7095E-46
1398.7821   1.7153E-46
1399.2964   1.7812E-46
1399.8106   1.8949E-46
1400.3249   2.0427E-46
1400.8391   2.0449E-46
1401.3534   2.0713E-46
1401.8677   2.0620E-46
1402.3819   2.0415E-46
1402.8962   2.1742E-46
1403.4104   2.1114E-46
1403.9247   2.3033E-46
1404.4389   2.3038E-46
1404.9532   2.3268E-46
1405.4675   2.4359E-46
1405.9817   2.3550E-46
1406.4960   2.5009E-46
1407.0102   2.4544E-46
1407.5245   2.6101E-46
1408.0388   2.7070E-46
1408.5530   2.7248E-46
1409.0673   2.8231E-46
1409.5815   2.7656E-46
1410.0958   2.8627E-46
1410.6100   2.8183E-46
1411.1243   2.8639E-46
1411.6386   3.0318E-46
1412.1528   3.0312E-46
1412.6671   3.2806E-46
1413.1813   3.2222E-46
1413.6956   3.3111E-46
1414.2098   3.3665E-46
1414.7241   3.3081E-46
1415.2384   3.4934E-46
1415.7526   3.4369E-46
1416.2669   3.6691E-46
1416.7811   3.7127E-46
1417.2954   3.6477E-46
1417.8097   3.7887E-46
1418.3239   3.7417E-46
1418.8382   3.7819E-46
1419.3524   3.7042E-46
1419.8667   4.0073E-46
1420.3809   4.2548E-46
1420.8952   4.2819E-46
1421.4095   4.4898E-46
1421.9237   4.3910E-46
1422.4380   4.5064E-46
1422.9522   4.5128E-46
1423.4665   4.4752E-46
1423.9807   4.6403E-46
1424.4950   4.7469E-46
1425.0093   5.0279E-46
1425.5235   5.0423E-46
1426.0378   5.1502E-46
1426.5520   5.2572E-46
1427.0663   5.2526E-46
1427.5806   5.4710E-46
1428.0948   5.5118E-46
1428.6091   5.7429E-46
1429.1233   5.8339E-46
1429.6376   5.7828E-46
1430.1518   5.9196E-46
1430.6661   5.9840E-46
1431.1804   6.1839E-46
1431.6946   6.1860E-46
1432.2089   6.3190E-46
1432.7231   6.4908E-46
1433.2374   6.5402E-46
1433.7516   6.7560E-46
1434.2659   6.7728E-46
1434.7802   6.9262E-46
1435.2944   6.9982E-46
1435.8087   7.0693E-46
1436.3229   7.0966E-46
1436.8372   7.0637E-46
1437.3515   7.4896E-46
1437.8657   7.6905E-46
1438.3800   7.8264E-46
1438.8942   7.9645E-46
1439.4085   8.0526E-46
1439.9227   8.3023E-46
1440.4370   8.4236E-46
1440.9513   8.6468E-46
1441.4655   8.7733E-46
1441.9798   8.9002E-46
1442.4940   9.0668E-46
1443.0083   9.1347E-46
1443.5225   9.3024E-46
1444.0368   9.3692E-46
1444.5511   9.5374E-46
1445.0653   9.7019E-46
1445.5796   9.8383E-46
1446.0938   9.9995E-46
1446.6081   1.0090E-45
1447.1224   1.0317E-45
1447.6366   1.0389E-45
1448.1509   1.0562E-45
1448.6651   1.0830E-45
1449.1794   1.1002E-45
1449.6936   1.1246E-45
1450.2079   1.1384E-45
1450.7222   1.1575E-45
1451.2364   1.1697E-45
1451.7507   1.1826E-45
1452.2649   1.2049E-45
1452.7792   1.2285E-45
1453.2934   1.2554E-45
1453.8077   1.2707E-45
1454.3220   1.2931E-45
1454.8362   1.3043E-45
1455.3505   1.3167E-45
1455.8647   1.3395E-45
1456.3790   1.3412E-45
1456.8933   1.3556E-45
1457.4075   1.3821E-45
1457.9218   1.4058E-45
1458.4360   1.4222E-45
1458.9503   1.4404E-45
1459.4645   1.4691E-45
1459.9788   1.4914E-45
1460.4931   1.5202E-45
1461.0073   1.5374E-45
1461.5216   1.5641E-45
1462.0358   1.5941E-45
1462.5501   1.6113E-45
1463.0643   1.6411E-45
1463.5786   1.6544E-45
1464.0929   1.6820E-45
1464.6071   1.6966E-45
1465.1214   1.7149E-45
1465.6356   1.7564E-45
1466.1499   1.7744E-45
1466.6642   1.8080E-45
1467.1784   1.8222E-45
1467.6927   1.8398E-45
1468.2069   1.8605E-45
1468.7212   1.8696E-45
1469.2354   1.8994E-45
1469.7497   1.9102E-45
1470.2640   1.9407E-45
1470.7782   1.9638E-45
1471.2925   1.9785E-45
1471.8067   2.0054E-45
1472.3210   2.0217E-45
1472.8352   2.0611E-45
1473.3495   2.0758E-45
1473.8638   2.1080E-45
1474.3780   2.1476E-45
1474.8923   2.1646E-45
1475.4065   2.2011E-45
1475.9208   2.1990E-45
1476.4351   2.2263E-45
1476.9493   2.2654E-45
1477.4636   2.2908E-45
1477.9778   2.3308E-45
1478.4921   2.3476E-45
1479.0063   2.3846E-45
1479.5206   2.3955E-45
1480.0349   2.4108E-45
1480.5491   2.4301E-45
1481.0634   2.4277E-45
1481.5776   2.4623E-45
1482.0919   2.4804E-45
1482.6061   2.5162E-45
1483.1204   2.5460E-45
1483.6347   2.5660E-45
1484.1489   2.6023E-45
1484.6632   2.6109E-45
1485.1774   2.6501E-45
1485.6917   2.6712E-45
1486.2060   2.6999E-45
1486.7202   2.7367E-45
1487.2345   2.7462E-45
1487.7487   2.7926E-45
1488.2630   2.8087E-45
1488.7772   2.8271E-45
1489.2915   2.8410E-45
1489.8058   2.8606E-45
1490.3200   2.9056E-45
1490.8343   2.9175E-45
1491.3485   2.9576E-45
1491.8628   2.9728E-45
1492.3770   2.9839E-45
1492.8913   3.0041E-45
1493.4056   3.0048E-45
1493.9198   3.0367E-45
1494.4341   3.0517E-45
1494.9483   3.0864E-45
1495.4626   3.1166E-45
1495.9769   3.1290E-45
1496.4911   3.1656E-45
1497.0054   3.1825E-45
1497.5196   3.2208E-45
1498.0339   3.2430E-45
1498.5481   3.2541E-45
1499.0624   3.2922E-45
1499.5767   3.3257E-45
1500.0909   3.3628E-45
1500.6052   3.3687E-45
1501.1194   3.3866E-45
1501.6337   3.4018E-45
1502.1479   3.4170E-45
1502.6622   3.4549E-45
1503.1765   3.4645E-45
1503.6907   3.4890E-45
1504.2050   3.4974E-45
1504.7192   3.5072E-45
1505.2335   3.5206E-45
1505.7478   3.5211E-45
1506.2620   3.5489E-45
1506.7763   3.5588E-45
1507.2905   3.5903E-45
1507.8048   3.6208E-45
1508.3190   3.6384E-45
1508.8333   3.6776E-45
1509.3476   3.6885E-45
1509.8618   3.7184E-45
1510.3761   3.7581E-45
1510.8903   3.7963E-45
1511.4046   3.8334E-45
1511.9188   3.8377E-45
1512.4331   3.8584E-45
1512.9474   3.8764E-45
1513.4616   3.8939E-45
1513.9759   3.9074E-45
1514.4901   3.9137E-45
1515.0044   3.9318E-45
1515.5187   3.9459E-45
1516.0329   3.9625E-45
1516.5472   3.9636E-45
1517.0614   3.9793E-45
1517.5757   3.9987E-45
1518.0899   4.0290E-45
1518.6042   4.0777E-45
1519.1185   4.1089E-45
1519.6327   4.1390E-45
1520.1470   4.1600E-45
1520.6612   4.1994E-45
1521.1755   4.2359E-45
1521.6897   4.2732E-45
1522.2040   4.3202E-45
1522.7183   4.3464E-45
1523.2325   4.3924E-45
1523.7468   4.4305E-45
1524.2610   4.4559E-45
1524.7753   4.4784E-45
1525.2895   4.4900E-45
1525.8038   4.5237E-45
1526.3181   4.5548E-45
1526.8323   4.5788E-45
1527.3466   4.6081E-45
1527.8608   4.6424E-45
1528.3751   4.6767E-45
1528.8894   4.7060E-45
1529.4036   4.7527E-45
1529.9179   4.7913E-45
1530.4321   4.8365E-45
1530.9464   4.8904E-45
1531.4606   4.9352E-45
1531.9749   5.0031E-45
1532.4892   5.0587E-45
1533.0034   5.1094E-45
1533.5177   5.1664E-45
1534.0319   5.2330E-45
1534.5462   5.3153E-45
1535.0604   5.3821E-45
1535.5747   5.4613E-45
1536.0890   5.5350E-45
1536.6032   5.6083E-45
1537.1175   5.6843E-45
1537.6317   5.7477E-45
1538.1460   5.8220E-45
1538.6603   5.8934E-45
1539.1745   5.9849E-45
1539.6888   6.0664E-45
1540.2030   6.1323E-45
1540.7173   6.2080E-45
1541.2315   6.2646E-45
1541.7458   6.3144E-45
1542.2601   6.3714E-45
1542.7743   6.4534E-45
1543.2886   6.5203E-45
1543.8028   6.5881E-45
1544.3171   6.6748E-45
1544.8313   6.7327E-45
1545.3456   6.8082E-45
1545.8599   6.8843E-45
1546.3741   6.9603E-45
1546.8884   7.0424E-45
1547.4026   7.1143E-45
1547.9169   7.2006E-45
1548.4312   7.2682E-45
1548.9454   7.3392E-45
1549.4597   7.3970E-45
1549.9739   7.4487E-45
1550.4882   7.5221E-45
1551.0024   7.5708E-45
1551.5167   7.6179E-45
1552.0310   7.6450E-45
1552.5452   7.6645E-45
1553.0595   7.6767E-45
1553.5737   7.6640E-45
1554.0880   7.6593E-45
1554.6022   7.6486E-45
1555.1165   7.6657E-45
1555.6308   7.6801E-45
1556.1450   7.7047E-45
1556.6593   7.7471E-45
1557.1735   7.7445E-45
1557.6878   7.7504E-45
1558.2021   7.7399E-45
1558.7163   7.7228E-45
1559.2306   7.6912E-45
1559.7448   7.6271E-45
1560.2591   7.5842E-45
1560.7733   7.5194E-45
1561.2876   7.4564E-45
1561.8019   7.3847E-45
1562.3161   7.3166E-45
1562.8304   7.2671E-45
1563.3446   7.2089E-45
1563.8589   7.1792E-45
1564.3731   7.1281E-45
1564.8874   7.0862E-45
1565.4017   7.0559E-45
1565.9159   7.0122E-45
1566.4302   6.9758E-45
1566.9444   6.9158E-45
1567.4587   6.8698E-45
1567.9730   6.8111E-45
1568.4872   6.7458E-45
1569.0015   6.6847E-45
1569.5157   6.6118E-45
1570.0300   6.5600E-45
1570.5442   6.4941E-45
1571.0585   6.4385E-45
1571.5728   6.3781E-45
1572.0870   6.3197E-45
1572.6013   6.2790E-45
1573.1155   6.2253E-45
1573.6298   6.1977E-45
1574.1440   6.1528E-45
1574.6583   6.1173E-45
1575.1726   6.0884E-45
1575.6868   6.0450E-45
1576.2011   6.0232E-45
1576.7153   5.9802E-45
1577.2296   5.9497E-45
1577.7439   5.9084E-45
1578.2581   5.8739E-45
1578.7724   5.8478E-45
1579.2866   5.8008E-45
1579.8009   5.7834E-45
1580.3151   5.7489E-45
1580.8294   5.7345E-45
1581.3437   5.7194E-45
1581.8579   5.6957E-45
1582.3722   5.6951E-45
1582.8864   5.6689E-45
1583.4007   5.6740E-45
1583.9149   5.6637E-45
1584.4292   5.6609E-45
1584.9435   5.6740E-45
1585.4577   5.6660E-45
1585.9720   5.6860E-45
1586.4862   5.6700E-45
1587.0005   5.6718E-45
1587.5148   5.6648E-45
1588.0290   5.6441E-45
1588.5433   5.6439E-45
1589.0575   5.6070E-45
1589.5718   5.6006E-45
1590.0860   5.5720E-45
1590.6003   5.5530E-45
1591.1146   5.5367E-45
1591.6288   5.4967E-45
1592.1431   5.5084E-45
1592.6573   5.4921E-45
1593.1716   5.5040E-45
1593.6858   5.5073E-45
1594.2001   5.4983E-45
1594.7144   5.5297E-45
1595.2286   5.5310E-45
1595.7429   5.5612E-45
1596.2571   5.5612E-45
1596.7714   5.5828E-45
1597.2857   5.6139E-45
1597.7999   5.6037E-45
1598.3142   5.6252E-45
1598.8284   5.5944E-45
1599.3427   5.5892E-45
1599.8569   5.5663E-45
1600.3712   5.5297E-45
1600.8855   5.5225E-45
1601.3997   5.4788E-45
1601.9140   5.4899E-45
1602.4282   5.4609E-45
1602.9425   5.4377E-45
1603.4567   5.4377E-45
1603.9710   5.4186E-45
1604.4853   5.4490E-45
1604.9995   5.4368E-45
1605.5138   5.4622E-45
1606.0280   5.4776E-45
1606.5423   5.4737E-45
1607.0566   5.5017E-45
1607.5708   5.4880E-45
1608.0851   5.5205E-45
1608.5993   5.5061E-45
1609.1136   5.4898E-45
1609.6278   5.4865E-45
1610.1421   5.4485E-45
1610.6564   5.4493E-45
1611.1706   5.3889E-45
1611.6849   5.3649E-45
1612.1991   5.3300E-45
1612.7134   5.2810E-45
1613.2276   5.2807E-45
1613.7419   5.2363E-45
1614.2562   5.2486E-45
1614.7704   5.2247E-45
1615.2847   5.2130E-45
1615.7989   5.2293E-45
1616.3132   5.2010E-45
1616.8275   5.2328E-45
1617.3417   5.2199E-45
1617.8560   5.2359E-45
1618.3702   5.2390E-45
1618.8845   5.2136E-45
1619.3987   5.2201E-45
1619.9130   5.1587E-45
1620.4273   5.1441E-45
1620.9415   5.0916E-45
1621.4558   5.0482E-45
1621.9700   5.0207E-45
1622.4843   4.9442E-45
1622.9985   4.9322E-45
1623.5128   4.8683E-45
1624.0271   4.8475E-45
1624.5413   4.8252E-45
1625.0556   4.7789E-45
1625.5698   4.7897E-45
1626.0841   4.7497E-45
1626.5984   4.7626E-45
1627.1126   4.7380E-45
1627.6269   4.7102E-45
1628.1411   4.7225E-45
1628.6554   4.6929E-45
1629.1696   4.7064E-45
1629.6839   4.6664E-45
1630.1982   4.6504E-45
1630.7124   4.6215E-45
1631.2267   4.5550E-45
1631.7409   4.5285E-45
1632.2552   4.4437E-45
1632.7694   4.4121E-45
1633.2837   4.3579E-45
1633.7980   4.3072E-45
1634.3122   4.2831E-45
1634.8265   4.2098E-45
1635.3407   4.2041E-45
1635.8550   4.1591E-45
1636.3693   4.1399E-45
1636.8835   4.1162E-45
1637.3978   4.0628E-45
1637.9120   4.0799E-45
1638.4263   4.0540E-45
1638.9405   4.0575E-45
1639.4548   4.0277E-45
1639.9691   3.9855E-45
1640.4833   3.9668E-45
1640.9976   3.9026E-45
1641.5118   3.8811E-45
1642.0261   3.8138E-45
1642.5403   3.7714E-45
1643.0546   3.7340E-45
1643.5689   3.6650E-45
1644.0831   3.6388E-45
1644.5974   3.5702E-45
1645.1116   3.5453E-45
1645.6259   3.4977E-45
1646.1402   3.4564E-45
1646.6544   3.4511E-45
1647.1687   3.3959E-45
1647.6829   3.3879E-45
1648.1972   3.3469E-45
1648.7114   3.3305E-45
1649.2257   3.3224E-45
1649.7400   3.2837E-45
1650.2542   3.2805E-45
1650.7685   3.2273E-45
1651.2827   3.2022E-45
1651.7970   3.1500E-45
1652.3112   3.0875E-45
1652.8255   3.0513E-45
1653.3398   2.9813E-45
1653.8540   2.9603E-45
1654.3683   2.9084E-45
1654.8825   2.8760E-45
1655.3968   2.8511E-45
1655.9111   2.7987E-45
1656.4253   2.7813E-45
1656.9396   2.7346E-45
1657.4538   2.7201E-45
1657.9681   2.6940E-45
1658.4823   2.6670E-45
1658.9966   2.6576E-45
1659.5109   2.6193E-45
1660.0251   2.6038E-45
1660.5394   2.5597E-45
1661.0536   2.5235E-45
1661.5679   2.4914E-45
1662.0821   2.4457E-45
1662.5964   2.4115E-45
1663.1107   2.3637E-45
1663.6249   2.3440E-45
1664.1392   2.3050E-45
1664.6534   2.2646E-45
1665.1677   2.2376E-45
1665.6819   2.1958E-45
1666.1962   2.1804E-45
1666.7105   2.1477E-45
1667.2247   2.1258E-45
1667.7390   2.0953E-45
1668.2532   2.0566E-45
1668.7675   2.0361E-45
1669.2818   1.9986E-45
1669.7960   1.9969E-45
1670.3103   1.9828E-45
1670.8245   1.9486E-45
1671.3388   1.9075E-45
1671.8530   1.8758E-45
1672.3673   1.8662E-45
1672.8816   1.8291E-45
1673.3958   1.8047E-45
1673.9101   1.7761E-45
1674.4243   1.7444E-45
1674.9386   1.7089E-45
1675.4528   1.6716E-45
1675.9671   1.6686E-45
1676.4814   1.6504E-45
1676.9956   1.6266E-45
1677.5099   1.6054E-45
1678.0241   1.5835E-45
1678.5384   1.5735E-45
1679.0527   1.5495E-45
1679.5669   1.5244E-45
1680.0812   1.4978E-45
1680.5954   1.4811E-45
1681.1097   1.4709E-45
1681.6239   1.4457E-45
1682.1382   1.4241E-45
1682.6525   1.3942E-45
1683.1667   1.3664E-45
1683.6810   1.3438E-45
1684.1952   1.3287E-45
1684.7095   1.3192E-45
1685.2237   1.3002E-45
1685.7380   1.2829E-45
1686.2523   1.2602E-45
1686.7665   1.2425E-45
1687.2808   1.2263E-45
1687.7950   1.2056E-45
1688.3093   1.1862E-45
1688.8236   1.1734E-45
1689.3378   1.1627E-45
1689.8521   1.1380E-45
1690.3663   1.1247E-45
1690.8806   1.1191E-45
1691.3948   1.1036E-45
1691.9091   1.0865E-45
1692.4234   1.0690E-45
1692.9376   1.0556E-45
1693.4519   1.0370E-45
1693.9661   1.0200E-45
1694.4804   1.0056E-45
1694.9946   9.8534E-46
1695.5089   9.6768E-46
1696.0232   9.6000E-46
1696.5374   9.5580E-46
1697.0517   9.3239E-46
1697.5659   9.1565E-46
1698.0802   9.1031E-46
1698.5945   9.0126E-46
1699.1087   8.8562E-46
1699.6230   8.6496E-46
1700.1372   8.5240E-46
1700.6515   8.2941E-46
1701.1657   8.2458E-46
1701.6800   8.2996E-46
1702.1943   8.2123E-46
1702.7085   8.0992E-46
1703.2228   7.9460E-46
1703.7370   7.8463E-46
1704.2513   7.6224E-46
1704.7655   7.5549E-46
1705.2798   7.5570E-46
1705.7941   7.3233E-46
1706.3083   7.1572E-46
1706.8226   7.0764E-46
1707.3368   7.0902E-46
1707.8511   7.0282E-46
1708.3654   6.9756E-46
1708.8796   6.9295E-46
1709.3939   6.7866E-46
1709.9081   6.6557E-46
1710.4224   6.4732E-46
1710.9366   6.5152E-46
1711.4509   6.4537E-46
1711.9652   6.3575E-46
1712.4794   6.3219E-46
1712.9937   6.1533E-46
1713.5079   6.0999E-46
1714.0222   5.9011E-46
1714.5364   5.8685E-46
1715.0507   5.7806E-46
1715.5650   5.6707E-46
1716.0792   5.7853E-46
1716.5935   5.6633E-46
1717.1077   5.6439E-46
1717.6220   5.5335E-46
1718.1363   5.3375E-46
1718.6505   5.2433E-46
1719.1648   5.1998E-46
1719.6790   5.3006E-46
1720.1933   5.1497E-46
1720.7075   5.1445E-46
1721.2218   5.1194E-46
1721.7361   4.9786E-46
1722.2503   5.0248E-46
1722.7646   4.7879E-46
1723.2788   4.7383E-46
1723.7931   4.6606E-46
1724.3073   4.6560E-46
1724.8216   4.7118E-46
1725.3359   4.5307E-46
1725.8501   4.6299E-46
1726.3644   4.4273E-46
1726.8786   4.3985E-46
1727.3929   4.3653E-46
1727.9072   4.2139E-46
1728.4214   4.3230E-46
1728.9357   4.1214E-46
1729.4499   4.0997E-46
1729.9642   3.9272E-46
1730.4784   3.9447E-46
1730.9927   4.0512E-46
1731.5070   3.7986E-46
1732.0212   3.8838E-46
1732.5355   3.7463E-46
1733.0497   3.7813E-46
1733.5640   3.7562E-46
1734.0782   3.5136E-46
1734.5925   3.5676E-46
1735.1068   3.4637E-46
1735.6210   3.6447E-46
1736.1353   3.5132E-46
1736.6495   3.4523E-46
1737.1638   3.5078E-46
1737.6781   3.2676E-46
1738.1923   3.4701E-46
1738.7066   3.2670E-46
1739.2208   3.2211E-46
1739.7351   3.1307E-46
1740.2493   3.0222E-46
1740.7636   3.2784E-46
1741.2779   3.0335E-46
1741.7921   3.1790E-46
1742.3064   3.0234E-46
1742.8206   2.8193E-46
1743.3349   2.8369E-46
1743.8491   2.6592E-46
1744.3634   2.9103E-46
1744.8777   2.7471E-46
1745.3919   2.7925E-46
1745.9062   2.7528E-46
1746.4204   2.5804E-46
1746.9347   2.6836E-46
1747.4490   2.3865E-46
1747.9632   2.5754E-46
1748.4775   2.4278E-46
1748.9917   2.3535E-46
1749.5060   2.5587E-46
1750.0202   2.4023E-46
1750.5345   2.5238E-46
1751.0488   2.3874E-46
1751.5630   2.3679E-46
1752.0773   2.4473E-46
1752.5915   2.2660E-46
1753.1058   2.4846E-46
1753.6200   2.2626E-46
1754.1343   2.4429E-46
1754.6486   2.3349E-46
1755.1628   2.2433E-46
1755.6771   2.3541E-46
1756.1913   2.0480E-46
1756.7056   2.1719E-46
1757.2199   2.0371E-46
1757.7341   2.1884E-46
1758.2484   2.1895E-46
1758.7626   2.0024E-46
1759.2769   2.2187E-46
1759.7911   1.9568E-46
1760.3054   2.0944E-46
1760.8197   2.0137E-46
1761.3339   1.8943E-46
1761.8482   1.9769E-46
1762.3624   1.8054E-46
1762.8767   2.0611E-46
1763.3909   1.8521E-46
1763.9052   1.8888E-46
1764.4195   1.9125E-46
1764.9337   1.7559E-46
1765.4480   1.9578E-46
1765.9622   1.7395E-46
1766.4765   1.8774E-46
1766.9908   1.7723E-46
1767.5050   1.6185E-46
1768.0193   1.6134E-46
1768.5335   1.5979E-46
1769.0478   1.7806E-46
1769.5620   1.6365E-46
1770.0763   1.6894E-46
1770.5906   1.6559E-46
1771.1048   1.3854E-46
1771.6191   1.6195E-46
1772.1333   1.4643E-46
1772.6476   1.5425E-46
1773.1618   1.5364E-46
1773.6761   1.5425E-46
1774.1904   1.6458E-46
1774.7046   1.4395E-46
1775.2189   1.5119E-46
1775.7331   1.3051E-46
1776.2474   1.4351E-46
1776.7617   1.5013E-46
1777.2759   1.3822E-46
1777.7902   1.5427E-46
1778.3044   1.3599E-46
1778.8187   1.4342E-46
1779.3329   1.3302E-46
1779.8472   1.2784E-46
1780.3615   1.2592E-46
1780.8757   1.2417E-46
1781.3900   1.3687E-46
1781.9042   1.2762E-46
1782.4185   1.3315E-46
1782.9327   1.3502E-46
1783.4470   1.2038E-46
1783.9613   1.2995E-46
1784.4755   1.1046E-46
1784.9898   1.1335E-46
1785.5040   1.1622E-46
1786.0183   1.2136E-46
1786.5326   1.2705E-46
1787.0468   1.1466E-46
1787.5611   1.2425E-46
1788.0753   1.1242E-46
1788.5896   1.1316E-46
1789.1038   1.1395E-46
1789.6181   1.0985E-46
1790.1324   1.1760E-46
1790.6466   1.0636E-46
1791.1609   1.0632E-46
1791.6751   1.0639E-46
1792.1894   9.9733E-47
1792.7036   9.7252E-47
1793.2179   9.6879E-47
1793.7322   1.0411E-46
1794.2464   1.0185E-46
1794.7607   1.0343E-46
1795.2749   9.5631E-47
1795.7892   8.6537E-47
1796.3035   8.7525E-47
1796.8177   8.9819E-47
1797.3320   9.6554E-47
1797.8462   9.3512E-47
1798.3605   9.5536E-47
1798.8747   9.3530E-47
1799.3890   8.4835E-47
1799.9033   8.3252E-47
1800.4175   8.4793E-47
1800.9318   8.0556E-47
1801.4460   7.6339E-47
1801.9603   7.8229E-47
1802.4745   7.7982E-47
1802.9888   7.8962E-47
1803.5031   8.6900E-47
1804.0173   8.2321E-47
1804.5316   8.1656E-47
1805.0458   7.7874E-47
1805.5601   7.7364E-47
1806.0743   8.1662E-47
1806.5886   7.8887E-47
1807.1029   7.7679E-47
1807.6171   7.0386E-47
1808.1314   7.1922E-47
1808.6456   7.5116E-47
1809.1599   7.3137E-47
1809.6742   7.4589E-47
1810.1884   7.0740E-47
1810.7027   6.8897E-47
1811.2169   6.7703E-47
1811.7312   6.9982E-47
1812.2454   6.6104E-47
1812.7597   6.6952E-47
1813.2740   7.0302E-47
1813.7882   6.9393E-47
1814.3025   6.9623E-47
1814.8167   6.8033E-47
1815.3310   6.7592E-47
1815.8452   6.6980E-47
1816.3595   6.5860E-47
1816.8738   6.4292E-47
1817.3880   5.9649E-47
1817.9023   6.2149E-47
1818.4165   6.4129E-47
1818.9308   6.4503E-47
1819.4451   6.3147E-47
1819.9593   6.1736E-47
1820.4736   6.1512E-47
1820.9878   5.9742E-47
1821.5021   5.9410E-47
1822.0163   5.6785E-47
1822.5306   5.5499E-47
1823.0449   5.6015E-47
1823.5591   5.7245E-47
1824.0734   5.7467E-47
1824.5876   5.3967E-47
1825.1019   5.3897E-47
1825.6161   5.3943E-47
1826.1304   5.5606E-47
1826.6447   5.4040E-47
1827.1589   5.3755E-47
1827.6732   5.3621E-47
1828.1874   5.1674E-47
1828.7017   4.4833E-47
1829.2160   4.7084E-47
1829.7302   4.8760E-47
1830.2445   4.8222E-47
1830.7587   4.7079E-47
1831.2730   5.0685E-47
1831.7872   4.7417E-47
1832.3015   5.0198E-47
1832.8158   4.6312E-47
1833.3300   4.5629E-47
1833.8443   4.4981E-47
1834.3585   4.2635E-47
1834.8728   4.5090E-47
1835.3870   4.2320E-47
1835.9013   4.4579E-47
1836.4156   4.1889E-47
1836.9298   3.5716E-47
1837.4441   3.9802E-47
1837.9583   3.7394E-47
1838.4726   4.1497E-47
1838.9869   3.8322E-47
1839.5011   4.1410E-47
1840.0154   4.1907E-47
1840.5296   3.9408E-47
1841.0439   4.1036E-47
1841.5581   3.3853E-47
1842.0724   3.5527E-47
1842.5867   3.2273E-47
1843.1009   3.4640E-47
1843.6152   3.2451E-47
1844.1294   2.9599E-47
1844.6437   2.9237E-47
1845.1579   2.8172E-47
1845.6722   3.1774E-47
1846.1865   3.0884E-47
1846.7007   3.0936E-47
1847.2150   2.9780E-47
1847.7292   1.8612E-47
1848.2435   2.8475E-47
1848.7578   2.8901E-47
1849.2720   3.0061E-47
1849.7863   2.8741E-47
               O2-O2  1300.045  1849.786   1070  253.0 7.172E-45 0.500                            42
1300.0446   3.8078E-48
1300.5589  -8.7059E-49
1301.0731   1.3030E-47
1301.5874   1.0475E-47
1302.1016   4.4978E-48
1302.6159   5.7596E-48
1303.1301  -2.6786E-48
1303.6444   3.9998E-48
1304.1587  -5.7504E-48
1304.6729   9.1517E-49
1305.1872   2.3444E-48
1305.7014   3.5914E-48
1306.2157   1.0678E-47
1306.7300   1.2375E-48
1307.2442   5.5925E-48
1307.7585  -3.4568E-48
1308.2727  -5.7402E-48
1308.7870  -5.1325E-48
1309.3012  -9.3747E-48
1309.8155  -1.4773E-48
1310.3298  -5.6936E-48
1310.8440   2.8598E-49
1311.3583  -1.9561E-48
1311.8725  -7.2040E-48
1312.3868  -7.4978E-48
1312.9010  -1.3483E-47
1313.4153  -8.4663E-48
1313.9296  -8.0825E-48
1314.4438  -5.0634E-48
1314.9581  -2.7854E-48
1315.4723  -4.8957E-48
1315.9866   9.2534E-50
1316.5009  -3.7422E-48
1317.0151  -4.0992E-48
1317.5294  -6.2161E-48
1318.0436  -6.5725E-48
1318.5579  -5.2666E-48
1319.0721  -1.0039E-47
1319.5864  -6.4223E-48
1320.1007  -7.7299E-48
1320.6149  -4.3549E-48
1321.1292  -1.8291E-48
1321.6434  -2.8986E-48
1322.1577   4.6920E-49
1322.6719  -1.5537E-48
1323.1862   1.2970E-48
1323.7005  -1.3437E-48
1324.2147  -1.7333E-48
1324.7290  -1.0210E-48
1325.2432  -2.7150E-48
1325.7575   2.9970E-49
1326.2718  -1.5822E-48
1326.7860   3.8287E-48
1327.3003   5.1385E-48
1327.8145   6.3330E-48
1328.3288   7.3321E-48
1328.8430   2.2827E-48
1329.3573   2.6461E-48
1329.8716   4.2144E-49
1330.3858   3.2306E-48
1330.9001   5.4889E-48
1331.4143   7.0108E-48
1331.9286   1.1729E-47
1332.4428   9.3729E-48
1332.9571   1.1494E-47
1333.4714   5.8334E-48
1333.9856   3.9809E-48
1334.4999   4.3137E-48
1335.0141   3.0561E-48
1335.5284   8.3796E-48
1336.0427   6.0537E-48
1336.5569   9.3201E-48
1337.0712   7.2963E-48
1337.5854   3.9641E-48
1338.0997   4.5057E-48
1338.6139  -2.6800E-48
1339.1282   2.1289E-48
1339.6425   2.1783E-48
1340.1567   1.0554E-47
1340.6710   1.5421E-47
1341.1852   1.1557E-47
1341.6995   1.4663E-47
1342.2137   9.8298E-48
1342.7280   1.3476E-47
1343.2423   1.3527E-47
1343.7565   1.3445E-47
1344.2708   1.5476E-47
1344.7850   1.1785E-47
1345.2993   1.4962E-47
1345.8136   1.2024E-47
1346.3278   1.1122E-47
1346.8421   1.2544E-47
1347.3563   1.3455E-47
1347.8706   2.4707E-47
1348.3848   2.1153E-47
1348.8991   1.7788E-47
1349.4134   1.4770E-47
1349.9276   1.2838E-47
1350.4419   1.6735E-47
1350.9561   1.4180E-47
1351.4704   2.5239E-47
1351.9846   2.5948E-47
1352.4989   2.8544E-47
1353.0132   3.1754E-47
1353.5274   2.5342E-47
1354.0417   2.2479E-47
1354.5559   1.5926E-47
1355.0702   2.2522E-47
1355.5845   2.9489E-47
1356.0987   3.2093E-47
1356.6130   3.5263E-47
1357.1272   2.9200E-47
1357.6415   2.9439E-47
1358.1557   2.6274E-47
1358.6700   2.5463E-47
1359.1843   2.6904E-47
1359.6985   2.8789E-47
1360.2128   3.4349E-47
1360.7270   3.0255E-47
1361.2413   3.0272E-47
1361.7555   2.9116E-47
1362.2698   2.3269E-47
1362.7841   2.0244E-47
1363.2983   2.3674E-47
1363.8126   3.6091E-47
1364.3268   4.0830E-47
1364.8411   4.3131E-47
1365.3554   4.3647E-47
1365.8696   4.1582E-47
1366.3839   4.0939E-47
1366.8981   3.7633E-47
1367.4124   4.1402E-47
1367.9266   4.4383E-47
1368.4409   4.5915E-47
1368.9552   4.8956E-47
1369.4694   5.0453E-47
1369.9837   5.1985E-47
1370.4979   4.9596E-47
1371.0122   5.1315E-47
1371.5264   5.2169E-47
1372.0407   5.5358E-47
1372.5550   6.2017E-47
1373.0692   6.3402E-47
1373.5835   6.3456E-47
1374.0977   5.9530E-47
1374.6120   5.7247E-47
1375.1263   5.6246E-47
1375.6405   6.2132E-47
1376.1548   7.0136E-47
1376.6690   7.2569E-47
1377.1833   7.7004E-47
1377.6975   7.3439E-47
1378.2118   7.2871E-47
1378.7261   7.4347E-47
1379.2403   7.3493E-47
1379.7546   7.8989E-47
1380.2688   8.3164E-47
1380.7831   9.1016E-47
1381.2973   9.2502E-47
1381.8116   9.2832E-47
1382.3259   9.4592E-47
1382.8401   9.2074E-47
1383.3544   9.7167E-47
1383.8686   9.8992E-47
1384.3829   1.0665E-46
1384.8972   1.1204E-46
1385.4114   1.1232E-46
1385.9257   1.1358E-46
1386.4399   1.0675E-46
1386.9542   1.1179E-46
1387.4684   1.1393E-46
1387.9827   1.1929E-46
1388.4970   1.2933E-46
1389.0112   1.3134E-46
1389.5255   1.3948E-46
1390.0397   1.3675E-46
1390.5540   1.3769E-46
1391.0682   1.3996E-46
1391.5825   1.4257E-46
1392.0968   1.5361E-46
1392.6110   1.5484E-46
1393.1253   1.6371E-46
1393.6395   1.6470E-46
1394.1538   1.6405E-46
1394.6680   1.6791E-46
1395.1823   1.6425E-46
1395.6966   1.7085E-46
1396.2108   1.7368E-46
1396.7251   1.8493E-46
1397.2393   1.8799E-46
1397.7536   1.8466E-46
1398.2679   1.9804E-46
1398.7821   2.0093E-46
1399.2964   2.0875E-46
1399.8106   2.0985E-46
1400.3249   2.1281E-46
1400.8391   2.2313E-46
1401.3534   2.2354E-46
1401.8677   2.3307E-46
1402.3819   2.3127E-46
1402.8962   2.3469E-46
1403.4104   2.4041E-46
1403.9247   2.4364E-46
1404.4389   2.5685E-46
1404.9532   2.5697E-46
1405.4675   2.6838E-46
1405.9817   2.7334E-46
1406.4960   2.7411E-46
1407.0102   2.8161E-46
1407.5245   2.7902E-46
1408.0388   2.9066E-46
1408.5530   2.9516E-46
1409.0673   3.0329E-46
1409.5815   3.1082E-46
1410.0958   3.0949E-46
1410.6100   3.2148E-46
1411.1243   3.1949E-46
1411.6386   3.2469E-46
1412.1528   3.3267E-46
1412.6671   3.4268E-46
1413.1813   3.5922E-46
1413.6956   3.6066E-46
1414.2098   3.7165E-46
1414.7241   3.7318E-46
1415.2384   3.7808E-46
1415.7526   3.8623E-46
1416.2669   3.8807E-46
1416.7811   4.0303E-46
1417.2954   4.0474E-46
1417.8097   4.2142E-46
1418.3239   4.3698E-46
1418.8382   4.4786E-46
1419.3524   4.6646E-46
1419.8667   4.6448E-46
1420.3809   4.7123E-46
1420.8952   4.7352E-46
1421.4095   4.8000E-46
1421.9237   4.9149E-46
1422.4380   4.9317E-46
1422.9522   5.0439E-46
1423.4665   5.0130E-46
1423.9807   5.0786E-46
1424.4950   5.2437E-46
1425.0093   5.3672E-46
1425.5235   5.5410E-46
1426.0378   5.5885E-46
1426.5520   5.7193E-46
1427.0663   5.8110E-46
1427.5806   5.8974E-46
1428.0948   6.0327E-46
1428.6091   6.1172E-46
1429.1233   6.3046E-46
1429.6376   6.3888E-46
1430.1518   6.4985E-46
1430.6661   6.5947E-46
1431.1804   6.6251E-46
1431.6946   6.7271E-46
1432.2089   6.7829E-46
1432.7231   6.9284E-46
1433.2374   7.0289E-46
1433.7516   7.1679E-46
1434.2659   7.3671E-46
1434.7802   7.4575E-46
1435.2944   7.6041E-46
1435.8087   7.7377E-46
1436.3229   7.9606E-46
1436.8372   8.1434E-46
1437.3515   8.2105E-46
1437.8657   8.3249E-46
1438.3800   8.3899E-46
1438.8942   8.5273E-46
1439.4085   8.6624E-46
1439.9227   8.8035E-46
1440.4370   8.9757E-46
1440.9513   9.1028E-46
1441.4655   9.2881E-46
1441.9798   9.4238E-46
1442.4940   9.5689E-46
1443.0083   9.6973E-46
1443.5225   9.7930E-46
1444.0368   9.9387E-46
1444.5511   1.0044E-45
1445.0653   1.0195E-45
1445.5796   1.0342E-45
1446.0938   1.0492E-45
1446.6081   1.0674E-45
1447.1224   1.0860E-45
1447.6366   1.1067E-45
1448.1509   1.1214E-45
1448.6651   1.1380E-45
1449.1794   1.1528E-45
1449.6936   1.1676E-45
1450.2079   1.1837E-45
1450.7222   1.1984E-45
1451.2364   1.2169E-45
1451.7507   1.2304E-45
1452.2649   1.2504E-45
1452.7792   1.2743E-45
1453.2934   1.2949E-45
1453.8077   1.3161E-45
1454.3220   1.3321E-45
1454.8362   1.3523E-45
1455.3505   1.3743E-45
1455.8647   1.3987E-45
1456.3790   1.4185E-45
1456.8933   1.4419E-45
1457.4075   1.4626E-45
1457.9218   1.4696E-45
1458.4360   1.4867E-45
1458.9503   1.4956E-45
1459.4645   1.5098E-45
1459.9788   1.5312E-45
1460.4931   1.5498E-45
1461.0073   1.5725E-45
1461.5216   1.5900E-45
1462.0358   1.6118E-45
1462.5501   1.6340E-45
1463.0643   1.6557E-45
1463.5786   1.6833E-45
1464.0929   1.7085E-45
1464.6071   1.7408E-45
1465.1214   1.7600E-45
1465.6356   1.7716E-45
1466.1499   1.7867E-45
1466.6642   1.8001E-45
1467.1784   1.8213E-45
1467.6927   1.8364E-45
1468.2069   1.8563E-45
1468.7212   1.8733E-45
1469.2354   1.8869E-45
1469.7497   1.9081E-45
1470.2640   1.9266E-45
1470.7782   1.9552E-45
1471.2925   1.9834E-45
1471.8067   2.0220E-45
1472.3210   2.0530E-45
1472.8352   2.0701E-45
1473.3495   2.0954E-45
1473.8638   2.1033E-45
1474.3780   2.1170E-45
1474.8923   2.1376E-45
1475.4065   2.1589E-45
1475.9208   2.1847E-45
1476.4351   2.2010E-45
1476.9493   2.2276E-45
1477.4636   2.2489E-45
1477.9778   2.2686E-45
1478.4921   2.2914E-45
1479.0063   2.3073E-45
1479.5206   2.3305E-45
1480.0349   2.3449E-45
1480.5491   2.3599E-45
1481.0634   2.3712E-45
1481.5776   2.3842E-45
1482.0919   2.4105E-45
1482.6061   2.4288E-45
1483.1204   2.4556E-45
1483.6347   2.4792E-45
1484.1489   2.5038E-45
1484.6632   2.5326E-45
1485.1774   2.5516E-45
1485.6917   2.5776E-45
1486.2060   2.5981E-45
1486.7202   2.6288E-45
1487.2345   2.6596E-45
1487.7487   2.6795E-45
1488.2630   2.7026E-45
1488.7772   2.7120E-45
1489.2915   2.7336E-45
1489.8058   2.7612E-45
1490.3200   2.7849E-45
1490.8343   2.8069E-45
1491.3485   2.8169E-45
1491.8628   2.8351E-45
1492.3770   2.8464E-45
1492.8913   2.8584E-45
1493.4056   2.8733E-45
1493.9198   2.8853E-45
1494.4341   2.9101E-45
1494.9483   2.9328E-45
1495.4626   2.9743E-45
1495.9769   3.0243E-45
1496.4911   3.0481E-45
1497.0054   3.0543E-45
1497.5196   3.0627E-45
1498.0339   3.0869E-45
1498.5481   3.1051E-45
1499.0624   3.1257E-45
1499.5767   3.1485E-45
1500.0909   3.1623E-45
1500.6052   3.1824E-45
1501.1194   3.1952E-45
1501.6337   3.2089E-45
1502.1479   3.2245E-45
1502.6622   3.2410E-45
1503.1765   3.2624E-45
1503.6907   3.2782E-45
1504.2050   3.3036E-45
1504.7192   3.3315E-45
1505.2335   3.3481E-45
1505.7478   3.3566E-45
1506.2620   3.3805E-45
1506.7763   3.3933E-45
1507.2905   3.4199E-45
1507.8048   3.4272E-45
1508.3190   3.4444E-45
1508.8333   3.4650E-45
1509.3476   3.4786E-45
1509.8618   3.4913E-45
1510.3761   3.5221E-45
1510.8903   3.5518E-45
1511.4046   3.5780E-45
1511.9188   3.5983E-45
1512.4331   3.6141E-45
1512.9474   3.6372E-45
1513.4616   3.6507E-45
1513.9759   3.6624E-45
1514.4901   3.6708E-45
1515.0044   3.6796E-45
1515.5187   3.6969E-45
1516.0329   3.7128E-45
1516.5472   3.7371E-45
1517.0614   3.7634E-45
1517.5757   3.7836E-45
1518.0899   3.8039E-45
1518.6042   3.8286E-45
1519.1185   3.8590E-45
1519.6327   3.8900E-45
1520.1470   3.9315E-45
1520.6612   3.9901E-45
1521.1755   4.0431E-45
1521.6897   4.0589E-45
1522.2040   4.0869E-45
1522.7183   4.1146E-45
1523.2325   4.1310E-45
1523.7468   4.1528E-45
1524.2610   4.1807E-45
1524.7753   4.2115E-45
1525.2895   4.2494E-45
1525.8038   4.2726E-45
1526.3181   4.2883E-45
1526.8323   4.3061E-45
1527.3466   4.3310E-45
1527.8608   4.3636E-45
1528.3751   4.3947E-45
1528.8894   4.4301E-45
1529.4036   4.4692E-45
1529.9179   4.5100E-45
1530.4321   4.5509E-45
1530.9464   4.5928E-45
1531.4606   4.6393E-45
1531.9749   4.6966E-45
1532.4892   4.7639E-45
1533.0034   4.8282E-45
1533.5177   4.8948E-45
1534.0319   4.9567E-45
1534.5462   5.0081E-45
1535.0604   5.0620E-45
1535.5747   5.1213E-45
1536.0890   5.1902E-45
1536.6032   5.2615E-45
1537.1175   5.3371E-45
1537.6317   5.4159E-45
1538.1460   5.5014E-45
1538.6603   5.6063E-45
1539.1745   5.6869E-45
1539.6888   5.7477E-45
1540.2030   5.8134E-45
1540.7173   5.8549E-45
1541.2315   5.9023E-45
1541.7458   5.9604E-45
1542.2601   6.0142E-45
1542.7743   6.0505E-45
1543.2886   6.0895E-45
1543.8028   6.1441E-45
1544.3171   6.2083E-45
1544.8313   6.2802E-45
1545.3456   6.3410E-45
1545.8599   6.3986E-45
1546.3741   6.4610E-45
1546.8884   6.5229E-45
1547.4026   6.5863E-45
1547.9169   6.6480E-45
1548.4312   6.7122E-45
1548.9454   6.7713E-45
1549.4597   6.8259E-45
1549.9739   6.8779E-45
1550.4882   6.9248E-45
1551.0024   6.9658E-45
1551.5167   6.9924E-45
1552.0310   7.0130E-45
1552.5452   7.0292E-45
1553.0595   7.0403E-45
1553.5737   7.0546E-45
1554.0880   7.0658E-45
1554.6022   7.0644E-45
1555.1165   7.0542E-45
1555.6308   7.0591E-45
1556.1450   7.0862E-45
1556.6593   7.1237E-45
1557.1735   7.1598E-45
1557.6878   7.1716E-45
1558.2021   7.1554E-45
1558.7163   7.1345E-45
1559.2306   7.1152E-45
1559.7448   7.0881E-45
1560.2591   7.0451E-45
1560.7733   6.9530E-45
1561.2876   6.8567E-45
1561.8019   6.7848E-45
1562.3161   6.7273E-45
1562.8304   6.6755E-45
1563.3446   6.6323E-45
1563.8589   6.5921E-45
1564.3731   6.5567E-45
1564.8874   6.5203E-45
1565.4017   6.4828E-45
1565.9159   6.4450E-45
1566.4302   6.4017E-45
1566.9444   6.3600E-45
1567.4587   6.3126E-45
1567.9730   6.2645E-45
1568.4872   6.2143E-45
1569.0015   6.1670E-45
1569.5157   6.1250E-45
1570.0300   6.0637E-45
1570.5442   5.9949E-45
1571.0585   5.9299E-45
1571.5728   5.8713E-45
1572.0870   5.8206E-45
1572.6013   5.7726E-45
1573.1155   5.7332E-45
1573.6298   5.6976E-45
1574.1440   5.6672E-45
1574.6583   5.6393E-45
1575.1726   5.6218E-45
1575.6868   5.5889E-45
1576.2011   5.5375E-45
1576.7153   5.5083E-45
1577.2296   5.4755E-45
1577.7439   5.4317E-45
1578.2581   5.3979E-45
1578.7724   5.3633E-45
1579.2866   5.3325E-45
1579.8009   5.3016E-45
1580.3151   5.2754E-45
1580.8294   5.2518E-45
1581.3437   5.2322E-45
1581.8579   5.2188E-45
1582.3722   5.2032E-45
1582.8864   5.1942E-45
1583.4007   5.1856E-45
1583.9149   5.1787E-45
1584.4292   5.1747E-45
1584.9435   5.1706E-45
1585.4577   5.1714E-45
1585.9720   5.1690E-45
1586.4862   5.1690E-45
1587.0005   5.1644E-45
1587.5148   5.1545E-45
1588.0290   5.1440E-45
1588.5433   5.1262E-45
1589.0575   5.1089E-45
1589.5718   5.0864E-45
1590.0860   5.0691E-45
1590.6003   5.0557E-45
1591.1146   5.0355E-45
1591.6288   5.0213E-45
1592.1431   5.0105E-45
1592.6573   5.0084E-45
1593.1716   5.0070E-45
1593.6858   5.0059E-45
1594.2001   5.0106E-45
1594.7144   5.0180E-45
1595.2286   5.0380E-45
1595.7429   5.0478E-45
1596.2571   5.0566E-45
1596.7714   5.0743E-45
1597.2857   5.0847E-45
1597.7999   5.0931E-45
1598.3142   5.0912E-45
1598.8284   5.0878E-45
1599.3427   5.0768E-45
1599.8569   5.0573E-45
1600.3712   5.0391E-45
1600.8855   5.0120E-45
1601.3997   4.9962E-45
1601.9140   4.9845E-45
1602.4282   4.9719E-45
1602.9425   4.9600E-45
1603.4567   4.9525E-45
1603.9710   4.9620E-45
1604.4853   4.9640E-45
1604.9995   4.9701E-45
1605.5138   4.9808E-45
1606.0280   4.9906E-45
1606.5423   5.0011E-45
1607.0566   5.0040E-45
1607.5708   5.0232E-45
1608.0851   5.0348E-45
1608.5993   5.0322E-45
1609.1136   5.0222E-45
1609.6278   5.0032E-45
1610.1421   4.9934E-45
1610.6564   4.9719E-45
1611.1706   4.9485E-45
1611.6849   4.9235E-45
1612.1991   4.8928E-45
1612.7134   4.8719E-45
1613.2276   4.8471E-45
1613.7419   4.8340E-45
1614.2562   4.8254E-45
1614.7704   4.8217E-45
1615.2847   4.8329E-45
1615.7989   4.8483E-45
1616.3132   4.8591E-45
1616.8275   4.8622E-45
1617.3417   4.8663E-45
1617.8560   4.8554E-45
1618.3702   4.8450E-45
1618.8845   4.8392E-45
1619.3987   4.8197E-45
1619.9130   4.7996E-45
1620.4273   4.7699E-45
1620.9415   4.7325E-45
1621.4558   4.7016E-45
1621.9700   4.6607E-45
1622.4843   4.6312E-45
1622.9985   4.6088E-45
1623.5128   4.5898E-45
1624.0271   4.5612E-45
1624.5413   4.5206E-45
1625.0556   4.4984E-45
1625.5698   4.4761E-45
1626.0841   4.4653E-45
1626.5984   4.4615E-45
1627.1126   4.4551E-45
1627.6269   4.4555E-45
1628.1411   4.4433E-45
1628.6554   4.4359E-45
1629.1696   4.4204E-45
1629.6839   4.4004E-45
1630.1982   4.3803E-45
1630.7124   4.3454E-45
1631.2267   4.3137E-45
1631.7409   4.2694E-45
1632.2552   4.2287E-45
1632.7694   4.1896E-45
1633.2837   4.1456E-45
1633.7980   4.1171E-45
1634.3122   4.0887E-45
1634.8265   4.0684E-45
1635.3407   4.0503E-45
1635.8550   4.0257E-45
1636.3693   3.9967E-45
1636.8835   3.9552E-45
1637.3978   3.9291E-45
1637.9120   3.9068E-45
1638.4263   3.8950E-45
1638.9405   3.8855E-45
1639.4548   3.8630E-45
1639.9691   3.8396E-45
1640.4833   3.8022E-45
1640.9976   3.7716E-45
1641.5118   3.7322E-45
1642.0261   3.6813E-45
1642.5403   3.6416E-45
1643.0546   3.5987E-45
1643.5689   3.5643E-45
1644.0831   3.5255E-45
1644.5974   3.4919E-45
1645.1116   3.4716E-45
1645.6259   3.4489E-45
1646.1402   3.4181E-45
1646.6544   3.3893E-45
1647.1687   3.3572E-45
1647.6829   3.3318E-45
1648.1972   3.3042E-45
1648.7114   3.2860E-45
1649.2257   3.2571E-45
1649.7400   3.2366E-45
1650.2542   3.2131E-45
1650.7685   3.1907E-45
1651.2827   3.1734E-45
1651.7970   3.1410E-45
1652.3112   3.0955E-45
1652.8255   3.0498E-45
1653.3398   3.0009E-45
1653.8540   2.9601E-45
1654.3683   2.9304E-45
1654.8825   2.8893E-45
1655.3968   2.8355E-45
1655.9111   2.7973E-45
1656.4253   2.7610E-45
1656.9396   2.7282E-45
1657.4538   2.7055E-45
1657.9681   2.6791E-45
1658.4823   2.6612E-45
1658.9966   2.6391E-45
1659.5109   2.6185E-45
1660.0251   2.5964E-45
1660.5394   2.5658E-45
1661.0536   2.5362E-45
1661.5679   2.5003E-45
1662.0821   2.4755E-45
1662.5964   2.4476E-45
1663.1107   2.4094E-45
1663.6249   2.3675E-45
1664.1392   2.3224E-45
1664.6534   2.2893E-45
1665.1677   2.2547E-45
1665.6819   2.2256E-45
1666.1962   2.1999E-45
1666.7105   2.1731E-45
1667.2247   2.1532E-45
1667.7390   2.1286E-45
1668.2532   2.1108E-45
1668.7675   2.1009E-45
1669.2818   2.0921E-45
1669.7960   2.0701E-45
1670.3103   2.0331E-45
1670.8245   1.9993E-45
1671.3388   1.9619E-45
1671.8530   1.9336E-45
1672.3673   1.9082E-45
1672.8816   1.8777E-45
1673.3958   1.8527E-45
1673.9101   1.8259E-45
1674.4243   1.8114E-45
1674.9386   1.8003E-45
1675.4528   1.7736E-45
1675.9671   1.7350E-45
1676.4814   1.6998E-45
1676.9956   1.6739E-45
1677.5099   1.6481E-45
1678.0241   1.6280E-45
1678.5384   1.6101E-45
1679.0527   1.5897E-45
1679.5669   1.5680E-45
1680.0812   1.5465E-45
1680.5954   1.5316E-45
1681.1097   1.5164E-45
1681.6239   1.4980E-45
1682.1382   1.4800E-45
1682.6525   1.4657E-45
1683.1667   1.4548E-45
1683.6810   1.4340E-45
1684.1952   1.4067E-45
1684.7095   1.3809E-45
1685.2237   1.3613E-45
1685.7380   1.3418E-45
1686.2523   1.3135E-45
1686.7665   1.2903E-45
1687.2808   1.2685E-45
1687.7950   1.2470E-45
1688.3093   1.2280E-45
1688.8236   1.2154E-45
1689.3378   1.2028E-45
1689.8521   1.1840E-45
1690.3663   1.1681E-45
1690.8806   1.1542E-45
1691.3948   1.1378E-45
1691.9091   1.1187E-45
1692.4234   1.1011E-45
1692.9376   1.0866E-45
1693.4519   1.0714E-45
1693.9661   1.0599E-45
1694.4804   1.0503E-45
1694.9946   1.0376E-45
1695.5089   1.0268E-45
1696.0232   1.0128E-45
1696.5374   9.9712E-46
1697.0517   9.7557E-46
1697.5659   9.5716E-46
1698.0802   9.4756E-46
1698.5945   9.3112E-46
1699.1087   9.2445E-46
1699.6230   9.2020E-46
1700.1372   9.1246E-46
1700.6515   9.0372E-46
1701.1657   8.9425E-46
1701.6800   8.7279E-46
1702.1943   8.5127E-46
1702.7085   8.3267E-46
1703.2228   8.1927E-46
1703.7370   8.0991E-46
1704.2513   7.9760E-46
1704.7655   7.8536E-46
1705.2798   7.7216E-46
1705.7941   7.5951E-46
1706.3083   7.4799E-46
1706.8226   7.3401E-46
1707.3368   7.2089E-46
1707.8511   7.1112E-46
1708.3654   7.0464E-46
1708.8796   6.9528E-46
1709.3939   6.8414E-46
1709.9081   6.7256E-46
1710.4224   6.6092E-46
1710.9366   6.5517E-46
1711.4509   6.4539E-46
1711.9652   6.3524E-46
1712.4794   6.2502E-46
1712.9937   6.1435E-46
1713.5079   6.0917E-46
1714.0222   5.9983E-46
1714.5364   5.9567E-46
1715.0507   5.8863E-46
1715.5650   5.7642E-46
1716.0792   5.7324E-46
1716.5935   5.6020E-46
1717.1077   5.5985E-46
1717.6220   5.5201E-46
1718.1363   5.4870E-46
1718.6505   5.4644E-46
1719.1648   5.3281E-46
1719.6790   5.2432E-46
1720.1933   5.1015E-46
1720.7075   5.0348E-46
1721.2218   4.9345E-46
1721.7361   4.8698E-46
1722.2503   4.8363E-46
1722.7646   4.7331E-46
1723.2788   4.6849E-46
1723.7931   4.6004E-46
1724.3073   4.5547E-46
1724.8216   4.4899E-46
1725.3359   4.4125E-46
1725.8501   4.3780E-46
1726.3644   4.2562E-46
1726.8786   4.2358E-46
1727.3929   4.1567E-46
1727.9072   4.1096E-46
1728.4214   4.0654E-46
1728.9357   3.9577E-46
1729.4499   3.9017E-46
1729.9642   3.7837E-46
1730.4784   3.7853E-46
1730.9927   3.7993E-46
1731.5070   3.7141E-46
1732.0212   3.6919E-46
1732.5355   3.5067E-46
1733.0497   3.5187E-46
1733.5640   3.4822E-46
1734.0782   3.4415E-46
1734.5925   3.4657E-46
1735.1068   3.3436E-46
1735.6210   3.3632E-46
1736.1353   3.2938E-46
1736.6495   3.2712E-46
1737.1638   3.2138E-46
1737.6781   3.1488E-46
1738.1923   3.2099E-46
1738.7066   3.1258E-46
1739.2208   3.1403E-46
1739.7351   3.0488E-46
1740.2493   2.9642E-46
1740.7636   2.9797E-46
1741.2779   2.8816E-46
1741.7921   2.9054E-46
1742.3064   2.7800E-46
1742.8206   2.7598E-46
1743.3349   2.7383E-46
1743.8491   2.6249E-46
1744.3634   2.6307E-46
1744.8777   2.5008E-46
1745.3919   2.5197E-46
1745.9062   2.4753E-46
1746.4204   2.4547E-46
1746.9347   2.4630E-46
1747.4490   2.3702E-46
1747.9632   2.4099E-46
1748.4775   2.3287E-46
1748.9917   2.3344E-46
1749.5060   2.3222E-46
1750.0202   2.2875E-46
1750.5345   2.3652E-46
1751.0488   2.3208E-46
1751.5630   2.3797E-46
1752.0773   2.2615E-46
1752.5915   2.1552E-46
1753.1058   2.1629E-46
1753.6200   2.0557E-46
1754.1343   2.1098E-46
1754.6486   2.0462E-46
1755.1628   2.0564E-46
1755.6771   2.0286E-46
1756.1913   1.9317E-46
1756.7056   2.0102E-46
1757.2199   1.8807E-46
1757.7341   1.9237E-46
1758.2484   1.8645E-46
1758.7626   1.8575E-46
1759.2769   1.8993E-46
1759.7911   1.8133E-46
1760.3054   1.8821E-46
1760.8197   1.7537E-46
1761.3339   1.7548E-46
1761.8482   1.7922E-46
1762.3624   1.7032E-46
1762.8767   1.7778E-46
1763.3909   1.6663E-46
1763.9052   1.7097E-46
1764.4195   1.6371E-46
1764.9337   1.6262E-46
1765.4480   1.6625E-46
1765.9622   1.5791E-46
1766.4765   1.6482E-46
1766.9908   1.5553E-46
1767.5050   1.5812E-46
1768.0193   1.5902E-46
1768.5335   1.4867E-46
1769.0478   1.5393E-46
1769.5620   1.4309E-46
1770.0763   1.5050E-46
1770.5906   1.4907E-46
1771.1048   1.4773E-46
1771.6191   1.5269E-46
1772.1333   1.4091E-46
1772.6476   1.4815E-46
1773.1618   1.3821E-46
1773.6761   1.3531E-46
1774.1904   1.3847E-46
1774.7046   1.3141E-46
1775.2189   1.3739E-46
1775.7331   1.2766E-46
1776.2474   1.3272E-46
1776.7617   1.2837E-46
1777.2759   1.2641E-46
1777.7902   1.2866E-46
1778.3044   1.2031E-46
1778.8187   1.2412E-46
1779.3329   1.1758E-46
1779.8472   1.2232E-46
1780.3615   1.1996E-46
1780.8757   1.1172E-46
1781.3900   1.1776E-46
1781.9042   1.1221E-46
1782.4185   1.1680E-46
1782.9327   1.1317E-46
1783.4470   1.1018E-46
1783.9613   1.0972E-46
1784.4755   9.9504E-47
1784.9898   1.0441E-46
1785.5040   1.0144E-46
1786.0183   1.0575E-46
1786.5326   1.0900E-46
1787.0468   1.0715E-46
1787.5611   1.1124E-46
1788.0753   1.0354E-46
1788.5896   1.0627E-46
1789.1038   1.0254E-46
1789.6181   1.0125E-46
1790.1324   1.0199E-46
1790.6466   9.6128E-47
1791.1609   1.0151E-46
1791.6751   9.7569E-47
1792.1894   1.0116E-46
1792.7036   1.0329E-46
1793.2179   9.7247E-47
1793.7322   1.0036E-46
1794.2464   9.4576E-47
1794.7607   9.3342E-47
1795.2749   8.7491E-47
1795.7892   8.8876E-47
1796.3035   8.9521E-47
1796.8177   8.4201E-47
1797.3320   8.6459E-47
1797.8462   8.3483E-47
1798.3605   8.6131E-47
1798.8747   8.5993E-47
1799.3890   8.3638E-47
1799.9033   8.4861E-47
1800.4175   8.2258E-47
1800.9318   8.0728E-47
1801.4460   7.8121E-47
1801.9603   7.4569E-47
1802.4745   7.4135E-47
1802.9888   7.3374E-47
1803.5031   7.7844E-47
1804.0173   7.4952E-47
1804.5316   7.3796E-47
1805.0458   7.0410E-47
1805.5601   7.0249E-47
1806.0743   7.1412E-47
1806.5886   6.9412E-47
1807.1029   6.9110E-47
1807.6171   6.6050E-47
1808.1314   6.7141E-47
1808.6456   6.7187E-47
1809.1599   6.6140E-47
1809.6742   6.6898E-47
1810.1884   6.1739E-47
1810.7027   6.0866E-47
1811.2169   6.0388E-47
1811.7312   6.0010E-47
1812.2454   5.7218E-47
1812.7597   5.7882E-47
1813.2740   6.0076E-47
1813.7882   5.9109E-47
1814.3025   5.9300E-47
1814.8167   5.8051E-47
1815.3310   5.7532E-47
1815.8452   5.6018E-47
1816.3595   5.3927E-47
1816.8738   5.1072E-47
1817.3880   4.8174E-47
1817.9023   4.7858E-47
1818.4165   4.8495E-47
1818.9308   4.8010E-47
1819.4451   4.7229E-47
1819.9593   4.6509E-47
1820.4736   4.6502E-47
1820.9878   4.5306E-47
1821.5021   4.4645E-47
1822.0163   4.2583E-47
1822.5306   4.1462E-47
1823.0449   4.0452E-47
1823.5591   4.0171E-47
1824.0734   4.0335E-47
1824.5876   3.7558E-47
1825.1019   3.8016E-47
1825.6161   3.4426E-47
1826.1304   3.5250E-47
1826.6447   3.5104E-47
1827.1589   3.4482E-47
1827.6732   3.4904E-47
1828.1874   3.3922E-47
1828.7017   3.2719E-47
1829.2160   3.1133E-47
1829.7302   3.6051E-47
1830.2445   3.6146E-47
1830.7587   3.1263E-47
1831.2730   2.9110E-47
1831.7872   2.5331E-47
1832.3015   2.4434E-47
1832.8158   2.0933E-47
1833.3300   1.9850E-47
1833.8443   2.0446E-47
1834.3585   2.0211E-47
1834.8728   2.0812E-47
1835.3870   1.8658E-47
1835.9013   1.9310E-47
1836.4156   1.6950E-47
1836.9298   1.7559E-47
1837.4441   1.7603E-47
1837.9583   1.4526E-47
1838.4726   1.5785E-47
1838.9869   1.2647E-47
1839.5011   1.2829E-47
1840.0154   1.0857E-47
1840.5296   9.7602E-48
1841.0439   1.0315E-47
1841.5581   7.7969E-48
1842.0724   8.4762E-48
1842.5867   7.2585E-48
1843.1009   7.1754E-48
1843.6152   8.0899E-48
1844.1294   8.9646E-48
1844.6437   9.7264E-48
1845.1579   3.4060E-48
1845.6722   3.5149E-48
1846.1865   1.2694E-48
1846.7007   8.8659E-49
1847.2150  -7.8527E-49
1847.7292  -6.7873E-48
1848.2435  -1.3626E-48
1848.7578   6.0994E-49
1849.2720   3.3751E-48
1849.7863   3.0362E-48
               O2-O2  1300.045  1849.786   1070  273.0 6.860E-45 0.500                            42
1300.0446   1.4477E-47
1300.5589   2.5909E-47
1301.0731   2.7019E-47
1301.5874   3.0434E-47
1302.1016   2.7630E-47
1302.6159   1.8867E-47
1303.1301   1.0995E-47
1303.6444   8.2681E-48
1304.1587   1.2953E-47
1304.6729   1.2070E-47
1305.1872   1.4848E-47
1305.7014   1.9854E-47
1306.2157   2.1681E-47
1306.7300   2.6424E-47
1307.2442   2.4492E-47
1307.7585   1.8620E-47
1308.2727   2.1767E-47
1308.7870   1.5335E-47
1309.3012   2.0816E-47
1309.8155   1.5727E-47
1310.3298   1.8794E-47
1310.8440   2.3884E-47
1311.3583   2.4175E-47
1311.8725   2.7969E-47
1312.3868   1.9236E-47
1312.9010   2.2509E-47
1313.4153   1.8798E-47
1313.9296   1.8874E-47
1314.4438   2.1526E-47
1314.9581   1.6537E-47
1315.4723   2.2651E-47
1315.9866   2.2518E-47
1316.5009   2.8343E-47
1317.0151   2.8553E-47
1317.5294   2.4873E-47
1318.0436   2.9304E-47
1318.5579   2.7239E-47
1319.0721   3.0728E-47
1319.5864   2.8025E-47
1320.1007   2.6989E-47
1320.6149   3.0317E-47
1321.1292   2.9624E-47
1321.6434   3.7249E-47
1322.1577   3.7356E-47
1322.6719   3.3612E-47
1323.1862   2.8075E-47
1323.7005   2.7181E-47
1324.2147   2.8648E-47
1324.7290   2.6271E-47
1325.2432   3.1919E-47
1325.7575   3.3251E-47
1326.2718   3.9222E-47
1326.7860   3.8501E-47
1327.3003   3.5724E-47
1327.8145   4.1950E-47
1328.3288   3.7144E-47
1328.8430   3.7403E-47
1329.3573   3.3164E-47
1329.8716   3.4703E-47
1330.3858   3.6909E-47
1330.9001   3.7162E-47
1331.4143   4.4596E-47
1331.9286   4.8121E-47
1332.4428   4.5060E-47
1332.9571   3.9094E-47
1333.4714   4.2811E-47
1333.9856   4.1892E-47
1334.4999   4.1276E-47
1335.0141   4.7225E-47
1335.5284   4.4578E-47
1336.0427   4.9237E-47
1336.5569   5.0089E-47
1337.0712   4.5703E-47
1337.5854   4.3277E-47
1338.0997   4.9419E-47
1338.6139   5.7904E-47
1339.1282   5.5545E-47
1339.6425   5.2066E-47
1340.1567   5.2918E-47
1340.6710   6.0096E-47
1341.1852   5.4018E-47
1341.6995   4.9198E-47
1342.2137   5.1389E-47
1342.7280   5.5125E-47
1343.2423   5.8545E-47
1343.7565   6.2146E-47
1344.2708   5.7673E-47
1344.7850   6.2250E-47
1345.2993   6.2480E-47
1345.8136   5.9343E-47
1346.3278   6.4846E-47
1346.8421   7.5235E-47
1347.3563   7.9186E-47
1347.8706   7.7326E-47
1348.3848   7.6411E-47
1348.8991   7.2015E-47
1349.4134   6.8978E-47
1349.9276   7.6104E-47
1350.4419   7.6096E-47
1350.9561   8.5272E-47
1351.4704   8.4971E-47
1351.9846   8.3647E-47
1352.4989   8.7155E-47
1353.0132   8.8936E-47
1353.5274   9.1214E-47
1354.0417   8.6048E-47
1354.5559   8.8848E-47
1355.0702   9.4097E-47
1355.5845   9.7499E-47
1356.0987   9.9220E-47
1356.6130   9.2584E-47
1357.1272   9.3183E-47
1357.6415   9.2538E-47
1358.1557   9.4539E-47
1358.6700   9.5966E-47
1359.1843   9.4182E-47
1359.6985   1.0187E-46
1360.2128   1.0200E-46
1360.7270   1.0134E-46
1361.2413   1.0150E-46
1361.7555   1.0372E-46
1362.2698   1.0012E-46
1362.7841   1.0852E-46
1363.2983   1.1269E-46
1363.8126   1.1093E-46
1364.3268   1.1386E-46
1364.8411   1.1388E-46
1365.3554   1.1240E-46
1365.8696   1.1868E-46
1366.3839   1.1638E-46
1366.8981   1.1890E-46
1367.4124   1.2005E-46
1367.9266   1.2798E-46
1368.4409   1.3656E-46
1368.9552   1.3490E-46
1369.4694   1.3230E-46
1369.9837   1.2964E-46
1370.4979   1.3170E-46
1371.0122   1.3276E-46
1371.5264   1.3272E-46
1372.0407   1.3480E-46
1372.5550   1.3689E-46
1373.0692   1.3940E-46
1373.5835   1.4239E-46
1374.0977   1.4084E-46
1374.6120   1.3905E-46
1375.1263   1.4214E-46
1375.6405   1.4864E-46
1376.1548   1.5310E-46
1376.6690   1.5545E-46
1377.1833   1.5554E-46
1377.6975   1.6041E-46
1378.2118   1.6320E-46
1378.7261   1.6187E-46
1379.2403   1.6562E-46
1379.7546   1.6274E-46
1380.2688   1.6827E-46
1380.7831   1.6990E-46
1381.2973   1.7261E-46
1381.8116   1.7888E-46
1382.3259   1.7878E-46
1382.8401   1.8736E-46
1383.3544   1.8514E-46
1383.8686   1.8908E-46
1384.3829   1.9059E-46
1384.8972   1.9336E-46
1385.4114   2.0199E-46
1385.9257   1.9976E-46
1386.4399   2.0397E-46
1386.9542   2.0551E-46
1387.4684   2.1656E-46
1387.9827   2.2022E-46
1388.4970   2.2158E-46
1389.0112   2.2938E-46
1389.5255   2.2537E-46
1390.0397   2.3383E-46
1390.5540   2.3585E-46
1391.0682   2.3568E-46
1391.5825   2.4362E-46
1392.0968   2.4329E-46
1392.6110   2.5349E-46
1393.1253   2.6292E-46
1393.6395   2.6585E-46
1394.1538   2.7669E-46
1394.6680   2.8287E-46
1395.1823   2.8243E-46
1395.6966   2.8878E-46
1396.2108   2.9910E-46
1396.7251   2.9768E-46
1397.2393   2.9872E-46
1397.7536   3.1789E-46
1398.2679   3.1041E-46
1398.7821   3.0519E-46
1399.2964   3.1170E-46
1399.8106   3.2007E-46
1400.3249   3.2625E-46
1400.8391   3.1552E-46
1401.3534   3.2686E-46
1401.8677   3.2734E-46
1402.3819   3.3641E-46
1402.8962   3.4501E-46
1403.4104   3.4587E-46
1403.9247   3.6436E-46
1404.4389   3.7342E-46
1404.9532   3.7434E-46
1405.4675   3.6663E-46
1405.9817   3.7446E-46
1406.4960   3.8445E-46
1407.0102   3.7782E-46
1407.5245   3.8877E-46
1408.0388   3.8768E-46
1408.5530   3.9413E-46
1409.0673   4.0536E-46
1409.5815   4.0509E-46
1410.0958   4.2222E-46
1410.6100   4.2169E-46
1411.1243   4.3452E-46
1411.6386   4.3936E-46
1412.1528   4.3947E-46
1412.6671   4.5350E-46
1413.1813   4.5093E-46
1413.6956   4.6896E-46
1414.2098   4.7329E-46
1414.7241   4.8369E-46
1415.2384   4.9722E-46
1415.7526   5.0437E-46
1416.2669   5.2364E-46
1416.7811   5.3012E-46
1417.2954   5.3920E-46
1417.8097   5.5892E-46
1418.3239   5.6773E-46
1418.8382   5.8017E-46
1419.3524   5.9675E-46
1419.8667   5.9373E-46
1420.3809   5.9799E-46
1420.8952   6.0640E-46
1421.4095   6.0572E-46
1421.9237   6.0741E-46
1422.4380   6.2362E-46
1422.9522   6.3648E-46
1423.4665   6.5073E-46
1423.9807   6.5808E-46
1424.4950   6.6392E-46
1425.0093   6.6720E-46
1425.5235   6.6553E-46
1426.0378   6.7905E-46
1426.5520   6.8933E-46
1427.0663   6.9789E-46
1427.5806   7.1724E-46
1428.0948   7.2097E-46
1428.6091   7.4564E-46
1429.1233   7.5798E-46
1429.6376   7.5113E-46
1430.1518   7.5894E-46
1430.6661   7.8114E-46
1431.1804   7.8931E-46
1431.6946   7.9714E-46
1432.2089   8.1160E-46
1432.7231   8.2165E-46
1433.2374   8.3277E-46
1433.7516   8.4775E-46
1434.2659   8.6000E-46
1434.7802   8.7981E-46
1435.2944   9.0553E-46
1435.8087   9.1458E-46
1436.3229   9.3593E-46
1436.8372   9.5719E-46
1437.3515   9.6399E-46
1437.8657   9.7526E-46
1438.3800   9.8469E-46
1438.8942   9.8676E-46
1439.4085   9.9710E-46
1439.9227   1.0118E-45
1440.4370   1.0213E-45
1440.9513   1.0366E-45
1441.4655   1.0463E-45
1441.9798   1.0614E-45
1442.4940   1.0752E-45
1443.0083   1.0859E-45
1443.5225   1.1015E-45
1444.0368   1.1111E-45
1444.5511   1.1274E-45
1445.0653   1.1404E-45
1445.5796   1.1574E-45
1446.0938   1.1752E-45
1446.6081   1.1943E-45
1447.1224   1.2163E-45
1447.6366   1.2351E-45
1448.1509   1.2515E-45
1448.6651   1.2684E-45
1449.1794   1.2817E-45
1449.6936   1.2949E-45
1450.2079   1.3060E-45
1450.7222   1.3258E-45
1451.2364   1.3440E-45
1451.7507   1.3742E-45
1452.2649   1.3956E-45
1452.7792   1.4077E-45
1453.2934   1.4270E-45
1453.8077   1.4482E-45
1454.3220   1.4788E-45
1454.8362   1.4979E-45
1455.3505   1.5150E-45
1455.8647   1.5353E-45
1456.3790   1.5682E-45
1456.8933   1.5913E-45
1457.4075   1.5962E-45
1457.9218   1.6051E-45
1458.4360   1.6246E-45
1458.9503   1.6421E-45
1459.4645   1.6610E-45
1459.9788   1.6714E-45
1460.4931   1.6862E-45
1461.0073   1.6923E-45
1461.5216   1.7117E-45
1462.0358   1.7285E-45
1462.5501   1.7467E-45
1463.0643   1.7746E-45
1463.5786   1.7979E-45
1464.0929   1.8171E-45
1464.6071   1.8389E-45
1465.1214   1.8546E-45
1465.6356   1.8632E-45
1466.1499   1.8874E-45
1466.6642   1.9119E-45
1467.1784   1.9211E-45
1467.6927   1.9378E-45
1468.2069   1.9529E-45
1468.7212   1.9685E-45
1469.2354   1.9900E-45
1469.7497   2.0038E-45
1470.2640   2.0282E-45
1470.7782   2.0533E-45
1471.2925   2.0762E-45
1471.8067   2.1074E-45
1472.3210   2.1315E-45
1472.8352   2.1496E-45
1473.3495   2.1809E-45
1473.8638   2.1998E-45
1474.3780   2.2154E-45
1474.8923   2.2320E-45
1475.4065   2.2460E-45
1475.9208   2.2665E-45
1476.4351   2.2927E-45
1476.9493   2.3069E-45
1477.4636   2.3225E-45
1477.9778   2.3386E-45
1478.4921   2.3455E-45
1479.0063   2.3674E-45
1479.5206   2.3766E-45
1480.0349   2.3976E-45
1480.5491   2.4197E-45
1481.0634   2.4394E-45
1481.5776   2.4606E-45
1482.0919   2.4579E-45
1482.6061   2.4796E-45
1483.1204   2.4907E-45
1483.6347   2.5130E-45
1484.1489   2.5387E-45
1484.6632   2.5589E-45
1485.1774   2.5953E-45
1485.6917   2.6203E-45
1486.2060   2.6614E-45
1486.7202   2.6870E-45
1487.2345   2.7075E-45
1487.7487   2.7252E-45
1488.2630   2.7458E-45
1488.7772   2.7747E-45
1489.2915   2.7909E-45
1489.8058   2.8039E-45
1490.3200   2.8207E-45
1490.8343   2.8362E-45
1491.3485   2.8387E-45
1491.8628   2.8410E-45
1492.3770   2.8543E-45
1492.8913   2.8627E-45
1493.4056   2.8773E-45
1493.9198   2.9022E-45
1494.4341   2.9176E-45
1494.9483   2.9520E-45
1495.4626   2.9842E-45
1495.9769   3.0177E-45
1496.4911   3.0489E-45
1497.0054   3.0695E-45
1497.5196   3.0848E-45
1498.0339   3.1026E-45
1498.5481   3.1203E-45
1499.0624   3.1480E-45
1499.5767   3.1636E-45
1500.0909   3.1615E-45
1500.6052   3.1591E-45
1501.1194   3.1842E-45
1501.6337   3.1963E-45
1502.1479   3.2135E-45
1502.6622   3.2272E-45
1503.1765   3.2419E-45
1503.6907   3.2675E-45
1504.2050   3.2995E-45
1504.7192   3.3290E-45
1505.2335   3.3671E-45
1505.7478   3.4068E-45
1506.2620   3.4333E-45
1506.7763   3.4494E-45
1507.2905   3.4624E-45
1507.8048   3.4790E-45
1508.3190   3.4899E-45
1508.8333   3.4943E-45
1509.3476   3.5104E-45
1509.8618   3.5244E-45
1510.3761   3.5158E-45
1510.8903   3.5238E-45
1511.4046   3.5469E-45
1511.9188   3.5800E-45
1512.4331   3.5913E-45
1512.9474   3.5934E-45
1513.4616   3.5920E-45
1513.9759   3.6053E-45
1514.4901   3.6372E-45
1515.0044   3.6733E-45
1515.5187   3.6719E-45
1516.0329   3.7002E-45
1516.5472   3.7262E-45
1517.0614   3.7466E-45
1517.5757   3.7710E-45
1518.0899   3.7882E-45
1518.6042   3.8026E-45
1519.1185   3.8226E-45
1519.6327   3.8770E-45
1520.1470   3.9318E-45
1520.6612   3.9626E-45
1521.1755   4.0108E-45
1521.6897   4.0390E-45
1522.2040   4.0477E-45
1522.7183   4.0849E-45
1523.2325   4.1099E-45
1523.7468   4.1153E-45
1524.2610   4.1340E-45
1524.7753   4.1730E-45
1525.2895   4.2023E-45
1525.8038   4.2322E-45
1526.3181   4.2437E-45
1526.8323   4.2713E-45
1527.3466   4.3058E-45
1527.8608   4.3204E-45
1528.3751   4.3530E-45
1528.8894   4.3684E-45
1529.4036   4.3808E-45
1529.9179   4.4098E-45
1530.4321   4.4537E-45
1530.9464   4.5057E-45
1531.4606   4.5651E-45
1531.9749   4.6260E-45
1532.4892   4.6902E-45
1533.0034   4.7506E-45
1533.5177   4.8097E-45
1534.0319   4.8556E-45
1534.5462   4.9045E-45
1535.0604   4.9556E-45
1535.5747   5.0094E-45
1536.0890   5.0642E-45
1536.6032   5.1380E-45
1537.1175   5.2142E-45
1537.6317   5.2850E-45
1538.1460   5.3305E-45
1538.6603   5.3893E-45
1539.1745   5.4507E-45
1539.6888   5.5019E-45
1540.2030   5.5595E-45
1540.7173   5.6155E-45
1541.2315   5.6675E-45
1541.7458   5.7511E-45
1542.2601   5.8307E-45
1542.7743   5.8982E-45
1543.2886   5.9639E-45
1543.8028   6.0151E-45
1544.3171   6.0572E-45
1544.8313   6.1160E-45
1545.3456   6.1492E-45
1545.8599   6.1818E-45
1546.3741   6.2161E-45
1546.8884   6.2602E-45
1547.4026   6.3056E-45
1547.9169   6.3626E-45
1548.4312   6.4171E-45
1548.9454   6.4865E-45
1549.4597   6.5650E-45
1549.9739   6.6289E-45
1550.4882   6.6588E-45
1551.0024   6.6561E-45
1551.5167   6.6765E-45
1552.0310   6.6867E-45
1552.5452   6.7102E-45
1553.0595   6.7326E-45
1553.5737   6.7548E-45
1554.0880   6.7841E-45
1554.6022   6.7865E-45
1555.1165   6.7767E-45
1555.6308   6.7710E-45
1556.1450   6.7977E-45
1556.6593   6.8346E-45
1557.1735   6.8543E-45
1557.6878   6.8598E-45
1558.2021   6.8503E-45
1558.7163   6.8200E-45
1559.2306   6.7752E-45
1559.7448   6.7352E-45
1560.2591   6.6948E-45
1560.7733   6.6357E-45
1561.2876   6.5784E-45
1561.8019   6.5104E-45
1562.3161   6.4435E-45
1562.8304   6.3941E-45
1563.3446   6.3509E-45
1563.8589   6.3282E-45
1564.3731   6.3013E-45
1564.8874   6.2714E-45
1565.4017   6.2284E-45
1565.9159   6.1768E-45
1566.4302   6.1330E-45
1566.9444   6.0899E-45
1567.4587   6.0574E-45
1567.9730   6.0174E-45
1568.4872   5.9762E-45
1569.0015   5.9117E-45
1569.5157   5.8583E-45
1570.0300   5.8002E-45
1570.5442   5.7493E-45
1571.0585   5.7046E-45
1571.5728   5.6531E-45
1572.0870   5.6036E-45
1572.6013   5.5634E-45
1573.1155   5.5216E-45
1573.6298   5.5032E-45
1574.1440   5.4700E-45
1574.6583   5.4327E-45
1575.1726   5.4010E-45
1575.6868   5.3796E-45
1576.2011   5.3511E-45
1576.7153   5.3132E-45
1577.2296   5.2784E-45
1577.7439   5.2507E-45
1578.2581   5.2201E-45
1578.7724   5.1839E-45
1579.2866   5.1403E-45
1579.8009   5.1182E-45
1580.3151   5.0811E-45
1580.8294   5.0609E-45
1581.3437   5.0344E-45
1581.8579   5.0140E-45
1582.3722   5.0019E-45
1582.8864   4.9835E-45
1583.4007   4.9828E-45
1583.9149   4.9724E-45
1584.4292   4.9723E-45
1584.9435   4.9688E-45
1585.4577   4.9608E-45
1585.9720   4.9625E-45
1586.4862   4.9510E-45
1587.0005   4.9505E-45
1587.5148   4.9406E-45
1588.0290   4.9277E-45
1588.5433   4.9182E-45
1589.0575   4.8922E-45
1589.5718   4.8793E-45
1590.0860   4.8543E-45
1590.6003   4.8450E-45
1591.1146   4.8333E-45
1591.6288   4.8174E-45
1592.1431   4.8226E-45
1592.6573   4.8094E-45
1593.1716   4.8153E-45
1593.6858   4.8124E-45
1594.2001   4.8169E-45
1594.7144   4.8299E-45
1595.2286   4.8320E-45
1595.7429   4.8493E-45
1596.2571   4.8500E-45
1596.7714   4.8684E-45
1597.2857   4.8779E-45
1597.7999   4.8750E-45
1598.3142   4.8837E-45
1598.8284   4.8711E-45
1599.3427   4.8736E-45
1599.8569   4.8589E-45
1600.3712   4.8437E-45
1600.8855   4.8317E-45
1601.3997   4.8030E-45
1601.9140   4.8009E-45
1602.4282   4.7766E-45
1602.9425   4.7723E-45
1603.4567   4.7718E-45
1603.9710   4.7703E-45
1604.4853   4.7858E-45
1604.9995   4.7791E-45
1605.5138   4.7980E-45
1606.0280   4.8041E-45
1606.5423   4.8165E-45
1607.0566   4.8337E-45
1607.5708   4.8392E-45
1608.0851   4.8608E-45
1608.5993   4.8589E-45
1609.1136   4.8640E-45
1609.6278   4.8544E-45
1610.1421   4.8226E-45
1610.6564   4.8082E-45
1611.1706   4.7728E-45
1611.6849   4.7618E-45
1612.1991   4.7385E-45
1612.7134   4.7176E-45
1613.2276   4.7160E-45
1613.7419   4.6962E-45
1614.2562   4.7138E-45
1614.7704   4.7113E-45
1615.2847   4.7290E-45
1615.7989   4.7223E-45
1616.3132   4.7275E-45
1616.8275   4.7398E-45
1617.3417   4.7345E-45
1617.8560   4.7263E-45
1618.3702   4.7292E-45
1618.8845   4.7200E-45
1619.3987   4.7131E-45
1619.9130   4.6843E-45
1620.4273   4.6781E-45
1620.9415   4.6444E-45
1621.4558   4.6225E-45
1621.9700   4.6050E-45
1622.4843   4.5759E-45
1622.9985   4.5582E-45
1623.5128   4.5332E-45
1624.0271   4.5053E-45
1624.5413   4.4699E-45
1625.0556   4.4383E-45
1625.5698   4.4236E-45
1626.0841   4.3995E-45
1626.5984   4.4115E-45
1627.1126   4.4222E-45
1627.6269   4.4224E-45
1628.1411   4.4190E-45
1628.6554   4.4034E-45
1629.1696   4.3897E-45
1629.6839   4.3549E-45
1630.1982   4.3363E-45
1630.7124   4.3036E-45
1631.2267   4.2672E-45
1631.7409   4.2437E-45
1632.2552   4.2026E-45
1632.7694   4.1882E-45
1633.2837   4.1613E-45
1633.7980   4.1379E-45
1634.3122   4.1286E-45
1634.8265   4.1271E-45
1635.3407   4.1105E-45
1635.8550   4.0808E-45
1636.3693   4.0539E-45
1636.8835   4.0241E-45
1637.3978   3.9973E-45
1637.9120   3.9675E-45
1638.4263   3.9394E-45
1638.9405   3.9219E-45
1639.4548   3.8934E-45
1639.9691   3.8703E-45
1640.4833   3.8495E-45
1640.9976   3.8101E-45
1641.5118   3.7839E-45
1642.0261   3.7312E-45
1642.5403   3.6947E-45
1643.0546   3.6548E-45
1643.5689   3.6180E-45
1644.0831   3.6009E-45
1644.5974   3.5720E-45
1645.1116   3.5447E-45
1645.6259   3.5260E-45
1646.1402   3.5121E-45
1646.6544   3.4937E-45
1647.1687   3.4728E-45
1647.6829   3.4519E-45
1648.1972   3.4246E-45
1648.7114   3.3968E-45
1649.2257   3.3774E-45
1649.7400   3.3668E-45
1650.2542   3.3499E-45
1650.7685   3.3168E-45
1651.2827   3.2693E-45
1651.7970   3.2383E-45
1652.3112   3.2244E-45
1652.8255   3.1988E-45
1653.3398   3.1570E-45
1653.8540   3.1036E-45
1654.3683   3.0539E-45
1654.8825   3.0091E-45
1655.3968   2.9689E-45
1655.9111   2.9438E-45
1656.4253   2.9042E-45
1656.9396   2.8675E-45
1657.4538   2.8367E-45
1657.9681   2.8086E-45
1658.4823   2.7783E-45
1658.9966   2.7577E-45
1659.5109   2.7289E-45
1660.0251   2.7145E-45
1660.5394   2.6919E-45
1661.0536   2.6735E-45
1661.5679   2.6504E-45
1662.0821   2.6156E-45
1662.5964   2.5773E-45
1663.1107   2.5403E-45
1663.6249   2.5050E-45
1664.1392   2.4648E-45
1664.6534   2.4258E-45
1665.1677   2.3924E-45
1665.6819   2.3604E-45
1666.1962   2.3367E-45
1666.7105   2.3121E-45
1667.2247   2.2945E-45
1667.7390   2.2794E-45
1668.2532   2.2621E-45
1668.7675   2.2483E-45
1669.2818   2.2382E-45
1669.7960   2.2124E-45
1670.3103   2.1865E-45
1670.8245   2.1621E-45
1671.3388   2.1386E-45
1671.8530   2.1143E-45
1672.3673   2.0843E-45
1672.8816   2.0438E-45
1673.3958   2.0193E-45
1673.9101   2.0017E-45
1674.4243   1.9786E-45
1674.9386   1.9560E-45
1675.4528   1.9343E-45
1675.9671   1.9048E-45
1676.4814   1.8775E-45
1676.9956   1.8368E-45
1677.5099   1.8066E-45
1678.0241   1.7846E-45
1678.5384   1.7665E-45
1679.0527   1.7523E-45
1679.5669   1.7414E-45
1680.0812   1.7379E-45
1680.5954   1.7178E-45
1681.1097   1.6927E-45
1681.6239   1.6706E-45
1682.1382   1.6565E-45
1682.6525   1.6439E-45
1683.1667   1.6349E-45
1683.6810   1.6180E-45
1684.1952   1.5986E-45
1684.7095   1.5880E-45
1685.2237   1.5582E-45
1685.7380   1.5191E-45
1686.2523   1.4970E-45
1686.7665   1.4710E-45
1687.2808   1.4461E-45
1687.7950   1.4283E-45
1688.3093   1.4210E-45
1688.8236   1.3957E-45
1689.3378   1.3746E-45
1689.8521   1.3726E-45
1690.3663   1.3531E-45
1690.8806   1.3186E-45
1691.3948   1.2879E-45
1691.9091   1.2662E-45
1692.4234   1.2466E-45
1692.9376   1.2353E-45
1693.4519   1.2250E-45
1693.9661   1.2106E-45
1694.4804   1.1937E-45
1694.9946   1.1914E-45
1695.5089   1.2026E-45
1696.0232   1.1964E-45
1696.5374   1.1659E-45
1697.0517   1.1411E-45
1697.5659   1.1290E-45
1698.0802   1.1164E-45
1698.5945   1.1057E-45
1699.1087   1.0999E-45
1699.6230   1.1023E-45
1700.1372   1.1054E-45
1700.6515   1.0923E-45
1701.1657   1.0657E-45
1701.6800   1.0425E-45
1702.1943   1.0248E-45
1702.7085   1.0049E-45
1703.2228   9.8890E-46
1703.7370   9.7608E-46
1704.2513   9.6628E-46
1704.7655   9.5193E-46
1705.2798   9.3171E-46
1705.7941   9.1801E-46
1706.3083   9.0735E-46
1706.8226   8.8816E-46
1707.3368   8.7141E-46
1707.8511   8.5814E-46
1708.3654   8.4182E-46
1708.8796   8.2711E-46
1709.3939   8.2083E-46
1709.9081   8.1904E-46
1710.4224   8.1164E-46
1710.9366   7.9296E-46
1711.4509   7.8159E-46
1711.9652   7.6747E-46
1712.4794   7.6482E-46
1712.9937   7.5242E-46
1713.5079   7.4574E-46
1714.0222   7.3940E-46
1714.5364   7.3068E-46
1715.0507   7.2644E-46
1715.5650   7.1462E-46
1716.0792   7.0877E-46
1716.5935   7.0684E-46
1717.1077   7.1898E-46
1717.6220   7.1288E-46
1718.1363   6.9192E-46
1718.6505   6.8008E-46
1719.1648   6.5963E-46
1719.6790   6.4448E-46
1720.1933   6.4210E-46
1720.7075   6.3886E-46
1721.2218   6.2691E-46
1721.7361   6.0962E-46
1722.2503   6.1038E-46
1722.7646   6.0025E-46
1723.2788   6.1023E-46
1723.7931   5.9307E-46
1724.3073   5.8364E-46
1724.8216   5.7025E-46
1725.3359   5.5973E-46
1725.8501   5.5197E-46
1726.3644   5.4441E-46
1726.8786   5.4124E-46
1727.3929   5.4116E-46
1727.9072   5.3403E-46
1728.4214   5.3698E-46
1728.9357   5.3142E-46
1729.4499   5.3502E-46
1729.9642   5.3314E-46
1730.4784   5.3301E-46
1730.9927   5.2903E-46
1731.5070   5.1635E-46
1732.0212   5.1947E-46
1732.5355   5.1483E-46
1733.0497   5.2425E-46
1733.5640   5.2358E-46
1734.0782   5.1674E-46
1734.5925   5.1507E-46
1735.1068   5.0086E-46
1735.6210   4.8601E-46
1736.1353   4.7528E-46
1736.6495   4.6901E-46
1737.1638   4.6238E-46
1737.6781   4.5219E-46
1738.1923   4.6800E-46
1738.7066   4.5966E-46
1739.2208   4.5022E-46
1739.7351   4.4874E-46
1740.2493   4.3901E-46
1740.7636   4.3162E-46
1741.2779   4.2815E-46
1741.7921   4.2133E-46
1742.3064   4.1799E-46
1742.8206   4.2269E-46
1743.3349   4.2304E-46
1743.8491   4.1276E-46
1744.3634   4.0643E-46
1744.8777   3.8932E-46
1745.3919   3.8560E-46
1745.9062   3.8041E-46
1746.4204   3.7470E-46
1746.9347   3.8330E-46
1747.4490   3.8350E-46
1747.9632   3.7908E-46
1748.4775   3.8111E-46
1748.9917   3.7830E-46
1749.5060   3.7334E-46
1750.0202   3.6570E-46
1750.5345   3.6598E-46
1751.0488   3.7009E-46
1751.5630   3.6221E-46
1752.0773   3.4438E-46
1752.5915   3.3831E-46
1753.1058   3.3260E-46
1753.6200   3.1548E-46
1754.1343   3.1505E-46
1754.6486   3.0769E-46
1755.1628   3.0904E-46
1755.6771   3.1189E-46
1756.1913   3.0664E-46
1756.7056   3.0917E-46
1757.2199   3.0544E-46
1757.7341   2.9956E-46
1758.2484   2.9146E-46
1758.7626   2.7940E-46
1759.2769   2.8915E-46
1759.7911   2.7950E-46
1760.3054   2.8117E-46
1760.8197   2.7968E-46
1761.3339   2.8243E-46
1761.8482   2.8954E-46
1762.3624   2.8504E-46
1762.8767   2.7850E-46
1763.3909   2.6739E-46
1763.9052   2.6101E-46
1764.4195   2.6204E-46
1764.9337   2.5197E-46
1765.4480   2.5763E-46
1765.9622   2.4501E-46
1766.4765   2.5076E-46
1766.9908   2.4879E-46
1767.5050   2.4657E-46
1768.0193   2.5990E-46
1768.5335   2.5384E-46
1769.0478   2.4768E-46
1769.5620   2.4797E-46
1770.0763   2.4512E-46
1770.5906   2.4291E-46
1771.1048   2.4506E-46
1771.6191   2.4336E-46
1772.1333   2.4305E-46
1772.6476   2.4871E-46
1773.1618   2.4154E-46
1773.6761   2.2845E-46
1774.1904   2.2493E-46
1774.7046   2.2189E-46
1775.2189   2.2434E-46
1775.7331   2.2171E-46
1776.2474   2.1819E-46
1776.7617   2.0947E-46
1777.2759   2.0125E-46
1777.7902   1.9734E-46
1778.3044   1.8736E-46
1778.8187   1.8658E-46
1779.3329   1.8685E-46
1779.8472   1.9015E-46
1780.3615   1.8878E-46
1780.8757   1.8599E-46
1781.3900   1.8210E-46
1781.9042   1.7866E-46
1782.4185   1.7552E-46
1782.9327   1.7202E-46
1783.4470   1.6892E-46
1783.9613   1.7329E-46
1784.4755   1.8092E-46
1784.9898   1.7721E-46
1785.5040   1.7055E-46
1786.0183   1.6110E-46
1786.5326   1.5765E-46
1787.0468   1.5137E-46
1787.5611   1.5610E-46
1788.0753   1.5467E-46
1788.5896   1.5852E-46
1789.1038   1.6052E-46
1789.6181   1.5836E-46
1790.1324   1.6102E-46
1790.6466   1.5999E-46
1791.1609   1.6123E-46
1791.6751   1.5883E-46
1792.1894   1.6370E-46
1792.7036   1.6632E-46
1793.2179   1.5596E-46
1793.7322   1.4629E-46
1794.2464   1.4634E-46
1794.7607   1.4306E-46
1795.2749   1.4195E-46
1795.7892   1.3633E-46
1796.3035   1.3876E-46
1796.8177   1.3538E-46
1797.3320   1.3629E-46
1797.8462   1.3306E-46
1798.3605   1.3505E-46
1798.8747   1.4146E-46
1799.3890   1.4366E-46
1799.9033   1.4584E-46
1800.4175   1.4095E-46
1800.9318   1.3795E-46
1801.4460   1.3369E-46
1801.9603   1.2969E-46
1802.4745   1.3113E-46
1802.9888   1.2100E-46
1803.5031   1.1046E-46
1804.0173   1.0837E-46
1804.5316   1.0648E-46
1805.0458   1.0542E-46
1805.5601   1.0409E-46
1806.0743   1.0462E-46
1806.5886   1.0077E-46
1807.1029   1.0040E-46
1807.6171   9.9242E-47
1808.1314   9.9364E-47
1808.6456   1.0053E-46
1809.1599   1.0117E-46
1809.6742   1.0172E-46
1810.1884   1.0346E-46
1810.7027   1.0318E-46
1811.2169   1.0050E-46
1811.7312   9.8489E-47
1812.2454   9.3253E-47
1812.7597   9.1234E-47
1813.2740   9.0332E-47
1813.7882   8.9134E-47
1814.3025   8.7813E-47
1814.8167   8.5066E-47
1815.3310   8.3737E-47
1815.8452   8.2777E-47
1816.3595   8.2818E-47
1816.8738   8.2934E-47
1817.3880   8.3038E-47
1817.9023   8.1190E-47
1818.4165   8.0341E-47
1818.9308   7.7851E-47
1819.4451   7.6592E-47
1819.9593   7.4694E-47
1820.4736   7.4508E-47
1820.9878   7.4769E-47
1821.5021   7.6088E-47
1822.0163   7.7598E-47
1822.5306   7.9739E-47
1823.0449   8.1149E-47
1823.5591   8.3048E-47
1824.0734   8.4969E-47
1824.5876   8.6751E-47
1825.1019   9.2260E-47
1825.6161   8.9120E-47
1826.1304   8.5401E-47
1826.6447   8.1984E-47
1827.1589   7.8944E-47
1827.6732   8.0807E-47
1828.1874   8.0059E-47
1828.7017   8.0497E-47
1829.2160   8.3394E-47
1829.7302   8.5199E-47
1830.2445   8.3528E-47
1830.7587   7.7677E-47
1831.2730   7.7791E-47
1831.7872   7.3602E-47
1832.3015   6.8915E-47
1832.8158   6.6523E-47
1833.3300   6.3360E-47
1833.8443   6.3887E-47
1834.3585   6.2478E-47
1834.8728   6.4840E-47
1835.3870   6.3500E-47
1835.9013   6.3040E-47
1836.4156   6.1846E-47
1836.9298   6.0979E-47
1837.4441   6.1618E-47
1837.9583   6.2189E-47
1838.4726   6.2981E-47
1838.9869   6.1056E-47
1839.5011   6.1492E-47
1840.0154   5.7117E-47
1840.5296   5.5537E-47
1841.0439   5.3196E-47
1841.5581   5.7632E-47
1842.0724   5.8726E-47
1842.5867   5.7055E-47
1843.1009   5.5727E-47
1843.6152   6.0352E-47
1844.1294   6.8981E-47
1844.6437   6.5448E-47
1845.1579   5.8586E-47
1845.6722   5.7890E-47
1846.1865   5.5756E-47
1846.7007   5.7846E-47
1847.2150   5.9440E-47
1847.7292   6.1515E-47
1848.2435   5.4873E-47
1848.7578   4.7636E-47
1849.2720   4.1739E-47
1849.7863   3.7997E-47
               O2-O2  1300.045  1849.786   1070  293.0 6.677E-45 0.500                            42
1300.0446   1.6972E-47
1300.5589   1.2331E-47
1301.0731   1.7089E-47
1301.5874   2.3829E-47
1302.1016   2.9068E-47
1302.6159   3.2776E-47
1303.1301   2.9347E-47
1303.6444   3.1425E-47
1304.1587   2.9294E-47
1304.6729   2.7808E-47
1305.1872   3.1047E-47
1305.7014   3.0813E-47
1306.2157   3.3729E-47
1306.7300   2.7828E-47
1307.2442   2.2294E-47
1307.7585   1.6494E-47
1308.2727   1.3931E-47
1308.7870   1.2283E-47
1309.3012   1.1134E-47
1309.8155   1.5267E-47
1310.3298   1.5403E-47
1310.8440   2.1046E-47
1311.3583   2.3367E-47
1311.8725   2.4543E-47
1312.3868   2.8467E-47
1312.9010   2.3908E-47
1313.4153   2.3967E-47
1313.9296   2.3044E-47
1314.4438   2.5269E-47
1314.9581   2.6192E-47
1315.4723   2.2454E-47
1315.9866   2.6154E-47
1316.5009   2.9162E-47
1317.0151   3.2395E-47
1317.5294   2.9307E-47
1318.0436   2.9969E-47
1318.5579   3.9319E-47
1319.0721   3.8944E-47
1319.5864   3.5355E-47
1320.1007   3.1948E-47
1320.6149   3.1471E-47
1321.1292   2.8939E-47
1321.6434   2.9878E-47
1322.1577   3.1824E-47
1322.6719   2.9037E-47
1323.1862   2.8905E-47
1323.7005   2.8415E-47
1324.2147   2.9539E-47
1324.7290   2.9222E-47
1325.2432   2.9345E-47
1325.7575   3.1566E-47
1326.2718   3.3279E-47
1326.7860   4.0726E-47
1327.3003   4.1858E-47
1327.8145   3.8512E-47
1328.3288   3.6377E-47
1328.8430   3.3790E-47
1329.3573   3.4107E-47
1329.8716   3.1427E-47
1330.3858   3.2876E-47
1330.9001   3.5547E-47
1331.4143   4.0109E-47
1331.9286   4.6614E-47
1332.4428   4.6605E-47
1332.9571   4.6923E-47
1333.4714   4.4271E-47
1333.9856   4.2527E-47
1334.4999   3.9882E-47
1335.0141   4.1885E-47
1335.5284   4.4095E-47
1336.0427   4.6052E-47
1336.5569   5.4652E-47
1337.0712   5.6859E-47
1337.5854   5.3474E-47
1338.0997   5.4040E-47
1338.6139   5.7443E-47
1339.1282   6.2136E-47
1339.6425   6.3534E-47
1340.1567   7.0779E-47
1340.6710   7.5446E-47
1341.1852   7.3526E-47
1341.6995   7.5931E-47
1342.2137   7.3187E-47
1342.7280   7.1109E-47
1343.2423   6.3681E-47
1343.7565   6.0756E-47
1344.2708   6.1437E-47
1344.7850   6.3090E-47
1345.2993   6.7564E-47
1345.8136   6.6246E-47
1346.3278   7.2377E-47
1346.8421   7.3690E-47
1347.3563   7.2907E-47
1347.8706   7.7313E-47
1348.3848   7.6211E-47
1348.8991   7.8164E-47
1349.4134   7.7694E-47
1349.9276   7.5393E-47
1350.4419   7.7111E-47
1350.9561   7.6042E-47
1351.4704   8.0909E-47
1351.9846   8.3105E-47
1352.4989   8.7110E-47
1353.0132   9.3298E-47
1353.5274   9.0586E-47
1354.0417   9.1529E-47
1354.5559   9.2641E-47
1355.0702   9.8529E-47
1355.5845   9.9237E-47
1356.0987   9.8028E-47
1356.6130   9.9449E-47
1357.1272   9.8164E-47
1357.6415   1.0210E-46
1358.1557   1.0174E-46
1358.6700   9.5976E-47
1359.1843   9.8148E-47
1359.6985   1.0547E-46
1360.2128   1.1126E-46
1360.7270   1.2343E-46
1361.2413   1.2685E-46
1361.7555   1.1601E-46
1362.2698   1.1195E-46
1362.7841   1.2522E-46
1363.2983   1.3252E-46
1363.8126   1.2728E-46
1364.3268   1.2037E-46
1364.8411   1.2294E-46
1365.3554   1.2608E-46
1365.8696   1.2599E-46
1366.3839   1.2583E-46
1366.8981   1.2720E-46
1367.4124   1.3084E-46
1367.9266   1.3746E-46
1368.4409   1.4592E-46
1368.9552   1.4993E-46
1369.4694   1.4774E-46
1369.9837   1.4848E-46
1370.4979   1.4127E-46
1371.0122   1.4177E-46
1371.5264   1.4412E-46
1372.0407   1.5439E-46
1372.5550   1.6773E-46
1373.0692   1.7455E-46
1373.5835   1.8763E-46
1374.0977   1.8096E-46
1374.6120   1.7166E-46
1375.1263   1.7053E-46
1375.6405   1.7422E-46
1376.1548   1.8134E-46
1376.6690   1.8432E-46
1377.1833   1.9017E-46
1377.6975   1.9260E-46
1378.2118   1.9440E-46
1378.7261   1.8621E-46
1379.2403   1.8865E-46
1379.7546   1.9110E-46
1380.2688   1.9143E-46
1380.7831   2.0356E-46
1381.2973   2.0707E-46
1381.8116   2.1165E-46
1382.3259   2.0797E-46
1382.8401   2.0404E-46
1383.3544   2.0729E-46
1383.8686   2.0891E-46
1384.3829   2.2011E-46
1384.8972   2.3226E-46
1385.4114   2.3520E-46
1385.9257   2.4044E-46
1386.4399   2.3558E-46
1386.9542   2.5751E-46
1387.4684   2.8329E-46
1387.9827   2.6357E-46
1388.4970   2.5044E-46
1389.0112   2.5490E-46
1389.5255   2.6466E-46
1390.0397   2.6609E-46
1390.5540   2.7102E-46
1391.0682   2.7216E-46
1391.5825   2.7191E-46
1392.0968   2.8341E-46
1392.6110   2.8588E-46
1393.1253   3.0582E-46
1393.6395   3.1777E-46
1394.1538   3.2375E-46
1394.6680   3.2122E-46
1395.1823   3.3647E-46
1395.6966   3.3735E-46
1396.2108   3.3706E-46
1396.7251   3.4909E-46
1397.2393   3.6223E-46
1397.7536   3.6604E-46
1398.2679   3.6907E-46
1398.7821   3.7121E-46
1399.2964   3.8516E-46
1399.8106   3.7003E-46
1400.3249   3.6754E-46
1400.8391   3.7711E-46
1401.3534   3.7866E-46
1401.8677   3.9127E-46
1402.3819   3.9216E-46
1402.8962   3.9721E-46
1403.4104   4.0460E-46
1403.9247   4.0941E-46
1404.4389   4.2942E-46
1404.9532   4.3584E-46
1405.4675   4.4187E-46
1405.9817   4.4077E-46
1406.4960   4.3886E-46
1407.0102   4.4318E-46
1407.5245   4.3909E-46
1408.0388   4.5241E-46
1408.5530   4.5538E-46
1409.0673   4.7109E-46
1409.5815   4.8633E-46
1410.0958   4.8962E-46
1410.6100   4.9921E-46
1411.1243   4.9889E-46
1411.6386   5.1171E-46
1412.1528   5.1274E-46
1412.6671   5.2090E-46
1413.1813   5.3416E-46
1413.6956   5.3693E-46
1414.2098   5.5474E-46
1414.7241   5.5919E-46
1415.2384   5.7260E-46
1415.7526   6.0114E-46
1416.2669   6.0924E-46
1416.7811   6.3365E-46
1417.2954   6.5572E-46
1417.8097   6.6503E-46
1418.3239   6.8129E-46
1418.8382   6.9414E-46
1419.3524   6.8968E-46
1419.8667   7.0079E-46
1420.3809   6.9527E-46
1420.8952   7.1049E-46
1421.4095   7.1280E-46
1421.9237   7.1859E-46
1422.4380   7.3498E-46
1422.9522   7.4481E-46
1423.4665   7.5250E-46
1423.9807   7.6580E-46
1424.4950   7.6956E-46
1425.0093   7.5845E-46
1425.5235   7.7118E-46
1426.0378   7.6998E-46
1426.5520   7.8588E-46
1427.0663   7.9389E-46
1427.5806   8.0866E-46
1428.0948   8.2855E-46
1428.6091   8.4682E-46
1429.1233   8.7767E-46
1429.6376   9.0033E-46
1430.1518   9.0979E-46
1430.6661   9.0228E-46
1431.1804   8.9989E-46
1431.6946   9.1140E-46
1432.2089   9.1568E-46
1432.7231   9.3977E-46
1433.2374   9.5377E-46
1433.7516   9.6237E-46
1434.2659   9.7783E-46
1434.7802   9.9357E-46
1435.2944   1.0358E-45
1435.8087   1.0633E-45
1436.3229   1.0757E-45
1436.8372   1.0772E-45
1437.3515   1.0868E-45
1437.8657   1.0916E-45
1438.3800   1.1019E-45
1438.8942   1.1028E-45
1439.4085   1.1064E-45
1439.9227   1.1172E-45
1440.4370   1.1346E-45
1440.9513   1.1419E-45
1441.4655   1.1601E-45
1441.9798   1.1667E-45
1442.4940   1.1818E-45
1443.0083   1.1953E-45
1443.5225   1.2068E-45
1444.0368   1.2240E-45
1444.5511   1.2361E-45
1445.0653   1.2571E-45
1445.5796   1.2723E-45
1446.0938   1.2923E-45
1446.6081   1.3151E-45
1447.1224   1.3408E-45
1447.6366   1.3804E-45
1448.1509   1.3938E-45
1448.6651   1.3929E-45
1449.1794   1.3995E-45
1449.6936   1.4098E-45
1450.2079   1.4225E-45
1450.7222   1.4388E-45
1451.2364   1.4655E-45
1451.7507   1.4998E-45
1452.2649   1.5254E-45
1452.7792   1.5295E-45
1453.2934   1.5415E-45
1453.8077   1.5689E-45
1454.3220   1.5928E-45
1454.8362   1.6321E-45
1455.3505   1.6550E-45
1455.8647   1.6586E-45
1456.3790   1.6656E-45
1456.8933   1.6756E-45
1457.4075   1.6859E-45
1457.9218   1.7149E-45
1458.4360   1.7320E-45
1458.9503   1.7563E-45
1459.4645   1.7710E-45
1459.9788   1.7833E-45
1460.4931   1.8035E-45
1461.0073   1.8098E-45
1461.5216   1.8179E-45
1462.0358   1.8392E-45
1462.5501   1.8579E-45
1463.0643   1.8869E-45
1463.5786   1.9243E-45
1464.0929   1.9525E-45
1464.6071   2.0039E-45
1465.1214   2.0229E-45
1465.6356   2.0222E-45
1466.1499   2.0203E-45
1466.6642   2.0156E-45
1467.1784   2.0322E-45
1467.6927   2.0356E-45
1468.2069   2.0585E-45
1468.7212   2.0681E-45
1469.2354   2.0849E-45
1469.7497   2.1137E-45
1470.2640   2.1471E-45
1470.7782   2.1777E-45
1471.2925   2.2030E-45
1471.8067   2.2238E-45
1472.3210   2.2383E-45
1472.8352   2.2599E-45
1473.3495   2.2694E-45
1473.8638   2.2970E-45
1474.3780   2.3071E-45
1474.8923   2.3223E-45
1475.4065   2.3474E-45
1475.9208   2.3691E-45
1476.4351   2.3792E-45
1476.9493   2.3782E-45
1477.4636   2.3860E-45
1477.9778   2.4061E-45
1478.4921   2.4200E-45
1479.0063   2.4255E-45
1479.5206   2.4545E-45
1480.0349   2.4628E-45
1480.5491   2.4999E-45
1481.0634   2.5044E-45
1481.5776   2.5233E-45
1482.0919   2.5278E-45
1482.6061   2.5257E-45
1483.1204   2.5520E-45
1483.6347   2.5669E-45
1484.1489   2.5936E-45
1484.6632   2.6228E-45
1485.1774   2.6411E-45
1485.6917   2.6851E-45
1486.2060   2.7057E-45
1486.7202   2.7383E-45
1487.2345   2.7589E-45
1487.7487   2.7737E-45
1488.2630   2.8062E-45
1488.7772   2.8048E-45
1489.2915   2.8343E-45
1489.8058   2.8510E-45
1490.3200   2.8679E-45
1490.8343   2.8789E-45
1491.3485   2.8656E-45
1491.8628   2.8823E-45
1492.3770   2.8850E-45
1492.8913   2.9000E-45
1493.4056   2.9229E-45
1493.9198   2.9487E-45
1494.4341   2.9706E-45
1494.9483   3.0139E-45
1495.4626   3.0395E-45
1495.9769   3.0574E-45
1496.4911   3.0700E-45
1497.0054   3.0929E-45
1497.5196   3.1313E-45
1498.0339   3.1399E-45
1498.5481   3.1637E-45
1499.0624   3.1878E-45
1499.5767   3.2006E-45
1500.0909   3.2004E-45
1500.6052   3.1988E-45
1501.1194   3.2073E-45
1501.6337   3.2358E-45
1502.1479   3.2393E-45
1502.6622   3.2408E-45
1503.1765   3.2640E-45
1503.6907   3.2834E-45
1504.2050   3.3278E-45
1504.7192   3.3660E-45
1505.2335   3.3639E-45
1505.7478   3.3720E-45
1506.2620   3.3963E-45
1506.7763   3.4191E-45
1507.2905   3.4497E-45
1507.8048   3.4695E-45
1508.3190   3.5018E-45
1508.8333   3.5296E-45
1509.3476   3.5510E-45
1509.8618   3.5659E-45
1510.3761   3.5570E-45
1510.8903   3.5389E-45
1511.4046   3.5559E-45
1511.9188   3.5961E-45
1512.4331   3.6220E-45
1512.9474   3.6220E-45
1513.4616   3.5992E-45
1513.9759   3.6424E-45
1514.4901   3.6380E-45
1515.0044   3.6600E-45
1515.5187   3.6812E-45
1516.0329   3.7097E-45
1516.5472   3.7588E-45
1517.0614   3.7847E-45
1517.5757   3.8091E-45
1518.0899   3.8155E-45
1518.6042   3.8249E-45
1519.1185   3.8563E-45
1519.6327   3.9113E-45
1520.1470   3.9333E-45
1520.6612   3.9587E-45
1521.1755   3.9897E-45
1521.6897   4.0210E-45
1522.2040   4.0531E-45
1522.7183   4.0836E-45
1523.2325   4.1317E-45
1523.7468   4.1596E-45
1524.2610   4.1874E-45
1524.7753   4.2243E-45
1525.2895   4.2550E-45
1525.8038   4.2442E-45
1526.3181   4.2446E-45
1526.8323   4.2732E-45
1527.3466   4.3013E-45
1527.8608   4.3393E-45
1528.3751   4.3823E-45
1528.8894   4.4129E-45
1529.4036   4.4058E-45
1529.9179   4.4276E-45
1530.4321   4.4628E-45
1530.9464   4.5126E-45
1531.4606   4.5695E-45
1531.9749   4.6221E-45
1532.4892   4.6724E-45
1533.0034   4.7410E-45
1533.5177   4.8224E-45
1534.0319   4.8700E-45
1534.5462   4.9039E-45
1535.0604   4.9613E-45
1535.5747   5.0193E-45
1536.0890   5.0774E-45
1536.6032   5.1500E-45
1537.1175   5.2227E-45
1537.6317   5.3261E-45
1538.1460   5.3879E-45
1538.6603   5.5287E-45
1539.1745   5.5989E-45
1539.6888   5.6714E-45
1540.2030   5.7167E-45
1540.7173   5.7433E-45
1541.2315   5.7251E-45
1541.7458   5.8058E-45
1542.2601   5.8557E-45
1542.7743   5.8456E-45
1543.2886   5.8818E-45
1543.8028   5.9253E-45
1544.3171   5.9774E-45
1544.8313   6.0487E-45
1545.3456   6.0848E-45
1545.8599   6.1066E-45
1546.3741   6.1397E-45
1546.8884   6.1792E-45
1547.4026   6.2189E-45
1547.9169   6.2643E-45
1548.4312   6.3128E-45
1548.9454   6.3409E-45
1549.4597   6.3789E-45
1549.9739   6.4148E-45
1550.4882   6.4580E-45
1551.0024   6.4957E-45
1551.5167   6.5283E-45
1552.0310   6.5535E-45
1552.5452   6.5750E-45
1553.0595   6.6002E-45
1553.5737   6.6191E-45
1554.0880   6.6289E-45
1554.6022   6.6368E-45
1555.1165   6.6441E-45
1555.6308   6.6581E-45
1556.1450   6.6757E-45
1556.6593   6.6765E-45
1557.1735   6.6736E-45
1557.6878   6.6726E-45
1558.2021   6.6566E-45
1558.7163   6.6522E-45
1559.2306   6.6376E-45
1559.7448   6.6157E-45
1560.2591   6.5833E-45
1560.7733   6.5322E-45
1561.2876   6.4881E-45
1561.8019   6.4128E-45
1562.3161   6.3273E-45
1562.8304   6.2675E-45
1563.3446   6.2245E-45
1563.8589   6.1905E-45
1564.3731   6.1696E-45
1564.8874   6.1202E-45
1565.4017   6.0885E-45
1565.9159   6.0462E-45
1566.4302   6.0017E-45
1566.9444   5.9677E-45
1567.4587   5.9284E-45
1567.9730   5.9005E-45
1568.4872   5.8609E-45
1569.0015   5.8327E-45
1569.5157   5.8058E-45
1570.0300   5.7340E-45
1570.5442   5.6592E-45
1571.0585   5.5972E-45
1571.5728   5.5426E-45
1572.0870   5.4857E-45
1572.6013   5.4449E-45
1573.1155   5.4115E-45
1573.6298   5.3850E-45
1574.1440   5.3711E-45
1574.6583   5.3503E-45
1575.1726   5.3155E-45
1575.6868   5.2787E-45
1576.2011   5.2416E-45
1576.7153   5.1970E-45
1577.2296   5.1714E-45
1577.7439   5.1309E-45
1578.2581   5.0923E-45
1578.7724   5.0602E-45
1579.2866   5.0204E-45
1579.8009   4.9821E-45
1580.3151   4.9528E-45
1580.8294   4.9202E-45
1581.3437   4.9006E-45
1581.8579   4.8793E-45
1582.3722   4.8618E-45
1582.8864   4.8492E-45
1583.4007   4.8328E-45
1583.9149   4.8262E-45
1584.4292   4.8129E-45
1584.9435   4.8070E-45
1585.4577   4.8023E-45
1585.9720   4.7982E-45
1586.4862   4.7989E-45
1587.0005   4.7892E-45
1587.5148   4.7839E-45
1588.0290   4.7662E-45
1588.5433   4.7536E-45
1589.0575   4.7338E-45
1589.5718   4.7128E-45
1590.0860   4.7018E-45
1590.6003   4.6815E-45
1591.1146   4.6743E-45
1591.6288   4.6561E-45
1592.1431   4.6470E-45
1592.6573   4.6443E-45
1593.1716   4.6344E-45
1593.6858   4.6470E-45
1594.2001   4.6550E-45
1594.7144   4.6670E-45
1595.2286   4.6745E-45
1595.7429   4.6733E-45
1596.2571   4.6839E-45
1596.7714   4.6835E-45
1597.2857   4.6939E-45
1597.7999   4.6958E-45
1598.3142   4.6946E-45
1598.8284   4.6982E-45
1599.3427   4.6813E-45
1599.8569   4.6776E-45
1600.3712   4.6617E-45
1600.8855   4.6458E-45
1601.3997   4.6330E-45
1601.9140   4.6193E-45
1602.4282   4.6228E-45
1602.9425   4.6137E-45
1603.4567   4.6128E-45
1603.9710   4.6083E-45
1604.4853   4.6008E-45
1604.9995   4.6075E-45
1605.5138   4.6107E-45
1606.0280   4.6287E-45
1606.5423   4.6423E-45
1607.0566   4.6585E-45
1607.5708   4.6741E-45
1608.0851   4.6788E-45
1608.5993   4.6827E-45
1609.1136   4.6687E-45
1609.6278   4.6707E-45
1610.1421   4.6512E-45
1610.6564   4.6351E-45
1611.1706   4.6214E-45
1611.6849   4.5911E-45
1612.1991   4.5845E-45
1612.7134   4.5587E-45
1613.2276   4.5523E-45
1613.7419   4.5495E-45
1614.2562   4.5524E-45
1614.7704   4.5851E-45
1615.2847   4.5983E-45
1615.7989   4.6131E-45
1616.3132   4.6437E-45
1616.8275   4.6516E-45
1617.3417   4.6159E-45
1617.8560   4.6164E-45
1618.3702   4.6083E-45
1618.8845   4.5880E-45
1619.3987   4.5797E-45
1619.9130   4.5681E-45
1620.4273   4.5368E-45
1620.9415   4.5248E-45
1621.4558   4.4959E-45
1621.9700   4.4996E-45
1622.4843   4.4994E-45
1622.9985   4.4854E-45
1623.5128   4.4848E-45
1624.0271   4.4335E-45
1624.5413   4.3919E-45
1625.0556   4.3488E-45
1625.5698   4.3197E-45
1626.0841   4.3127E-45
1626.5984   4.3058E-45
1627.1126   4.3247E-45
1627.6269   4.3107E-45
1628.1411   4.3066E-45
1628.6554   4.2988E-45
1629.1696   4.2819E-45
1629.6839   4.2723E-45
1630.1982   4.2383E-45
1630.7124   4.2312E-45
1631.2267   4.1964E-45
1631.7409   4.1683E-45
1632.2552   4.1481E-45
1632.7694   4.1119E-45
1633.2837   4.1107E-45
1633.7980   4.0851E-45
1634.3122   4.0765E-45
1634.8265   4.0722E-45
1635.3407   4.0708E-45
1635.8550   4.0357E-45
1636.3693   4.0355E-45
1636.8835   4.0038E-45
1637.3978   3.9736E-45
1637.9120   3.9477E-45
1638.4263   3.9314E-45
1638.9405   3.8917E-45
1639.4548   3.8860E-45
1639.9691   3.8540E-45
1640.4833   3.8327E-45
1640.9976   3.8007E-45
1641.5118   3.7565E-45
1642.0261   3.7340E-45
1642.5403   3.6876E-45
1643.0546   3.6680E-45
1643.5689   3.6390E-45
1644.0831   3.6174E-45
1644.5974   3.6159E-45
1645.1116   3.5988E-45
1645.6259   3.5891E-45
1646.1402   3.5904E-45
1646.6544   3.5738E-45
1647.1687   3.5450E-45
1647.6829   3.5177E-45
1648.1972   3.5062E-45
1648.7114   3.4662E-45
1649.2257   3.4434E-45
1649.7400   3.4150E-45
1650.2542   3.3762E-45
1650.7685   3.3541E-45
1651.2827   3.3332E-45
1651.7970   3.2855E-45
1652.3112   3.2651E-45
1652.8255   3.2361E-45
1653.3398   3.2016E-45
1653.8540   3.1761E-45
1654.3683   3.1319E-45
1654.8825   3.1069E-45
1655.3968   3.0707E-45
1655.9111   3.0358E-45
1656.4253   2.9868E-45
1656.9396   2.9405E-45
1657.4538   2.9042E-45
1657.9681   2.8862E-45
1658.4823   2.8525E-45
1658.9966   2.8352E-45
1659.5109   2.8192E-45
1660.0251   2.7948E-45
1660.5394   2.7884E-45
1661.0536   2.7672E-45
1661.5679   2.7630E-45
1662.0821   2.7336E-45
1662.5964   2.7071E-45
1663.1107   2.6769E-45
1663.6249   2.6185E-45
1664.1392   2.5764E-45
1664.6534   2.5219E-45
1665.1677   2.4844E-45
1665.6819   2.4524E-45
1666.1962   2.4166E-45
1666.7105   2.3946E-45
1667.2247   2.3757E-45
1667.7390   2.3547E-45
1668.2532   2.3293E-45
1668.7675   2.3112E-45
1669.2818   2.2959E-45
1669.7960   2.2677E-45
1670.3103   2.2374E-45
1670.8245   2.2132E-45
1671.3388   2.1927E-45
1671.8530   2.1680E-45
1672.3673   2.1477E-45
1672.8816   2.1268E-45
1673.3958   2.1008E-45
1673.9101   2.0725E-45
1674.4243   2.0406E-45
1674.9386   2.0320E-45
1675.4528   2.0214E-45
1675.9671   1.9840E-45
1676.4814   1.9610E-45
1676.9956   1.9309E-45
1677.5099   1.9027E-45
1678.0241   1.8906E-45
1678.5384   1.8793E-45
1679.0527   1.8596E-45
1679.5669   1.8294E-45
1680.0812   1.8059E-45
1680.5954   1.7924E-45
1681.1097   1.7721E-45
1681.6239   1.7443E-45
1682.1382   1.7283E-45
1682.6525   1.7115E-45
1683.1667   1.7006E-45
1683.6810   1.6725E-45
1684.1952   1.6399E-45
1684.7095   1.6169E-45
1685.2237   1.5978E-45
1685.7380   1.5784E-45
1686.2523   1.5576E-45
1686.7665   1.5365E-45
1687.2808   1.5168E-45
1687.7950   1.4900E-45
1688.3093   1.4662E-45
1688.8236   1.4508E-45
1689.3378   1.4424E-45
1689.8521   1.4520E-45
1690.3663   1.4403E-45
1690.8806   1.4071E-45
1691.3948   1.3715E-45
1691.9091   1.3490E-45
1692.4234   1.3306E-45
1692.9376   1.3185E-45
1693.4519   1.3106E-45
1693.9661   1.3142E-45
1694.4804   1.3246E-45
1694.9946   1.3153E-45
1695.5089   1.2949E-45
1696.0232   1.2832E-45
1696.5374   1.2824E-45
1697.0517   1.2712E-45
1697.5659   1.2598E-45
1698.0802   1.2587E-45
1698.5945   1.2443E-45
1699.1087   1.2167E-45
1699.6230   1.1968E-45
1700.1372   1.1857E-45
1700.6515   1.1715E-45
1701.1657   1.1580E-45
1701.6800   1.1339E-45
1702.1943   1.0914E-45
1702.7085   1.0640E-45
1703.2228   1.0486E-45
1703.7370   1.0323E-45
1704.2513   1.0371E-45
1704.7655   1.0301E-45
1705.2798   1.0086E-45
1705.7941   9.8834E-46
1706.3083   9.6239E-46
1706.8226   9.5635E-46
1707.3368   9.3266E-46
1707.8511   9.0623E-46
1708.3654   8.7792E-46
1708.8796   8.6553E-46
1709.3939   8.5701E-46
1709.9081   8.5262E-46
1710.4224   8.4125E-46
1710.9366   8.0636E-46
1711.4509   8.0150E-46
1711.9652   7.8245E-46
1712.4794   7.7924E-46
1712.9937   7.6746E-46
1713.5079   7.5441E-46
1714.0222   7.4793E-46
1714.5364   7.4428E-46
1715.0507   7.4225E-46
1715.5650   7.2622E-46
1716.0792   7.0827E-46
1716.5935   6.9168E-46
1717.1077   6.8600E-46
1717.6220   6.7360E-46
1718.1363   6.6770E-46
1718.6505   6.6193E-46
1719.1648   6.4712E-46
1719.6790   6.3919E-46
1720.1933   6.2513E-46
1720.7075   6.2271E-46
1721.2218   6.2877E-46
1721.7361   6.1298E-46
1722.2503   6.0474E-46
1722.7646   5.8554E-46
1723.2788   5.7729E-46
1723.7931   5.8270E-46
1724.3073   5.6605E-46
1724.8216   5.5703E-46
1725.3359   5.5106E-46
1725.8501   5.4250E-46
1726.3644   5.4394E-46
1726.8786   5.2966E-46
1727.3929   5.3394E-46
1727.9072   5.2038E-46
1728.4214   5.2311E-46
1728.9357   5.1686E-46
1729.4499   4.9651E-46
1729.9642   5.0176E-46
1730.4784   4.9011E-46
1730.9927   4.8620E-46
1731.5070   4.8107E-46
1732.0212   4.6845E-46
1732.5355   4.5268E-46
1733.0497   4.5394E-46
1733.5640   4.3332E-46
1734.0782   4.2125E-46
1734.5925   4.1074E-46
1735.1068   3.8797E-46
1735.6210   3.8896E-46
1736.1353   3.8027E-46
1736.6495   3.7823E-46
1737.1638   4.0211E-46
1737.6781   4.0806E-46
1738.1923   3.9857E-46
1738.7066   4.1252E-46
1739.2208   4.0436E-46
1739.7351   3.9615E-46
1740.2493   3.9712E-46
1740.7636   3.9825E-46
1741.2779   4.0654E-46
1741.7921   3.8685E-46
1742.3064   3.9068E-46
1742.8206   3.8319E-46
1743.3349   3.7961E-46
1743.8491   3.7498E-46
1744.3634   3.6588E-46
1744.8777   3.6857E-46
1745.3919   3.4761E-46
1745.9062   3.6426E-46
1746.4204   3.5880E-46
1746.9347   3.5572E-46
1747.4490   3.6532E-46
1747.9632   3.4008E-46
1748.4775   3.5692E-46
1748.9917   3.3994E-46
1749.5060   3.3455E-46
1750.0202   3.4251E-46
1750.5345   3.3945E-46
1751.0488   3.2299E-46
1751.5630   3.2350E-46
1752.0773   3.1737E-46
1752.5915   3.2338E-46
1753.1058   3.2333E-46
1753.6200   3.1404E-46
1754.1343   3.1651E-46
1754.6486   3.1009E-46
1755.1628   2.8880E-46
1755.6771   2.8500E-46
1756.1913   2.8357E-46
1756.7056   2.8050E-46
1757.2199   2.8813E-46
1757.7341   2.4756E-46
1758.2484   2.5056E-46
1758.7626   2.3930E-46
1759.2769   2.3039E-46
1759.7911   2.4576E-46
1760.3054   2.2889E-46
1760.8197   2.3798E-46
1761.3339   2.4357E-46
1761.8482   2.5547E-46
1762.3624   2.5999E-46
1762.8767   2.6012E-46
1763.3909   2.5219E-46
1763.9052   2.5232E-46
1764.4195   2.4677E-46
1764.9337   2.3482E-46
1765.4480   2.3330E-46
1765.9622   2.2959E-46
1766.4765   2.2905E-46
1766.9908   2.2337E-46
1767.5050   2.1771E-46
1768.0193   2.1353E-46
1768.5335   2.1872E-46
1769.0478   2.3256E-46
1769.5620   2.2483E-46
1770.0763   2.1031E-46
1770.5906   2.0187E-46
1771.1048   2.0189E-46
1771.6191   1.9819E-46
1772.1333   1.9362E-46
1772.6476   1.9875E-46
1773.1618   1.9721E-46
1773.6761   2.0046E-46
1774.1904   2.0427E-46
1774.7046   2.0363E-46
1775.2189   2.1114E-46
1775.7331   2.2954E-46
1776.2474   2.1500E-46
1776.7617   2.1383E-46
1777.2759   2.0685E-46
1777.7902   2.0074E-46
1778.3044   2.0764E-46
1778.8187   2.0095E-46
1779.3329   2.0888E-46
1779.8472   1.9251E-46
1780.3615   1.8723E-46
1780.8757   1.9087E-46
1781.3900   1.8839E-46
1781.9042   1.9247E-46
1782.4185   1.8139E-46
1782.9327   1.8617E-46
1783.4470   1.8558E-46
1783.9613   1.7640E-46
1784.4755   1.8322E-46
1784.9898   1.8195E-46
1785.5040   1.7415E-46
1786.0183   1.6534E-46
1786.5326   1.7087E-46
1787.0468   1.6692E-46
1787.5611   1.6523E-46
1788.0753   1.7052E-46
1788.5896   1.6850E-46
1789.1038   1.7351E-46
1789.6181   1.7800E-46
1790.1324   1.7388E-46
1790.6466   1.7068E-46
1791.1609   1.7796E-46
1791.6751   1.7478E-46
1792.1894   1.7616E-46
1792.7036   1.6656E-46
1793.2179   1.6526E-46
1793.7322   1.7131E-46
1794.2464   1.6777E-46
1794.7607   1.7038E-46
1795.2749   1.6719E-46
1795.7892   1.7008E-46
1796.3035   1.6785E-46
1796.8177   1.5913E-46
1797.3320   1.5170E-46
1797.8462   1.4796E-46
1798.3605   1.4674E-46
1798.8747   1.4938E-46
1799.3890   1.4877E-46
1799.9033   1.4413E-46
1800.4175   1.3549E-46
1800.9318   1.4131E-46
1801.4460   1.4340E-46
1801.9603   1.3570E-46
1802.4745   1.4118E-46
1802.9888   1.3548E-46
1803.5031   1.2898E-46
1804.0173   1.2949E-46
1804.5316   1.2353E-46
1805.0458   1.2677E-46
1805.5601   1.2444E-46
1806.0743   1.2584E-46
1806.5886   1.2439E-46
1807.1029   1.2943E-46
1807.6171   1.3741E-46
1808.1314   1.2846E-46
1808.6456   1.1980E-46
1809.1599   1.1922E-46
1809.6742   1.2045E-46
1810.1884   1.2233E-46
1810.7027   1.1991E-46
1811.2169   1.1848E-46
1811.7312   1.2044E-46
1812.2454   1.2052E-46
1812.7597   1.1340E-46
1813.2740   1.0674E-46
1813.7882   1.0319E-46
1814.3025   1.0015E-46
1814.8167   9.9390E-47
1815.3310   9.5652E-47
1815.8452   9.5334E-47
1816.3595   9.1778E-47
1816.8738   9.2641E-47
1817.3880   9.5020E-47
1817.9023   9.2314E-47
1818.4165   9.2338E-47
1818.9308   9.0856E-47
1819.4451   9.2904E-47
1819.9593   8.9671E-47
1820.4736   8.8665E-47
1820.9878   8.8116E-47
1821.5021   8.5673E-47
1822.0163   8.9684E-47
1822.5306   9.2664E-47
1823.0449   9.4055E-47
1823.5591   9.2512E-47
1824.0734   9.6512E-47
1824.5876   1.0044E-46
1825.1019   1.0264E-46
1825.6161   1.0320E-46
1826.1304   1.0255E-46
1826.6447   9.8095E-47
1827.1589   9.2951E-47
1827.6732   9.4967E-47
1828.1874   9.6620E-47
1828.7017   9.7514E-47
1829.2160   9.4952E-47
1829.7302   9.6972E-47
1830.2445   9.8167E-47
1830.7587   9.2394E-47
1831.2730   8.5347E-47
1831.7872   8.1544E-47
1832.3015   7.6019E-47
1832.8158   8.0076E-47
1833.3300   7.7530E-47
1833.8443   7.3718E-47
1834.3585   6.8915E-47
1834.8728   6.7202E-47
1835.3870   6.4975E-47
1835.9013   6.4578E-47
1836.4156   6.7372E-47
1836.9298   7.0275E-47
1837.4441   6.8571E-47
1837.9583   6.5790E-47
1838.4726   6.3189E-47
1838.9869   6.1250E-47
1839.5011   6.2556E-47
1840.0154   5.8980E-47
1840.5296   6.1298E-47
1841.0439   6.0873E-47
1841.5581   6.6220E-47
1842.0724   7.3684E-47
1842.5867   7.9702E-47
1843.1009   8.5160E-47
1843.6152   8.3392E-47
1844.1294   7.9076E-47
1844.6437   7.8917E-47
1845.1579   8.1288E-47
1845.6722   7.6615E-47
1846.1865   6.8351E-47
1846.7007   6.7424E-47
1847.2150   6.8963E-47
1847.7292   6.7475E-47
1848.2435   6.2713E-47
1848.7578   5.7434E-47
1849.2720   4.8766E-47
1849.7863   4.6833E-47
               O2-O2  1360.213  1803.503    863  356.0 6.011E-45 1.000                            43
1360.2128  -7.9421E-47
1360.7270  -3.5508E-47
1361.2413  -4.8355E-47
1361.7555  -1.2911E-46
1362.2698  -1.7519E-46
1362.7841  -1.3069E-46
1363.2983  -3.8423E-47
1363.8126  -4.8622E-47
1364.3268  -1.5589E-46
1364.8411  -2.1071E-46
1365.3554  -2.3532E-46
1365.8696  -1.3111E-46
1366.3839  -7.6118E-47
1366.8981  -1.1245E-46
1367.4124  -8.5749E-47
1367.9266  -1.1357E-46
1368.4409  -1.3117E-46
1368.9552  -4.7276E-47
1369.4694  -1.8647E-48
1369.9837  -3.4058E-47
1370.4979  -1.0188E-47
1371.0122   1.2835E-47
1371.5264   4.1304E-47
1372.0407   6.3597E-47
1372.5550   7.2550E-47
1373.0692   8.4089E-47
1373.5835   8.1400E-47
1374.0977   5.8878E-47
1374.6120   5.4401E-47
1375.1263   2.1315E-47
1375.6405  -1.0972E-47
1376.1548   2.0014E-47
1376.6690   3.9575E-47
1377.1833   8.1611E-47
1377.6975   1.1896E-46
1378.2118   1.3679E-46
1378.7261   1.7203E-46
1379.2403   1.4859E-46
1379.7546   1.0434E-46
1380.2688   1.0247E-46
1380.7831   1.0526E-46
1381.2973   1.1003E-46
1381.8116   9.5100E-47
1382.3259   4.2093E-47
1382.8401  -2.5820E-48
1383.3544  -2.6719E-47
1383.8686  -7.3264E-48
1384.3829   5.4513E-47
1384.8972   5.2733E-47
1385.4114   1.3654E-47
1385.9257   8.6530E-48
1386.4399   1.0881E-47
1386.9542   2.9109E-47
1387.4684   8.1104E-47
1387.9827   1.3725E-46
1388.4970   1.5667E-46
1389.0112   1.3936E-46
1389.5255   1.4518E-46
1390.0397   1.6908E-46
1390.5540   1.9698E-46
1391.0682   2.3250E-46
1391.5825   2.7687E-46
1392.0968   2.8098E-46
1392.6110   2.6525E-46
1393.1253   2.5630E-46
1393.6395   2.5152E-46
1394.1538   2.7372E-46
1394.6680   3.0073E-46
1395.1823   2.9694E-46
1395.6966   2.8111E-46
1396.2108   2.5102E-46
1396.7251   2.3007E-46
1397.2393   2.4734E-46
1397.7536   2.6832E-46
1398.2679   2.7048E-46
1398.7821   2.5678E-46
1399.2964   2.3399E-46
1399.8106   2.3001E-46
1400.3249   2.4203E-46
1400.8391   2.4754E-46
1401.3534   2.3260E-46
1401.8677   2.0909E-46
1402.3819   1.8240E-46
1402.8962   1.9528E-46
1403.4104   2.4648E-46
1403.9247   2.7161E-46
1404.4389   2.5415E-46
1404.9532   2.2351E-46
1405.4675   1.9610E-46
1405.9817   1.8308E-46
1406.4960   1.8892E-46
1407.0102   2.0131E-46
1407.5245   2.0515E-46
1408.0388   1.7379E-46
1408.5530   1.4257E-46
1409.0673   1.6573E-46
1409.5815   2.4033E-46
1410.0958   2.8773E-46
1410.6100   2.9673E-46
1411.1243   3.0274E-46
1411.6386   3.0511E-46
1412.1528   2.8999E-46
1412.6671   2.8325E-46
1413.1813   2.8910E-46
1413.6956   3.1770E-46
1414.2098   3.2689E-46
1414.7241   3.3606E-46
1415.2384   4.0188E-46
1415.7526   4.8389E-46
1416.2669   5.4466E-46
1416.7811   6.1073E-46
1417.2954   6.7862E-46
1417.8097   7.2894E-46
1418.3239   7.2760E-46
1418.8382   6.8767E-46
1419.3524   6.4979E-46
1419.8667   6.2142E-46
1420.3809   5.9679E-46
1420.8952   5.8549E-46
1421.4095   5.7226E-46
1421.9237   5.4936E-46
1422.4380   5.2430E-46
1422.9522   5.1287E-46
1423.4665   5.5635E-46
1423.9807   6.2672E-46
1424.4950   6.7051E-46
1425.0093   6.8632E-46
1425.5235   6.7025E-46
1426.0378   6.5731E-46
1426.5520   6.7437E-46
1427.0663   6.8652E-46
1427.5806   6.9371E-46
1428.0948   6.7642E-46
1428.6091   6.5153E-46
1429.1233   6.4701E-46
1429.6376   6.6260E-46
1430.1518   6.8845E-46
1430.6661   7.0033E-46
1431.1804   6.8962E-46
1431.6946   6.9310E-46
1432.2089   7.2725E-46
1432.7231   7.6824E-46
1433.2374   8.1550E-46
1433.7516   8.7732E-46
1434.2659   9.2699E-46
1434.7802   9.3156E-46
1435.2944   9.8019E-46
1435.8087   1.0540E-45
1436.3229   1.0903E-45
1436.8372   1.1064E-45
1437.3515   1.1298E-45
1437.8657   1.1347E-45
1438.3800   1.1133E-45
1438.8942   1.0735E-45
1439.4085   1.0757E-45
1439.9227   1.0976E-45
1440.4370   1.0964E-45
1440.9513   1.1113E-45
1441.4655   1.1546E-45
1441.9798   1.1905E-45
1442.4940   1.2368E-45
1443.0083   1.2671E-45
1443.5225   1.2734E-45
1444.0368   1.2669E-45
1444.5511   1.2489E-45
1445.0653   1.2444E-45
1445.5796   1.2529E-45
1446.0938   1.2491E-45
1446.6081   1.2257E-45
1447.1224   1.2084E-45
1447.6366   1.2113E-45
1448.1509   1.2507E-45
1448.6651   1.2832E-45
1449.1794   1.3014E-45
1449.6936   1.3285E-45
1450.2079   1.3354E-45
1450.7222   1.3415E-45
1451.2364   1.3658E-45
1451.7507   1.3949E-45
1452.2649   1.4247E-45
1452.7792   1.4285E-45
1453.2934   1.4195E-45
1453.8077   1.4711E-45
1454.3220   1.5548E-45
1454.8362   1.6305E-45
1455.3505   1.7043E-45
1455.8647   1.7411E-45
1456.3790   1.7608E-45
1456.8933   1.7809E-45
1457.4075   1.7948E-45
1457.9218   1.8410E-45
1458.4360   1.8586E-45
1458.9503   1.8179E-45
1459.4645   1.7703E-45
1459.9788   1.7378E-45
1460.4931   1.7265E-45
1461.0073   1.7487E-45
1461.5216   1.7714E-45
1462.0358   1.7938E-45
1462.5501   1.8025E-45
1463.0643   1.8240E-45
1463.5786   1.8739E-45
1464.0929   1.9055E-45
1464.6071   1.9355E-45
1465.1214   1.9482E-45
1465.6356   1.9646E-45
1466.1499   1.9703E-45
1466.6642   1.9589E-45
1467.1784   1.9647E-45
1467.6927   1.9684E-45
1468.2069   1.9512E-45
1468.7212   1.9622E-45
1469.2354   1.9987E-45
1469.7497   2.0365E-45
1470.2640   2.0751E-45
1470.7782   2.1319E-45
1471.2925   2.1876E-45
1471.8067   2.2049E-45
1472.3210   2.2077E-45
1472.8352   2.2337E-45
1473.3495   2.2642E-45
1473.8638   2.2721E-45
1474.3780   2.2652E-45
1474.8923   2.2839E-45
1475.4065   2.2729E-45
1475.9208   2.2359E-45
1476.4351   2.2206E-45
1476.9493   2.2405E-45
1477.4636   2.2659E-45
1477.9778   2.2596E-45
1478.4921   2.2391E-45
1479.0063   2.2358E-45
1479.5206   2.2389E-45
1480.0349   2.2286E-45
1480.5491   2.2312E-45
1481.0634   2.2673E-45
1481.5776   2.2889E-45
1482.0919   2.2935E-45
1482.6061   2.3238E-45
1483.1204   2.3429E-45
1483.6347   2.3474E-45
1484.1489   2.3445E-45
1484.6632   2.3481E-45
1485.1774   2.3722E-45
1485.6917   2.3939E-45
1486.2060   2.4340E-45
1486.7202   2.4819E-45
1487.2345   2.5026E-45
1487.7487   2.5198E-45
1488.2630   2.5603E-45
1488.7772   2.6158E-45
1489.2915   2.6621E-45
1489.8058   2.6810E-45
1490.3200   2.6804E-45
1490.8343   2.6561E-45
1491.3485   2.6258E-45
1491.8628   2.6246E-45
1492.3770   2.6250E-45
1492.8913   2.6475E-45
1493.4056   2.6849E-45
1493.9198   2.6997E-45
1494.4341   2.7216E-45
1494.9483   2.7481E-45
1495.4626   2.7680E-45
1495.9769   2.8272E-45
1496.4911   2.8517E-45
1497.0054   2.8572E-45
1497.5196   2.8758E-45
1498.0339   2.8742E-45
1498.5481   2.8695E-45
1499.0624   2.8670E-45
1499.5767   2.8651E-45
1500.0909   2.9002E-45
1500.6052   2.9183E-45
1501.1194   2.9000E-45
1501.6337   2.8969E-45
1502.1479   2.9014E-45
1502.6622   2.9019E-45
1503.1765   2.8970E-45
1503.6907   2.9031E-45
1504.2050   2.9494E-45
1504.7192   2.9966E-45
1505.2335   3.0189E-45
1505.7478   3.0652E-45
1506.2620   3.1191E-45
1506.7763   3.1554E-45
1507.2905   3.1899E-45
1507.8048   3.2262E-45
1508.3190   3.2489E-45
1508.8333   3.2421E-45
1509.3476   3.2186E-45
1509.8618   3.2218E-45
1510.3761   3.2266E-45
1510.8903   3.2352E-45
1511.4046   3.2580E-45
1511.9188   3.2645E-45
1512.4331   3.2560E-45
1512.9474   3.2715E-45
1513.4616   3.2915E-45
1513.9759   3.3077E-45
1514.4901   3.3254E-45
1515.0044   3.3600E-45
1515.5187   3.4060E-45
1516.0329   3.4446E-45
1516.5472   3.4669E-45
1517.0614   3.4619E-45
1517.5757   3.4506E-45
1518.0899   3.4901E-45
1518.6042   3.5613E-45
1519.1185   3.6010E-45
1519.6327   3.6203E-45
1520.1470   3.6584E-45
1520.6612   3.6832E-45
1521.1755   3.7146E-45
1521.6897   3.7767E-45
1522.2040   3.8347E-45
1522.7183   3.8690E-45
1523.2325   3.8849E-45
1523.7468   3.9015E-45
1524.2610   3.9435E-45
1524.7753   3.9620E-45
1525.2895   3.9561E-45
1525.8038   3.9567E-45
1526.3181   3.9523E-45
1526.8323   3.9723E-45
1527.3466   4.0154E-45
1527.8608   4.0335E-45
1528.3751   4.0562E-45
1528.8894   4.0605E-45
1529.4036   4.0496E-45
1529.9179   4.0850E-45
1530.4321   4.1621E-45
1530.9464   4.2230E-45
1531.4606   4.2985E-45
1531.9749   4.3704E-45
1532.4892   4.4278E-45
1533.0034   4.4786E-45
1533.5177   4.5386E-45
1534.0319   4.6052E-45
1534.5462   4.6720E-45
1535.0604   4.7233E-45
1535.5747   4.7883E-45
1536.0890   4.8706E-45
1536.6032   4.9362E-45
1537.1175   4.9720E-45
1537.6317   5.0299E-45
1538.1460   5.1058E-45
1538.6603   5.1799E-45
1539.1745   5.2490E-45
1539.6888   5.2888E-45
1540.2030   5.3362E-45
1540.7173   5.3984E-45
1541.2315   5.4278E-45
1541.7458   5.4737E-45
1542.2601   5.5003E-45
1542.7743   5.5071E-45
1543.2886   5.5339E-45
1543.8028   5.5541E-45
1544.3171   5.5633E-45
1544.8313   5.5560E-45
1545.3456   5.5346E-45
1545.8599   5.5251E-45
1546.3741   5.5522E-45
1546.8884   5.5865E-45
1547.4026   5.6395E-45
1547.9169   5.6953E-45
1548.4312   5.7406E-45
1548.9454   5.8070E-45
1549.4597   5.8713E-45
1549.9739   5.8944E-45
1550.4882   5.9202E-45
1551.0024   5.9421E-45
1551.5167   5.9559E-45
1552.0310   5.9652E-45
1552.5452   5.9416E-45
1553.0595   5.9179E-45
1553.5737   5.8809E-45
1554.0880   5.8541E-45
1554.6022   5.8811E-45
1555.1165   5.9242E-45
1555.6308   5.9396E-45
1556.1450   5.9422E-45
1556.6593   5.9623E-45
1557.1735   5.9815E-45
1557.6878   6.0012E-45
1558.2021   6.0023E-45
1558.7163   6.0106E-45
1559.2306   6.0076E-45
1559.7448   5.9859E-45
1560.2591   5.9367E-45
1560.7733   5.8910E-45
1561.2876   5.8336E-45
1561.8019   5.7593E-45
1562.3161   5.6892E-45
1562.8304   5.6279E-45
1563.3446   5.5577E-45
1563.8589   5.4749E-45
1564.3731   5.4050E-45
1564.8874   5.3587E-45
1565.4017   5.3180E-45
1565.9159   5.2795E-45
1566.4302   5.2777E-45
1566.9444   5.2689E-45
1567.4587   5.2468E-45
1567.9730   5.2539E-45
1568.4872   5.2568E-45
1569.0015   5.2208E-45
1569.5157   5.1831E-45
1570.0300   5.1510E-45
1570.5442   5.1136E-45
1571.0585   5.0439E-45
1571.5728   4.9831E-45
1572.0870   4.9455E-45
1572.6013   4.8853E-45
1573.1155   4.8607E-45
1573.6298   4.8973E-45
1574.1440   4.8843E-45
1574.6583   4.8467E-45
1575.1726   4.8218E-45
1575.6868   4.8026E-45
1576.2011   4.7937E-45
1576.7153   4.7548E-45
1577.2296   4.7188E-45
1577.7439   4.6606E-45
1578.2581   4.5555E-45
1578.7724   4.4784E-45
1579.2866   4.4489E-45
1579.8009   4.4159E-45
1580.3151   4.3935E-45
1580.8294   4.3586E-45
1581.3437   4.3131E-45
1581.8579   4.2762E-45
1582.3722   4.2579E-45
1582.8864   4.2440E-45
1583.4007   4.2279E-45
1583.9149   4.2233E-45
1584.4292   4.2337E-45
1584.9435   4.2327E-45
1585.4577   4.2037E-45
1585.9720   4.1829E-45
1586.4862   4.1937E-45
1587.0005   4.1877E-45
1587.5148   4.1575E-45
1588.0290   4.1377E-45
1588.5433   4.1181E-45
1589.0575   4.0761E-45
1589.5718   4.0348E-45
1590.0860   4.0452E-45
1590.6003   4.0846E-45
1591.1146   4.1000E-45
1591.6288   4.0917E-45
1592.1431   4.0992E-45
1592.6573   4.0945E-45
1593.1716   4.0867E-45
1593.6858   4.0968E-45
1594.2001   4.1145E-45
1594.7144   4.1226E-45
1595.2286   4.1087E-45
1595.7429   4.0855E-45
1596.2571   4.0772E-45
1596.7714   4.0901E-45
1597.2857   4.1012E-45
1597.7999   4.1235E-45
1598.3142   4.1326E-45
1598.8284   4.1244E-45
1599.3427   4.1161E-45
1599.8569   4.1089E-45
1600.3712   4.1097E-45
1600.8855   4.0948E-45
1601.3997   4.0645E-45
1601.9140   4.0465E-45
1602.4282   4.0425E-45
1602.9425   4.0472E-45
1603.4567   4.0585E-45
1603.9710   4.0471E-45
1604.4853   4.0092E-45
1604.9995   3.9779E-45
1605.5138   3.9903E-45
1606.0280   4.0290E-45
1606.5423   4.0486E-45
1607.0566   4.0453E-45
1607.5708   4.0387E-45
1608.0851   4.0382E-45
1608.5993   4.0387E-45
1609.1136   4.0551E-45
1609.6278   4.0880E-45
1610.1421   4.0998E-45
1610.6564   4.0963E-45
1611.1706   4.1002E-45
1611.6849   4.1154E-45
1612.1991   4.1364E-45
1612.7134   4.1239E-45
1613.2276   4.1025E-45
1613.7419   4.1133E-45
1614.2562   4.1188E-45
1614.7704   4.1095E-45
1615.2847   4.1259E-45
1615.7989   4.1327E-45
1616.3132   4.1249E-45
1616.8275   4.0958E-45
1617.3417   4.0801E-45
1617.8560   4.0950E-45
1618.3702   4.0993E-45
1618.8845   4.0845E-45
1619.3987   4.0850E-45
1619.9130   4.0730E-45
1620.4273   4.0596E-45
1620.9415   4.0664E-45
1621.4558   4.0664E-45
1621.9700   4.0535E-45
1622.4843   4.0223E-45
1622.9985   3.9883E-45
1623.5128   3.9679E-45
1624.0271   3.9498E-45
1624.5413   3.9216E-45
1625.0556   3.8939E-45
1625.5698   3.8742E-45
1626.0841   3.8629E-45
1626.5984   3.8582E-45
1627.1126   3.8616E-45
1627.6269   3.8702E-45
1628.1411   3.8704E-45
1628.6554   3.8787E-45
1629.1696   3.8983E-45
1629.6839   3.9068E-45
1630.1982   3.9073E-45
1630.7124   3.9082E-45
1631.2267   3.9049E-45
1631.7409   3.8915E-45
1632.2552   3.8831E-45
1632.7694   3.8778E-45
1633.2837   3.8561E-45
1633.7980   3.8105E-45
1634.3122   3.7739E-45
1634.8265   3.7353E-45
1635.3407   3.7143E-45
1635.8550   3.7353E-45
1636.3693   3.7849E-45
1636.8835   3.7841E-45
1637.3978   3.7564E-45
1637.9120   3.7460E-45
1638.4263   3.7386E-45
1638.9405   3.7308E-45
1639.4548   3.7165E-45
1639.9691   3.6922E-45
1640.4833   3.6401E-45
1640.9976   3.5834E-45
1641.5118   3.5589E-45
1642.0261   3.5576E-45
1642.5403   3.5207E-45
1643.0546   3.4926E-45
1643.5689   3.4876E-45
1644.0831   3.4951E-45
1644.5974   3.5085E-45
1645.1116   3.4976E-45
1645.6259   3.4624E-45
1646.1402   3.4192E-45
1646.6544   3.3836E-45
1647.1687   3.3813E-45
1647.6829   3.3924E-45
1648.1972   3.3871E-45
1648.7114   3.3866E-45
1649.2257   3.3743E-45
1649.7400   3.3800E-45
1650.2542   3.3959E-45
1650.7685   3.4260E-45
1651.2827   3.4597E-45
1651.7970   3.4659E-45
1652.3112   3.4539E-45
1652.8255   3.4395E-45
1653.3398   3.3947E-45
1653.8540   3.3256E-45
1654.3683   3.2687E-45
1654.8825   3.1956E-45
1655.3968   3.0961E-45
1655.9111   3.0049E-45
1656.4253   2.9412E-45
1656.9396   2.8700E-45
1657.4538   2.8131E-45
1657.9681   2.8056E-45
1658.4823   2.8052E-45
1658.9966   2.7652E-45
1659.5109   2.7424E-45
1660.0251   2.7680E-45
1660.5394   2.7936E-45
1661.0536   2.7734E-45
1661.5679   2.7664E-45
1662.0821   2.7676E-45
1662.5964   2.7342E-45
1663.1107   2.6972E-45
1663.6249   2.6777E-45
1664.1392   2.6645E-45
1664.6534   2.6431E-45
1665.1677   2.6121E-45
1665.6819   2.5839E-45
1666.1962   2.5469E-45
1666.7105   2.5344E-45
1667.2247   2.5433E-45
1667.7390   2.5377E-45
1668.2532   2.5367E-45
1668.7675   2.5526E-45
1669.2818   2.5562E-45
1669.7960   2.5514E-45
1670.3103   2.5466E-45
1670.8245   2.5606E-45
1671.3388   2.5631E-45
1671.8530   2.5271E-45
1672.3673   2.4983E-45
1672.8816   2.5055E-45
1673.3958   2.4770E-45
1673.9101   2.4150E-45
1674.4243   2.3697E-45
1674.9386   2.3380E-45
1675.4528   2.3058E-45
1675.9671   2.2463E-45
1676.4814   2.1828E-45
1676.9956   2.1323E-45
1677.5099   2.0715E-45
1678.0241   2.0348E-45
1678.5384   2.0435E-45
1679.0527   2.0321E-45
1679.5669   2.0069E-45
1680.0812   1.9847E-45
1680.5954   1.9740E-45
1681.1097   1.9832E-45
1681.6239   2.0045E-45
1682.1382   2.0401E-45
1682.6525   2.0474E-45
1683.1667   2.0140E-45
1683.6810   1.9949E-45
1684.1952   1.9691E-45
1684.7095   1.9336E-45
1685.2237   1.9223E-45
1685.7380   1.9155E-45
1686.2523   1.8780E-45
1686.7665   1.8008E-45
1687.2808   1.7095E-45
1687.7950   1.6596E-45
1688.3093   1.6232E-45
1688.8236   1.5870E-45
1689.3378   1.5695E-45
1689.8521   1.5394E-45
1690.3663   1.5017E-45
1690.8806   1.4671E-45
1691.3948   1.4278E-45
1691.9091   1.4116E-45
1692.4234   1.4045E-45
1692.9376   1.3957E-45
1693.4519   1.4020E-45
1693.9661   1.4086E-45
1694.4804   1.4286E-45
1694.9946   1.4311E-45
1695.5089   1.4342E-45
1696.0232   1.4762E-45
1696.5374   1.5171E-45
1697.0517   1.5196E-45
1697.5659   1.5050E-45
1698.0802   1.4918E-45
1698.5945   1.4818E-45
1699.1087   1.4630E-45
1699.6230   1.4582E-45
1700.1372   1.4646E-45
1700.6515   1.4316E-45
1701.1657   1.3717E-45
1701.6800   1.3362E-45
1702.1943   1.3230E-45
1702.7085   1.3093E-45
1703.2228   1.2862E-45
1703.7370   1.2471E-45
1704.2513   1.1837E-45
1704.7655   1.1223E-45
1705.2798   1.0809E-45
1705.7941   1.0705E-45
1706.3083   1.0570E-45
1706.8226   1.0419E-45
1707.3368   1.0229E-45
1707.8511   9.8925E-46
1708.3654   9.5142E-46
1708.8796   9.1532E-46
1709.3939   8.8782E-46
1709.9081   8.9538E-46
1710.4224   9.1031E-46
1710.9366   9.0525E-46
1711.4509   8.8830E-46
1711.9652   8.7038E-46
1712.4794   8.6568E-46
1712.9937   8.9853E-46
1713.5079   9.2652E-46
1714.0222   9.3836E-46
1714.5364   9.3005E-46
1715.0507   9.2428E-46
1715.5650   9.3906E-46
1716.0792   9.7275E-46
1716.5935   9.9496E-46
1717.1077   9.9825E-46
1717.6220   9.5785E-46
1718.1363   9.1269E-46
1718.6505   8.8581E-46
1719.1648   8.4145E-46
1719.6790   7.8278E-46
1720.1933   7.2791E-46
1720.7075   6.4799E-46
1721.2218   5.8096E-46
1721.7361   5.3647E-46
1722.2503   5.1322E-46
1722.7646   4.9918E-46
1723.2788   4.8541E-46
1723.7931   5.0268E-46
1724.3073   5.2880E-46
1724.8216   5.1506E-46
1725.3359   4.8983E-46
1725.8501   4.8623E-46
1726.3644   4.8681E-46
1726.8786   4.8228E-46
1727.3929   4.9732E-46
1727.9072   5.2911E-46
1728.4214   5.4020E-46
1728.9357   5.5985E-46
1729.4499   5.8658E-46
1729.9642   6.0429E-46
1730.4784   6.2500E-46
1730.9927   6.7217E-46
1731.5070   7.2360E-46
1732.0212   7.6948E-46
1732.5355   7.7981E-46
1733.0497   7.6630E-46
1733.5640   7.2656E-46
1734.0782   6.7435E-46
1734.5925   6.7176E-46
1735.1068   6.8322E-46
1735.6210   6.3426E-46
1736.1353   5.6689E-46
1736.6495   5.0032E-46
1737.1638   4.5666E-46
1737.6781   4.6115E-46
1738.1923   4.7340E-46
1738.7066   4.9248E-46
1739.2208   4.8632E-46
1739.7351   4.7537E-46
1740.2493   4.7199E-46
1740.7636   4.7842E-46
1741.2779   4.7361E-46
1741.7921   4.5260E-46
1742.3064   4.2000E-46
1742.8206   3.9992E-46
1743.3349   3.8904E-46
1743.8491   3.8616E-46
1744.3634   3.6844E-46
1744.8777   3.4080E-46
1745.3919   3.1546E-46
1745.9062   3.0288E-46
1746.4204   3.1726E-46
1746.9347   3.2686E-46
1747.4490   3.2285E-46
1747.9632   3.0162E-46
1748.4775   2.9965E-46
1748.9917   3.2542E-46
1749.5060   3.5099E-46
1750.0202   3.7573E-46
1750.5345   3.9647E-46
1751.0488   4.0652E-46
1751.5630   4.2174E-46
1752.0773   4.2560E-46
1752.5915   4.1801E-46
1753.1058   4.1005E-46
1753.6200   3.7978E-46
1754.1343   3.5102E-46
1754.6486   3.1687E-46
1755.1628   2.7879E-46
1755.6771   2.4974E-46
1756.1913   2.1924E-46
1756.7056   1.9589E-46
1757.2199   2.1392E-46
1757.7341   2.4412E-46
1758.2484   2.4707E-46
1758.7626   2.4994E-46
1759.2769   2.7601E-46
1759.7911   2.9359E-46
1760.3054   3.2139E-46
1760.8197   3.3934E-46
1761.3339   3.3783E-46
1761.8482   3.0478E-46
1762.3624   2.4316E-46
1762.8767   2.0765E-46
1763.3909   1.9598E-46
1763.9052   1.8353E-46
1764.4195   1.8128E-46
1764.9337   1.7362E-46
1765.4480   1.3922E-46
1765.9622   1.1341E-46
1766.4765   1.3619E-46
1766.9908   2.0334E-46
1767.5050   2.3714E-46
1768.0193   2.3631E-46
1768.5335   2.2066E-46
1769.0478   2.1104E-46
1769.5620   2.0094E-46
1770.0763   2.0796E-46
1770.5906   2.3211E-46
1771.1048   2.4347E-46
1771.6191   2.3410E-46
1772.1333   2.2607E-46
1772.6476   2.2625E-46
1773.1618   2.2114E-46
1773.6761   2.2864E-46
1774.1904   2.6157E-46
1774.7046   2.8326E-46
1775.2189   2.6158E-46
1775.7331   2.1899E-46
1776.2474   1.3810E-46
1776.7617   7.9333E-47
1777.2759   6.7376E-47
1777.7902   7.9636E-47
1778.3044   7.8598E-47
1778.8187   6.7506E-47
1779.3329   6.4570E-47
1779.8472   7.7418E-47
1780.3615   9.3917E-47
1780.8757   1.2861E-46
1781.3900   1.6533E-46
1781.9042   1.5800E-46
1782.4185   1.2588E-46
1782.9327   1.0674E-46
1783.4470   7.6165E-47
1783.9613   4.6159E-47
1784.4755   6.1846E-48
1784.9898  -1.6745E-47
1785.5040  -2.2954E-47
1786.0183  -4.2452E-47
1786.5326  -3.0331E-47
1787.0468   2.1430E-47
1787.5611   6.0984E-47
1788.0753   7.6814E-47
1788.5896   8.8325E-47
1789.1038   1.1291E-46
1789.6181   1.3782E-46
1790.1324   1.6636E-46
1790.6466   1.8256E-46
1791.1609   1.9304E-46
1791.6751   1.6747E-46
1792.1894   1.1054E-46
1792.7036   7.2545E-47
1793.2179   5.7408E-47
1793.7322   3.6844E-47
1794.2464   1.9365E-47
1794.7607  -1.5699E-48
1795.2749   8.3294E-48
1795.7892   2.0329E-47
1796.3035   1.3641E-47
1796.8177   4.0578E-47
1797.3320   6.8256E-47
1797.8462   7.4392E-47
1798.3605   7.0077E-47
1798.8747   6.0213E-47
1799.3890   6.8134E-47
1799.9033   6.2125E-47
1800.4175   5.4057E-47
1800.9318   7.8574E-47
1801.4460   1.1039E-46
1801.9603   1.2571E-46
1802.4745   1.3466E-46
1802.9888   1.3162E-46
1803.5031   1.1480E-46
