             CH4-He   1.000000 1000.0000   1000 40.000 1.534e-45 -.999          Model line shapes 25
    1.0000  7.103E-49
    2.0000  2.835E-48
    3.0000  6.358E-48
    4.0000  1.125E-47
    5.0000  1.748E-47
    6.0000  2.499E-47
    7.0000  3.374E-47
    8.0000  4.366E-47
    9.0000  5.470E-47
   10.0000  6.678E-47
   11.0000  7.983E-47
   12.0000  9.380E-47
   13.0000  1.086E-46
   14.0000  1.242E-46
   15.0000  1.405E-46
   16.0000  1.574E-46
   17.0000  1.750E-46
   18.0000  1.930E-46
   19.0000  2.116E-46
   20.0000  2.306E-46
   21.0000  2.499E-46
   22.0000  2.697E-46
   23.0000  2.897E-46
   24.0000  3.100E-46
   25.0000  3.305E-46
   26.0000  3.513E-46
   27.0000  3.722E-46
   28.0000  3.934E-46
   29.0000  4.146E-46
   30.0000  4.361E-46
   31.0000  4.576E-46
   32.0000  4.792E-46
   33.0000  5.010E-46
   34.0000  5.228E-46
   35.0000  5.447E-46
   36.0000  5.667E-46
   37.0000  5.888E-46
   38.0000  6.109E-46
   39.0000  6.331E-46
   40.0000  6.553E-46
   41.0000  6.775E-46
   42.0000  6.998E-46
   43.0000  7.221E-46
   44.0000  7.444E-46
   45.0000  7.667E-46
   46.0000  7.891E-46
   47.0000  8.114E-46
   48.0000  8.337E-46
   49.0000  8.559E-46
   50.0000  8.782E-46
   51.0000  9.003E-46
   52.0000  9.224E-46
   53.0000  9.444E-46
   54.0000  9.663E-46
   55.0000  9.880E-46
   56.0000  1.009E-45
   57.0000  1.031E-45
   58.0000  1.052E-45
   59.0000  1.072E-45
   60.0000  1.093E-45
   61.0000  1.112E-45
   62.0000  1.132E-45
   63.0000  1.150E-45
   64.0000  1.169E-45
   65.0000  1.186E-45
   66.0000  1.203E-45
   67.0000  1.219E-45
   68.0000  1.235E-45
   69.0000  1.249E-45
   70.0000  1.264E-45
   71.0000  1.277E-45
   72.0000  1.290E-45
   73.0000  1.302E-45
   74.0000  1.314E-45
   75.0000  1.325E-45
   76.0000  1.335E-45
   77.0000  1.346E-45
   78.0000  1.355E-45
   79.0000  1.365E-45
   80.0000  1.374E-45
   81.0000  1.383E-45
   82.0000  1.391E-45
   83.0000  1.400E-45
   84.0000  1.408E-45
   85.0000  1.416E-45
   86.0000  1.424E-45
   87.0000  1.432E-45
   88.0000  1.440E-45
   89.0000  1.447E-45
   90.0000  1.455E-45
   91.0000  1.462E-45
   92.0000  1.468E-45
   93.0000  1.474E-45
   94.0000  1.480E-45
   95.0000  1.486E-45
   96.0000  1.491E-45
   97.0000  1.495E-45
   98.0000  1.499E-45
   99.0000  1.502E-45
  100.0000  1.505E-45
  101.0000  1.507E-45
  102.0000  1.509E-45
  103.0000  1.511E-45
  104.0000  1.513E-45
  105.0000  1.514E-45
  106.0000  1.515E-45
  107.0000  1.516E-45
  108.0000  1.517E-45
  109.0000  1.518E-45
  110.0000  1.519E-45
  111.0000  1.520E-45
  112.0000  1.521E-45
  113.0000  1.522E-45
  114.0000  1.524E-45
  115.0000  1.525E-45
  116.0000  1.526E-45
  117.0000  1.528E-45
  118.0000  1.529E-45
  119.0000  1.530E-45
  120.0000  1.532E-45
  121.0000  1.533E-45
  122.0000  1.533E-45
  123.0000  1.534E-45
  124.0000  1.534E-45
  125.0000  1.534E-45
  126.0000  1.533E-45
  127.0000  1.532E-45
  128.0000  1.531E-45
  129.0000  1.529E-45
  130.0000  1.527E-45
  131.0000  1.524E-45
  132.0000  1.521E-45
  133.0000  1.517E-45
  134.0000  1.514E-45
  135.0000  1.510E-45
  136.0000  1.506E-45
  137.0000  1.502E-45
  138.0000  1.497E-45
  139.0000  1.493E-45
  140.0000  1.489E-45
  141.0000  1.485E-45
  142.0000  1.481E-45
  143.0000  1.478E-45
  144.0000  1.474E-45
  145.0000  1.471E-45
  146.0000  1.468E-45
  147.0000  1.465E-45
  148.0000  1.462E-45
  149.0000  1.459E-45
  150.0000  1.457E-45
  151.0000  1.454E-45
  152.0000  1.452E-45
  153.0000  1.449E-45
  154.0000  1.446E-45
  155.0000  1.443E-45
  156.0000  1.440E-45
  157.0000  1.436E-45
  158.0000  1.431E-45
  159.0000  1.426E-45
  160.0000  1.421E-45
  161.0000  1.415E-45
  162.0000  1.408E-45
  163.0000  1.401E-45
  164.0000  1.394E-45
  165.0000  1.385E-45
  166.0000  1.377E-45
  167.0000  1.368E-45
  168.0000  1.359E-45
  169.0000  1.350E-45
  170.0000  1.340E-45
  171.0000  1.331E-45
  172.0000  1.321E-45
  173.0000  1.311E-45
  174.0000  1.301E-45
  175.0000  1.291E-45
  176.0000  1.282E-45
  177.0000  1.272E-45
  178.0000  1.262E-45
  179.0000  1.253E-45
  180.0000  1.243E-45
  181.0000  1.234E-45
  182.0000  1.224E-45
  183.0000  1.215E-45
  184.0000  1.206E-45
  185.0000  1.196E-45
  186.0000  1.187E-45
  187.0000  1.178E-45
  188.0000  1.168E-45
  189.0000  1.159E-45
  190.0000  1.149E-45
  191.0000  1.140E-45
  192.0000  1.130E-45
  193.0000  1.120E-45
  194.0000  1.110E-45
  195.0000  1.100E-45
  196.0000  1.090E-45
  197.0000  1.080E-45
  198.0000  1.070E-45
  199.0000  1.059E-45
  200.0000  1.049E-45
  201.0000  1.039E-45
  202.0000  1.029E-45
  203.0000  1.018E-45
  204.0000  1.008E-45
  205.0000  9.983E-46
  206.0000  9.883E-46
  207.0000  9.784E-46
  208.0000  9.685E-46
  209.0000  9.588E-46
  210.0000  9.491E-46
  211.0000  9.396E-46
  212.0000  9.301E-46
  213.0000  9.207E-46
  214.0000  9.115E-46
  215.0000  9.023E-46
  216.0000  8.932E-46
  217.0000  8.842E-46
  218.0000  8.752E-46
  219.0000  8.664E-46
  220.0000  8.576E-46
  221.0000  8.488E-46
  222.0000  8.402E-46
  223.0000  8.316E-46
  224.0000  8.230E-46
  225.0000  8.146E-46
  226.0000  8.061E-46
  227.0000  7.978E-46
  228.0000  7.895E-46
  229.0000  7.813E-46
  230.0000  7.731E-46
  231.0000  7.651E-46
  232.0000  7.570E-46
  233.0000  7.491E-46
  234.0000  7.413E-46
  235.0000  7.335E-46
  236.0000  7.258E-46
  237.0000  7.182E-46
  238.0000  7.106E-46
  239.0000  7.032E-46
  240.0000  6.958E-46
  241.0000  6.885E-46
  242.0000  6.813E-46
  243.0000  6.741E-46
  244.0000  6.670E-46
  245.0000  6.601E-46
  246.0000  6.531E-46
  247.0000  6.463E-46
  248.0000  6.395E-46
  249.0000  6.328E-46
  250.0000  6.262E-46
  251.0000  6.196E-46
  252.0000  6.131E-46
  253.0000  6.067E-46
  254.0000  6.003E-46
  255.0000  5.939E-46
  256.0000  5.877E-46
  257.0000  5.815E-46
  258.0000  5.753E-46
  259.0000  5.692E-46
  260.0000  5.632E-46
  261.0000  5.572E-46
  262.0000  5.513E-46
  263.0000  5.454E-46
  264.0000  5.396E-46
  265.0000  5.338E-46
  266.0000  5.281E-46
  267.0000  5.225E-46
  268.0000  5.169E-46
  269.0000  5.114E-46
  270.0000  5.059E-46
  271.0000  5.005E-46
  272.0000  4.952E-46
  273.0000  4.899E-46
  274.0000  4.846E-46
  275.0000  4.794E-46
  276.0000  4.743E-46
  277.0000  4.692E-46
  278.0000  4.642E-46
  279.0000  4.592E-46
  280.0000  4.543E-46
  281.0000  4.494E-46
  282.0000  4.446E-46
  283.0000  4.398E-46
  284.0000  4.350E-46
  285.0000  4.304E-46
  286.0000  4.257E-46
  287.0000  4.211E-46
  288.0000  4.166E-46
  289.0000  4.121E-46
  290.0000  4.077E-46
  291.0000  4.033E-46
  292.0000  3.989E-46
  293.0000  3.946E-46
  294.0000  3.903E-46
  295.0000  3.861E-46
  296.0000  3.819E-46
  297.0000  3.778E-46
  298.0000  3.737E-46
  299.0000  3.696E-46
  300.0000  3.656E-46
  301.0000  3.616E-46
  302.0000  3.577E-46
  303.0000  3.538E-46
  304.0000  3.500E-46
  305.0000  3.462E-46
  306.0000  3.424E-46
  307.0000  3.387E-46
  308.0000  3.350E-46
  309.0000  3.313E-46
  310.0000  3.277E-46
  311.0000  3.241E-46
  312.0000  3.206E-46
  313.0000  3.170E-46
  314.0000  3.136E-46
  315.0000  3.101E-46
  316.0000  3.067E-46
  317.0000  3.034E-46
  318.0000  3.000E-46
  319.0000  2.967E-46
  320.0000  2.935E-46
  321.0000  2.902E-46
  322.0000  2.870E-46
  323.0000  2.839E-46
  324.0000  2.807E-46
  325.0000  2.776E-46
  326.0000  2.746E-46
  327.0000  2.715E-46
  328.0000  2.685E-46
  329.0000  2.656E-46
  330.0000  2.626E-46
  331.0000  2.597E-46
  332.0000  2.568E-46
  333.0000  2.540E-46
  334.0000  2.512E-46
  335.0000  2.484E-46
  336.0000  2.456E-46
  337.0000  2.429E-46
  338.0000  2.402E-46
  339.0000  2.375E-46
  340.0000  2.348E-46
  341.0000  2.322E-46
  342.0000  2.296E-46
  343.0000  2.270E-46
  344.0000  2.245E-46
  345.0000  2.220E-46
  346.0000  2.195E-46
  347.0000  2.170E-46
  348.0000  2.146E-46
  349.0000  2.122E-46
  350.0000  2.098E-46
  351.0000  2.074E-46
  352.0000  2.051E-46
  353.0000  2.028E-46
  354.0000  2.005E-46
  355.0000  1.983E-46
  356.0000  1.960E-46
  357.0000  1.938E-46
  358.0000  1.916E-46
  359.0000  1.894E-46
  360.0000  1.873E-46
  361.0000  1.852E-46
  362.0000  1.831E-46
  363.0000  1.810E-46
  364.0000  1.790E-46
  365.0000  1.769E-46
  366.0000  1.749E-46
  367.0000  1.729E-46
  368.0000  1.710E-46
  369.0000  1.690E-46
  370.0000  1.671E-46
  371.0000  1.652E-46
  372.0000  1.633E-46
  373.0000  1.614E-46
  374.0000  1.596E-46
  375.0000  1.578E-46
  376.0000  1.560E-46
  377.0000  1.542E-46
  378.0000  1.524E-46
  379.0000  1.507E-46
  380.0000  1.489E-46
  381.0000  1.472E-46
  382.0000  1.455E-46
  383.0000  1.439E-46
  384.0000  1.422E-46
  385.0000  1.406E-46
  386.0000  1.390E-46
  387.0000  1.374E-46
  388.0000  1.358E-46
  389.0000  1.342E-46
  390.0000  1.327E-46
  391.0000  1.311E-46
  392.0000  1.296E-46
  393.0000  1.281E-46
  394.0000  1.266E-46
  395.0000  1.252E-46
  396.0000  1.237E-46
  397.0000  1.223E-46
  398.0000  1.209E-46
  399.0000  1.195E-46
  400.0000  1.181E-46
  401.0000  1.167E-46
  402.0000  1.154E-46
  403.0000  1.140E-46
  404.0000  1.127E-46
  405.0000  1.114E-46
  406.0000  1.101E-46
  407.0000  1.088E-46
  408.0000  1.076E-46
  409.0000  1.063E-46
  410.0000  1.051E-46
  411.0000  1.039E-46
  412.0000  1.026E-46
  413.0000  1.015E-46
  414.0000  1.003E-46
  415.0000  9.910E-47
  416.0000  9.794E-47
  417.0000  9.680E-47
  418.0000  9.567E-47
  419.0000  9.455E-47
  420.0000  9.344E-47
  421.0000  9.235E-47
  422.0000  9.127E-47
  423.0000  9.020E-47
  424.0000  8.915E-47
  425.0000  8.810E-47
  426.0000  8.707E-47
  427.0000  8.605E-47
  428.0000  8.504E-47
  429.0000  8.404E-47
  430.0000  8.306E-47
  431.0000  8.208E-47
  432.0000  8.112E-47
  433.0000  8.017E-47
  434.0000  7.922E-47
  435.0000  7.829E-47
  436.0000  7.737E-47
  437.0000  7.646E-47
  438.0000  7.556E-47
  439.0000  7.467E-47
  440.0000  7.380E-47
  441.0000  7.293E-47
  442.0000  7.207E-47
  443.0000  7.122E-47
  444.0000  7.038E-47
  445.0000  6.955E-47
  446.0000  6.873E-47
  447.0000  6.792E-47
  448.0000  6.712E-47
  449.0000  6.632E-47
  450.0000  6.554E-47
  451.0000  6.477E-47
  452.0000  6.400E-47
  453.0000  6.325E-47
  454.0000  6.250E-47
  455.0000  6.176E-47
  456.0000  6.103E-47
  457.0000  6.031E-47
  458.0000  5.959E-47
  459.0000  5.889E-47
  460.0000  5.819E-47
  461.0000  5.750E-47
  462.0000  5.682E-47
  463.0000  5.615E-47
  464.0000  5.548E-47
  465.0000  5.483E-47
  466.0000  5.418E-47
  467.0000  5.354E-47
  468.0000  5.290E-47
  469.0000  5.227E-47
  470.0000  5.165E-47
  471.0000  5.104E-47
  472.0000  5.043E-47
  473.0000  4.984E-47
  474.0000  4.924E-47
  475.0000  4.866E-47
  476.0000  4.808E-47
  477.0000  4.751E-47
  478.0000  4.695E-47
  479.0000  4.639E-47
  480.0000  4.584E-47
  481.0000  4.529E-47
  482.0000  4.475E-47
  483.0000  4.422E-47
  484.0000  4.370E-47
  485.0000  4.318E-47
  486.0000  4.266E-47
  487.0000  4.215E-47
  488.0000  4.165E-47
  489.0000  4.116E-47
  490.0000  4.067E-47
  491.0000  4.018E-47
  492.0000  3.970E-47
  493.0000  3.923E-47
  494.0000  3.876E-47
  495.0000  3.830E-47
  496.0000  3.785E-47
  497.0000  3.739E-47
  498.0000  3.695E-47
  499.0000  3.651E-47
  500.0000  3.607E-47
  501.0000  3.564E-47
  502.0000  3.522E-47
  503.0000  3.480E-47
  504.0000  3.438E-47
  505.0000  3.397E-47
  506.0000  3.357E-47
  507.0000  3.317E-47
  508.0000  3.277E-47
  509.0000  3.238E-47
  510.0000  3.199E-47
  511.0000  3.161E-47
  512.0000  3.123E-47
  513.0000  3.086E-47
  514.0000  3.049E-47
  515.0000  3.013E-47
  516.0000  2.977E-47
  517.0000  2.941E-47
  518.0000  2.906E-47
  519.0000  2.871E-47
  520.0000  2.837E-47
  521.0000  2.803E-47
  522.0000  2.770E-47
  523.0000  2.736E-47
  524.0000  2.704E-47
  525.0000  2.671E-47
  526.0000  2.639E-47
  527.0000  2.608E-47
  528.0000  2.577E-47
  529.0000  2.546E-47
  530.0000  2.515E-47
  531.0000  2.485E-47
  532.0000  2.456E-47
  533.0000  2.426E-47
  534.0000  2.397E-47
  535.0000  2.368E-47
  536.0000  2.340E-47
  537.0000  2.312E-47
  538.0000  2.284E-47
  539.0000  2.257E-47
  540.0000  2.230E-47
  541.0000  2.203E-47
  542.0000  2.177E-47
  543.0000  2.151E-47
  544.0000  2.125E-47
  545.0000  2.100E-47
  546.0000  2.074E-47
  547.0000  2.050E-47
  548.0000  2.025E-47
  549.0000  2.001E-47
  550.0000  1.977E-47
  551.0000  1.953E-47
  552.0000  1.930E-47
  553.0000  1.907E-47
  554.0000  1.884E-47
  555.0000  1.861E-47
  556.0000  1.839E-47
  557.0000  1.817E-47
  558.0000  1.795E-47
  559.0000  1.773E-47
  560.0000  1.752E-47
  561.0000  1.731E-47
  562.0000  1.710E-47
  563.0000  1.690E-47
  564.0000  1.670E-47
  565.0000  1.650E-47
  566.0000  1.630E-47
  567.0000  1.610E-47
  568.0000  1.591E-47
  569.0000  1.572E-47
  570.0000  1.553E-47
  571.0000  1.534E-47
  572.0000  1.516E-47
  573.0000  1.498E-47
  574.0000  1.480E-47
  575.0000  1.462E-47
  576.0000  1.445E-47
  577.0000  1.427E-47
  578.0000  1.410E-47
  579.0000  1.393E-47
  580.0000  1.376E-47
  581.0000  1.360E-47
  582.0000  1.344E-47
  583.0000  1.327E-47
  584.0000  1.311E-47
  585.0000  1.296E-47
  586.0000  1.280E-47
  587.0000  1.265E-47
  588.0000  1.250E-47
  589.0000  1.235E-47
  590.0000  1.220E-47
  591.0000  1.205E-47
  592.0000  1.191E-47
  593.0000  1.176E-47
  594.0000  1.162E-47
  595.0000  1.148E-47
  596.0000  1.134E-47
  597.0000  1.121E-47
  598.0000  1.107E-47
  599.0000  1.094E-47
  600.0000  1.081E-47
  601.0000  1.068E-47
  602.0000  1.055E-47
  603.0000  1.042E-47
  604.0000  1.030E-47
  605.0000  1.018E-47
  606.0000  1.005E-47
  607.0000  9.932E-48
  608.0000  9.813E-48
  609.0000  9.695E-48
  610.0000  9.578E-48
  611.0000  9.463E-48
  612.0000  9.350E-48
  613.0000  9.237E-48
  614.0000  9.126E-48
  615.0000  9.016E-48
  616.0000  8.908E-48
  617.0000  8.801E-48
  618.0000  8.695E-48
  619.0000  8.591E-48
  620.0000  8.487E-48
  621.0000  8.385E-48
  622.0000  8.285E-48
  623.0000  8.185E-48
  624.0000  8.086E-48
  625.0000  7.989E-48
  626.0000  7.893E-48
  627.0000  7.798E-48
  628.0000  7.705E-48
  629.0000  7.612E-48
  630.0000  7.520E-48
  631.0000  7.430E-48
  632.0000  7.341E-48
  633.0000  7.252E-48
  634.0000  7.165E-48
  635.0000  7.079E-48
  636.0000  6.994E-48
  637.0000  6.910E-48
  638.0000  6.827E-48
  639.0000  6.744E-48
  640.0000  6.663E-48
  641.0000  6.583E-48
  642.0000  6.504E-48
  643.0000  6.426E-48
  644.0000  6.349E-48
  645.0000  6.272E-48
  646.0000  6.197E-48
  647.0000  6.122E-48
  648.0000  6.049E-48
  649.0000  5.976E-48
  650.0000  5.904E-48
  651.0000  5.833E-48
  652.0000  5.763E-48
  653.0000  5.693E-48
  654.0000  5.625E-48
  655.0000  5.557E-48
  656.0000  5.490E-48
  657.0000  5.424E-48
  658.0000  5.359E-48
  659.0000  5.295E-48
  660.0000  5.231E-48
  661.0000  5.168E-48
  662.0000  5.106E-48
  663.0000  5.044E-48
  664.0000  4.984E-48
  665.0000  4.924E-48
  666.0000  4.864E-48
  667.0000  4.806E-48
  668.0000  4.748E-48
  669.0000  4.691E-48
  670.0000  4.635E-48
  671.0000  4.579E-48
  672.0000  4.524E-48
  673.0000  4.469E-48
  674.0000  4.416E-48
  675.0000  4.362E-48
  676.0000  4.310E-48
  677.0000  4.258E-48
  678.0000  4.207E-48
  679.0000  4.156E-48
  680.0000  4.106E-48
  681.0000  4.057E-48
  682.0000  4.008E-48
  683.0000  3.960E-48
  684.0000  3.912E-48
  685.0000  3.865E-48
  686.0000  3.818E-48
  687.0000  3.773E-48
  688.0000  3.727E-48
  689.0000  3.682E-48
  690.0000  3.638E-48
  691.0000  3.594E-48
  692.0000  3.551E-48
  693.0000  3.508E-48
  694.0000  3.466E-48
  695.0000  3.424E-48
  696.0000  3.383E-48
  697.0000  3.342E-48
  698.0000  3.302E-48
  699.0000  3.262E-48
  700.0000  3.223E-48
  701.0000  3.184E-48
  702.0000  3.146E-48
  703.0000  3.108E-48
  704.0000  3.071E-48
  705.0000  3.034E-48
  706.0000  2.997E-48
  707.0000  2.961E-48
  708.0000  2.926E-48
  709.0000  2.890E-48
  710.0000  2.856E-48
  711.0000  2.821E-48
  712.0000  2.787E-48
  713.0000  2.754E-48
  714.0000  2.721E-48
  715.0000  2.688E-48
  716.0000  2.656E-48
  717.0000  2.624E-48
  718.0000  2.592E-48
  719.0000  2.561E-48
  720.0000  2.530E-48
  721.0000  2.500E-48
  722.0000  2.469E-48
  723.0000  2.440E-48
  724.0000  2.410E-48
  725.0000  2.381E-48
  726.0000  2.353E-48
  727.0000  2.324E-48
  728.0000  2.296E-48
  729.0000  2.269E-48
  730.0000  2.241E-48
  731.0000  2.214E-48
  732.0000  2.188E-48
  733.0000  2.162E-48
  734.0000  2.136E-48
  735.0000  2.110E-48
  736.0000  2.084E-48
  737.0000  2.059E-48
  738.0000  2.035E-48
  739.0000  2.010E-48
  740.0000  1.986E-48
  741.0000  1.962E-48
  742.0000  1.938E-48
  743.0000  1.915E-48
  744.0000  1.892E-48
  745.0000  1.869E-48
  746.0000  1.847E-48
  747.0000  1.825E-48
  748.0000  1.803E-48
  749.0000  1.781E-48
  750.0000  1.759E-48
  751.0000  1.738E-48
  752.0000  1.717E-48
  753.0000  1.697E-48
  754.0000  1.676E-48
  755.0000  1.656E-48
  756.0000  1.636E-48
  757.0000  1.616E-48
  758.0000  1.597E-48
  759.0000  1.578E-48
  760.0000  1.559E-48
  761.0000  1.540E-48
  762.0000  1.522E-48
  763.0000  1.503E-48
  764.0000  1.485E-48
  765.0000  1.467E-48
  766.0000  1.450E-48
  767.0000  1.432E-48
  768.0000  1.415E-48
  769.0000  1.398E-48
  770.0000  1.381E-48
  771.0000  1.365E-48
  772.0000  1.348E-48
  773.0000  1.332E-48
  774.0000  1.316E-48
  775.0000  1.300E-48
  776.0000  1.284E-48
  777.0000  1.269E-48
  778.0000  1.254E-48
  779.0000  1.239E-48
  780.0000  1.224E-48
  781.0000  1.209E-48
  782.0000  1.194E-48
  783.0000  1.180E-48
  784.0000  1.166E-48
  785.0000  1.152E-48
  786.0000  1.138E-48
  787.0000  1.124E-48
  788.0000  1.111E-48
  789.0000  1.097E-48
  790.0000  1.084E-48
  791.0000  1.071E-48
  792.0000  1.058E-48
  793.0000  1.046E-48
  794.0000  1.033E-48
  795.0000  1.021E-48
  796.0000  1.008E-48
  797.0000  9.961E-49
  798.0000  9.842E-49
  799.0000  9.723E-49
  800.0000  9.606E-49
  801.0000  9.491E-49
  802.0000  9.377E-49
  803.0000  9.264E-49
  804.0000  9.153E-49
  805.0000  9.042E-49
  806.0000  8.934E-49
  807.0000  8.826E-49
  808.0000  8.720E-49
  809.0000  8.615E-49
  810.0000  8.512E-49
  811.0000  8.409E-49
  812.0000  8.308E-49
  813.0000  8.208E-49
  814.0000  8.110E-49
  815.0000  8.012E-49
  816.0000  7.916E-49
  817.0000  7.821E-49
  818.0000  7.727E-49
  819.0000  7.634E-49
  820.0000  7.542E-49
  821.0000  7.451E-49
  822.0000  7.362E-49
  823.0000  7.273E-49
  824.0000  7.186E-49
  825.0000  7.099E-49
  826.0000  7.014E-49
  827.0000  6.930E-49
  828.0000  6.846E-49
  829.0000  6.764E-49
  830.0000  6.683E-49
  831.0000  6.602E-49
  832.0000  6.523E-49
  833.0000  6.445E-49
  834.0000  6.367E-49
  835.0000  6.290E-49
  836.0000  6.215E-49
  837.0000  6.140E-49
  838.0000  6.066E-49
  839.0000  5.993E-49
  840.0000  5.921E-49
  841.0000  5.850E-49
  842.0000  5.780E-49
  843.0000  5.710E-49
  844.0000  5.642E-49
  845.0000  5.574E-49
  846.0000  5.507E-49
  847.0000  5.441E-49
  848.0000  5.375E-49
  849.0000  5.311E-49
  850.0000  5.247E-49
  851.0000  5.184E-49
  852.0000  5.122E-49
  853.0000  5.060E-49
  854.0000  4.999E-49
  855.0000  4.939E-49
  856.0000  4.880E-49
  857.0000  4.821E-49
  858.0000  4.763E-49
  859.0000  4.706E-49
  860.0000  4.650E-49
  861.0000  4.594E-49
  862.0000  4.539E-49
  863.0000  4.484E-49
  864.0000  4.430E-49
  865.0000  4.377E-49
  866.0000  4.324E-49
  867.0000  4.272E-49
  868.0000  4.221E-49
  869.0000  4.170E-49
  870.0000  4.120E-49
  871.0000  4.071E-49
  872.0000  4.022E-49
  873.0000  3.974E-49
  874.0000  3.926E-49
  875.0000  3.879E-49
  876.0000  3.832E-49
  877.0000  3.786E-49
  878.0000  3.741E-49
  879.0000  3.696E-49
  880.0000  3.651E-49
  881.0000  3.607E-49
  882.0000  3.564E-49
  883.0000  3.521E-49
  884.0000  3.479E-49
  885.0000  3.437E-49
  886.0000  3.396E-49
  887.0000  3.355E-49
  888.0000  3.315E-49
  889.0000  3.275E-49
  890.0000  3.236E-49
  891.0000  3.197E-49
  892.0000  3.159E-49
  893.0000  3.121E-49
  894.0000  3.083E-49
  895.0000  3.046E-49
  896.0000  3.010E-49
  897.0000  2.973E-49
  898.0000  2.938E-49
  899.0000  2.902E-49
  900.0000  2.868E-49
  901.0000  2.833E-49
  902.0000  2.799E-49
  903.0000  2.766E-49
  904.0000  2.732E-49
  905.0000  2.700E-49
  906.0000  2.667E-49
  907.0000  2.635E-49
  908.0000  2.604E-49
  909.0000  2.572E-49
  910.0000  2.541E-49
  911.0000  2.511E-49
  912.0000  2.481E-49
  913.0000  2.451E-49
  914.0000  2.422E-49
  915.0000  2.392E-49
  916.0000  2.364E-49
  917.0000  2.335E-49
  918.0000  2.307E-49
  919.0000  2.280E-49
  920.0000  2.252E-49
  921.0000  2.225E-49
  922.0000  2.199E-49
  923.0000  2.172E-49
  924.0000  2.146E-49
  925.0000  2.120E-49
  926.0000  2.095E-49
  927.0000  2.070E-49
  928.0000  2.045E-49
  929.0000  2.020E-49
  930.0000  1.996E-49
  931.0000  1.972E-49
  932.0000  1.949E-49
  933.0000  1.925E-49
  934.0000  1.902E-49
  935.0000  1.879E-49
  936.0000  1.857E-49
  937.0000  1.834E-49
  938.0000  1.812E-49
  939.0000  1.791E-49
  940.0000  1.769E-49
  941.0000  1.748E-49
  942.0000  1.727E-49
  943.0000  1.706E-49
  944.0000  1.686E-49
  945.0000  1.666E-49
  946.0000  1.646E-49
  947.0000  1.626E-49
  948.0000  1.606E-49
  949.0000  1.587E-49
  950.0000  1.568E-49
  951.0000  1.549E-49
  952.0000  1.531E-49
  953.0000  1.512E-49
  954.0000  1.494E-49
  955.0000  1.476E-49
  956.0000  1.458E-49
  957.0000  1.441E-49
  958.0000  1.424E-49
  959.0000  1.407E-49
  960.0000  1.390E-49
  961.0000  1.373E-49
  962.0000  1.357E-49
  963.0000  1.340E-49
  964.0000  1.324E-49
  965.0000  1.308E-49
  966.0000  1.293E-49
  967.0000  1.277E-49
  968.0000  1.262E-49
  969.0000  1.247E-49
  970.0000  1.232E-49
  971.0000  1.217E-49
  972.0000  1.202E-49
  973.0000  1.188E-49
  974.0000  1.173E-49
  975.0000  1.159E-49
  976.0000  1.145E-49
  977.0000  1.132E-49
  978.0000  1.118E-49
  979.0000  1.105E-49
  980.0000  1.091E-49
  981.0000  1.078E-49
  982.0000  1.065E-49
  983.0000  1.052E-49
  984.0000  1.040E-49
  985.0000  1.027E-49
  986.0000  1.015E-49
  987.0000  1.003E-49
  988.0000  9.905E-50
  989.0000  9.785E-50
  990.0000  9.667E-50
  991.0000  9.551E-50
  992.0000  9.436E-50
  993.0000  9.322E-50
  994.0000  9.209E-50
  995.0000  9.098E-50
  996.0000  8.988E-50
  997.0000  8.880E-50
  998.0000  8.773E-50
  999.0000  8.667E-50
 1000.0000  8.562E-50
             CH4-He   1.000000 1000.0000   1000 50.901 1.562e-45 -.999          Model line shapes 25
    1.0000  5.872E-49
    2.0000  2.346E-48
    3.0000  5.265E-48
    4.0000  9.329E-48
    5.0000  1.451E-47
    6.0000  2.080E-47
    7.0000  2.814E-47
    8.0000  3.650E-47
    9.0000  4.585E-47
   10.0000  5.614E-47
   11.0000  6.733E-47
   12.0000  7.936E-47
   13.0000  9.219E-47
   14.0000  1.058E-46
   15.0000  1.201E-46
   16.0000  1.350E-46
   17.0000  1.506E-46
   18.0000  1.667E-46
   19.0000  1.834E-46
   20.0000  2.005E-46
   21.0000  2.181E-46
   22.0000  2.361E-46
   23.0000  2.545E-46
   24.0000  2.733E-46
   25.0000  2.923E-46
   26.0000  3.117E-46
   27.0000  3.313E-46
   28.0000  3.511E-46
   29.0000  3.712E-46
   30.0000  3.914E-46
   31.0000  4.119E-46
   32.0000  4.325E-46
   33.0000  4.532E-46
   34.0000  4.740E-46
   35.0000  4.950E-46
   36.0000  5.160E-46
   37.0000  5.371E-46
   38.0000  5.582E-46
   39.0000  5.794E-46
   40.0000  6.006E-46
   41.0000  6.218E-46
   42.0000  6.430E-46
   43.0000  6.641E-46
   44.0000  6.852E-46
   45.0000  7.063E-46
   46.0000  7.272E-46
   47.0000  7.481E-46
   48.0000  7.689E-46
   49.0000  7.896E-46
   50.0000  8.101E-46
   51.0000  8.305E-46
   52.0000  8.507E-46
   53.0000  8.708E-46
   54.0000  8.906E-46
   55.0000  9.103E-46
   56.0000  9.297E-46
   57.0000  9.489E-46
   58.0000  9.678E-46
   59.0000  9.864E-46
   60.0000  1.005E-45
   61.0000  1.023E-45
   62.0000  1.040E-45
   63.0000  1.058E-45
   64.0000  1.075E-45
   65.0000  1.091E-45
   66.0000  1.107E-45
   67.0000  1.123E-45
   68.0000  1.138E-45
   69.0000  1.153E-45
   70.0000  1.168E-45
   71.0000  1.182E-45
   72.0000  1.195E-45
   73.0000  1.209E-45
   74.0000  1.221E-45
   75.0000  1.234E-45
   76.0000  1.246E-45
   77.0000  1.258E-45
   78.0000  1.269E-45
   79.0000  1.281E-45
   80.0000  1.292E-45
   81.0000  1.302E-45
   82.0000  1.313E-45
   83.0000  1.323E-45
   84.0000  1.333E-45
   85.0000  1.343E-45
   86.0000  1.352E-45
   87.0000  1.362E-45
   88.0000  1.371E-45
   89.0000  1.380E-45
   90.0000  1.388E-45
   91.0000  1.397E-45
   92.0000  1.405E-45
   93.0000  1.413E-45
   94.0000  1.421E-45
   95.0000  1.428E-45
   96.0000  1.435E-45
   97.0000  1.442E-45
   98.0000  1.448E-45
   99.0000  1.455E-45
  100.0000  1.461E-45
  101.0000  1.466E-45
  102.0000  1.472E-45
  103.0000  1.477E-45
  104.0000  1.482E-45
  105.0000  1.487E-45
  106.0000  1.492E-45
  107.0000  1.496E-45
  108.0000  1.500E-45
  109.0000  1.505E-45
  110.0000  1.509E-45
  111.0000  1.513E-45
  112.0000  1.517E-45
  113.0000  1.521E-45
  114.0000  1.525E-45
  115.0000  1.529E-45
  116.0000  1.532E-45
  117.0000  1.536E-45
  118.0000  1.539E-45
  119.0000  1.542E-45
  120.0000  1.545E-45
  121.0000  1.548E-45
  122.0000  1.551E-45
  123.0000  1.553E-45
  124.0000  1.555E-45
  125.0000  1.557E-45
  126.0000  1.559E-45
  127.0000  1.560E-45
  128.0000  1.561E-45
  129.0000  1.561E-45
  130.0000  1.562E-45
  131.0000  1.562E-45
  132.0000  1.562E-45
  133.0000  1.562E-45
  134.0000  1.561E-45
  135.0000  1.561E-45
  136.0000  1.560E-45
  137.0000  1.559E-45
  138.0000  1.558E-45
  139.0000  1.557E-45
  140.0000  1.556E-45
  141.0000  1.555E-45
  142.0000  1.554E-45
  143.0000  1.553E-45
  144.0000  1.552E-45
  145.0000  1.552E-45
  146.0000  1.551E-45
  147.0000  1.550E-45
  148.0000  1.549E-45
  149.0000  1.548E-45
  150.0000  1.547E-45
  151.0000  1.546E-45
  152.0000  1.545E-45
  153.0000  1.544E-45
  154.0000  1.542E-45
  155.0000  1.540E-45
  156.0000  1.538E-45
  157.0000  1.536E-45
  158.0000  1.533E-45
  159.0000  1.530E-45
  160.0000  1.526E-45
  161.0000  1.522E-45
  162.0000  1.517E-45
  163.0000  1.513E-45
  164.0000  1.507E-45
  165.0000  1.502E-45
  166.0000  1.496E-45
  167.0000  1.490E-45
  168.0000  1.483E-45
  169.0000  1.476E-45
  170.0000  1.469E-45
  171.0000  1.462E-45
  172.0000  1.455E-45
  173.0000  1.447E-45
  174.0000  1.440E-45
  175.0000  1.432E-45
  176.0000  1.425E-45
  177.0000  1.417E-45
  178.0000  1.409E-45
  179.0000  1.401E-45
  180.0000  1.394E-45
  181.0000  1.386E-45
  182.0000  1.378E-45
  183.0000  1.370E-45
  184.0000  1.362E-45
  185.0000  1.354E-45
  186.0000  1.346E-45
  187.0000  1.337E-45
  188.0000  1.329E-45
  189.0000  1.321E-45
  190.0000  1.312E-45
  191.0000  1.303E-45
  192.0000  1.294E-45
  193.0000  1.285E-45
  194.0000  1.276E-45
  195.0000  1.267E-45
  196.0000  1.257E-45
  197.0000  1.248E-45
  198.0000  1.238E-45
  199.0000  1.229E-45
  200.0000  1.219E-45
  201.0000  1.209E-45
  202.0000  1.199E-45
  203.0000  1.190E-45
  204.0000  1.180E-45
  205.0000  1.170E-45
  206.0000  1.160E-45
  207.0000  1.150E-45
  208.0000  1.141E-45
  209.0000  1.131E-45
  210.0000  1.121E-45
  211.0000  1.112E-45
  212.0000  1.102E-45
  213.0000  1.093E-45
  214.0000  1.083E-45
  215.0000  1.074E-45
  216.0000  1.065E-45
  217.0000  1.055E-45
  218.0000  1.046E-45
  219.0000  1.037E-45
  220.0000  1.028E-45
  221.0000  1.019E-45
  222.0000  1.010E-45
  223.0000  1.000E-45
  224.0000  9.915E-46
  225.0000  9.825E-46
  226.0000  9.736E-46
  227.0000  9.647E-46
  228.0000  9.558E-46
  229.0000  9.470E-46
  230.0000  9.382E-46
  231.0000  9.295E-46
  232.0000  9.209E-46
  233.0000  9.123E-46
  234.0000  9.037E-46
  235.0000  8.953E-46
  236.0000  8.869E-46
  237.0000  8.785E-46
  238.0000  8.703E-46
  239.0000  8.621E-46
  240.0000  8.539E-46
  241.0000  8.459E-46
  242.0000  8.379E-46
  243.0000  8.300E-46
  244.0000  8.222E-46
  245.0000  8.144E-46
  246.0000  8.067E-46
  247.0000  7.991E-46
  248.0000  7.915E-46
  249.0000  7.840E-46
  250.0000  7.765E-46
  251.0000  7.691E-46
  252.0000  7.617E-46
  253.0000  7.544E-46
  254.0000  7.472E-46
  255.0000  7.400E-46
  256.0000  7.328E-46
  257.0000  7.257E-46
  258.0000  7.187E-46
  259.0000  7.116E-46
  260.0000  7.047E-46
  261.0000  6.978E-46
  262.0000  6.909E-46
  263.0000  6.841E-46
  264.0000  6.773E-46
  265.0000  6.706E-46
  266.0000  6.640E-46
  267.0000  6.574E-46
  268.0000  6.508E-46
  269.0000  6.443E-46
  270.0000  6.379E-46
  271.0000  6.315E-46
  272.0000  6.252E-46
  273.0000  6.189E-46
  274.0000  6.127E-46
  275.0000  6.066E-46
  276.0000  6.005E-46
  277.0000  5.945E-46
  278.0000  5.885E-46
  279.0000  5.826E-46
  280.0000  5.767E-46
  281.0000  5.709E-46
  282.0000  5.652E-46
  283.0000  5.595E-46
  284.0000  5.538E-46
  285.0000  5.482E-46
  286.0000  5.427E-46
  287.0000  5.372E-46
  288.0000  5.317E-46
  289.0000  5.263E-46
  290.0000  5.210E-46
  291.0000  5.157E-46
  292.0000  5.105E-46
  293.0000  5.053E-46
  294.0000  5.001E-46
  295.0000  4.950E-46
  296.0000  4.900E-46
  297.0000  4.850E-46
  298.0000  4.800E-46
  299.0000  4.751E-46
  300.0000  4.703E-46
  301.0000  4.654E-46
  302.0000  4.607E-46
  303.0000  4.560E-46
  304.0000  4.513E-46
  305.0000  4.467E-46
  306.0000  4.421E-46
  307.0000  4.375E-46
  308.0000  4.330E-46
  309.0000  4.286E-46
  310.0000  4.242E-46
  311.0000  4.198E-46
  312.0000  4.155E-46
  313.0000  4.112E-46
  314.0000  4.070E-46
  315.0000  4.028E-46
  316.0000  3.986E-46
  317.0000  3.945E-46
  318.0000  3.905E-46
  319.0000  3.864E-46
  320.0000  3.824E-46
  321.0000  3.785E-46
  322.0000  3.746E-46
  323.0000  3.707E-46
  324.0000  3.668E-46
  325.0000  3.630E-46
  326.0000  3.593E-46
  327.0000  3.555E-46
  328.0000  3.518E-46
  329.0000  3.482E-46
  330.0000  3.446E-46
  331.0000  3.410E-46
  332.0000  3.374E-46
  333.0000  3.339E-46
  334.0000  3.304E-46
  335.0000  3.270E-46
  336.0000  3.236E-46
  337.0000  3.202E-46
  338.0000  3.168E-46
  339.0000  3.135E-46
  340.0000  3.102E-46
  341.0000  3.070E-46
  342.0000  3.038E-46
  343.0000  3.006E-46
  344.0000  2.974E-46
  345.0000  2.943E-46
  346.0000  2.912E-46
  347.0000  2.882E-46
  348.0000  2.851E-46
  349.0000  2.821E-46
  350.0000  2.792E-46
  351.0000  2.762E-46
  352.0000  2.733E-46
  353.0000  2.704E-46
  354.0000  2.676E-46
  355.0000  2.647E-46
  356.0000  2.619E-46
  357.0000  2.592E-46
  358.0000  2.564E-46
  359.0000  2.537E-46
  360.0000  2.510E-46
  361.0000  2.484E-46
  362.0000  2.457E-46
  363.0000  2.431E-46
  364.0000  2.405E-46
  365.0000  2.380E-46
  366.0000  2.354E-46
  367.0000  2.329E-46
  368.0000  2.304E-46
  369.0000  2.280E-46
  370.0000  2.255E-46
  371.0000  2.231E-46
  372.0000  2.208E-46
  373.0000  2.184E-46
  374.0000  2.161E-46
  375.0000  2.137E-46
  376.0000  2.115E-46
  377.0000  2.092E-46
  378.0000  2.069E-46
  379.0000  2.047E-46
  380.0000  2.025E-46
  381.0000  2.003E-46
  382.0000  1.982E-46
  383.0000  1.961E-46
  384.0000  1.939E-46
  385.0000  1.919E-46
  386.0000  1.898E-46
  387.0000  1.877E-46
  388.0000  1.857E-46
  389.0000  1.837E-46
  390.0000  1.817E-46
  391.0000  1.798E-46
  392.0000  1.778E-46
  393.0000  1.759E-46
  394.0000  1.740E-46
  395.0000  1.721E-46
  396.0000  1.702E-46
  397.0000  1.684E-46
  398.0000  1.666E-46
  399.0000  1.647E-46
  400.0000  1.629E-46
  401.0000  1.612E-46
  402.0000  1.594E-46
  403.0000  1.577E-46
  404.0000  1.560E-46
  405.0000  1.543E-46
  406.0000  1.526E-46
  407.0000  1.509E-46
  408.0000  1.493E-46
  409.0000  1.476E-46
  410.0000  1.460E-46
  411.0000  1.444E-46
  412.0000  1.428E-46
  413.0000  1.413E-46
  414.0000  1.397E-46
  415.0000  1.382E-46
  416.0000  1.367E-46
  417.0000  1.352E-46
  418.0000  1.337E-46
  419.0000  1.322E-46
  420.0000  1.308E-46
  421.0000  1.293E-46
  422.0000  1.279E-46
  423.0000  1.265E-46
  424.0000  1.251E-46
  425.0000  1.237E-46
  426.0000  1.224E-46
  427.0000  1.210E-46
  428.0000  1.197E-46
  429.0000  1.184E-46
  430.0000  1.171E-46
  431.0000  1.158E-46
  432.0000  1.145E-46
  433.0000  1.132E-46
  434.0000  1.120E-46
  435.0000  1.107E-46
  436.0000  1.095E-46
  437.0000  1.083E-46
  438.0000  1.071E-46
  439.0000  1.059E-46
  440.0000  1.047E-46
  441.0000  1.036E-46
  442.0000  1.024E-46
  443.0000  1.013E-46
  444.0000  1.001E-46
  445.0000  9.903E-47
  446.0000  9.793E-47
  447.0000  9.684E-47
  448.0000  9.576E-47
  449.0000  9.469E-47
  450.0000  9.364E-47
  451.0000  9.260E-47
  452.0000  9.156E-47
  453.0000  9.054E-47
  454.0000  8.953E-47
  455.0000  8.853E-47
  456.0000  8.754E-47
  457.0000  8.657E-47
  458.0000  8.560E-47
  459.0000  8.464E-47
  460.0000  8.370E-47
  461.0000  8.276E-47
  462.0000  8.183E-47
  463.0000  8.092E-47
  464.0000  8.001E-47
  465.0000  7.912E-47
  466.0000  7.823E-47
  467.0000  7.735E-47
  468.0000  7.649E-47
  469.0000  7.563E-47
  470.0000  7.478E-47
  471.0000  7.394E-47
  472.0000  7.311E-47
  473.0000  7.229E-47
  474.0000  7.148E-47
  475.0000  7.067E-47
  476.0000  6.988E-47
  477.0000  6.909E-47
  478.0000  6.832E-47
  479.0000  6.755E-47
  480.0000  6.679E-47
  481.0000  6.604E-47
  482.0000  6.529E-47
  483.0000  6.456E-47
  484.0000  6.383E-47
  485.0000  6.311E-47
  486.0000  6.240E-47
  487.0000  6.170E-47
  488.0000  6.100E-47
  489.0000  6.031E-47
  490.0000  5.963E-47
  491.0000  5.896E-47
  492.0000  5.829E-47
  493.0000  5.764E-47
  494.0000  5.699E-47
  495.0000  5.634E-47
  496.0000  5.571E-47
  497.0000  5.508E-47
  498.0000  5.445E-47
  499.0000  5.384E-47
  500.0000  5.323E-47
  501.0000  5.263E-47
  502.0000  5.203E-47
  503.0000  5.144E-47
  504.0000  5.086E-47
  505.0000  5.028E-47
  506.0000  4.972E-47
  507.0000  4.915E-47
  508.0000  4.860E-47
  509.0000  4.804E-47
  510.0000  4.750E-47
  511.0000  4.696E-47
  512.0000  4.643E-47
  513.0000  4.590E-47
  514.0000  4.538E-47
  515.0000  4.487E-47
  516.0000  4.436E-47
  517.0000  4.386E-47
  518.0000  4.336E-47
  519.0000  4.287E-47
  520.0000  4.238E-47
  521.0000  4.190E-47
  522.0000  4.142E-47
  523.0000  4.095E-47
  524.0000  4.049E-47
  525.0000  4.003E-47
  526.0000  3.957E-47
  527.0000  3.912E-47
  528.0000  3.868E-47
  529.0000  3.824E-47
  530.0000  3.780E-47
  531.0000  3.737E-47
  532.0000  3.695E-47
  533.0000  3.653E-47
  534.0000  3.611E-47
  535.0000  3.570E-47
  536.0000  3.529E-47
  537.0000  3.489E-47
  538.0000  3.450E-47
  539.0000  3.410E-47
  540.0000  3.371E-47
  541.0000  3.333E-47
  542.0000  3.295E-47
  543.0000  3.258E-47
  544.0000  3.220E-47
  545.0000  3.184E-47
  546.0000  3.147E-47
  547.0000  3.112E-47
  548.0000  3.076E-47
  549.0000  3.041E-47
  550.0000  3.006E-47
  551.0000  2.972E-47
  552.0000  2.938E-47
  553.0000  2.905E-47
  554.0000  2.872E-47
  555.0000  2.839E-47
  556.0000  2.806E-47
  557.0000  2.774E-47
  558.0000  2.743E-47
  559.0000  2.711E-47
  560.0000  2.680E-47
  561.0000  2.650E-47
  562.0000  2.620E-47
  563.0000  2.590E-47
  564.0000  2.560E-47
  565.0000  2.531E-47
  566.0000  2.502E-47
  567.0000  2.473E-47
  568.0000  2.445E-47
  569.0000  2.417E-47
  570.0000  2.390E-47
  571.0000  2.362E-47
  572.0000  2.335E-47
  573.0000  2.309E-47
  574.0000  2.282E-47
  575.0000  2.256E-47
  576.0000  2.230E-47
  577.0000  2.205E-47
  578.0000  2.180E-47
  579.0000  2.155E-47
  580.0000  2.130E-47
  581.0000  2.106E-47
  582.0000  2.082E-47
  583.0000  2.058E-47
  584.0000  2.034E-47
  585.0000  2.011E-47
  586.0000  1.988E-47
  587.0000  1.965E-47
  588.0000  1.943E-47
  589.0000  1.921E-47
  590.0000  1.899E-47
  591.0000  1.877E-47
  592.0000  1.855E-47
  593.0000  1.834E-47
  594.0000  1.813E-47
  595.0000  1.792E-47
  596.0000  1.772E-47
  597.0000  1.752E-47
  598.0000  1.732E-47
  599.0000  1.712E-47
  600.0000  1.692E-47
  601.0000  1.673E-47
  602.0000  1.654E-47
  603.0000  1.635E-47
  604.0000  1.616E-47
  605.0000  1.597E-47
  606.0000  1.579E-47
  607.0000  1.561E-47
  608.0000  1.543E-47
  609.0000  1.525E-47
  610.0000  1.508E-47
  611.0000  1.491E-47
  612.0000  1.474E-47
  613.0000  1.457E-47
  614.0000  1.440E-47
  615.0000  1.423E-47
  616.0000  1.407E-47
  617.0000  1.391E-47
  618.0000  1.375E-47
  619.0000  1.359E-47
  620.0000  1.344E-47
  621.0000  1.328E-47
  622.0000  1.313E-47
  623.0000  1.298E-47
  624.0000  1.283E-47
  625.0000  1.268E-47
  626.0000  1.254E-47
  627.0000  1.240E-47
  628.0000  1.225E-47
  629.0000  1.211E-47
  630.0000  1.197E-47
  631.0000  1.184E-47
  632.0000  1.170E-47
  633.0000  1.157E-47
  634.0000  1.143E-47
  635.0000  1.130E-47
  636.0000  1.117E-47
  637.0000  1.104E-47
  638.0000  1.092E-47
  639.0000  1.079E-47
  640.0000  1.067E-47
  641.0000  1.055E-47
  642.0000  1.043E-47
  643.0000  1.031E-47
  644.0000  1.019E-47
  645.0000  1.007E-47
  646.0000  9.955E-48
  647.0000  9.840E-48
  648.0000  9.727E-48
  649.0000  9.616E-48
  650.0000  9.505E-48
  651.0000  9.396E-48
  652.0000  9.288E-48
  653.0000  9.182E-48
  654.0000  9.076E-48
  655.0000  8.972E-48
  656.0000  8.869E-48
  657.0000  8.767E-48
  658.0000  8.667E-48
  659.0000  8.567E-48
  660.0000  8.469E-48
  661.0000  8.371E-48
  662.0000  8.275E-48
  663.0000  8.180E-48
  664.0000  8.086E-48
  665.0000  7.994E-48
  666.0000  7.902E-48
  667.0000  7.811E-48
  668.0000  7.721E-48
  669.0000  7.633E-48
  670.0000  7.545E-48
  671.0000  7.458E-48
  672.0000  7.373E-48
  673.0000  7.288E-48
  674.0000  7.204E-48
  675.0000  7.121E-48
  676.0000  7.040E-48
  677.0000  6.959E-48
  678.0000  6.879E-48
  679.0000  6.800E-48
  680.0000  6.722E-48
  681.0000  6.644E-48
  682.0000  6.568E-48
  683.0000  6.493E-48
  684.0000  6.418E-48
  685.0000  6.344E-48
  686.0000  6.271E-48
  687.0000  6.199E-48
  688.0000  6.128E-48
  689.0000  6.058E-48
  690.0000  5.988E-48
  691.0000  5.919E-48
  692.0000  5.851E-48
  693.0000  5.784E-48
  694.0000  5.717E-48
  695.0000  5.652E-48
  696.0000  5.587E-48
  697.0000  5.523E-48
  698.0000  5.459E-48
  699.0000  5.396E-48
  700.0000  5.334E-48
  701.0000  5.273E-48
  702.0000  5.212E-48
  703.0000  5.153E-48
  704.0000  5.093E-48
  705.0000  5.035E-48
  706.0000  4.977E-48
  707.0000  4.920E-48
  708.0000  4.863E-48
  709.0000  4.807E-48
  710.0000  4.752E-48
  711.0000  4.697E-48
  712.0000  4.643E-48
  713.0000  4.590E-48
  714.0000  4.537E-48
  715.0000  4.485E-48
  716.0000  4.434E-48
  717.0000  4.383E-48
  718.0000  4.332E-48
  719.0000  4.282E-48
  720.0000  4.233E-48
  721.0000  4.184E-48
  722.0000  4.136E-48
  723.0000  4.089E-48
  724.0000  4.042E-48
  725.0000  3.995E-48
  726.0000  3.949E-48
  727.0000  3.904E-48
  728.0000  3.859E-48
  729.0000  3.815E-48
  730.0000  3.771E-48
  731.0000  3.728E-48
  732.0000  3.685E-48
  733.0000  3.642E-48
  734.0000  3.600E-48
  735.0000  3.559E-48
  736.0000  3.518E-48
  737.0000  3.478E-48
  738.0000  3.438E-48
  739.0000  3.398E-48
  740.0000  3.359E-48
  741.0000  3.320E-48
  742.0000  3.282E-48
  743.0000  3.245E-48
  744.0000  3.207E-48
  745.0000  3.170E-48
  746.0000  3.134E-48
  747.0000  3.098E-48
  748.0000  3.062E-48
  749.0000  3.027E-48
  750.0000  2.992E-48
  751.0000  2.958E-48
  752.0000  2.924E-48
  753.0000  2.890E-48
  754.0000  2.857E-48
  755.0000  2.824E-48
  756.0000  2.792E-48
  757.0000  2.759E-48
  758.0000  2.728E-48
  759.0000  2.696E-48
  760.0000  2.665E-48
  761.0000  2.635E-48
  762.0000  2.604E-48
  763.0000  2.574E-48
  764.0000  2.545E-48
  765.0000  2.516E-48
  766.0000  2.487E-48
  767.0000  2.458E-48
  768.0000  2.430E-48
  769.0000  2.402E-48
  770.0000  2.374E-48
  771.0000  2.347E-48
  772.0000  2.320E-48
  773.0000  2.293E-48
  774.0000  2.267E-48
  775.0000  2.241E-48
  776.0000  2.215E-48
  777.0000  2.190E-48
  778.0000  2.164E-48
  779.0000  2.140E-48
  780.0000  2.115E-48
  781.0000  2.091E-48
  782.0000  2.067E-48
  783.0000  2.043E-48
  784.0000  2.019E-48
  785.0000  1.996E-48
  786.0000  1.973E-48
  787.0000  1.950E-48
  788.0000  1.928E-48
  789.0000  1.906E-48
  790.0000  1.884E-48
  791.0000  1.862E-48
  792.0000  1.841E-48
  793.0000  1.820E-48
  794.0000  1.799E-48
  795.0000  1.778E-48
  796.0000  1.758E-48
  797.0000  1.737E-48
  798.0000  1.717E-48
  799.0000  1.698E-48
  800.0000  1.678E-48
  801.0000  1.659E-48
  802.0000  1.640E-48
  803.0000  1.621E-48
  804.0000  1.602E-48
  805.0000  1.584E-48
  806.0000  1.566E-48
  807.0000  1.548E-48
  808.0000  1.530E-48
  809.0000  1.512E-48
  810.0000  1.495E-48
  811.0000  1.478E-48
  812.0000  1.461E-48
  813.0000  1.444E-48
  814.0000  1.427E-48
  815.0000  1.411E-48
  816.0000  1.395E-48
  817.0000  1.379E-48
  818.0000  1.363E-48
  819.0000  1.347E-48
  820.0000  1.332E-48
  821.0000  1.316E-48
  822.0000  1.301E-48
  823.0000  1.286E-48
  824.0000  1.271E-48
  825.0000  1.257E-48
  826.0000  1.242E-48
  827.0000  1.228E-48
  828.0000  1.214E-48
  829.0000  1.200E-48
  830.0000  1.186E-48
  831.0000  1.173E-48
  832.0000  1.159E-48
  833.0000  1.146E-48
  834.0000  1.133E-48
  835.0000  1.120E-48
  836.0000  1.107E-48
  837.0000  1.094E-48
  838.0000  1.081E-48
  839.0000  1.069E-48
  840.0000  1.057E-48
  841.0000  1.044E-48
  842.0000  1.032E-48
  843.0000  1.021E-48
  844.0000  1.009E-48
  845.0000  9.973E-49
  846.0000  9.858E-49
  847.0000  9.745E-49
  848.0000  9.633E-49
  849.0000  9.522E-49
  850.0000  9.412E-49
  851.0000  9.304E-49
  852.0000  9.197E-49
  853.0000  9.092E-49
  854.0000  8.987E-49
  855.0000  8.884E-49
  856.0000  8.782E-49
  857.0000  8.681E-49
  858.0000  8.581E-49
  859.0000  8.482E-49
  860.0000  8.385E-49
  861.0000  8.288E-49
  862.0000  8.193E-49
  863.0000  8.099E-49
  864.0000  8.006E-49
  865.0000  7.914E-49
  866.0000  7.823E-49
  867.0000  7.733E-49
  868.0000  7.644E-49
  869.0000  7.556E-49
  870.0000  7.469E-49
  871.0000  7.383E-49
  872.0000  7.299E-49
  873.0000  7.215E-49
  874.0000  7.132E-49
  875.0000  7.050E-49
  876.0000  6.969E-49
  877.0000  6.889E-49
  878.0000  6.810E-49
  879.0000  6.731E-49
  880.0000  6.654E-49
  881.0000  6.577E-49
  882.0000  6.502E-49
  883.0000  6.427E-49
  884.0000  6.353E-49
  885.0000  6.280E-49
  886.0000  6.208E-49
  887.0000  6.137E-49
  888.0000  6.066E-49
  889.0000  5.996E-49
  890.0000  5.928E-49
  891.0000  5.859E-49
  892.0000  5.792E-49
  893.0000  5.726E-49
  894.0000  5.660E-49
  895.0000  5.595E-49
  896.0000  5.530E-49
  897.0000  5.467E-49
  898.0000  5.404E-49
  899.0000  5.342E-49
  900.0000  5.281E-49
  901.0000  5.220E-49
  902.0000  5.160E-49
  903.0000  5.101E-49
  904.0000  5.042E-49
  905.0000  4.984E-49
  906.0000  4.927E-49
  907.0000  4.870E-49
  908.0000  4.814E-49
  909.0000  4.759E-49
  910.0000  4.704E-49
  911.0000  4.650E-49
  912.0000  4.597E-49
  913.0000  4.544E-49
  914.0000  4.492E-49
  915.0000  4.440E-49
  916.0000  4.389E-49
  917.0000  4.339E-49
  918.0000  4.289E-49
  919.0000  4.240E-49
  920.0000  4.191E-49
  921.0000  4.143E-49
  922.0000  4.095E-49
  923.0000  4.048E-49
  924.0000  4.002E-49
  925.0000  3.956E-49
  926.0000  3.910E-49
  927.0000  3.865E-49
  928.0000  3.821E-49
  929.0000  3.777E-49
  930.0000  3.733E-49
  931.0000  3.691E-49
  932.0000  3.648E-49
  933.0000  3.606E-49
  934.0000  3.565E-49
  935.0000  3.524E-49
  936.0000  3.483E-49
  937.0000  3.443E-49
  938.0000  3.404E-49
  939.0000  3.365E-49
  940.0000  3.326E-49
  941.0000  3.288E-49
  942.0000  3.250E-49
  943.0000  3.213E-49
  944.0000  3.176E-49
  945.0000  3.139E-49
  946.0000  3.103E-49
  947.0000  3.067E-49
  948.0000  3.032E-49
  949.0000  2.997E-49
  950.0000  2.963E-49
  951.0000  2.929E-49
  952.0000  2.895E-49
  953.0000  2.862E-49
  954.0000  2.829E-49
  955.0000  2.796E-49
  956.0000  2.764E-49
  957.0000  2.732E-49
  958.0000  2.701E-49
  959.0000  2.670E-49
  960.0000  2.639E-49
  961.0000  2.609E-49
  962.0000  2.579E-49
  963.0000  2.549E-49
  964.0000  2.520E-49
  965.0000  2.491E-49
  966.0000  2.462E-49
  967.0000  2.434E-49
  968.0000  2.406E-49
  969.0000  2.378E-49
  970.0000  2.350E-49
  971.0000  2.323E-49
  972.0000  2.297E-49
  973.0000  2.270E-49
  974.0000  2.244E-49
  975.0000  2.218E-49
  976.0000  2.192E-49
  977.0000  2.167E-49
  978.0000  2.142E-49
  979.0000  2.117E-49
  980.0000  2.093E-49
  981.0000  2.069E-49
  982.0000  2.045E-49
  983.0000  2.021E-49
  984.0000  1.998E-49
  985.0000  1.975E-49
  986.0000  1.952E-49
  987.0000  1.929E-49
  988.0000  1.907E-49
  989.0000  1.885E-49
  990.0000  1.863E-49
  991.0000  1.841E-49
  992.0000  1.820E-49
  993.0000  1.799E-49
  994.0000  1.778E-49
  995.0000  1.757E-49
  996.0000  1.737E-49
  997.0000  1.717E-49
  998.0000  1.697E-49
  999.0000  1.677E-49
 1000.0000  1.658E-49
             CH4-He   1.000000 1000.0000   1000 64.773 1.646e-45 -.999          Model line shapes 25
    1.0000  4.914E-49
    2.0000  1.964E-48
    3.0000  4.410E-48
    4.0000  7.822E-48
    5.0000  1.218E-47
    6.0000  1.748E-47
    7.0000  2.369E-47
    8.0000  3.079E-47
    9.0000  3.875E-47
   10.0000  4.755E-47
   11.0000  5.715E-47
   12.0000  6.753E-47
   13.0000  7.864E-47
   14.0000  9.047E-47
   15.0000  1.030E-46
   16.0000  1.161E-46
   17.0000  1.298E-46
   18.0000  1.441E-46
   19.0000  1.590E-46
   20.0000  1.744E-46
   21.0000  1.902E-46
   22.0000  2.064E-46
   23.0000  2.231E-46
   24.0000  2.402E-46
   25.0000  2.576E-46
   26.0000  2.754E-46
   27.0000  2.934E-46
   28.0000  3.118E-46
   29.0000  3.304E-46
   30.0000  3.492E-46
   31.0000  3.682E-46
   32.0000  3.875E-46
   33.0000  4.069E-46
   34.0000  4.264E-46
   35.0000  4.461E-46
   36.0000  4.659E-46
   37.0000  4.858E-46
   38.0000  5.058E-46
   39.0000  5.258E-46
   40.0000  5.458E-46
   41.0000  5.659E-46
   42.0000  5.860E-46
   43.0000  6.061E-46
   44.0000  6.262E-46
   45.0000  6.462E-46
   46.0000  6.661E-46
   47.0000  6.860E-46
   48.0000  7.058E-46
   49.0000  7.255E-46
   50.0000  7.451E-46
   51.0000  7.646E-46
   52.0000  7.839E-46
   53.0000  8.031E-46
   54.0000  8.221E-46
   55.0000  8.410E-46
   56.0000  8.596E-46
   57.0000  8.781E-46
   58.0000  8.963E-46
   59.0000  9.144E-46
   60.0000  9.322E-46
   61.0000  9.497E-46
   62.0000  9.671E-46
   63.0000  9.841E-46
   64.0000  1.001E-45
   65.0000  1.017E-45
   66.0000  1.034E-45
   67.0000  1.050E-45
   68.0000  1.065E-45
   69.0000  1.081E-45
   70.0000  1.096E-45
   71.0000  1.111E-45
   72.0000  1.126E-45
   73.0000  1.140E-45
   74.0000  1.154E-45
   75.0000  1.168E-45
   76.0000  1.181E-45
   77.0000  1.194E-45
   78.0000  1.207E-45
   79.0000  1.220E-45
   80.0000  1.233E-45
   81.0000  1.245E-45
   82.0000  1.257E-45
   83.0000  1.269E-45
   84.0000  1.281E-45
   85.0000  1.292E-45
   86.0000  1.303E-45
   87.0000  1.314E-45
   88.0000  1.325E-45
   89.0000  1.336E-45
   90.0000  1.346E-45
   91.0000  1.356E-45
   92.0000  1.366E-45
   93.0000  1.376E-45
   94.0000  1.386E-45
   95.0000  1.395E-45
   96.0000  1.404E-45
   97.0000  1.413E-45
   98.0000  1.422E-45
   99.0000  1.431E-45
  100.0000  1.439E-45
  101.0000  1.447E-45
  102.0000  1.455E-45
  103.0000  1.463E-45
  104.0000  1.471E-45
  105.0000  1.479E-45
  106.0000  1.486E-45
  107.0000  1.493E-45
  108.0000  1.500E-45
  109.0000  1.507E-45
  110.0000  1.514E-45
  111.0000  1.520E-45
  112.0000  1.527E-45
  113.0000  1.533E-45
  114.0000  1.539E-45
  115.0000  1.545E-45
  116.0000  1.551E-45
  117.0000  1.557E-45
  118.0000  1.562E-45
  119.0000  1.567E-45
  120.0000  1.573E-45
  121.0000  1.577E-45
  122.0000  1.582E-45
  123.0000  1.587E-45
  124.0000  1.591E-45
  125.0000  1.595E-45
  126.0000  1.599E-45
  127.0000  1.602E-45
  128.0000  1.606E-45
  129.0000  1.609E-45
  130.0000  1.612E-45
  131.0000  1.615E-45
  132.0000  1.618E-45
  133.0000  1.620E-45
  134.0000  1.622E-45
  135.0000  1.625E-45
  136.0000  1.627E-45
  137.0000  1.629E-45
  138.0000  1.630E-45
  139.0000  1.632E-45
  140.0000  1.634E-45
  141.0000  1.635E-45
  142.0000  1.637E-45
  143.0000  1.638E-45
  144.0000  1.639E-45
  145.0000  1.641E-45
  146.0000  1.642E-45
  147.0000  1.643E-45
  148.0000  1.643E-45
  149.0000  1.644E-45
  150.0000  1.645E-45
  151.0000  1.645E-45
  152.0000  1.646E-45
  153.0000  1.646E-45
  154.0000  1.645E-45
  155.0000  1.645E-45
  156.0000  1.645E-45
  157.0000  1.644E-45
  158.0000  1.642E-45
  159.0000  1.641E-45
  160.0000  1.639E-45
  161.0000  1.637E-45
  162.0000  1.635E-45
  163.0000  1.632E-45
  164.0000  1.629E-45
  165.0000  1.626E-45
  166.0000  1.623E-45
  167.0000  1.619E-45
  168.0000  1.615E-45
  169.0000  1.611E-45
  170.0000  1.607E-45
  171.0000  1.602E-45
  172.0000  1.597E-45
  173.0000  1.592E-45
  174.0000  1.587E-45
  175.0000  1.582E-45
  176.0000  1.577E-45
  177.0000  1.571E-45
  178.0000  1.565E-45
  179.0000  1.560E-45
  180.0000  1.554E-45
  181.0000  1.548E-45
  182.0000  1.542E-45
  183.0000  1.536E-45
  184.0000  1.529E-45
  185.0000  1.523E-45
  186.0000  1.516E-45
  187.0000  1.510E-45
  188.0000  1.503E-45
  189.0000  1.496E-45
  190.0000  1.488E-45
  191.0000  1.481E-45
  192.0000  1.474E-45
  193.0000  1.466E-45
  194.0000  1.458E-45
  195.0000  1.450E-45
  196.0000  1.442E-45
  197.0000  1.434E-45
  198.0000  1.426E-45
  199.0000  1.418E-45
  200.0000  1.409E-45
  201.0000  1.401E-45
  202.0000  1.392E-45
  203.0000  1.383E-45
  204.0000  1.375E-45
  205.0000  1.366E-45
  206.0000  1.357E-45
  207.0000  1.348E-45
  208.0000  1.339E-45
  209.0000  1.330E-45
  210.0000  1.321E-45
  211.0000  1.313E-45
  212.0000  1.304E-45
  213.0000  1.295E-45
  214.0000  1.286E-45
  215.0000  1.277E-45
  216.0000  1.268E-45
  217.0000  1.259E-45
  218.0000  1.250E-45
  219.0000  1.241E-45
  220.0000  1.232E-45
  221.0000  1.224E-45
  222.0000  1.215E-45
  223.0000  1.206E-45
  224.0000  1.197E-45
  225.0000  1.188E-45
  226.0000  1.179E-45
  227.0000  1.170E-45
  228.0000  1.162E-45
  229.0000  1.153E-45
  230.0000  1.144E-45
  231.0000  1.135E-45
  232.0000  1.126E-45
  233.0000  1.118E-45
  234.0000  1.109E-45
  235.0000  1.100E-45
  236.0000  1.092E-45
  237.0000  1.083E-45
  238.0000  1.075E-45
  239.0000  1.066E-45
  240.0000  1.058E-45
  241.0000  1.049E-45
  242.0000  1.041E-45
  243.0000  1.033E-45
  244.0000  1.025E-45
  245.0000  1.016E-45
  246.0000  1.008E-45
  247.0000  1.000E-45
  248.0000  9.920E-46
  249.0000  9.839E-46
  250.0000  9.759E-46
  251.0000  9.679E-46
  252.0000  9.599E-46
  253.0000  9.520E-46
  254.0000  9.440E-46
  255.0000  9.362E-46
  256.0000  9.283E-46
  257.0000  9.204E-46
  258.0000  9.126E-46
  259.0000  9.048E-46
  260.0000  8.971E-46
  261.0000  8.893E-46
  262.0000  8.816E-46
  263.0000  8.740E-46
  264.0000  8.663E-46
  265.0000  8.587E-46
  266.0000  8.512E-46
  267.0000  8.436E-46
  268.0000  8.362E-46
  269.0000  8.287E-46
  270.0000  8.213E-46
  271.0000  8.140E-46
  272.0000  8.067E-46
  273.0000  7.994E-46
  274.0000  7.922E-46
  275.0000  7.850E-46
  276.0000  7.779E-46
  277.0000  7.709E-46
  278.0000  7.639E-46
  279.0000  7.569E-46
  280.0000  7.500E-46
  281.0000  7.431E-46
  282.0000  7.363E-46
  283.0000  7.296E-46
  284.0000  7.228E-46
  285.0000  7.162E-46
  286.0000  7.095E-46
  287.0000  7.030E-46
  288.0000  6.965E-46
  289.0000  6.900E-46
  290.0000  6.836E-46
  291.0000  6.772E-46
  292.0000  6.708E-46
  293.0000  6.646E-46
  294.0000  6.583E-46
  295.0000  6.521E-46
  296.0000  6.460E-46
  297.0000  6.399E-46
  298.0000  6.339E-46
  299.0000  6.279E-46
  300.0000  6.220E-46
  301.0000  6.161E-46
  302.0000  6.102E-46
  303.0000  6.044E-46
  304.0000  5.987E-46
  305.0000  5.930E-46
  306.0000  5.874E-46
  307.0000  5.818E-46
  308.0000  5.762E-46
  309.0000  5.707E-46
  310.0000  5.653E-46
  311.0000  5.599E-46
  312.0000  5.545E-46
  313.0000  5.492E-46
  314.0000  5.440E-46
  315.0000  5.387E-46
  316.0000  5.336E-46
  317.0000  5.285E-46
  318.0000  5.234E-46
  319.0000  5.183E-46
  320.0000  5.134E-46
  321.0000  5.084E-46
  322.0000  5.035E-46
  323.0000  4.986E-46
  324.0000  4.938E-46
  325.0000  4.891E-46
  326.0000  4.843E-46
  327.0000  4.796E-46
  328.0000  4.750E-46
  329.0000  4.704E-46
  330.0000  4.658E-46
  331.0000  4.613E-46
  332.0000  4.568E-46
  333.0000  4.524E-46
  334.0000  4.480E-46
  335.0000  4.436E-46
  336.0000  4.393E-46
  337.0000  4.350E-46
  338.0000  4.308E-46
  339.0000  4.266E-46
  340.0000  4.224E-46
  341.0000  4.183E-46
  342.0000  4.142E-46
  343.0000  4.102E-46
  344.0000  4.062E-46
  345.0000  4.022E-46
  346.0000  3.983E-46
  347.0000  3.944E-46
  348.0000  3.905E-46
  349.0000  3.867E-46
  350.0000  3.829E-46
  351.0000  3.791E-46
  352.0000  3.754E-46
  353.0000  3.717E-46
  354.0000  3.680E-46
  355.0000  3.644E-46
  356.0000  3.608E-46
  357.0000  3.572E-46
  358.0000  3.537E-46
  359.0000  3.502E-46
  360.0000  3.468E-46
  361.0000  3.433E-46
  362.0000  3.399E-46
  363.0000  3.366E-46
  364.0000  3.332E-46
  365.0000  3.299E-46
  366.0000  3.267E-46
  367.0000  3.234E-46
  368.0000  3.202E-46
  369.0000  3.170E-46
  370.0000  3.139E-46
  371.0000  3.108E-46
  372.0000  3.077E-46
  373.0000  3.046E-46
  374.0000  3.016E-46
  375.0000  2.986E-46
  376.0000  2.956E-46
  377.0000  2.926E-46
  378.0000  2.897E-46
  379.0000  2.868E-46
  380.0000  2.839E-46
  381.0000  2.811E-46
  382.0000  2.783E-46
  383.0000  2.755E-46
  384.0000  2.727E-46
  385.0000  2.700E-46
  386.0000  2.673E-46
  387.0000  2.646E-46
  388.0000  2.619E-46
  389.0000  2.593E-46
  390.0000  2.567E-46
  391.0000  2.541E-46
  392.0000  2.516E-46
  393.0000  2.490E-46
  394.0000  2.465E-46
  395.0000  2.440E-46
  396.0000  2.415E-46
  397.0000  2.391E-46
  398.0000  2.367E-46
  399.0000  2.343E-46
  400.0000  2.319E-46
  401.0000  2.296E-46
  402.0000  2.272E-46
  403.0000  2.249E-46
  404.0000  2.227E-46
  405.0000  2.204E-46
  406.0000  2.182E-46
  407.0000  2.159E-46
  408.0000  2.137E-46
  409.0000  2.116E-46
  410.0000  2.094E-46
  411.0000  2.073E-46
  412.0000  2.052E-46
  413.0000  2.031E-46
  414.0000  2.010E-46
  415.0000  1.989E-46
  416.0000  1.969E-46
  417.0000  1.949E-46
  418.0000  1.929E-46
  419.0000  1.909E-46
  420.0000  1.890E-46
  421.0000  1.870E-46
  422.0000  1.851E-46
  423.0000  1.832E-46
  424.0000  1.813E-46
  425.0000  1.795E-46
  426.0000  1.776E-46
  427.0000  1.758E-46
  428.0000  1.740E-46
  429.0000  1.722E-46
  430.0000  1.704E-46
  431.0000  1.687E-46
  432.0000  1.669E-46
  433.0000  1.652E-46
  434.0000  1.635E-46
  435.0000  1.618E-46
  436.0000  1.601E-46
  437.0000  1.585E-46
  438.0000  1.568E-46
  439.0000  1.552E-46
  440.0000  1.536E-46
  441.0000  1.520E-46
  442.0000  1.504E-46
  443.0000  1.489E-46
  444.0000  1.473E-46
  445.0000  1.458E-46
  446.0000  1.443E-46
  447.0000  1.428E-46
  448.0000  1.413E-46
  449.0000  1.398E-46
  450.0000  1.384E-46
  451.0000  1.369E-46
  452.0000  1.355E-46
  453.0000  1.341E-46
  454.0000  1.327E-46
  455.0000  1.313E-46
  456.0000  1.299E-46
  457.0000  1.286E-46
  458.0000  1.272E-46
  459.0000  1.259E-46
  460.0000  1.246E-46
  461.0000  1.233E-46
  462.0000  1.220E-46
  463.0000  1.207E-46
  464.0000  1.195E-46
  465.0000  1.182E-46
  466.0000  1.170E-46
  467.0000  1.157E-46
  468.0000  1.145E-46
  469.0000  1.133E-46
  470.0000  1.121E-46
  471.0000  1.110E-46
  472.0000  1.098E-46
  473.0000  1.086E-46
  474.0000  1.075E-46
  475.0000  1.064E-46
  476.0000  1.052E-46
  477.0000  1.041E-46
  478.0000  1.030E-46
  479.0000  1.019E-46
  480.0000  1.009E-46
  481.0000  9.980E-47
  482.0000  9.875E-47
  483.0000  9.771E-47
  484.0000  9.668E-47
  485.0000  9.565E-47
  486.0000  9.464E-47
  487.0000  9.364E-47
  488.0000  9.265E-47
  489.0000  9.167E-47
  490.0000  9.070E-47
  491.0000  8.974E-47
  492.0000  8.879E-47
  493.0000  8.785E-47
  494.0000  8.692E-47
  495.0000  8.599E-47
  496.0000  8.508E-47
  497.0000  8.418E-47
  498.0000  8.328E-47
  499.0000  8.240E-47
  500.0000  8.152E-47
  501.0000  8.066E-47
  502.0000  7.980E-47
  503.0000  7.895E-47
  504.0000  7.811E-47
  505.0000  7.728E-47
  506.0000  7.646E-47
  507.0000  7.564E-47
  508.0000  7.484E-47
  509.0000  7.404E-47
  510.0000  7.325E-47
  511.0000  7.247E-47
  512.0000  7.170E-47
  513.0000  7.093E-47
  514.0000  7.018E-47
  515.0000  6.943E-47
  516.0000  6.869E-47
  517.0000  6.795E-47
  518.0000  6.723E-47
  519.0000  6.651E-47
  520.0000  6.580E-47
  521.0000  6.509E-47
  522.0000  6.440E-47
  523.0000  6.371E-47
  524.0000  6.303E-47
  525.0000  6.235E-47
  526.0000  6.169E-47
  527.0000  6.103E-47
  528.0000  6.037E-47
  529.0000  5.973E-47
  530.0000  5.909E-47
  531.0000  5.845E-47
  532.0000  5.783E-47
  533.0000  5.721E-47
  534.0000  5.659E-47
  535.0000  5.599E-47
  536.0000  5.538E-47
  537.0000  5.479E-47
  538.0000  5.420E-47
  539.0000  5.362E-47
  540.0000  5.304E-47
  541.0000  5.247E-47
  542.0000  5.191E-47
  543.0000  5.135E-47
  544.0000  5.080E-47
  545.0000  5.025E-47
  546.0000  4.971E-47
  547.0000  4.918E-47
  548.0000  4.865E-47
  549.0000  4.813E-47
  550.0000  4.761E-47
  551.0000  4.710E-47
  552.0000  4.659E-47
  553.0000  4.609E-47
  554.0000  4.559E-47
  555.0000  4.510E-47
  556.0000  4.461E-47
  557.0000  4.413E-47
  558.0000  4.366E-47
  559.0000  4.319E-47
  560.0000  4.272E-47
  561.0000  4.226E-47
  562.0000  4.181E-47
  563.0000  4.135E-47
  564.0000  4.091E-47
  565.0000  4.047E-47
  566.0000  4.003E-47
  567.0000  3.960E-47
  568.0000  3.917E-47
  569.0000  3.875E-47
  570.0000  3.833E-47
  571.0000  3.792E-47
  572.0000  3.751E-47
  573.0000  3.710E-47
  574.0000  3.670E-47
  575.0000  3.630E-47
  576.0000  3.591E-47
  577.0000  3.552E-47
  578.0000  3.514E-47
  579.0000  3.476E-47
  580.0000  3.438E-47
  581.0000  3.401E-47
  582.0000  3.364E-47
  583.0000  3.328E-47
  584.0000  3.292E-47
  585.0000  3.256E-47
  586.0000  3.221E-47
  587.0000  3.186E-47
  588.0000  3.152E-47
  589.0000  3.117E-47
  590.0000  3.084E-47
  591.0000  3.050E-47
  592.0000  3.017E-47
  593.0000  2.985E-47
  594.0000  2.952E-47
  595.0000  2.920E-47
  596.0000  2.889E-47
  597.0000  2.857E-47
  598.0000  2.826E-47
  599.0000  2.796E-47
  600.0000  2.765E-47
  601.0000  2.735E-47
  602.0000  2.706E-47
  603.0000  2.676E-47
  604.0000  2.647E-47
  605.0000  2.619E-47
  606.0000  2.590E-47
  607.0000  2.562E-47
  608.0000  2.534E-47
  609.0000  2.507E-47
  610.0000  2.480E-47
  611.0000  2.453E-47
  612.0000  2.426E-47
  613.0000  2.400E-47
  614.0000  2.374E-47
  615.0000  2.348E-47
  616.0000  2.322E-47
  617.0000  2.297E-47
  618.0000  2.272E-47
  619.0000  2.248E-47
  620.0000  2.223E-47
  621.0000  2.199E-47
  622.0000  2.175E-47
  623.0000  2.151E-47
  624.0000  2.128E-47
  625.0000  2.105E-47
  626.0000  2.082E-47
  627.0000  2.059E-47
  628.0000  2.037E-47
  629.0000  2.015E-47
  630.0000  1.993E-47
  631.0000  1.971E-47
  632.0000  1.950E-47
  633.0000  1.929E-47
  634.0000  1.908E-47
  635.0000  1.887E-47
  636.0000  1.866E-47
  637.0000  1.846E-47
  638.0000  1.826E-47
  639.0000  1.806E-47
  640.0000  1.787E-47
  641.0000  1.767E-47
  642.0000  1.748E-47
  643.0000  1.729E-47
  644.0000  1.710E-47
  645.0000  1.691E-47
  646.0000  1.673E-47
  647.0000  1.655E-47
  648.0000  1.637E-47
  649.0000  1.619E-47
  650.0000  1.601E-47
  651.0000  1.584E-47
  652.0000  1.567E-47
  653.0000  1.550E-47
  654.0000  1.533E-47
  655.0000  1.516E-47
  656.0000  1.499E-47
  657.0000  1.483E-47
  658.0000  1.467E-47
  659.0000  1.451E-47
  660.0000  1.435E-47
  661.0000  1.420E-47
  662.0000  1.404E-47
  663.0000  1.389E-47
  664.0000  1.374E-47
  665.0000  1.359E-47
  666.0000  1.344E-47
  667.0000  1.329E-47
  668.0000  1.315E-47
  669.0000  1.300E-47
  670.0000  1.286E-47
  671.0000  1.272E-47
  672.0000  1.258E-47
  673.0000  1.245E-47
  674.0000  1.231E-47
  675.0000  1.218E-47
  676.0000  1.204E-47
  677.0000  1.191E-47
  678.0000  1.178E-47
  679.0000  1.165E-47
  680.0000  1.153E-47
  681.0000  1.140E-47
  682.0000  1.128E-47
  683.0000  1.115E-47
  684.0000  1.103E-47
  685.0000  1.091E-47
  686.0000  1.079E-47
  687.0000  1.068E-47
  688.0000  1.056E-47
  689.0000  1.044E-47
  690.0000  1.033E-47
  691.0000  1.022E-47
  692.0000  1.011E-47
  693.0000  9.995E-48
  694.0000  9.886E-48
  695.0000  9.778E-48
  696.0000  9.672E-48
  697.0000  9.566E-48
  698.0000  9.462E-48
  699.0000  9.358E-48
  700.0000  9.256E-48
  701.0000  9.155E-48
  702.0000  9.055E-48
  703.0000  8.956E-48
  704.0000  8.859E-48
  705.0000  8.762E-48
  706.0000  8.666E-48
  707.0000  8.572E-48
  708.0000  8.478E-48
  709.0000  8.386E-48
  710.0000  8.294E-48
  711.0000  8.204E-48
  712.0000  8.114E-48
  713.0000  8.025E-48
  714.0000  7.938E-48
  715.0000  7.851E-48
  716.0000  7.765E-48
  717.0000  7.681E-48
  718.0000  7.597E-48
  719.0000  7.514E-48
  720.0000  7.432E-48
  721.0000  7.351E-48
  722.0000  7.270E-48
  723.0000  7.191E-48
  724.0000  7.112E-48
  725.0000  7.035E-48
  726.0000  6.958E-48
  727.0000  6.882E-48
  728.0000  6.807E-48
  729.0000  6.732E-48
  730.0000  6.659E-48
  731.0000  6.586E-48
  732.0000  6.514E-48
  733.0000  6.443E-48
  734.0000  6.373E-48
  735.0000  6.303E-48
  736.0000  6.234E-48
  737.0000  6.166E-48
  738.0000  6.099E-48
  739.0000  6.032E-48
  740.0000  5.966E-48
  741.0000  5.901E-48
  742.0000  5.836E-48
  743.0000  5.773E-48
  744.0000  5.710E-48
  745.0000  5.647E-48
  746.0000  5.586E-48
  747.0000  5.524E-48
  748.0000  5.464E-48
  749.0000  5.404E-48
  750.0000  5.345E-48
  751.0000  5.287E-48
  752.0000  5.229E-48
  753.0000  5.172E-48
  754.0000  5.115E-48
  755.0000  5.060E-48
  756.0000  5.004E-48
  757.0000  4.950E-48
  758.0000  4.896E-48
  759.0000  4.842E-48
  760.0000  4.789E-48
  761.0000  4.737E-48
  762.0000  4.685E-48
  763.0000  4.634E-48
  764.0000  4.583E-48
  765.0000  4.533E-48
  766.0000  4.483E-48
  767.0000  4.434E-48
  768.0000  4.386E-48
  769.0000  4.338E-48
  770.0000  4.291E-48
  771.0000  4.244E-48
  772.0000  4.197E-48
  773.0000  4.151E-48
  774.0000  4.106E-48
  775.0000  4.061E-48
  776.0000  4.017E-48
  777.0000  3.973E-48
  778.0000  3.929E-48
  779.0000  3.887E-48
  780.0000  3.844E-48
  781.0000  3.802E-48
  782.0000  3.760E-48
  783.0000  3.719E-48
  784.0000  3.679E-48
  785.0000  3.638E-48
  786.0000  3.599E-48
  787.0000  3.559E-48
  788.0000  3.520E-48
  789.0000  3.482E-48
  790.0000  3.444E-48
  791.0000  3.406E-48
  792.0000  3.369E-48
  793.0000  3.332E-48
  794.0000  3.296E-48
  795.0000  3.260E-48
  796.0000  3.224E-48
  797.0000  3.189E-48
  798.0000  3.154E-48
  799.0000  3.119E-48
  800.0000  3.085E-48
  801.0000  3.052E-48
  802.0000  3.018E-48
  803.0000  2.985E-48
  804.0000  2.953E-48
  805.0000  2.920E-48
  806.0000  2.888E-48
  807.0000  2.857E-48
  808.0000  2.826E-48
  809.0000  2.795E-48
  810.0000  2.764E-48
  811.0000  2.734E-48
  812.0000  2.704E-48
  813.0000  2.674E-48
  814.0000  2.645E-48
  815.0000  2.616E-48
  816.0000  2.588E-48
  817.0000  2.559E-48
  818.0000  2.531E-48
  819.0000  2.504E-48
  820.0000  2.476E-48
  821.0000  2.449E-48
  822.0000  2.422E-48
  823.0000  2.396E-48
  824.0000  2.370E-48
  825.0000  2.344E-48
  826.0000  2.318E-48
  827.0000  2.293E-48
  828.0000  2.268E-48
  829.0000  2.243E-48
  830.0000  2.218E-48
  831.0000  2.194E-48
  832.0000  2.170E-48
  833.0000  2.146E-48
  834.0000  2.123E-48
  835.0000  2.100E-48
  836.0000  2.077E-48
  837.0000  2.054E-48
  838.0000  2.032E-48
  839.0000  2.009E-48
  840.0000  1.987E-48
  841.0000  1.966E-48
  842.0000  1.944E-48
  843.0000  1.923E-48
  844.0000  1.902E-48
  845.0000  1.881E-48
  846.0000  1.861E-48
  847.0000  1.840E-48
  848.0000  1.820E-48
  849.0000  1.800E-48
  850.0000  1.780E-48
  851.0000  1.761E-48
  852.0000  1.742E-48
  853.0000  1.723E-48
  854.0000  1.704E-48
  855.0000  1.685E-48
  856.0000  1.667E-48
  857.0000  1.649E-48
  858.0000  1.631E-48
  859.0000  1.613E-48
  860.0000  1.595E-48
  861.0000  1.578E-48
  862.0000  1.560E-48
  863.0000  1.543E-48
  864.0000  1.526E-48
  865.0000  1.510E-48
  866.0000  1.493E-48
  867.0000  1.477E-48
  868.0000  1.461E-48
  869.0000  1.445E-48
  870.0000  1.429E-48
  871.0000  1.413E-48
  872.0000  1.398E-48
  873.0000  1.383E-48
  874.0000  1.367E-48
  875.0000  1.352E-48
  876.0000  1.338E-48
  877.0000  1.323E-48
  878.0000  1.309E-48
  879.0000  1.294E-48
  880.0000  1.280E-48
  881.0000  1.266E-48
  882.0000  1.252E-48
  883.0000  1.239E-48
  884.0000  1.225E-48
  885.0000  1.212E-48
  886.0000  1.198E-48
  887.0000  1.185E-48
  888.0000  1.172E-48
  889.0000  1.159E-48
  890.0000  1.147E-48
  891.0000  1.134E-48
  892.0000  1.122E-48
  893.0000  1.110E-48
  894.0000  1.097E-48
  895.0000  1.085E-48
  896.0000  1.074E-48
  897.0000  1.062E-48
  898.0000  1.050E-48
  899.0000  1.039E-48
  900.0000  1.027E-48
  901.0000  1.016E-48
  902.0000  1.005E-48
  903.0000  9.940E-49
  904.0000  9.832E-49
  905.0000  9.724E-49
  906.0000  9.618E-49
  907.0000  9.512E-49
  908.0000  9.408E-49
  909.0000  9.305E-49
  910.0000  9.204E-49
  911.0000  9.103E-49
  912.0000  9.003E-49
  913.0000  8.905E-49
  914.0000  8.808E-49
  915.0000  8.711E-49
  916.0000  8.616E-49
  917.0000  8.522E-49
  918.0000  8.428E-49
  919.0000  8.336E-49
  920.0000  8.245E-49
  921.0000  8.155E-49
  922.0000  8.065E-49
  923.0000  7.977E-49
  924.0000  7.890E-49
  925.0000  7.804E-49
  926.0000  7.718E-49
  927.0000  7.634E-49
  928.0000  7.550E-49
  929.0000  7.468E-49
  930.0000  7.386E-49
  931.0000  7.305E-49
  932.0000  7.225E-49
  933.0000  7.146E-49
  934.0000  7.068E-49
  935.0000  6.990E-49
  936.0000  6.914E-49
  937.0000  6.838E-49
  938.0000  6.763E-49
  939.0000  6.689E-49
  940.0000  6.616E-49
  941.0000  6.543E-49
  942.0000  6.472E-49
  943.0000  6.401E-49
  944.0000  6.331E-49
  945.0000  6.261E-49
  946.0000  6.193E-49
  947.0000  6.125E-49
  948.0000  6.058E-49
  949.0000  5.991E-49
  950.0000  5.926E-49
  951.0000  5.861E-49
  952.0000  5.797E-49
  953.0000  5.733E-49
  954.0000  5.670E-49
  955.0000  5.608E-49
  956.0000  5.546E-49
  957.0000  5.486E-49
  958.0000  5.425E-49
  959.0000  5.366E-49
  960.0000  5.307E-49
  961.0000  5.249E-49
  962.0000  5.191E-49
  963.0000  5.134E-49
  964.0000  5.078E-49
  965.0000  5.022E-49
  966.0000  4.967E-49
  967.0000  4.912E-49
  968.0000  4.858E-49
  969.0000  4.805E-49
  970.0000  4.752E-49
  971.0000  4.699E-49
  972.0000  4.648E-49
  973.0000  4.597E-49
  974.0000  4.546E-49
  975.0000  4.496E-49
  976.0000  4.446E-49
  977.0000  4.397E-49
  978.0000  4.349E-49
  979.0000  4.301E-49
  980.0000  4.253E-49
  981.0000  4.206E-49
  982.0000  4.160E-49
  983.0000  4.114E-49
  984.0000  4.069E-49
  985.0000  4.024E-49
  986.0000  3.979E-49
  987.0000  3.935E-49
  988.0000  3.892E-49
  989.0000  3.848E-49
  990.0000  3.806E-49
  991.0000  3.764E-49
  992.0000  3.722E-49
  993.0000  3.681E-49
  994.0000  3.640E-49
  995.0000  3.599E-49
  996.0000  3.559E-49
  997.0000  3.520E-49
  998.0000  3.481E-49
  999.0000  3.442E-49
 1000.0000  3.404E-49
             CH4-He   1.000000 1000.0000   1000 82.425 1.756e-45 -.999          Model line shapes 25
    1.0000  4.149E-49
    2.0000  1.658E-48
    3.0000  3.726E-48
    4.0000  6.613E-48
    5.0000  1.031E-47
    6.0000  1.481E-47
    7.0000  2.009E-47
    8.0000  2.614E-47
    9.0000  3.295E-47
   10.0000  4.050E-47
   11.0000  4.876E-47
   12.0000  5.771E-47
   13.0000  6.734E-47
   14.0000  7.762E-47
   15.0000  8.852E-47
   16.0000  1.000E-46
   17.0000  1.121E-46
   18.0000  1.247E-46
   19.0000  1.379E-46
   20.0000  1.515E-46
   21.0000  1.657E-46
   22.0000  1.803E-46
   23.0000  1.953E-46
   24.0000  2.107E-46
   25.0000  2.264E-46
   26.0000  2.426E-46
   27.0000  2.590E-46
   28.0000  2.758E-46
   29.0000  2.929E-46
   30.0000  3.102E-46
   31.0000  3.278E-46
   32.0000  3.456E-46
   33.0000  3.636E-46
   34.0000  3.818E-46
   35.0000  4.002E-46
   36.0000  4.187E-46
   37.0000  4.373E-46
   38.0000  4.561E-46
   39.0000  4.750E-46
   40.0000  4.939E-46
   41.0000  5.129E-46
   42.0000  5.320E-46
   43.0000  5.511E-46
   44.0000  5.702E-46
   45.0000  5.893E-46
   46.0000  6.084E-46
   47.0000  6.275E-46
   48.0000  6.466E-46
   49.0000  6.656E-46
   50.0000  6.846E-46
   51.0000  7.035E-46
   52.0000  7.223E-46
   53.0000  7.411E-46
   54.0000  7.597E-46
   55.0000  7.782E-46
   56.0000  7.966E-46
   57.0000  8.149E-46
   58.0000  8.330E-46
   59.0000  8.510E-46
   60.0000  8.689E-46
   61.0000  8.865E-46
   62.0000  9.041E-46
   63.0000  9.214E-46
   64.0000  9.386E-46
   65.0000  9.555E-46
   66.0000  9.723E-46
   67.0000  9.889E-46
   68.0000  1.005E-45
   69.0000  1.022E-45
   70.0000  1.038E-45
   71.0000  1.053E-45
   72.0000  1.069E-45
   73.0000  1.084E-45
   74.0000  1.100E-45
   75.0000  1.115E-45
   76.0000  1.129E-45
   77.0000  1.144E-45
   78.0000  1.158E-45
   79.0000  1.173E-45
   80.0000  1.187E-45
   81.0000  1.200E-45
   82.0000  1.214E-45
   83.0000  1.228E-45
   84.0000  1.241E-45
   85.0000  1.254E-45
   86.0000  1.267E-45
   87.0000  1.279E-45
   88.0000  1.292E-45
   89.0000  1.304E-45
   90.0000  1.316E-45
   91.0000  1.328E-45
   92.0000  1.340E-45
   93.0000  1.352E-45
   94.0000  1.363E-45
   95.0000  1.374E-45
   96.0000  1.386E-45
   97.0000  1.397E-45
   98.0000  1.407E-45
   99.0000  1.418E-45
  100.0000  1.428E-45
  101.0000  1.439E-45
  102.0000  1.449E-45
  103.0000  1.459E-45
  104.0000  1.468E-45
  105.0000  1.478E-45
  106.0000  1.488E-45
  107.0000  1.497E-45
  108.0000  1.506E-45
  109.0000  1.515E-45
  110.0000  1.524E-45
  111.0000  1.533E-45
  112.0000  1.541E-45
  113.0000  1.550E-45
  114.0000  1.558E-45
  115.0000  1.566E-45
  116.0000  1.574E-45
  117.0000  1.581E-45
  118.0000  1.589E-45
  119.0000  1.596E-45
  120.0000  1.603E-45
  121.0000  1.610E-45
  122.0000  1.617E-45
  123.0000  1.624E-45
  124.0000  1.630E-45
  125.0000  1.637E-45
  126.0000  1.643E-45
  127.0000  1.649E-45
  128.0000  1.655E-45
  129.0000  1.660E-45
  130.0000  1.666E-45
  131.0000  1.671E-45
  132.0000  1.676E-45
  133.0000  1.681E-45
  134.0000  1.686E-45
  135.0000  1.690E-45
  136.0000  1.695E-45
  137.0000  1.699E-45
  138.0000  1.703E-45
  139.0000  1.707E-45
  140.0000  1.711E-45
  141.0000  1.715E-45
  142.0000  1.719E-45
  143.0000  1.722E-45
  144.0000  1.726E-45
  145.0000  1.729E-45
  146.0000  1.732E-45
  147.0000  1.735E-45
  148.0000  1.737E-45
  149.0000  1.740E-45
  150.0000  1.742E-45
  151.0000  1.745E-45
  152.0000  1.747E-45
  153.0000  1.749E-45
  154.0000  1.750E-45
  155.0000  1.752E-45
  156.0000  1.753E-45
  157.0000  1.754E-45
  158.0000  1.755E-45
  159.0000  1.755E-45
  160.0000  1.756E-45
  161.0000  1.756E-45
  162.0000  1.756E-45
  163.0000  1.756E-45
  164.0000  1.755E-45
  165.0000  1.754E-45
  166.0000  1.753E-45
  167.0000  1.752E-45
  168.0000  1.751E-45
  169.0000  1.749E-45
  170.0000  1.747E-45
  171.0000  1.745E-45
  172.0000  1.743E-45
  173.0000  1.740E-45
  174.0000  1.738E-45
  175.0000  1.735E-45
  176.0000  1.732E-45
  177.0000  1.729E-45
  178.0000  1.726E-45
  179.0000  1.722E-45
  180.0000  1.719E-45
  181.0000  1.715E-45
  182.0000  1.711E-45
  183.0000  1.707E-45
  184.0000  1.703E-45
  185.0000  1.698E-45
  186.0000  1.694E-45
  187.0000  1.689E-45
  188.0000  1.684E-45
  189.0000  1.679E-45
  190.0000  1.674E-45
  191.0000  1.668E-45
  192.0000  1.663E-45
  193.0000  1.657E-45
  194.0000  1.651E-45
  195.0000  1.646E-45
  196.0000  1.639E-45
  197.0000  1.633E-45
  198.0000  1.627E-45
  199.0000  1.620E-45
  200.0000  1.614E-45
  201.0000  1.607E-45
  202.0000  1.600E-45
  203.0000  1.593E-45
  204.0000  1.586E-45
  205.0000  1.579E-45
  206.0000  1.572E-45
  207.0000  1.565E-45
  208.0000  1.558E-45
  209.0000  1.550E-45
  210.0000  1.543E-45
  211.0000  1.536E-45
  212.0000  1.528E-45
  213.0000  1.520E-45
  214.0000  1.513E-45
  215.0000  1.505E-45
  216.0000  1.497E-45
  217.0000  1.490E-45
  218.0000  1.482E-45
  219.0000  1.474E-45
  220.0000  1.466E-45
  221.0000  1.458E-45
  222.0000  1.450E-45
  223.0000  1.443E-45
  224.0000  1.435E-45
  225.0000  1.427E-45
  226.0000  1.419E-45
  227.0000  1.411E-45
  228.0000  1.403E-45
  229.0000  1.394E-45
  230.0000  1.386E-45
  231.0000  1.378E-45
  232.0000  1.370E-45
  233.0000  1.362E-45
  234.0000  1.354E-45
  235.0000  1.346E-45
  236.0000  1.338E-45
  237.0000  1.330E-45
  238.0000  1.322E-45
  239.0000  1.314E-45
  240.0000  1.305E-45
  241.0000  1.297E-45
  242.0000  1.289E-45
  243.0000  1.281E-45
  244.0000  1.273E-45
  245.0000  1.265E-45
  246.0000  1.257E-45
  247.0000  1.249E-45
  248.0000  1.241E-45
  249.0000  1.233E-45
  250.0000  1.225E-45
  251.0000  1.217E-45
  252.0000  1.209E-45
  253.0000  1.201E-45
  254.0000  1.192E-45
  255.0000  1.184E-45
  256.0000  1.176E-45
  257.0000  1.168E-45
  258.0000  1.160E-45
  259.0000  1.152E-45
  260.0000  1.144E-45
  261.0000  1.136E-45
  262.0000  1.128E-45
  263.0000  1.120E-45
  264.0000  1.111E-45
  265.0000  1.103E-45
  266.0000  1.095E-45
  267.0000  1.087E-45
  268.0000  1.079E-45
  269.0000  1.071E-45
  270.0000  1.063E-45
  271.0000  1.055E-45
  272.0000  1.047E-45
  273.0000  1.039E-45
  274.0000  1.031E-45
  275.0000  1.023E-45
  276.0000  1.015E-45
  277.0000  1.007E-45
  278.0000  9.996E-46
  279.0000  9.918E-46
  280.0000  9.840E-46
  281.0000  9.763E-46
  282.0000  9.686E-46
  283.0000  9.609E-46
  284.0000  9.532E-46
  285.0000  9.456E-46
  286.0000  9.380E-46
  287.0000  9.304E-46
  288.0000  9.229E-46
  289.0000  9.154E-46
  290.0000  9.080E-46
  291.0000  9.005E-46
  292.0000  8.932E-46
  293.0000  8.858E-46
  294.0000  8.785E-46
  295.0000  8.712E-46
  296.0000  8.640E-46
  297.0000  8.568E-46
  298.0000  8.496E-46
  299.0000  8.425E-46
  300.0000  8.354E-46
  301.0000  8.284E-46
  302.0000  8.214E-46
  303.0000  8.145E-46
  304.0000  8.076E-46
  305.0000  8.007E-46
  306.0000  7.939E-46
  307.0000  7.871E-46
  308.0000  7.804E-46
  309.0000  7.737E-46
  310.0000  7.671E-46
  311.0000  7.605E-46
  312.0000  7.540E-46
  313.0000  7.475E-46
  314.0000  7.410E-46
  315.0000  7.346E-46
  316.0000  7.282E-46
  317.0000  7.219E-46
  318.0000  7.156E-46
  319.0000  7.094E-46
  320.0000  7.032E-46
  321.0000  6.971E-46
  322.0000  6.910E-46
  323.0000  6.849E-46
  324.0000  6.789E-46
  325.0000  6.730E-46
  326.0000  6.670E-46
  327.0000  6.612E-46
  328.0000  6.553E-46
  329.0000  6.495E-46
  330.0000  6.438E-46
  331.0000  6.381E-46
  332.0000  6.324E-46
  333.0000  6.268E-46
  334.0000  6.213E-46
  335.0000  6.157E-46
  336.0000  6.103E-46
  337.0000  6.048E-46
  338.0000  5.994E-46
  339.0000  5.941E-46
  340.0000  5.888E-46
  341.0000  5.835E-46
  342.0000  5.783E-46
  343.0000  5.731E-46
  344.0000  5.679E-46
  345.0000  5.628E-46
  346.0000  5.578E-46
  347.0000  5.527E-46
  348.0000  5.478E-46
  349.0000  5.428E-46
  350.0000  5.379E-46
  351.0000  5.331E-46
  352.0000  5.282E-46
  353.0000  5.235E-46
  354.0000  5.187E-46
  355.0000  5.140E-46
  356.0000  5.093E-46
  357.0000  5.047E-46
  358.0000  5.001E-46
  359.0000  4.956E-46
  360.0000  4.911E-46
  361.0000  4.866E-46
  362.0000  4.821E-46
  363.0000  4.777E-46
  364.0000  4.734E-46
  365.0000  4.690E-46
  366.0000  4.647E-46
  367.0000  4.605E-46
  368.0000  4.563E-46
  369.0000  4.521E-46
  370.0000  4.479E-46
  371.0000  4.438E-46
  372.0000  4.397E-46
  373.0000  4.357E-46
  374.0000  4.317E-46
  375.0000  4.277E-46
  376.0000  4.237E-46
  377.0000  4.198E-46
  378.0000  4.160E-46
  379.0000  4.121E-46
  380.0000  4.083E-46
  381.0000  4.045E-46
  382.0000  4.008E-46
  383.0000  3.971E-46
  384.0000  3.934E-46
  385.0000  3.897E-46
  386.0000  3.861E-46
  387.0000  3.825E-46
  388.0000  3.790E-46
  389.0000  3.754E-46
  390.0000  3.719E-46
  391.0000  3.685E-46
  392.0000  3.650E-46
  393.0000  3.616E-46
  394.0000  3.583E-46
  395.0000  3.549E-46
  396.0000  3.516E-46
  397.0000  3.483E-46
  398.0000  3.450E-46
  399.0000  3.418E-46
  400.0000  3.386E-46
  401.0000  3.354E-46
  402.0000  3.323E-46
  403.0000  3.292E-46
  404.0000  3.261E-46
  405.0000  3.230E-46
  406.0000  3.200E-46
  407.0000  3.170E-46
  408.0000  3.140E-46
  409.0000  3.110E-46
  410.0000  3.081E-46
  411.0000  3.052E-46
  412.0000  3.023E-46
  413.0000  2.994E-46
  414.0000  2.966E-46
  415.0000  2.938E-46
  416.0000  2.910E-46
  417.0000  2.883E-46
  418.0000  2.855E-46
  419.0000  2.828E-46
  420.0000  2.801E-46
  421.0000  2.775E-46
  422.0000  2.748E-46
  423.0000  2.722E-46
  424.0000  2.696E-46
  425.0000  2.671E-46
  426.0000  2.645E-46
  427.0000  2.620E-46
  428.0000  2.595E-46
  429.0000  2.570E-46
  430.0000  2.546E-46
  431.0000  2.522E-46
  432.0000  2.498E-46
  433.0000  2.474E-46
  434.0000  2.450E-46
  435.0000  2.427E-46
  436.0000  2.403E-46
  437.0000  2.380E-46
  438.0000  2.358E-46
  439.0000  2.335E-46
  440.0000  2.313E-46
  441.0000  2.290E-46
  442.0000  2.268E-46
  443.0000  2.247E-46
  444.0000  2.225E-46
  445.0000  2.203E-46
  446.0000  2.182E-46
  447.0000  2.161E-46
  448.0000  2.140E-46
  449.0000  2.120E-46
  450.0000  2.099E-46
  451.0000  2.079E-46
  452.0000  2.059E-46
  453.0000  2.039E-46
  454.0000  2.019E-46
  455.0000  2.000E-46
  456.0000  1.980E-46
  457.0000  1.961E-46
  458.0000  1.942E-46
  459.0000  1.923E-46
  460.0000  1.905E-46
  461.0000  1.886E-46
  462.0000  1.868E-46
  463.0000  1.850E-46
  464.0000  1.832E-46
  465.0000  1.814E-46
  466.0000  1.796E-46
  467.0000  1.779E-46
  468.0000  1.762E-46
  469.0000  1.744E-46
  470.0000  1.727E-46
  471.0000  1.711E-46
  472.0000  1.694E-46
  473.0000  1.677E-46
  474.0000  1.661E-46
  475.0000  1.645E-46
  476.0000  1.629E-46
  477.0000  1.613E-46
  478.0000  1.597E-46
  479.0000  1.581E-46
  480.0000  1.566E-46
  481.0000  1.550E-46
  482.0000  1.535E-46
  483.0000  1.520E-46
  484.0000  1.505E-46
  485.0000  1.490E-46
  486.0000  1.476E-46
  487.0000  1.461E-46
  488.0000  1.447E-46
  489.0000  1.433E-46
  490.0000  1.419E-46
  491.0000  1.405E-46
  492.0000  1.391E-46
  493.0000  1.377E-46
  494.0000  1.363E-46
  495.0000  1.350E-46
  496.0000  1.337E-46
  497.0000  1.323E-46
  498.0000  1.310E-46
  499.0000  1.297E-46
  500.0000  1.285E-46
  501.0000  1.272E-46
  502.0000  1.259E-46
  503.0000  1.247E-46
  504.0000  1.234E-46
  505.0000  1.222E-46
  506.0000  1.210E-46
  507.0000  1.198E-46
  508.0000  1.186E-46
  509.0000  1.174E-46
  510.0000  1.163E-46
  511.0000  1.151E-46
  512.0000  1.140E-46
  513.0000  1.128E-46
  514.0000  1.117E-46
  515.0000  1.106E-46
  516.0000  1.095E-46
  517.0000  1.084E-46
  518.0000  1.073E-46
  519.0000  1.063E-46
  520.0000  1.052E-46
  521.0000  1.042E-46
  522.0000  1.031E-46
  523.0000  1.021E-46
  524.0000  1.011E-46
  525.0000  1.001E-46
  526.0000  9.906E-47
  527.0000  9.807E-47
  528.0000  9.709E-47
  529.0000  9.612E-47
  530.0000  9.516E-47
  531.0000  9.421E-47
  532.0000  9.326E-47
  533.0000  9.233E-47
  534.0000  9.140E-47
  535.0000  9.049E-47
  536.0000  8.958E-47
  537.0000  8.868E-47
  538.0000  8.779E-47
  539.0000  8.691E-47
  540.0000  8.604E-47
  541.0000  8.517E-47
  542.0000  8.432E-47
  543.0000  8.347E-47
  544.0000  8.263E-47
  545.0000  8.180E-47
  546.0000  8.098E-47
  547.0000  8.016E-47
  548.0000  7.936E-47
  549.0000  7.856E-47
  550.0000  7.776E-47
  551.0000  7.698E-47
  552.0000  7.621E-47
  553.0000  7.544E-47
  554.0000  7.468E-47
  555.0000  7.392E-47
  556.0000  7.318E-47
  557.0000  7.244E-47
  558.0000  7.171E-47
  559.0000  7.098E-47
  560.0000  7.027E-47
  561.0000  6.956E-47
  562.0000  6.885E-47
  563.0000  6.816E-47
  564.0000  6.747E-47
  565.0000  6.679E-47
  566.0000  6.611E-47
  567.0000  6.544E-47
  568.0000  6.478E-47
  569.0000  6.412E-47
  570.0000  6.347E-47
  571.0000  6.283E-47
  572.0000  6.219E-47
  573.0000  6.156E-47
  574.0000  6.094E-47
  575.0000  6.032E-47
  576.0000  5.971E-47
  577.0000  5.910E-47
  578.0000  5.850E-47
  579.0000  5.791E-47
  580.0000  5.732E-47
  581.0000  5.674E-47
  582.0000  5.616E-47
  583.0000  5.559E-47
  584.0000  5.503E-47
  585.0000  5.447E-47
  586.0000  5.392E-47
  587.0000  5.337E-47
  588.0000  5.282E-47
  589.0000  5.229E-47
  590.0000  5.176E-47
  591.0000  5.123E-47
  592.0000  5.071E-47
  593.0000  5.019E-47
  594.0000  4.968E-47
  595.0000  4.917E-47
  596.0000  4.867E-47
  597.0000  4.818E-47
  598.0000  4.769E-47
  599.0000  4.720E-47
  600.0000  4.672E-47
  601.0000  4.624E-47
  602.0000  4.577E-47
  603.0000  4.530E-47
  604.0000  4.484E-47
  605.0000  4.438E-47
  606.0000  4.393E-47
  607.0000  4.348E-47
  608.0000  4.304E-47
  609.0000  4.260E-47
  610.0000  4.217E-47
  611.0000  4.173E-47
  612.0000  4.131E-47
  613.0000  4.089E-47
  614.0000  4.047E-47
  615.0000  4.005E-47
  616.0000  3.965E-47
  617.0000  3.924E-47
  618.0000  3.884E-47
  619.0000  3.844E-47
  620.0000  3.805E-47
  621.0000  3.766E-47
  622.0000  3.727E-47
  623.0000  3.689E-47
  624.0000  3.651E-47
  625.0000  3.614E-47
  626.0000  3.577E-47
  627.0000  3.540E-47
  628.0000  3.504E-47
  629.0000  3.468E-47
  630.0000  3.433E-47
  631.0000  3.398E-47
  632.0000  3.363E-47
  633.0000  3.328E-47
  634.0000  3.294E-47
  635.0000  3.260E-47
  636.0000  3.227E-47
  637.0000  3.194E-47
  638.0000  3.161E-47
  639.0000  3.129E-47
  640.0000  3.097E-47
  641.0000  3.065E-47
  642.0000  3.033E-47
  643.0000  3.002E-47
  644.0000  2.971E-47
  645.0000  2.941E-47
  646.0000  2.911E-47
  647.0000  2.881E-47
  648.0000  2.851E-47
  649.0000  2.822E-47
  650.0000  2.793E-47
  651.0000  2.764E-47
  652.0000  2.736E-47
  653.0000  2.708E-47
  654.0000  2.680E-47
  655.0000  2.653E-47
  656.0000  2.625E-47
  657.0000  2.598E-47
  658.0000  2.572E-47
  659.0000  2.545E-47
  660.0000  2.519E-47
  661.0000  2.493E-47
  662.0000  2.467E-47
  663.0000  2.442E-47
  664.0000  2.417E-47
  665.0000  2.392E-47
  666.0000  2.367E-47
  667.0000  2.343E-47
  668.0000  2.319E-47
  669.0000  2.295E-47
  670.0000  2.272E-47
  671.0000  2.248E-47
  672.0000  2.225E-47
  673.0000  2.202E-47
  674.0000  2.179E-47
  675.0000  2.157E-47
  676.0000  2.135E-47
  677.0000  2.113E-47
  678.0000  2.091E-47
  679.0000  2.070E-47
  680.0000  2.048E-47
  681.0000  2.027E-47
  682.0000  2.006E-47
  683.0000  1.986E-47
  684.0000  1.965E-47
  685.0000  1.945E-47
  686.0000  1.925E-47
  687.0000  1.905E-47
  688.0000  1.885E-47
  689.0000  1.866E-47
  690.0000  1.847E-47
  691.0000  1.828E-47
  692.0000  1.809E-47
  693.0000  1.790E-47
  694.0000  1.772E-47
  695.0000  1.753E-47
  696.0000  1.735E-47
  697.0000  1.717E-47
  698.0000  1.700E-47
  699.0000  1.682E-47
  700.0000  1.665E-47
  701.0000  1.648E-47
  702.0000  1.631E-47
  703.0000  1.614E-47
  704.0000  1.597E-47
  705.0000  1.581E-47
  706.0000  1.564E-47
  707.0000  1.548E-47
  708.0000  1.532E-47
  709.0000  1.516E-47
  710.0000  1.501E-47
  711.0000  1.485E-47
  712.0000  1.470E-47
  713.0000  1.455E-47
  714.0000  1.440E-47
  715.0000  1.425E-47
  716.0000  1.410E-47
  717.0000  1.396E-47
  718.0000  1.381E-47
  719.0000  1.367E-47
  720.0000  1.353E-47
  721.0000  1.339E-47
  722.0000  1.325E-47
  723.0000  1.311E-47
  724.0000  1.298E-47
  725.0000  1.284E-47
  726.0000  1.271E-47
  727.0000  1.258E-47
  728.0000  1.245E-47
  729.0000  1.232E-47
  730.0000  1.219E-47
  731.0000  1.207E-47
  732.0000  1.194E-47
  733.0000  1.182E-47
  734.0000  1.170E-47
  735.0000  1.158E-47
  736.0000  1.146E-47
  737.0000  1.134E-47
  738.0000  1.122E-47
  739.0000  1.111E-47
  740.0000  1.099E-47
  741.0000  1.088E-47
  742.0000  1.077E-47
  743.0000  1.065E-47
  744.0000  1.054E-47
  745.0000  1.043E-47
  746.0000  1.033E-47
  747.0000  1.022E-47
  748.0000  1.011E-47
  749.0000  1.001E-47
  750.0000  9.906E-48
  751.0000  9.804E-48
  752.0000  9.702E-48
  753.0000  9.602E-48
  754.0000  9.503E-48
  755.0000  9.404E-48
  756.0000  9.307E-48
  757.0000  9.211E-48
  758.0000  9.115E-48
  759.0000  9.021E-48
  760.0000  8.928E-48
  761.0000  8.835E-48
  762.0000  8.744E-48
  763.0000  8.654E-48
  764.0000  8.564E-48
  765.0000  8.475E-48
  766.0000  8.388E-48
  767.0000  8.301E-48
  768.0000  8.215E-48
  769.0000  8.130E-48
  770.0000  8.046E-48
  771.0000  7.963E-48
  772.0000  7.880E-48
  773.0000  7.799E-48
  774.0000  7.718E-48
  775.0000  7.638E-48
  776.0000  7.559E-48
  777.0000  7.481E-48
  778.0000  7.403E-48
  779.0000  7.327E-48
  780.0000  7.251E-48
  781.0000  7.176E-48
  782.0000  7.102E-48
  783.0000  7.028E-48
  784.0000  6.955E-48
  785.0000  6.883E-48
  786.0000  6.812E-48
  787.0000  6.741E-48
  788.0000  6.672E-48
  789.0000  6.603E-48
  790.0000  6.534E-48
  791.0000  6.467E-48
  792.0000  6.400E-48
  793.0000  6.333E-48
  794.0000  6.268E-48
  795.0000  6.203E-48
  796.0000  6.139E-48
  797.0000  6.075E-48
  798.0000  6.012E-48
  799.0000  5.950E-48
  800.0000  5.888E-48
  801.0000  5.827E-48
  802.0000  5.767E-48
  803.0000  5.707E-48
  804.0000  5.648E-48
  805.0000  5.590E-48
  806.0000  5.532E-48
  807.0000  5.474E-48
  808.0000  5.418E-48
  809.0000  5.362E-48
  810.0000  5.306E-48
  811.0000  5.251E-48
  812.0000  5.197E-48
  813.0000  5.143E-48
  814.0000  5.090E-48
  815.0000  5.037E-48
  816.0000  4.985E-48
  817.0000  4.933E-48
  818.0000  4.882E-48
  819.0000  4.831E-48
  820.0000  4.781E-48
  821.0000  4.732E-48
  822.0000  4.683E-48
  823.0000  4.634E-48
  824.0000  4.586E-48
  825.0000  4.539E-48
  826.0000  4.492E-48
  827.0000  4.445E-48
  828.0000  4.399E-48
  829.0000  4.353E-48
  830.0000  4.308E-48
  831.0000  4.264E-48
  832.0000  4.219E-48
  833.0000  4.176E-48
  834.0000  4.132E-48
  835.0000  4.090E-48
  836.0000  4.047E-48
  837.0000  4.005E-48
  838.0000  3.964E-48
  839.0000  3.923E-48
  840.0000  3.882E-48
  841.0000  3.842E-48
  842.0000  3.802E-48
  843.0000  3.763E-48
  844.0000  3.724E-48
  845.0000  3.685E-48
  846.0000  3.647E-48
  847.0000  3.609E-48
  848.0000  3.572E-48
  849.0000  3.535E-48
  850.0000  3.498E-48
  851.0000  3.462E-48
  852.0000  3.426E-48
  853.0000  3.390E-48
  854.0000  3.355E-48
  855.0000  3.320E-48
  856.0000  3.286E-48
  857.0000  3.252E-48
  858.0000  3.218E-48
  859.0000  3.185E-48
  860.0000  3.152E-48
  861.0000  3.119E-48
  862.0000  3.087E-48
  863.0000  3.055E-48
  864.0000  3.023E-48
  865.0000  2.992E-48
  866.0000  2.961E-48
  867.0000  2.930E-48
  868.0000  2.900E-48
  869.0000  2.870E-48
  870.0000  2.840E-48
  871.0000  2.810E-48
  872.0000  2.781E-48
  873.0000  2.752E-48
  874.0000  2.724E-48
  875.0000  2.696E-48
  876.0000  2.668E-48
  877.0000  2.640E-48
  878.0000  2.613E-48
  879.0000  2.586E-48
  880.0000  2.559E-48
  881.0000  2.532E-48
  882.0000  2.506E-48
  883.0000  2.480E-48
  884.0000  2.454E-48
  885.0000  2.429E-48
  886.0000  2.404E-48
  887.0000  2.379E-48
  888.0000  2.354E-48
  889.0000  2.330E-48
  890.0000  2.305E-48
  891.0000  2.281E-48
  892.0000  2.258E-48
  893.0000  2.234E-48
  894.0000  2.211E-48
  895.0000  2.188E-48
  896.0000  2.166E-48
  897.0000  2.143E-48
  898.0000  2.121E-48
  899.0000  2.099E-48
  900.0000  2.077E-48
  901.0000  2.056E-48
  902.0000  2.034E-48
  903.0000  2.013E-48
  904.0000  1.992E-48
  905.0000  1.972E-48
  906.0000  1.951E-48
  907.0000  1.931E-48
  908.0000  1.911E-48
  909.0000  1.891E-48
  910.0000  1.871E-48
  911.0000  1.852E-48
  912.0000  1.833E-48
  913.0000  1.814E-48
  914.0000  1.795E-48
  915.0000  1.776E-48
  916.0000  1.758E-48
  917.0000  1.740E-48
  918.0000  1.721E-48
  919.0000  1.704E-48
  920.0000  1.686E-48
  921.0000  1.668E-48
  922.0000  1.651E-48
  923.0000  1.634E-48
  924.0000  1.617E-48
  925.0000  1.600E-48
  926.0000  1.584E-48
  927.0000  1.567E-48
  928.0000  1.551E-48
  929.0000  1.535E-48
  930.0000  1.519E-48
  931.0000  1.503E-48
  932.0000  1.487E-48
  933.0000  1.472E-48
  934.0000  1.457E-48
  935.0000  1.441E-48
  936.0000  1.426E-48
  937.0000  1.412E-48
  938.0000  1.397E-48
  939.0000  1.382E-48
  940.0000  1.368E-48
  941.0000  1.354E-48
  942.0000  1.340E-48
  943.0000  1.326E-48
  944.0000  1.312E-48
  945.0000  1.298E-48
  946.0000  1.285E-48
  947.0000  1.271E-48
  948.0000  1.258E-48
  949.0000  1.245E-48
  950.0000  1.232E-48
  951.0000  1.219E-48
  952.0000  1.207E-48
  953.0000  1.194E-48
  954.0000  1.182E-48
  955.0000  1.169E-48
  956.0000  1.157E-48
  957.0000  1.145E-48
  958.0000  1.133E-48
  959.0000  1.121E-48
  960.0000  1.109E-48
  961.0000  1.098E-48
  962.0000  1.086E-48
  963.0000  1.075E-48
  964.0000  1.064E-48
  965.0000  1.053E-48
  966.0000  1.042E-48
  967.0000  1.031E-48
  968.0000  1.020E-48
  969.0000  1.009E-48
  970.0000  9.988E-49
  971.0000  9.883E-49
  972.0000  9.780E-49
  973.0000  9.677E-49
  974.0000  9.576E-49
  975.0000  9.475E-49
  976.0000  9.376E-49
  977.0000  9.278E-49
  978.0000  9.180E-49
  979.0000  9.084E-49
  980.0000  8.988E-49
  981.0000  8.894E-49
  982.0000  8.800E-49
  983.0000  8.708E-49
  984.0000  8.616E-49
  985.0000  8.525E-49
  986.0000  8.435E-49
  987.0000  8.346E-49
  988.0000  8.258E-49
  989.0000  8.171E-49
  990.0000  8.085E-49
  991.0000  7.999E-49
  992.0000  7.915E-49
  993.0000  7.831E-49
  994.0000  7.748E-49
  995.0000  7.666E-49
  996.0000  7.585E-49
  997.0000  7.505E-49
  998.0000  7.425E-49
  999.0000  7.346E-49
 1000.0000  7.268E-49
             CH4-He   1.000000 1000.0000   1000 104.88 1.889e-45 -.999          Model line shapes 25
    1.0000  3.536E-49
    2.0000  1.413E-48
    3.0000  3.177E-48
    4.0000  5.641E-48
    5.0000  8.800E-48
    6.0000  1.265E-47
    7.0000  1.717E-47
    8.0000  2.237E-47
    9.0000  2.823E-47
   10.0000  3.473E-47
   11.0000  4.187E-47
   12.0000  4.963E-47
   13.0000  5.799E-47
   14.0000  6.694E-47
   15.0000  7.646E-47
   16.0000  8.654E-47
   17.0000  9.716E-47
   18.0000  1.083E-46
   19.0000  1.199E-46
   20.0000  1.321E-46
   21.0000  1.446E-46
   22.0000  1.577E-46
   23.0000  1.711E-46
   24.0000  1.850E-46
   25.0000  1.992E-46
   26.0000  2.138E-46
   27.0000  2.288E-46
   28.0000  2.441E-46
   29.0000  2.596E-46
   30.0000  2.755E-46
   31.0000  2.917E-46
   32.0000  3.081E-46
   33.0000  3.248E-46
   34.0000  3.417E-46
   35.0000  3.588E-46
   36.0000  3.761E-46
   37.0000  3.935E-46
   38.0000  4.111E-46
   39.0000  4.289E-46
   40.0000  4.468E-46
   41.0000  4.648E-46
   42.0000  4.829E-46
   43.0000  5.011E-46
   44.0000  5.194E-46
   45.0000  5.378E-46
   46.0000  5.561E-46
   47.0000  5.746E-46
   48.0000  5.930E-46
   49.0000  6.115E-46
   50.0000  6.300E-46
   51.0000  6.485E-46
   52.0000  6.669E-46
   53.0000  6.853E-46
   54.0000  7.037E-46
   55.0000  7.221E-46
   56.0000  7.404E-46
   57.0000  7.586E-46
   58.0000  7.768E-46
   59.0000  7.949E-46
   60.0000  8.129E-46
   61.0000  8.308E-46
   62.0000  8.486E-46
   63.0000  8.663E-46
   64.0000  8.840E-46
   65.0000  9.015E-46
   66.0000  9.188E-46
   67.0000  9.361E-46
   68.0000  9.532E-46
   69.0000  9.702E-46
   70.0000  9.871E-46
   71.0000  1.004E-45
   72.0000  1.020E-45
   73.0000  1.037E-45
   74.0000  1.053E-45
   75.0000  1.069E-45
   76.0000  1.085E-45
   77.0000  1.101E-45
   78.0000  1.117E-45
   79.0000  1.132E-45
   80.0000  1.148E-45
   81.0000  1.163E-45
   82.0000  1.178E-45
   83.0000  1.193E-45
   84.0000  1.208E-45
   85.0000  1.222E-45
   86.0000  1.237E-45
   87.0000  1.251E-45
   88.0000  1.265E-45
   89.0000  1.279E-45
   90.0000  1.293E-45
   91.0000  1.306E-45
   92.0000  1.320E-45
   93.0000  1.333E-45
   94.0000  1.346E-45
   95.0000  1.359E-45
   96.0000  1.372E-45
   97.0000  1.385E-45
   98.0000  1.398E-45
   99.0000  1.410E-45
  100.0000  1.422E-45
  101.0000  1.434E-45
  102.0000  1.446E-45
  103.0000  1.458E-45
  104.0000  1.470E-45
  105.0000  1.481E-45
  106.0000  1.493E-45
  107.0000  1.504E-45
  108.0000  1.515E-45
  109.0000  1.526E-45
  110.0000  1.536E-45
  111.0000  1.547E-45
  112.0000  1.557E-45
  113.0000  1.568E-45
  114.0000  1.578E-45
  115.0000  1.588E-45
  116.0000  1.598E-45
  117.0000  1.607E-45
  118.0000  1.617E-45
  119.0000  1.626E-45
  120.0000  1.635E-45
  121.0000  1.644E-45
  122.0000  1.653E-45
  123.0000  1.662E-45
  124.0000  1.670E-45
  125.0000  1.679E-45
  126.0000  1.687E-45
  127.0000  1.695E-45
  128.0000  1.703E-45
  129.0000  1.711E-45
  130.0000  1.718E-45
  131.0000  1.726E-45
  132.0000  1.733E-45
  133.0000  1.740E-45
  134.0000  1.747E-45
  135.0000  1.754E-45
  136.0000  1.761E-45
  137.0000  1.767E-45
  138.0000  1.774E-45
  139.0000  1.780E-45
  140.0000  1.786E-45
  141.0000  1.792E-45
  142.0000  1.798E-45
  143.0000  1.803E-45
  144.0000  1.809E-45
  145.0000  1.814E-45
  146.0000  1.819E-45
  147.0000  1.824E-45
  148.0000  1.829E-45
  149.0000  1.833E-45
  150.0000  1.838E-45
  151.0000  1.842E-45
  152.0000  1.846E-45
  153.0000  1.850E-45
  154.0000  1.854E-45
  155.0000  1.858E-45
  156.0000  1.861E-45
  157.0000  1.864E-45
  158.0000  1.867E-45
  159.0000  1.870E-45
  160.0000  1.873E-45
  161.0000  1.875E-45
  162.0000  1.877E-45
  163.0000  1.879E-45
  164.0000  1.881E-45
  165.0000  1.883E-45
  166.0000  1.884E-45
  167.0000  1.886E-45
  168.0000  1.887E-45
  169.0000  1.888E-45
  170.0000  1.888E-45
  171.0000  1.889E-45
  172.0000  1.889E-45
  173.0000  1.889E-45
  174.0000  1.889E-45
  175.0000  1.889E-45
  176.0000  1.889E-45
  177.0000  1.888E-45
  178.0000  1.887E-45
  179.0000  1.887E-45
  180.0000  1.885E-45
  181.0000  1.884E-45
  182.0000  1.883E-45
  183.0000  1.881E-45
  184.0000  1.879E-45
  185.0000  1.877E-45
  186.0000  1.875E-45
  187.0000  1.873E-45
  188.0000  1.871E-45
  189.0000  1.868E-45
  190.0000  1.865E-45
  191.0000  1.862E-45
  192.0000  1.859E-45
  193.0000  1.856E-45
  194.0000  1.853E-45
  195.0000  1.849E-45
  196.0000  1.846E-45
  197.0000  1.842E-45
  198.0000  1.838E-45
  199.0000  1.834E-45
  200.0000  1.830E-45
  201.0000  1.825E-45
  202.0000  1.821E-45
  203.0000  1.816E-45
  204.0000  1.812E-45
  205.0000  1.807E-45
  206.0000  1.802E-45
  207.0000  1.797E-45
  208.0000  1.792E-45
  209.0000  1.787E-45
  210.0000  1.782E-45
  211.0000  1.776E-45
  212.0000  1.771E-45
  213.0000  1.765E-45
  214.0000  1.759E-45
  215.0000  1.754E-45
  216.0000  1.748E-45
  217.0000  1.742E-45
  218.0000  1.736E-45
  219.0000  1.730E-45
  220.0000  1.724E-45
  221.0000  1.718E-45
  222.0000  1.712E-45
  223.0000  1.705E-45
  224.0000  1.699E-45
  225.0000  1.693E-45
  226.0000  1.686E-45
  227.0000  1.680E-45
  228.0000  1.673E-45
  229.0000  1.667E-45
  230.0000  1.660E-45
  231.0000  1.653E-45
  232.0000  1.647E-45
  233.0000  1.640E-45
  234.0000  1.633E-45
  235.0000  1.626E-45
  236.0000  1.619E-45
  237.0000  1.612E-45
  238.0000  1.605E-45
  239.0000  1.598E-45
  240.0000  1.591E-45
  241.0000  1.584E-45
  242.0000  1.577E-45
  243.0000  1.570E-45
  244.0000  1.563E-45
  245.0000  1.555E-45
  246.0000  1.548E-45
  247.0000  1.541E-45
  248.0000  1.533E-45
  249.0000  1.526E-45
  250.0000  1.519E-45
  251.0000  1.511E-45
  252.0000  1.504E-45
  253.0000  1.496E-45
  254.0000  1.489E-45
  255.0000  1.481E-45
  256.0000  1.473E-45
  257.0000  1.466E-45
  258.0000  1.458E-45
  259.0000  1.450E-45
  260.0000  1.442E-45
  261.0000  1.435E-45
  262.0000  1.427E-45
  263.0000  1.419E-45
  264.0000  1.411E-45
  265.0000  1.403E-45
  266.0000  1.395E-45
  267.0000  1.387E-45
  268.0000  1.379E-45
  269.0000  1.371E-45
  270.0000  1.363E-45
  271.0000  1.355E-45
  272.0000  1.347E-45
  273.0000  1.339E-45
  274.0000  1.331E-45
  275.0000  1.323E-45
  276.0000  1.315E-45
  277.0000  1.307E-45
  278.0000  1.298E-45
  279.0000  1.290E-45
  280.0000  1.282E-45
  281.0000  1.274E-45
  282.0000  1.266E-45
  283.0000  1.258E-45
  284.0000  1.250E-45
  285.0000  1.242E-45
  286.0000  1.234E-45
  287.0000  1.226E-45
  288.0000  1.217E-45
  289.0000  1.209E-45
  290.0000  1.201E-45
  291.0000  1.193E-45
  292.0000  1.185E-45
  293.0000  1.177E-45
  294.0000  1.169E-45
  295.0000  1.161E-45
  296.0000  1.153E-45
  297.0000  1.145E-45
  298.0000  1.137E-45
  299.0000  1.129E-45
  300.0000  1.121E-45
  301.0000  1.113E-45
  302.0000  1.106E-45
  303.0000  1.098E-45
  304.0000  1.090E-45
  305.0000  1.082E-45
  306.0000  1.074E-45
  307.0000  1.067E-45
  308.0000  1.059E-45
  309.0000  1.051E-45
  310.0000  1.044E-45
  311.0000  1.036E-45
  312.0000  1.028E-45
  313.0000  1.021E-45
  314.0000  1.013E-45
  315.0000  1.006E-45
  316.0000  9.983E-46
  317.0000  9.909E-46
  318.0000  9.835E-46
  319.0000  9.761E-46
  320.0000  9.688E-46
  321.0000  9.615E-46
  322.0000  9.543E-46
  323.0000  9.470E-46
  324.0000  9.398E-46
  325.0000  9.327E-46
  326.0000  9.256E-46
  327.0000  9.185E-46
  328.0000  9.114E-46
  329.0000  9.044E-46
  330.0000  8.975E-46
  331.0000  8.905E-46
  332.0000  8.837E-46
  333.0000  8.768E-46
  334.0000  8.700E-46
  335.0000  8.632E-46
  336.0000  8.565E-46
  337.0000  8.498E-46
  338.0000  8.431E-46
  339.0000  8.365E-46
  340.0000  8.299E-46
  341.0000  8.233E-46
  342.0000  8.168E-46
  343.0000  8.104E-46
  344.0000  8.039E-46
  345.0000  7.975E-46
  346.0000  7.912E-46
  347.0000  7.849E-46
  348.0000  7.786E-46
  349.0000  7.724E-46
  350.0000  7.662E-46
  351.0000  7.600E-46
  352.0000  7.539E-46
  353.0000  7.478E-46
  354.0000  7.418E-46
  355.0000  7.357E-46
  356.0000  7.298E-46
  357.0000  7.239E-46
  358.0000  7.180E-46
  359.0000  7.121E-46
  360.0000  7.063E-46
  361.0000  7.005E-46
  362.0000  6.948E-46
  363.0000  6.891E-46
  364.0000  6.834E-46
  365.0000  6.778E-46
  366.0000  6.722E-46
  367.0000  6.667E-46
  368.0000  6.612E-46
  369.0000  6.557E-46
  370.0000  6.503E-46
  371.0000  6.449E-46
  372.0000  6.395E-46
  373.0000  6.342E-46
  374.0000  6.289E-46
  375.0000  6.237E-46
  376.0000  6.185E-46
  377.0000  6.133E-46
  378.0000  6.082E-46
  379.0000  6.031E-46
  380.0000  5.980E-46
  381.0000  5.930E-46
  382.0000  5.880E-46
  383.0000  5.831E-46
  384.0000  5.781E-46
  385.0000  5.733E-46
  386.0000  5.684E-46
  387.0000  5.636E-46
  388.0000  5.588E-46
  389.0000  5.541E-46
  390.0000  5.494E-46
  391.0000  5.447E-46
  392.0000  5.401E-46
  393.0000  5.355E-46
  394.0000  5.310E-46
  395.0000  5.264E-46
  396.0000  5.219E-46
  397.0000  5.175E-46
  398.0000  5.131E-46
  399.0000  5.087E-46
  400.0000  5.043E-46
  401.0000  5.000E-46
  402.0000  4.957E-46
  403.0000  4.915E-46
  404.0000  4.872E-46
  405.0000  4.831E-46
  406.0000  4.789E-46
  407.0000  4.748E-46
  408.0000  4.707E-46
  409.0000  4.666E-46
  410.0000  4.626E-46
  411.0000  4.586E-46
  412.0000  4.546E-46
  413.0000  4.507E-46
  414.0000  4.468E-46
  415.0000  4.429E-46
  416.0000  4.391E-46
  417.0000  4.353E-46
  418.0000  4.315E-46
  419.0000  4.277E-46
  420.0000  4.240E-46
  421.0000  4.203E-46
  422.0000  4.167E-46
  423.0000  4.130E-46
  424.0000  4.094E-46
  425.0000  4.059E-46
  426.0000  4.023E-46
  427.0000  3.988E-46
  428.0000  3.953E-46
  429.0000  3.918E-46
  430.0000  3.884E-46
  431.0000  3.850E-46
  432.0000  3.816E-46
  433.0000  3.783E-46
  434.0000  3.750E-46
  435.0000  3.717E-46
  436.0000  3.684E-46
  437.0000  3.652E-46
  438.0000  3.619E-46
  439.0000  3.587E-46
  440.0000  3.556E-46
  441.0000  3.524E-46
  442.0000  3.493E-46
  443.0000  3.462E-46
  444.0000  3.432E-46
  445.0000  3.402E-46
  446.0000  3.371E-46
  447.0000  3.342E-46
  448.0000  3.312E-46
  449.0000  3.283E-46
  450.0000  3.253E-46
  451.0000  3.225E-46
  452.0000  3.196E-46
  453.0000  3.168E-46
  454.0000  3.139E-46
  455.0000  3.111E-46
  456.0000  3.084E-46
  457.0000  3.056E-46
  458.0000  3.029E-46
  459.0000  3.002E-46
  460.0000  2.975E-46
  461.0000  2.949E-46
  462.0000  2.922E-46
  463.0000  2.896E-46
  464.0000  2.870E-46
  465.0000  2.845E-46
  466.0000  2.819E-46
  467.0000  2.794E-46
  468.0000  2.769E-46
  469.0000  2.744E-46
  470.0000  2.719E-46
  471.0000  2.695E-46
  472.0000  2.671E-46
  473.0000  2.647E-46
  474.0000  2.623E-46
  475.0000  2.599E-46
  476.0000  2.576E-46
  477.0000  2.553E-46
  478.0000  2.530E-46
  479.0000  2.507E-46
  480.0000  2.484E-46
  481.0000  2.462E-46
  482.0000  2.439E-46
  483.0000  2.417E-46
  484.0000  2.395E-46
  485.0000  2.374E-46
  486.0000  2.352E-46
  487.0000  2.331E-46
  488.0000  2.310E-46
  489.0000  2.289E-46
  490.0000  2.268E-46
  491.0000  2.247E-46
  492.0000  2.227E-46
  493.0000  2.207E-46
  494.0000  2.187E-46
  495.0000  2.167E-46
  496.0000  2.147E-46
  497.0000  2.128E-46
  498.0000  2.108E-46
  499.0000  2.089E-46
  500.0000  2.070E-46
  501.0000  2.051E-46
  502.0000  2.032E-46
  503.0000  2.014E-46
  504.0000  1.995E-46
  505.0000  1.977E-46
  506.0000  1.959E-46
  507.0000  1.941E-46
  508.0000  1.923E-46
  509.0000  1.906E-46
  510.0000  1.888E-46
  511.0000  1.871E-46
  512.0000  1.854E-46
  513.0000  1.837E-46
  514.0000  1.820E-46
  515.0000  1.803E-46
  516.0000  1.786E-46
  517.0000  1.770E-46
  518.0000  1.754E-46
  519.0000  1.737E-46
  520.0000  1.721E-46
  521.0000  1.706E-46
  522.0000  1.690E-46
  523.0000  1.674E-46
  524.0000  1.659E-46
  525.0000  1.644E-46
  526.0000  1.628E-46
  527.0000  1.613E-46
  528.0000  1.598E-46
  529.0000  1.584E-46
  530.0000  1.569E-46
  531.0000  1.554E-46
  532.0000  1.540E-46
  533.0000  1.526E-46
  534.0000  1.512E-46
  535.0000  1.498E-46
  536.0000  1.484E-46
  537.0000  1.470E-46
  538.0000  1.456E-46
  539.0000  1.443E-46
  540.0000  1.429E-46
  541.0000  1.416E-46
  542.0000  1.403E-46
  543.0000  1.390E-46
  544.0000  1.377E-46
  545.0000  1.364E-46
  546.0000  1.351E-46
  547.0000  1.339E-46
  548.0000  1.326E-46
  549.0000  1.314E-46
  550.0000  1.301E-46
  551.0000  1.289E-46
  552.0000  1.277E-46
  553.0000  1.265E-46
  554.0000  1.253E-46
  555.0000  1.242E-46
  556.0000  1.230E-46
  557.0000  1.219E-46
  558.0000  1.207E-46
  559.0000  1.196E-46
  560.0000  1.185E-46
  561.0000  1.174E-46
  562.0000  1.163E-46
  563.0000  1.152E-46
  564.0000  1.141E-46
  565.0000  1.130E-46
  566.0000  1.120E-46
  567.0000  1.109E-46
  568.0000  1.099E-46
  569.0000  1.088E-46
  570.0000  1.078E-46
  571.0000  1.068E-46
  572.0000  1.058E-46
  573.0000  1.048E-46
  574.0000  1.038E-46
  575.0000  1.028E-46
  576.0000  1.018E-46
  577.0000  1.009E-46
  578.0000  9.993E-47
  579.0000  9.899E-47
  580.0000  9.805E-47
  581.0000  9.713E-47
  582.0000  9.621E-47
  583.0000  9.530E-47
  584.0000  9.440E-47
  585.0000  9.351E-47
  586.0000  9.262E-47
  587.0000  9.175E-47
  588.0000  9.088E-47
  589.0000  9.002E-47
  590.0000  8.916E-47
  591.0000  8.832E-47
  592.0000  8.748E-47
  593.0000  8.665E-47
  594.0000  8.583E-47
  595.0000  8.502E-47
  596.0000  8.421E-47
  597.0000  8.341E-47
  598.0000  8.262E-47
  599.0000  8.183E-47
  600.0000  8.105E-47
  601.0000  8.028E-47
  602.0000  7.952E-47
  603.0000  7.876E-47
  604.0000  7.801E-47
  605.0000  7.727E-47
  606.0000  7.654E-47
  607.0000  7.581E-47
  608.0000  7.509E-47
  609.0000  7.437E-47
  610.0000  7.366E-47
  611.0000  7.296E-47
  612.0000  7.226E-47
  613.0000  7.157E-47
  614.0000  7.089E-47
  615.0000  7.022E-47
  616.0000  6.955E-47
  617.0000  6.888E-47
  618.0000  6.822E-47
  619.0000  6.757E-47
  620.0000  6.693E-47
  621.0000  6.629E-47
  622.0000  6.565E-47
  623.0000  6.502E-47
  624.0000  6.440E-47
  625.0000  6.379E-47
  626.0000  6.318E-47
  627.0000  6.257E-47
  628.0000  6.197E-47
  629.0000  6.138E-47
  630.0000  6.079E-47
  631.0000  6.021E-47
  632.0000  5.963E-47
  633.0000  5.906E-47
  634.0000  5.849E-47
  635.0000  5.793E-47
  636.0000  5.738E-47
  637.0000  5.683E-47
  638.0000  5.628E-47
  639.0000  5.574E-47
  640.0000  5.521E-47
  641.0000  5.468E-47
  642.0000  5.415E-47
  643.0000  5.363E-47
  644.0000  5.312E-47
  645.0000  5.260E-47
  646.0000  5.210E-47
  647.0000  5.160E-47
  648.0000  5.110E-47
  649.0000  5.061E-47
  650.0000  5.012E-47
  651.0000  4.964E-47
  652.0000  4.916E-47
  653.0000  4.869E-47
  654.0000  4.822E-47
  655.0000  4.776E-47
  656.0000  4.730E-47
  657.0000  4.684E-47
  658.0000  4.639E-47
  659.0000  4.594E-47
  660.0000  4.550E-47
  661.0000  4.506E-47
  662.0000  4.463E-47
  663.0000  4.420E-47
  664.0000  4.377E-47
  665.0000  4.335E-47
  666.0000  4.293E-47
  667.0000  4.252E-47
  668.0000  4.211E-47
  669.0000  4.170E-47
  670.0000  4.130E-47
  671.0000  4.090E-47
  672.0000  4.050E-47
  673.0000  4.011E-47
  674.0000  3.972E-47
  675.0000  3.934E-47
  676.0000  3.896E-47
  677.0000  3.858E-47
  678.0000  3.821E-47
  679.0000  3.784E-47
  680.0000  3.748E-47
  681.0000  3.711E-47
  682.0000  3.675E-47
  683.0000  3.640E-47
  684.0000  3.605E-47
  685.0000  3.570E-47
  686.0000  3.535E-47
  687.0000  3.501E-47
  688.0000  3.467E-47
  689.0000  3.433E-47
  690.0000  3.400E-47
  691.0000  3.367E-47
  692.0000  3.335E-47
  693.0000  3.302E-47
  694.0000  3.270E-47
  695.0000  3.239E-47
  696.0000  3.207E-47
  697.0000  3.176E-47
  698.0000  3.145E-47
  699.0000  3.115E-47
  700.0000  3.085E-47
  701.0000  3.055E-47
  702.0000  3.025E-47
  703.0000  2.996E-47
  704.0000  2.967E-47
  705.0000  2.938E-47
  706.0000  2.909E-47
  707.0000  2.881E-47
  708.0000  2.853E-47
  709.0000  2.826E-47
  710.0000  2.798E-47
  711.0000  2.771E-47
  712.0000  2.744E-47
  713.0000  2.717E-47
  714.0000  2.691E-47
  715.0000  2.665E-47
  716.0000  2.639E-47
  717.0000  2.613E-47
  718.0000  2.588E-47
  719.0000  2.563E-47
  720.0000  2.538E-47
  721.0000  2.513E-47
  722.0000  2.489E-47
  723.0000  2.465E-47
  724.0000  2.441E-47
  725.0000  2.417E-47
  726.0000  2.393E-47
  727.0000  2.370E-47
  728.0000  2.347E-47
  729.0000  2.324E-47
  730.0000  2.302E-47
  731.0000  2.279E-47
  732.0000  2.257E-47
  733.0000  2.235E-47
  734.0000  2.213E-47
  735.0000  2.192E-47
  736.0000  2.170E-47
  737.0000  2.149E-47
  738.0000  2.128E-47
  739.0000  2.108E-47
  740.0000  2.087E-47
  741.0000  2.067E-47
  742.0000  2.047E-47
  743.0000  2.027E-47
  744.0000  2.007E-47
  745.0000  1.987E-47
  746.0000  1.968E-47
  747.0000  1.949E-47
  748.0000  1.930E-47
  749.0000  1.911E-47
  750.0000  1.892E-47
  751.0000  1.874E-47
  752.0000  1.856E-47
  753.0000  1.838E-47
  754.0000  1.820E-47
  755.0000  1.802E-47
  756.0000  1.784E-47
  757.0000  1.767E-47
  758.0000  1.750E-47
  759.0000  1.733E-47
  760.0000  1.716E-47
  761.0000  1.699E-47
  762.0000  1.683E-47
  763.0000  1.666E-47
  764.0000  1.650E-47
  765.0000  1.634E-47
  766.0000  1.618E-47
  767.0000  1.602E-47
  768.0000  1.586E-47
  769.0000  1.571E-47
  770.0000  1.556E-47
  771.0000  1.540E-47
  772.0000  1.525E-47
  773.0000  1.510E-47
  774.0000  1.496E-47
  775.0000  1.481E-47
  776.0000  1.467E-47
  777.0000  1.452E-47
  778.0000  1.438E-47
  779.0000  1.424E-47
  780.0000  1.410E-47
  781.0000  1.396E-47
  782.0000  1.383E-47
  783.0000  1.369E-47
  784.0000  1.356E-47
  785.0000  1.343E-47
  786.0000  1.330E-47
  787.0000  1.317E-47
  788.0000  1.304E-47
  789.0000  1.291E-47
  790.0000  1.278E-47
  791.0000  1.266E-47
  792.0000  1.253E-47
  793.0000  1.241E-47
  794.0000  1.229E-47
  795.0000  1.217E-47
  796.0000  1.205E-47
  797.0000  1.193E-47
  798.0000  1.182E-47
  799.0000  1.170E-47
  800.0000  1.159E-47
  801.0000  1.147E-47
  802.0000  1.136E-47
  803.0000  1.125E-47
  804.0000  1.114E-47
  805.0000  1.103E-47
  806.0000  1.092E-47
  807.0000  1.082E-47
  808.0000  1.071E-47
  809.0000  1.061E-47
  810.0000  1.050E-47
  811.0000  1.040E-47
  812.0000  1.030E-47
  813.0000  1.020E-47
  814.0000  1.010E-47
  815.0000  9.999E-48
  816.0000  9.901E-48
  817.0000  9.804E-48
  818.0000  9.709E-48
  819.0000  9.614E-48
  820.0000  9.519E-48
  821.0000  9.426E-48
  822.0000  9.334E-48
  823.0000  9.243E-48
  824.0000  9.152E-48
  825.0000  9.063E-48
  826.0000  8.974E-48
  827.0000  8.886E-48
  828.0000  8.799E-48
  829.0000  8.713E-48
  830.0000  8.628E-48
  831.0000  8.543E-48
  832.0000  8.460E-48
  833.0000  8.377E-48
  834.0000  8.295E-48
  835.0000  8.214E-48
  836.0000  8.133E-48
  837.0000  8.054E-48
  838.0000  7.975E-48
  839.0000  7.897E-48
  840.0000  7.819E-48
  841.0000  7.743E-48
  842.0000  7.667E-48
  843.0000  7.592E-48
  844.0000  7.517E-48
  845.0000  7.444E-48
  846.0000  7.371E-48
  847.0000  7.299E-48
  848.0000  7.227E-48
  849.0000  7.156E-48
  850.0000  7.086E-48
  851.0000  7.017E-48
  852.0000  6.948E-48
  853.0000  6.880E-48
  854.0000  6.813E-48
  855.0000  6.746E-48
  856.0000  6.680E-48
  857.0000  6.614E-48
  858.0000  6.549E-48
  859.0000  6.485E-48
  860.0000  6.422E-48
  861.0000  6.359E-48
  862.0000  6.296E-48
  863.0000  6.235E-48
  864.0000  6.174E-48
  865.0000  6.113E-48
  866.0000  6.053E-48
  867.0000  5.994E-48
  868.0000  5.935E-48
  869.0000  5.877E-48
  870.0000  5.819E-48
  871.0000  5.762E-48
  872.0000  5.706E-48
  873.0000  5.650E-48
  874.0000  5.594E-48
  875.0000  5.540E-48
  876.0000  5.485E-48
  877.0000  5.431E-48
  878.0000  5.378E-48
  879.0000  5.325E-48
  880.0000  5.273E-48
  881.0000  5.221E-48
  882.0000  5.170E-48
  883.0000  5.119E-48
  884.0000  5.069E-48
  885.0000  5.020E-48
  886.0000  4.970E-48
  887.0000  4.922E-48
  888.0000  4.873E-48
  889.0000  4.825E-48
  890.0000  4.778E-48
  891.0000  4.731E-48
  892.0000  4.685E-48
  893.0000  4.639E-48
  894.0000  4.593E-48
  895.0000  4.548E-48
  896.0000  4.503E-48
  897.0000  4.459E-48
  898.0000  4.415E-48
  899.0000  4.372E-48
  900.0000  4.329E-48
  901.0000  4.287E-48
  902.0000  4.245E-48
  903.0000  4.203E-48
  904.0000  4.162E-48
  905.0000  4.121E-48
  906.0000  4.080E-48
  907.0000  4.040E-48
  908.0000  4.000E-48
  909.0000  3.961E-48
  910.0000  3.922E-48
  911.0000  3.884E-48
  912.0000  3.846E-48
  913.0000  3.808E-48
  914.0000  3.770E-48
  915.0000  3.733E-48
  916.0000  3.697E-48
  917.0000  3.660E-48
  918.0000  3.624E-48
  919.0000  3.589E-48
  920.0000  3.553E-48
  921.0000  3.518E-48
  922.0000  3.484E-48
  923.0000  3.449E-48
  924.0000  3.416E-48
  925.0000  3.382E-48
  926.0000  3.349E-48
  927.0000  3.316E-48
  928.0000  3.283E-48
  929.0000  3.251E-48
  930.0000  3.219E-48
  931.0000  3.187E-48
  932.0000  3.156E-48
  933.0000  3.125E-48
  934.0000  3.094E-48
  935.0000  3.063E-48
  936.0000  3.033E-48
  937.0000  3.003E-48
  938.0000  2.974E-48
  939.0000  2.944E-48
  940.0000  2.915E-48
  941.0000  2.886E-48
  942.0000  2.858E-48
  943.0000  2.830E-48
  944.0000  2.802E-48
  945.0000  2.774E-48
  946.0000  2.747E-48
  947.0000  2.720E-48
  948.0000  2.693E-48
  949.0000  2.666E-48
  950.0000  2.640E-48
  951.0000  2.614E-48
  952.0000  2.588E-48
  953.0000  2.562E-48
  954.0000  2.537E-48
  955.0000  2.512E-48
  956.0000  2.487E-48
  957.0000  2.462E-48
  958.0000  2.438E-48
  959.0000  2.414E-48
  960.0000  2.390E-48
  961.0000  2.366E-48
  962.0000  2.343E-48
  963.0000  2.320E-48
  964.0000  2.297E-48
  965.0000  2.274E-48
  966.0000  2.251E-48
  967.0000  2.229E-48
  968.0000  2.207E-48
  969.0000  2.185E-48
  970.0000  2.163E-48
  971.0000  2.142E-48
  972.0000  2.120E-48
  973.0000  2.099E-48
  974.0000  2.078E-48
  975.0000  2.058E-48
  976.0000  2.037E-48
  977.0000  2.017E-48
  978.0000  1.997E-48
  979.0000  1.977E-48
  980.0000  1.957E-48
  981.0000  1.937E-48
  982.0000  1.918E-48
  983.0000  1.899E-48
  984.0000  1.880E-48
  985.0000  1.861E-48
  986.0000  1.842E-48
  987.0000  1.824E-48
  988.0000  1.805E-48
  989.0000  1.787E-48
  990.0000  1.769E-48
  991.0000  1.752E-48
  992.0000  1.734E-48
  993.0000  1.717E-48
  994.0000  1.699E-48
  995.0000  1.682E-48
  996.0000  1.665E-48
  997.0000  1.648E-48
  998.0000  1.632E-48
  999.0000  1.615E-48
 1000.0000  1.599E-48
             CH4-He   1.000000 1000.0000   1000 133.47 2.062e-45 -.999          Model line shapes 25
    1.0000  3.048E-49
    2.0000  1.219E-48
    3.0000  2.741E-48
    4.0000  4.868E-48
    5.0000  7.596E-48
    6.0000  1.092E-47
    7.0000  1.484E-47
    8.0000  1.935E-47
    9.0000  2.443E-47
   10.0000  3.008E-47
   11.0000  3.630E-47
   12.0000  4.307E-47
   13.0000  5.039E-47
   14.0000  5.823E-47
   15.0000  6.660E-47
   16.0000  7.548E-47
   17.0000  8.485E-47
   18.0000  9.471E-47
   19.0000  1.050E-46
   20.0000  1.158E-46
   21.0000  1.271E-46
   22.0000  1.387E-46
   23.0000  1.508E-46
   24.0000  1.633E-46
   25.0000  1.761E-46
   26.0000  1.894E-46
   27.0000  2.029E-46
   28.0000  2.169E-46
   29.0000  2.311E-46
   30.0000  2.457E-46
   31.0000  2.606E-46
   32.0000  2.757E-46
   33.0000  2.911E-46
   34.0000  3.068E-46
   35.0000  3.227E-46
   36.0000  3.389E-46
   37.0000  3.553E-46
   38.0000  3.718E-46
   39.0000  3.886E-46
   40.0000  4.055E-46
   41.0000  4.226E-46
   42.0000  4.398E-46
   43.0000  4.572E-46
   44.0000  4.747E-46
   45.0000  4.923E-46
   46.0000  5.100E-46
   47.0000  5.279E-46
   48.0000  5.457E-46
   49.0000  5.637E-46
   50.0000  5.817E-46
   51.0000  5.998E-46
   52.0000  6.180E-46
   53.0000  6.361E-46
   54.0000  6.543E-46
   55.0000  6.725E-46
   56.0000  6.907E-46
   57.0000  7.089E-46
   58.0000  7.271E-46
   59.0000  7.453E-46
   60.0000  7.635E-46
   61.0000  7.816E-46
   62.0000  7.997E-46
   63.0000  8.178E-46
   64.0000  8.358E-46
   65.0000  8.537E-46
   66.0000  8.716E-46
   67.0000  8.894E-46
   68.0000  9.072E-46
   69.0000  9.249E-46
   70.0000  9.425E-46
   71.0000  9.600E-46
   72.0000  9.774E-46
   73.0000  9.947E-46
   74.0000  1.012E-45
   75.0000  1.029E-45
   76.0000  1.046E-45
   77.0000  1.063E-45
   78.0000  1.080E-45
   79.0000  1.097E-45
   80.0000  1.113E-45
   81.0000  1.130E-45
   82.0000  1.146E-45
   83.0000  1.162E-45
   84.0000  1.178E-45
   85.0000  1.194E-45
   86.0000  1.210E-45
   87.0000  1.226E-45
   88.0000  1.242E-45
   89.0000  1.257E-45
   90.0000  1.272E-45
   91.0000  1.288E-45
   92.0000  1.303E-45
   93.0000  1.318E-45
   94.0000  1.333E-45
   95.0000  1.347E-45
   96.0000  1.362E-45
   97.0000  1.376E-45
   98.0000  1.390E-45
   99.0000  1.405E-45
  100.0000  1.419E-45
  101.0000  1.432E-45
  102.0000  1.446E-45
  103.0000  1.460E-45
  104.0000  1.473E-45
  105.0000  1.486E-45
  106.0000  1.499E-45
  107.0000  1.512E-45
  108.0000  1.525E-45
  109.0000  1.538E-45
  110.0000  1.551E-45
  111.0000  1.563E-45
  112.0000  1.575E-45
  113.0000  1.587E-45
  114.0000  1.599E-45
  115.0000  1.611E-45
  116.0000  1.623E-45
  117.0000  1.635E-45
  118.0000  1.646E-45
  119.0000  1.657E-45
  120.0000  1.668E-45
  121.0000  1.679E-45
  122.0000  1.690E-45
  123.0000  1.701E-45
  124.0000  1.711E-45
  125.0000  1.722E-45
  126.0000  1.732E-45
  127.0000  1.742E-45
  128.0000  1.752E-45
  129.0000  1.762E-45
  130.0000  1.772E-45
  131.0000  1.781E-45
  132.0000  1.791E-45
  133.0000  1.800E-45
  134.0000  1.809E-45
  135.0000  1.818E-45
  136.0000  1.827E-45
  137.0000  1.835E-45
  138.0000  1.844E-45
  139.0000  1.852E-45
  140.0000  1.860E-45
  141.0000  1.868E-45
  142.0000  1.876E-45
  143.0000  1.884E-45
  144.0000  1.891E-45
  145.0000  1.899E-45
  146.0000  1.906E-45
  147.0000  1.913E-45
  148.0000  1.920E-45
  149.0000  1.927E-45
  150.0000  1.933E-45
  151.0000  1.940E-45
  152.0000  1.946E-45
  153.0000  1.952E-45
  154.0000  1.958E-45
  155.0000  1.964E-45
  156.0000  1.970E-45
  157.0000  1.975E-45
  158.0000  1.981E-45
  159.0000  1.986E-45
  160.0000  1.991E-45
  161.0000  1.996E-45
  162.0000  2.000E-45
  163.0000  2.005E-45
  164.0000  2.009E-45
  165.0000  2.013E-45
  166.0000  2.017E-45
  167.0000  2.021E-45
  168.0000  2.025E-45
  169.0000  2.028E-45
  170.0000  2.031E-45
  171.0000  2.035E-45
  172.0000  2.038E-45
  173.0000  2.040E-45
  174.0000  2.043E-45
  175.0000  2.045E-45
  176.0000  2.048E-45
  177.0000  2.050E-45
  178.0000  2.052E-45
  179.0000  2.054E-45
  180.0000  2.055E-45
  181.0000  2.057E-45
  182.0000  2.058E-45
  183.0000  2.059E-45
  184.0000  2.060E-45
  185.0000  2.061E-45
  186.0000  2.061E-45
  187.0000  2.062E-45
  188.0000  2.062E-45
  189.0000  2.062E-45
  190.0000  2.062E-45
  191.0000  2.062E-45
  192.0000  2.062E-45
  193.0000  2.062E-45
  194.0000  2.061E-45
  195.0000  2.060E-45
  196.0000  2.059E-45
  197.0000  2.058E-45
  198.0000  2.057E-45
  199.0000  2.056E-45
  200.0000  2.055E-45
  201.0000  2.053E-45
  202.0000  2.051E-45
  203.0000  2.049E-45
  204.0000  2.047E-45
  205.0000  2.045E-45
  206.0000  2.043E-45
  207.0000  2.041E-45
  208.0000  2.038E-45
  209.0000  2.036E-45
  210.0000  2.033E-45
  211.0000  2.030E-45
  212.0000  2.027E-45
  213.0000  2.024E-45
  214.0000  2.021E-45
  215.0000  2.018E-45
  216.0000  2.015E-45
  217.0000  2.011E-45
  218.0000  2.008E-45
  219.0000  2.004E-45
  220.0000  2.000E-45
  221.0000  1.997E-45
  222.0000  1.993E-45
  223.0000  1.989E-45
  224.0000  1.985E-45
  225.0000  1.980E-45
  226.0000  1.976E-45
  227.0000  1.972E-45
  228.0000  1.967E-45
  229.0000  1.963E-45
  230.0000  1.958E-45
  231.0000  1.953E-45
  232.0000  1.949E-45
  233.0000  1.944E-45
  234.0000  1.939E-45
  235.0000  1.934E-45
  236.0000  1.929E-45
  237.0000  1.924E-45
  238.0000  1.918E-45
  239.0000  1.913E-45
  240.0000  1.908E-45
  241.0000  1.902E-45
  242.0000  1.897E-45
  243.0000  1.891E-45
  244.0000  1.886E-45
  245.0000  1.880E-45
  246.0000  1.874E-45
  247.0000  1.868E-45
  248.0000  1.862E-45
  249.0000  1.856E-45
  250.0000  1.850E-45
  251.0000  1.844E-45
  252.0000  1.838E-45
  253.0000  1.832E-45
  254.0000  1.825E-45
  255.0000  1.819E-45
  256.0000  1.812E-45
  257.0000  1.806E-45
  258.0000  1.799E-45
  259.0000  1.793E-45
  260.0000  1.786E-45
  261.0000  1.779E-45
  262.0000  1.772E-45
  263.0000  1.765E-45
  264.0000  1.758E-45
  265.0000  1.752E-45
  266.0000  1.744E-45
  267.0000  1.737E-45
  268.0000  1.730E-45
  269.0000  1.723E-45
  270.0000  1.716E-45
  271.0000  1.708E-45
  272.0000  1.701E-45
  273.0000  1.694E-45
  274.0000  1.686E-45
  275.0000  1.679E-45
  276.0000  1.671E-45
  277.0000  1.664E-45
  278.0000  1.656E-45
  279.0000  1.648E-45
  280.0000  1.641E-45
  281.0000  1.633E-45
  282.0000  1.625E-45
  283.0000  1.618E-45
  284.0000  1.610E-45
  285.0000  1.602E-45
  286.0000  1.594E-45
  287.0000  1.586E-45
  288.0000  1.578E-45
  289.0000  1.570E-45
  290.0000  1.562E-45
  291.0000  1.554E-45
  292.0000  1.546E-45
  293.0000  1.538E-45
  294.0000  1.530E-45
  295.0000  1.522E-45
  296.0000  1.514E-45
  297.0000  1.506E-45
  298.0000  1.498E-45
  299.0000  1.490E-45
  300.0000  1.482E-45
  301.0000  1.474E-45
  302.0000  1.466E-45
  303.0000  1.458E-45
  304.0000  1.450E-45
  305.0000  1.442E-45
  306.0000  1.433E-45
  307.0000  1.425E-45
  308.0000  1.417E-45
  309.0000  1.409E-45
  310.0000  1.401E-45
  311.0000  1.393E-45
  312.0000  1.385E-45
  313.0000  1.377E-45
  314.0000  1.369E-45
  315.0000  1.361E-45
  316.0000  1.353E-45
  317.0000  1.344E-45
  318.0000  1.336E-45
  319.0000  1.328E-45
  320.0000  1.320E-45
  321.0000  1.312E-45
  322.0000  1.304E-45
  323.0000  1.296E-45
  324.0000  1.288E-45
  325.0000  1.280E-45
  326.0000  1.273E-45
  327.0000  1.265E-45
  328.0000  1.257E-45
  329.0000  1.249E-45
  330.0000  1.241E-45
  331.0000  1.233E-45
  332.0000  1.225E-45
  333.0000  1.218E-45
  334.0000  1.210E-45
  335.0000  1.202E-45
  336.0000  1.194E-45
  337.0000  1.187E-45
  338.0000  1.179E-45
  339.0000  1.171E-45
  340.0000  1.164E-45
  341.0000  1.156E-45
  342.0000  1.148E-45
  343.0000  1.141E-45
  344.0000  1.133E-45
  345.0000  1.126E-45
  346.0000  1.118E-45
  347.0000  1.111E-45
  348.0000  1.103E-45
  349.0000  1.096E-45
  350.0000  1.088E-45
  351.0000  1.081E-45
  352.0000  1.074E-45
  353.0000  1.066E-45
  354.0000  1.059E-45
  355.0000  1.052E-45
  356.0000  1.045E-45
  357.0000  1.037E-45
  358.0000  1.030E-45
  359.0000  1.023E-45
  360.0000  1.016E-45
  361.0000  1.009E-45
  362.0000  1.002E-45
  363.0000  9.949E-46
  364.0000  9.879E-46
  365.0000  9.809E-46
  366.0000  9.740E-46
  367.0000  9.671E-46
  368.0000  9.602E-46
  369.0000  9.534E-46
  370.0000  9.466E-46
  371.0000  9.398E-46
  372.0000  9.331E-46
  373.0000  9.264E-46
  374.0000  9.197E-46
  375.0000  9.131E-46
  376.0000  9.065E-46
  377.0000  8.999E-46
  378.0000  8.934E-46
  379.0000  8.869E-46
  380.0000  8.804E-46
  381.0000  8.739E-46
  382.0000  8.675E-46
  383.0000  8.612E-46
  384.0000  8.548E-46
  385.0000  8.485E-46
  386.0000  8.423E-46
  387.0000  8.360E-46
  388.0000  8.298E-46
  389.0000  8.237E-46
  390.0000  8.175E-46
  391.0000  8.114E-46
  392.0000  8.054E-46
  393.0000  7.993E-46
  394.0000  7.933E-46
  395.0000  7.874E-46
  396.0000  7.815E-46
  397.0000  7.756E-46
  398.0000  7.697E-46
  399.0000  7.639E-46
  400.0000  7.581E-46
  401.0000  7.524E-46
  402.0000  7.466E-46
  403.0000  7.410E-46
  404.0000  7.353E-46
  405.0000  7.297E-46
  406.0000  7.241E-46
  407.0000  7.186E-46
  408.0000  7.131E-46
  409.0000  7.076E-46
  410.0000  7.022E-46
  411.0000  6.968E-46
  412.0000  6.914E-46
  413.0000  6.860E-46
  414.0000  6.807E-46
  415.0000  6.755E-46
  416.0000  6.702E-46
  417.0000  6.650E-46
  418.0000  6.599E-46
  419.0000  6.547E-46
  420.0000  6.496E-46
  421.0000  6.446E-46
  422.0000  6.396E-46
  423.0000  6.346E-46
  424.0000  6.296E-46
  425.0000  6.247E-46
  426.0000  6.198E-46
  427.0000  6.149E-46
  428.0000  6.101E-46
  429.0000  6.053E-46
  430.0000  6.005E-46
  431.0000  5.958E-46
  432.0000  5.911E-46
  433.0000  5.864E-46
  434.0000  5.818E-46
  435.0000  5.772E-46
  436.0000  5.726E-46
  437.0000  5.680E-46
  438.0000  5.635E-46
  439.0000  5.591E-46
  440.0000  5.546E-46
  441.0000  5.502E-46
  442.0000  5.458E-46
  443.0000  5.415E-46
  444.0000  5.371E-46
  445.0000  5.328E-46
  446.0000  5.286E-46
  447.0000  5.243E-46
  448.0000  5.201E-46
  449.0000  5.160E-46
  450.0000  5.118E-46
  451.0000  5.077E-46
  452.0000  5.036E-46
  453.0000  4.996E-46
  454.0000  4.956E-46
  455.0000  4.916E-46
  456.0000  4.876E-46
  457.0000  4.837E-46
  458.0000  4.797E-46
  459.0000  4.759E-46
  460.0000  4.720E-46
  461.0000  4.682E-46
  462.0000  4.644E-46
  463.0000  4.606E-46
  464.0000  4.569E-46
  465.0000  4.532E-46
  466.0000  4.495E-46
  467.0000  4.458E-46
  468.0000  4.422E-46
  469.0000  4.386E-46
  470.0000  4.350E-46
  471.0000  4.315E-46
  472.0000  4.279E-46
  473.0000  4.244E-46
  474.0000  4.210E-46
  475.0000  4.175E-46
  476.0000  4.141E-46
  477.0000  4.107E-46
  478.0000  4.073E-46
  479.0000  4.040E-46
  480.0000  4.007E-46
  481.0000  3.974E-46
  482.0000  3.941E-46
  483.0000  3.908E-46
  484.0000  3.876E-46
  485.0000  3.844E-46
  486.0000  3.813E-46
  487.0000  3.781E-46
  488.0000  3.750E-46
  489.0000  3.719E-46
  490.0000  3.688E-46
  491.0000  3.658E-46
  492.0000  3.627E-46
  493.0000  3.597E-46
  494.0000  3.567E-46
  495.0000  3.538E-46
  496.0000  3.508E-46
  497.0000  3.479E-46
  498.0000  3.450E-46
  499.0000  3.421E-46
  500.0000  3.393E-46
  501.0000  3.365E-46
  502.0000  3.337E-46
  503.0000  3.309E-46
  504.0000  3.281E-46
  505.0000  3.254E-46
  506.0000  3.227E-46
  507.0000  3.200E-46
  508.0000  3.173E-46
  509.0000  3.146E-46
  510.0000  3.120E-46
  511.0000  3.094E-46
  512.0000  3.068E-46
  513.0000  3.042E-46
  514.0000  3.016E-46
  515.0000  2.991E-46
  516.0000  2.966E-46
  517.0000  2.941E-46
  518.0000  2.916E-46
  519.0000  2.892E-46
  520.0000  2.867E-46
  521.0000  2.843E-46
  522.0000  2.819E-46
  523.0000  2.795E-46
  524.0000  2.772E-46
  525.0000  2.748E-46
  526.0000  2.725E-46
  527.0000  2.702E-46
  528.0000  2.679E-46
  529.0000  2.657E-46
  530.0000  2.634E-46
  531.0000  2.612E-46
  532.0000  2.590E-46
  533.0000  2.568E-46
  534.0000  2.546E-46
  535.0000  2.524E-46
  536.0000  2.503E-46
  537.0000  2.481E-46
  538.0000  2.460E-46
  539.0000  2.439E-46
  540.0000  2.418E-46
  541.0000  2.398E-46
  542.0000  2.377E-46
  543.0000  2.357E-46
  544.0000  2.337E-46
  545.0000  2.317E-46
  546.0000  2.297E-46
  547.0000  2.278E-46
  548.0000  2.258E-46
  549.0000  2.239E-46
  550.0000  2.220E-46
  551.0000  2.201E-46
  552.0000  2.182E-46
  553.0000  2.163E-46
  554.0000  2.144E-46
  555.0000  2.126E-46
  556.0000  2.108E-46
  557.0000  2.090E-46
  558.0000  2.072E-46
  559.0000  2.054E-46
  560.0000  2.036E-46
  561.0000  2.019E-46
  562.0000  2.001E-46
  563.0000  1.984E-46
  564.0000  1.967E-46
  565.0000  1.950E-46
  566.0000  1.933E-46
  567.0000  1.916E-46
  568.0000  1.900E-46
  569.0000  1.883E-46
  570.0000  1.867E-46
  571.0000  1.851E-46
  572.0000  1.835E-46
  573.0000  1.819E-46
  574.0000  1.803E-46
  575.0000  1.788E-46
  576.0000  1.772E-46
  577.0000  1.757E-46
  578.0000  1.742E-46
  579.0000  1.726E-46
  580.0000  1.712E-46
  581.0000  1.697E-46
  582.0000  1.682E-46
  583.0000  1.667E-46
  584.0000  1.653E-46
  585.0000  1.638E-46
  586.0000  1.624E-46
  587.0000  1.610E-46
  588.0000  1.596E-46
  589.0000  1.582E-46
  590.0000  1.568E-46
  591.0000  1.554E-46
  592.0000  1.541E-46
  593.0000  1.527E-46
  594.0000  1.514E-46
  595.0000  1.501E-46
  596.0000  1.488E-46
  597.0000  1.475E-46
  598.0000  1.462E-46
  599.0000  1.449E-46
  600.0000  1.436E-46
  601.0000  1.424E-46
  602.0000  1.411E-46
  603.0000  1.399E-46
  604.0000  1.387E-46
  605.0000  1.374E-46
  606.0000  1.362E-46
  607.0000  1.350E-46
  608.0000  1.339E-46
  609.0000  1.327E-46
  610.0000  1.315E-46
  611.0000  1.303E-46
  612.0000  1.292E-46
  613.0000  1.281E-46
  614.0000  1.269E-46
  615.0000  1.258E-46
  616.0000  1.247E-46
  617.0000  1.236E-46
  618.0000  1.225E-46
  619.0000  1.214E-46
  620.0000  1.204E-46
  621.0000  1.193E-46
  622.0000  1.182E-46
  623.0000  1.172E-46
  624.0000  1.162E-46
  625.0000  1.151E-46
  626.0000  1.141E-46
  627.0000  1.131E-46
  628.0000  1.121E-46
  629.0000  1.111E-46
  630.0000  1.101E-46
  631.0000  1.092E-46
  632.0000  1.082E-46
  633.0000  1.072E-46
  634.0000  1.063E-46
  635.0000  1.053E-46
  636.0000  1.044E-46
  637.0000  1.035E-46
  638.0000  1.025E-46
  639.0000  1.016E-46
  640.0000  1.007E-46
  641.0000  9.984E-47
  642.0000  9.895E-47
  643.0000  9.807E-47
  644.0000  9.720E-47
  645.0000  9.633E-47
  646.0000  9.547E-47
  647.0000  9.462E-47
  648.0000  9.378E-47
  649.0000  9.294E-47
  650.0000  9.211E-47
  651.0000  9.129E-47
  652.0000  9.048E-47
  653.0000  8.967E-47
  654.0000  8.887E-47
  655.0000  8.807E-47
  656.0000  8.729E-47
  657.0000  8.651E-47
  658.0000  8.573E-47
  659.0000  8.497E-47
  660.0000  8.421E-47
  661.0000  8.345E-47
  662.0000  8.271E-47
  663.0000  8.197E-47
  664.0000  8.123E-47
  665.0000  8.050E-47
  666.0000  7.978E-47
  667.0000  7.907E-47
  668.0000  7.836E-47
  669.0000  7.766E-47
  670.0000  7.696E-47
  671.0000  7.627E-47
  672.0000  7.558E-47
  673.0000  7.490E-47
  674.0000  7.423E-47
  675.0000  7.356E-47
  676.0000  7.290E-47
  677.0000  7.225E-47
  678.0000  7.160E-47
  679.0000  7.096E-47
  680.0000  7.032E-47
  681.0000  6.968E-47
  682.0000  6.906E-47
  683.0000  6.844E-47
  684.0000  6.782E-47
  685.0000  6.721E-47
  686.0000  6.660E-47
  687.0000  6.600E-47
  688.0000  6.541E-47
  689.0000  6.482E-47
  690.0000  6.423E-47
  691.0000  6.365E-47
  692.0000  6.308E-47
  693.0000  6.251E-47
  694.0000  6.195E-47
  695.0000  6.139E-47
  696.0000  6.083E-47
  697.0000  6.028E-47
  698.0000  5.974E-47
  699.0000  5.920E-47
  700.0000  5.866E-47
  701.0000  5.813E-47
  702.0000  5.761E-47
  703.0000  5.709E-47
  704.0000  5.657E-47
  705.0000  5.606E-47
  706.0000  5.555E-47
  707.0000  5.505E-47
  708.0000  5.455E-47
  709.0000  5.406E-47
  710.0000  5.357E-47
  711.0000  5.308E-47
  712.0000  5.260E-47
  713.0000  5.212E-47
  714.0000  5.165E-47
  715.0000  5.118E-47
  716.0000  5.072E-47
  717.0000  5.026E-47
  718.0000  4.980E-47
  719.0000  4.935E-47
  720.0000  4.890E-47
  721.0000  4.846E-47
  722.0000  4.802E-47
  723.0000  4.758E-47
  724.0000  4.715E-47
  725.0000  4.672E-47
  726.0000  4.630E-47
  727.0000  4.588E-47
  728.0000  4.546E-47
  729.0000  4.505E-47
  730.0000  4.464E-47
  731.0000  4.423E-47
  732.0000  4.383E-47
  733.0000  4.343E-47
  734.0000  4.303E-47
  735.0000  4.264E-47
  736.0000  4.226E-47
  737.0000  4.187E-47
  738.0000  4.149E-47
  739.0000  4.111E-47
  740.0000  4.074E-47
  741.0000  4.037E-47
  742.0000  4.000E-47
  743.0000  3.963E-47
  744.0000  3.927E-47
  745.0000  3.891E-47
  746.0000  3.856E-47
  747.0000  3.821E-47
  748.0000  3.786E-47
  749.0000  3.751E-47
  750.0000  3.717E-47
  751.0000  3.683E-47
  752.0000  3.650E-47
  753.0000  3.616E-47
  754.0000  3.583E-47
  755.0000  3.551E-47
  756.0000  3.518E-47
  757.0000  3.486E-47
  758.0000  3.454E-47
  759.0000  3.423E-47
  760.0000  3.391E-47
  761.0000  3.360E-47
  762.0000  3.330E-47
  763.0000  3.299E-47
  764.0000  3.269E-47
  765.0000  3.239E-47
  766.0000  3.210E-47
  767.0000  3.180E-47
  768.0000  3.151E-47
  769.0000  3.122E-47
  770.0000  3.094E-47
  771.0000  3.066E-47
  772.0000  3.037E-47
  773.0000  3.010E-47
  774.0000  2.982E-47
  775.0000  2.955E-47
  776.0000  2.928E-47
  777.0000  2.901E-47
  778.0000  2.874E-47
  779.0000  2.848E-47
  780.0000  2.822E-47
  781.0000  2.796E-47
  782.0000  2.771E-47
  783.0000  2.745E-47
  784.0000  2.720E-47
  785.0000  2.695E-47
  786.0000  2.670E-47
  787.0000  2.646E-47
  788.0000  2.622E-47
  789.0000  2.598E-47
  790.0000  2.574E-47
  791.0000  2.550E-47
  792.0000  2.527E-47
  793.0000  2.504E-47
  794.0000  2.481E-47
  795.0000  2.458E-47
  796.0000  2.435E-47
  797.0000  2.413E-47
  798.0000  2.391E-47
  799.0000  2.369E-47
  800.0000  2.347E-47
  801.0000  2.326E-47
  802.0000  2.304E-47
  803.0000  2.283E-47
  804.0000  2.262E-47
  805.0000  2.241E-47
  806.0000  2.221E-47
  807.0000  2.200E-47
  808.0000  2.180E-47
  809.0000  2.160E-47
  810.0000  2.140E-47
  811.0000  2.121E-47
  812.0000  2.101E-47
  813.0000  2.082E-47
  814.0000  2.063E-47
  815.0000  2.044E-47
  816.0000  2.025E-47
  817.0000  2.006E-47
  818.0000  1.988E-47
  819.0000  1.970E-47
  820.0000  1.951E-47
  821.0000  1.933E-47
  822.0000  1.916E-47
  823.0000  1.898E-47
  824.0000  1.881E-47
  825.0000  1.863E-47
  826.0000  1.846E-47
  827.0000  1.829E-47
  828.0000  1.812E-47
  829.0000  1.796E-47
  830.0000  1.779E-47
  831.0000  1.763E-47
  832.0000  1.746E-47
  833.0000  1.730E-47
  834.0000  1.714E-47
  835.0000  1.699E-47
  836.0000  1.683E-47
  837.0000  1.668E-47
  838.0000  1.652E-47
  839.0000  1.637E-47
  840.0000  1.622E-47
  841.0000  1.607E-47
  842.0000  1.592E-47
  843.0000  1.577E-47
  844.0000  1.563E-47
  845.0000  1.549E-47
  846.0000  1.534E-47
  847.0000  1.520E-47
  848.0000  1.506E-47
  849.0000  1.492E-47
  850.0000  1.478E-47
  851.0000  1.465E-47
  852.0000  1.451E-47
  853.0000  1.438E-47
  854.0000  1.425E-47
  855.0000  1.411E-47
  856.0000  1.398E-47
  857.0000  1.386E-47
  858.0000  1.373E-47
  859.0000  1.360E-47
  860.0000  1.348E-47
  861.0000  1.335E-47
  862.0000  1.323E-47
  863.0000  1.311E-47
  864.0000  1.298E-47
  865.0000  1.287E-47
  866.0000  1.275E-47
  867.0000  1.263E-47
  868.0000  1.251E-47
  869.0000  1.240E-47
  870.0000  1.228E-47
  871.0000  1.217E-47
  872.0000  1.206E-47
  873.0000  1.194E-47
  874.0000  1.183E-47
  875.0000  1.172E-47
  876.0000  1.162E-47
  877.0000  1.151E-47
  878.0000  1.140E-47
  879.0000  1.130E-47
  880.0000  1.119E-47
  881.0000  1.109E-47
  882.0000  1.099E-47
  883.0000  1.089E-47
  884.0000  1.078E-47
  885.0000  1.068E-47
  886.0000  1.059E-47
  887.0000  1.049E-47
  888.0000  1.039E-47
  889.0000  1.030E-47
  890.0000  1.020E-47
  891.0000  1.011E-47
  892.0000  1.001E-47
  893.0000  9.919E-48
  894.0000  9.827E-48
  895.0000  9.736E-48
  896.0000  9.646E-48
  897.0000  9.557E-48
  898.0000  9.468E-48
  899.0000  9.381E-48
  900.0000  9.294E-48
  901.0000  9.208E-48
  902.0000  9.122E-48
  903.0000  9.038E-48
  904.0000  8.954E-48
  905.0000  8.871E-48
  906.0000  8.789E-48
  907.0000  8.707E-48
  908.0000  8.627E-48
  909.0000  8.547E-48
  910.0000  8.467E-48
  911.0000  8.389E-48
  912.0000  8.311E-48
  913.0000  8.234E-48
  914.0000  8.157E-48
  915.0000  8.082E-48
  916.0000  8.007E-48
  917.0000  7.932E-48
  918.0000  7.859E-48
  919.0000  7.786E-48
  920.0000  7.713E-48
  921.0000  7.642E-48
  922.0000  7.571E-48
  923.0000  7.500E-48
  924.0000  7.431E-48
  925.0000  7.362E-48
  926.0000  7.293E-48
  927.0000  7.225E-48
  928.0000  7.158E-48
  929.0000  7.092E-48
  930.0000  7.026E-48
  931.0000  6.960E-48
  932.0000  6.895E-48
  933.0000  6.831E-48
  934.0000  6.768E-48
  935.0000  6.705E-48
  936.0000  6.642E-48
  937.0000  6.580E-48
  938.0000  6.519E-48
  939.0000  6.458E-48
  940.0000  6.398E-48
  941.0000  6.338E-48
  942.0000  6.279E-48
  943.0000  6.221E-48
  944.0000  6.162E-48
  945.0000  6.105E-48
  946.0000  6.048E-48
  947.0000  5.991E-48
  948.0000  5.935E-48
  949.0000  5.880E-48
  950.0000  5.825E-48
  951.0000  5.770E-48
  952.0000  5.716E-48
  953.0000  5.663E-48
  954.0000  5.610E-48
  955.0000  5.557E-48
  956.0000  5.505E-48
  957.0000  5.454E-48
  958.0000  5.403E-48
  959.0000  5.352E-48
  960.0000  5.302E-48
  961.0000  5.252E-48
  962.0000  5.203E-48
  963.0000  5.154E-48
  964.0000  5.105E-48
  965.0000  5.057E-48
  966.0000  5.010E-48
  967.0000  4.963E-48
  968.0000  4.916E-48
  969.0000  4.870E-48
  970.0000  4.824E-48
  971.0000  4.778E-48
  972.0000  4.733E-48
  973.0000  4.689E-48
  974.0000  4.644E-48
  975.0000  4.600E-48
  976.0000  4.557E-48
  977.0000  4.514E-48
  978.0000  4.471E-48
  979.0000  4.429E-48
  980.0000  4.387E-48
  981.0000  4.345E-48
  982.0000  4.304E-48
  983.0000  4.263E-48
  984.0000  4.223E-48
  985.0000  4.182E-48
  986.0000  4.143E-48
  987.0000  4.103E-48
  988.0000  4.064E-48
  989.0000  4.025E-48
  990.0000  3.987E-48
  991.0000  3.949E-48
  992.0000  3.911E-48
  993.0000  3.874E-48
  994.0000  3.837E-48
  995.0000  3.800E-48
  996.0000  3.764E-48
  997.0000  3.728E-48
  998.0000  3.692E-48
  999.0000  3.657E-48
 1000.0000  3.621E-48
             CH4-He   1.000000 1000.0000   1000 169.84 2.295e-45 -.999          Model line shapes 25
    1.0000  2.669E-49
    2.0000  1.067E-48
    3.0000  2.400E-48
    4.0000  4.263E-48
    5.0000  6.656E-48
    6.0000  9.574E-48
    7.0000  1.301E-47
    8.0000  1.697E-47
    9.0000  2.145E-47
   10.0000  2.643E-47
   11.0000  3.191E-47
   12.0000  3.789E-47
   13.0000  4.436E-47
   14.0000  5.132E-47
   15.0000  5.874E-47
   16.0000  6.664E-47
   17.0000  7.499E-47
   18.0000  8.380E-47
   19.0000  9.304E-47
   20.0000  1.027E-46
   21.0000  1.128E-46
   22.0000  1.233E-46
   23.0000  1.342E-46
   24.0000  1.455E-46
   25.0000  1.572E-46
   26.0000  1.692E-46
   27.0000  1.816E-46
   28.0000  1.944E-46
   29.0000  2.075E-46
   30.0000  2.209E-46
   31.0000  2.346E-46
   32.0000  2.486E-46
   33.0000  2.629E-46
   34.0000  2.775E-46
   35.0000  2.924E-46
   36.0000  3.075E-46
   37.0000  3.228E-46
   38.0000  3.384E-46
   39.0000  3.543E-46
   40.0000  3.703E-46
   41.0000  3.865E-46
   42.0000  4.029E-46
   43.0000  4.195E-46
   44.0000  4.363E-46
   45.0000  4.532E-46
   46.0000  4.703E-46
   47.0000  4.875E-46
   48.0000  5.049E-46
   49.0000  5.223E-46
   50.0000  5.399E-46
   51.0000  5.576E-46
   52.0000  5.754E-46
   53.0000  5.933E-46
   54.0000  6.112E-46
   55.0000  6.292E-46
   56.0000  6.473E-46
   57.0000  6.654E-46
   58.0000  6.836E-46
   59.0000  7.018E-46
   60.0000  7.201E-46
   61.0000  7.384E-46
   62.0000  7.567E-46
   63.0000  7.750E-46
   64.0000  7.933E-46
   65.0000  8.116E-46
   66.0000  8.299E-46
   67.0000  8.482E-46
   68.0000  8.664E-46
   69.0000  8.847E-46
   70.0000  9.029E-46
   71.0000  9.211E-46
   72.0000  9.392E-46
   73.0000  9.573E-46
   74.0000  9.754E-46
   75.0000  9.934E-46
   76.0000  1.011E-45
   77.0000  1.029E-45
   78.0000  1.047E-45
   79.0000  1.065E-45
   80.0000  1.082E-45
   81.0000  1.100E-45
   82.0000  1.118E-45
   83.0000  1.135E-45
   84.0000  1.152E-45
   85.0000  1.170E-45
   86.0000  1.187E-45
   87.0000  1.204E-45
   88.0000  1.221E-45
   89.0000  1.238E-45
   90.0000  1.255E-45
   91.0000  1.271E-45
   92.0000  1.288E-45
   93.0000  1.304E-45
   94.0000  1.321E-45
   95.0000  1.337E-45
   96.0000  1.353E-45
   97.0000  1.369E-45
   98.0000  1.385E-45
   99.0000  1.401E-45
  100.0000  1.417E-45
  101.0000  1.432E-45
  102.0000  1.448E-45
  103.0000  1.463E-45
  104.0000  1.478E-45
  105.0000  1.493E-45
  106.0000  1.508E-45
  107.0000  1.523E-45
  108.0000  1.538E-45
  109.0000  1.552E-45
  110.0000  1.567E-45
  111.0000  1.581E-45
  112.0000  1.595E-45
  113.0000  1.609E-45
  114.0000  1.623E-45
  115.0000  1.637E-45
  116.0000  1.651E-45
  117.0000  1.664E-45
  118.0000  1.678E-45
  119.0000  1.691E-45
  120.0000  1.704E-45
  121.0000  1.717E-45
  122.0000  1.730E-45
  123.0000  1.742E-45
  124.0000  1.755E-45
  125.0000  1.767E-45
  126.0000  1.780E-45
  127.0000  1.792E-45
  128.0000  1.804E-45
  129.0000  1.816E-45
  130.0000  1.828E-45
  131.0000  1.839E-45
  132.0000  1.851E-45
  133.0000  1.862E-45
  134.0000  1.873E-45
  135.0000  1.884E-45
  136.0000  1.895E-45
  137.0000  1.906E-45
  138.0000  1.917E-45
  139.0000  1.927E-45
  140.0000  1.938E-45
  141.0000  1.948E-45
  142.0000  1.958E-45
  143.0000  1.968E-45
  144.0000  1.978E-45
  145.0000  1.987E-45
  146.0000  1.997E-45
  147.0000  2.006E-45
  148.0000  2.015E-45
  149.0000  2.024E-45
  150.0000  2.033E-45
  151.0000  2.042E-45
  152.0000  2.051E-45
  153.0000  2.059E-45
  154.0000  2.067E-45
  155.0000  2.075E-45
  156.0000  2.083E-45
  157.0000  2.091E-45
  158.0000  2.099E-45
  159.0000  2.107E-45
  160.0000  2.114E-45
  161.0000  2.121E-45
  162.0000  2.128E-45
  163.0000  2.135E-45
  164.0000  2.142E-45
  165.0000  2.149E-45
  166.0000  2.155E-45
  167.0000  2.162E-45
  168.0000  2.168E-45
  169.0000  2.174E-45
  170.0000  2.180E-45
  171.0000  2.186E-45
  172.0000  2.191E-45
  173.0000  2.197E-45
  174.0000  2.202E-45
  175.0000  2.207E-45
  176.0000  2.212E-45
  177.0000  2.217E-45
  178.0000  2.222E-45
  179.0000  2.226E-45
  180.0000  2.231E-45
  181.0000  2.235E-45
  182.0000  2.239E-45
  183.0000  2.243E-45
  184.0000  2.247E-45
  185.0000  2.250E-45
  186.0000  2.254E-45
  187.0000  2.257E-45
  188.0000  2.260E-45
  189.0000  2.264E-45
  190.0000  2.266E-45
  191.0000  2.269E-45
  192.0000  2.272E-45
  193.0000  2.274E-45
  194.0000  2.277E-45
  195.0000  2.279E-45
  196.0000  2.281E-45
  197.0000  2.283E-45
  198.0000  2.285E-45
  199.0000  2.286E-45
  200.0000  2.288E-45
  201.0000  2.289E-45
  202.0000  2.290E-45
  203.0000  2.291E-45
  204.0000  2.292E-45
  205.0000  2.293E-45
  206.0000  2.294E-45
  207.0000  2.294E-45
  208.0000  2.295E-45
  209.0000  2.295E-45
  210.0000  2.295E-45
  211.0000  2.295E-45
  212.0000  2.295E-45
  213.0000  2.295E-45
  214.0000  2.295E-45
  215.0000  2.295E-45
  216.0000  2.294E-45
  217.0000  2.293E-45
  218.0000  2.293E-45
  219.0000  2.292E-45
  220.0000  2.291E-45
  221.0000  2.290E-45
  222.0000  2.288E-45
  223.0000  2.287E-45
  224.0000  2.286E-45
  225.0000  2.284E-45
  226.0000  2.282E-45
  227.0000  2.281E-45
  228.0000  2.279E-45
  229.0000  2.277E-45
  230.0000  2.275E-45
  231.0000  2.272E-45
  232.0000  2.270E-45
  233.0000  2.268E-45
  234.0000  2.265E-45
  235.0000  2.263E-45
  236.0000  2.260E-45
  237.0000  2.257E-45
  238.0000  2.254E-45
  239.0000  2.251E-45
  240.0000  2.248E-45
  241.0000  2.245E-45
  242.0000  2.242E-45
  243.0000  2.238E-45
  244.0000  2.235E-45
  245.0000  2.231E-45
  246.0000  2.227E-45
  247.0000  2.224E-45
  248.0000  2.220E-45
  249.0000  2.216E-45
  250.0000  2.212E-45
  251.0000  2.208E-45
  252.0000  2.203E-45
  253.0000  2.199E-45
  254.0000  2.195E-45
  255.0000  2.190E-45
  256.0000  2.186E-45
  257.0000  2.181E-45
  258.0000  2.176E-45
  259.0000  2.171E-45
  260.0000  2.167E-45
  261.0000  2.162E-45
  262.0000  2.156E-45
  263.0000  2.151E-45
  264.0000  2.146E-45
  265.0000  2.141E-45
  266.0000  2.135E-45
  267.0000  2.130E-45
  268.0000  2.124E-45
  269.0000  2.119E-45
  270.0000  2.113E-45
  271.0000  2.107E-45
  272.0000  2.101E-45
  273.0000  2.095E-45
  274.0000  2.089E-45
  275.0000  2.083E-45
  276.0000  2.077E-45
  277.0000  2.071E-45
  278.0000  2.065E-45
  279.0000  2.058E-45
  280.0000  2.052E-45
  281.0000  2.046E-45
  282.0000  2.039E-45
  283.0000  2.033E-45
  284.0000  2.026E-45
  285.0000  2.019E-45
  286.0000  2.013E-45
  287.0000  2.006E-45
  288.0000  1.999E-45
  289.0000  1.992E-45
  290.0000  1.985E-45
  291.0000  1.978E-45
  292.0000  1.971E-45
  293.0000  1.964E-45
  294.0000  1.957E-45
  295.0000  1.950E-45
  296.0000  1.942E-45
  297.0000  1.935E-45
  298.0000  1.928E-45
  299.0000  1.920E-45
  300.0000  1.913E-45
  301.0000  1.906E-45
  302.0000  1.898E-45
  303.0000  1.891E-45
  304.0000  1.883E-45
  305.0000  1.875E-45
  306.0000  1.868E-45
  307.0000  1.860E-45
  308.0000  1.853E-45
  309.0000  1.845E-45
  310.0000  1.837E-45
  311.0000  1.829E-45
  312.0000  1.822E-45
  313.0000  1.814E-45
  314.0000  1.806E-45
  315.0000  1.798E-45
  316.0000  1.790E-45
  317.0000  1.783E-45
  318.0000  1.775E-45
  319.0000  1.767E-45
  320.0000  1.759E-45
  321.0000  1.751E-45
  322.0000  1.743E-45
  323.0000  1.735E-45
  324.0000  1.727E-45
  325.0000  1.719E-45
  326.0000  1.711E-45
  327.0000  1.703E-45
  328.0000  1.695E-45
  329.0000  1.687E-45
  330.0000  1.679E-45
  331.0000  1.671E-45
  332.0000  1.663E-45
  333.0000  1.655E-45
  334.0000  1.647E-45
  335.0000  1.638E-45
  336.0000  1.630E-45
  337.0000  1.622E-45
  338.0000  1.614E-45
  339.0000  1.606E-45
  340.0000  1.598E-45
  341.0000  1.590E-45
  342.0000  1.582E-45
  343.0000  1.574E-45
  344.0000  1.566E-45
  345.0000  1.558E-45
  346.0000  1.549E-45
  347.0000  1.541E-45
  348.0000  1.533E-45
  349.0000  1.525E-45
  350.0000  1.517E-45
  351.0000  1.509E-45
  352.0000  1.501E-45
  353.0000  1.493E-45
  354.0000  1.485E-45
  355.0000  1.477E-45
  356.0000  1.469E-45
  357.0000  1.461E-45
  358.0000  1.453E-45
  359.0000  1.445E-45
  360.0000  1.437E-45
  361.0000  1.429E-45
  362.0000  1.421E-45
  363.0000  1.413E-45
  364.0000  1.405E-45
  365.0000  1.397E-45
  366.0000  1.389E-45
  367.0000  1.381E-45
  368.0000  1.373E-45
  369.0000  1.365E-45
  370.0000  1.358E-45
  371.0000  1.350E-45
  372.0000  1.342E-45
  373.0000  1.334E-45
  374.0000  1.326E-45
  375.0000  1.318E-45
  376.0000  1.311E-45
  377.0000  1.303E-45
  378.0000  1.295E-45
  379.0000  1.287E-45
  380.0000  1.280E-45
  381.0000  1.272E-45
  382.0000  1.264E-45
  383.0000  1.257E-45
  384.0000  1.249E-45
  385.0000  1.242E-45
  386.0000  1.234E-45
  387.0000  1.227E-45
  388.0000  1.219E-45
  389.0000  1.211E-45
  390.0000  1.204E-45
  391.0000  1.197E-45
  392.0000  1.189E-45
  393.0000  1.182E-45
  394.0000  1.174E-45
  395.0000  1.167E-45
  396.0000  1.160E-45
  397.0000  1.152E-45
  398.0000  1.145E-45
  399.0000  1.138E-45
  400.0000  1.131E-45
  401.0000  1.123E-45
  402.0000  1.116E-45
  403.0000  1.109E-45
  404.0000  1.102E-45
  405.0000  1.095E-45
  406.0000  1.088E-45
  407.0000  1.081E-45
  408.0000  1.074E-45
  409.0000  1.067E-45
  410.0000  1.060E-45
  411.0000  1.053E-45
  412.0000  1.046E-45
  413.0000  1.039E-45
  414.0000  1.032E-45
  415.0000  1.026E-45
  416.0000  1.019E-45
  417.0000  1.012E-45
  418.0000  1.005E-45
  419.0000  9.988E-46
  420.0000  9.921E-46
  421.0000  9.855E-46
  422.0000  9.789E-46
  423.0000  9.724E-46
  424.0000  9.659E-46
  425.0000  9.594E-46
  426.0000  9.529E-46
  427.0000  9.465E-46
  428.0000  9.401E-46
  429.0000  9.337E-46
  430.0000  9.274E-46
  431.0000  9.211E-46
  432.0000  9.148E-46
  433.0000  9.086E-46
  434.0000  9.024E-46
  435.0000  8.962E-46
  436.0000  8.900E-46
  437.0000  8.839E-46
  438.0000  8.779E-46
  439.0000  8.718E-46
  440.0000  8.658E-46
  441.0000  8.598E-46
  442.0000  8.538E-46
  443.0000  8.479E-46
  444.0000  8.420E-46
  445.0000  8.362E-46
  446.0000  8.303E-46
  447.0000  8.245E-46
  448.0000  8.188E-46
  449.0000  8.130E-46
  450.0000  8.073E-46
  451.0000  8.017E-46
  452.0000  7.960E-46
  453.0000  7.904E-46
  454.0000  7.849E-46
  455.0000  7.793E-46
  456.0000  7.738E-46
  457.0000  7.683E-46
  458.0000  7.629E-46
  459.0000  7.574E-46
  460.0000  7.521E-46
  461.0000  7.467E-46
  462.0000  7.414E-46
  463.0000  7.361E-46
  464.0000  7.308E-46
  465.0000  7.256E-46
  466.0000  7.204E-46
  467.0000  7.152E-46
  468.0000  7.101E-46
  469.0000  7.050E-46
  470.0000  6.999E-46
  471.0000  6.948E-46
  472.0000  6.898E-46
  473.0000  6.848E-46
  474.0000  6.799E-46
  475.0000  6.749E-46
  476.0000  6.700E-46
  477.0000  6.652E-46
  478.0000  6.603E-46
  479.0000  6.555E-46
  480.0000  6.507E-46
  481.0000  6.460E-46
  482.0000  6.413E-46
  483.0000  6.366E-46
  484.0000  6.319E-46
  485.0000  6.273E-46
  486.0000  6.227E-46
  487.0000  6.181E-46
  488.0000  6.136E-46
  489.0000  6.091E-46
  490.0000  6.046E-46
  491.0000  6.001E-46
  492.0000  5.957E-46
  493.0000  5.913E-46
  494.0000  5.869E-46
  495.0000  5.826E-46
  496.0000  5.782E-46
  497.0000  5.740E-46
  498.0000  5.697E-46
  499.0000  5.655E-46
  500.0000  5.612E-46
  501.0000  5.571E-46
  502.0000  5.529E-46
  503.0000  5.488E-46
  504.0000  5.447E-46
  505.0000  5.406E-46
  506.0000  5.366E-46
  507.0000  5.326E-46
  508.0000  5.286E-46
  509.0000  5.246E-46
  510.0000  5.207E-46
  511.0000  5.168E-46
  512.0000  5.129E-46
  513.0000  5.090E-46
  514.0000  5.052E-46
  515.0000  5.014E-46
  516.0000  4.976E-46
  517.0000  4.938E-46
  518.0000  4.901E-46
  519.0000  4.864E-46
  520.0000  4.827E-46
  521.0000  4.791E-46
  522.0000  4.754E-46
  523.0000  4.718E-46
  524.0000  4.682E-46
  525.0000  4.647E-46
  526.0000  4.612E-46
  527.0000  4.576E-46
  528.0000  4.542E-46
  529.0000  4.507E-46
  530.0000  4.473E-46
  531.0000  4.439E-46
  532.0000  4.405E-46
  533.0000  4.371E-46
  534.0000  4.338E-46
  535.0000  4.304E-46
  536.0000  4.271E-46
  537.0000  4.239E-46
  538.0000  4.206E-46
  539.0000  4.174E-46
  540.0000  4.142E-46
  541.0000  4.110E-46
  542.0000  4.078E-46
  543.0000  4.047E-46
  544.0000  4.016E-46
  545.0000  3.985E-46
  546.0000  3.954E-46
  547.0000  3.924E-46
  548.0000  3.893E-46
  549.0000  3.863E-46
  550.0000  3.833E-46
  551.0000  3.804E-46
  552.0000  3.774E-46
  553.0000  3.745E-46
  554.0000  3.716E-46
  555.0000  3.687E-46
  556.0000  3.659E-46
  557.0000  3.630E-46
  558.0000  3.602E-46
  559.0000  3.574E-46
  560.0000  3.546E-46
  561.0000  3.519E-46
  562.0000  3.491E-46
  563.0000  3.464E-46
  564.0000  3.437E-46
  565.0000  3.410E-46
  566.0000  3.383E-46
  567.0000  3.357E-46
  568.0000  3.331E-46
  569.0000  3.305E-46
  570.0000  3.279E-46
  571.0000  3.253E-46
  572.0000  3.228E-46
  573.0000  3.202E-46
  574.0000  3.177E-46
  575.0000  3.152E-46
  576.0000  3.128E-46
  577.0000  3.103E-46
  578.0000  3.079E-46
  579.0000  3.054E-46
  580.0000  3.030E-46
  581.0000  3.006E-46
  582.0000  2.983E-46
  583.0000  2.959E-46
  584.0000  2.936E-46
  585.0000  2.913E-46
  586.0000  2.890E-46
  587.0000  2.867E-46
  588.0000  2.844E-46
  589.0000  2.822E-46
  590.0000  2.799E-46
  591.0000  2.777E-46
  592.0000  2.755E-46
  593.0000  2.733E-46
  594.0000  2.712E-46
  595.0000  2.690E-46
  596.0000  2.669E-46
  597.0000  2.647E-46
  598.0000  2.626E-46
  599.0000  2.605E-46
  600.0000  2.585E-46
  601.0000  2.564E-46
  602.0000  2.544E-46
  603.0000  2.523E-46
  604.0000  2.503E-46
  605.0000  2.483E-46
  606.0000  2.464E-46
  607.0000  2.444E-46
  608.0000  2.424E-46
  609.0000  2.405E-46
  610.0000  2.386E-46
  611.0000  2.367E-46
  612.0000  2.348E-46
  613.0000  2.329E-46
  614.0000  2.310E-46
  615.0000  2.292E-46
  616.0000  2.273E-46
  617.0000  2.255E-46
  618.0000  2.237E-46
  619.0000  2.219E-46
  620.0000  2.201E-46
  621.0000  2.183E-46
  622.0000  2.166E-46
  623.0000  2.148E-46
  624.0000  2.131E-46
  625.0000  2.114E-46
  626.0000  2.097E-46
  627.0000  2.080E-46
  628.0000  2.063E-46
  629.0000  2.046E-46
  630.0000  2.030E-46
  631.0000  2.014E-46
  632.0000  1.997E-46
  633.0000  1.981E-46
  634.0000  1.965E-46
  635.0000  1.949E-46
  636.0000  1.933E-46
  637.0000  1.918E-46
  638.0000  1.902E-46
  639.0000  1.887E-46
  640.0000  1.871E-46
  641.0000  1.856E-46
  642.0000  1.841E-46
  643.0000  1.826E-46
  644.0000  1.811E-46
  645.0000  1.797E-46
  646.0000  1.782E-46
  647.0000  1.767E-46
  648.0000  1.753E-46
  649.0000  1.739E-46
  650.0000  1.725E-46
  651.0000  1.711E-46
  652.0000  1.697E-46
  653.0000  1.683E-46
  654.0000  1.669E-46
  655.0000  1.655E-46
  656.0000  1.642E-46
  657.0000  1.628E-46
  658.0000  1.615E-46
  659.0000  1.602E-46
  660.0000  1.589E-46
  661.0000  1.576E-46
  662.0000  1.563E-46
  663.0000  1.550E-46
  664.0000  1.537E-46
  665.0000  1.525E-46
  666.0000  1.512E-46
  667.0000  1.500E-46
  668.0000  1.488E-46
  669.0000  1.475E-46
  670.0000  1.463E-46
  671.0000  1.451E-46
  672.0000  1.439E-46
  673.0000  1.427E-46
  674.0000  1.416E-46
  675.0000  1.404E-46
  676.0000  1.392E-46
  677.0000  1.381E-46
  678.0000  1.370E-46
  679.0000  1.358E-46
  680.0000  1.347E-46
  681.0000  1.336E-46
  682.0000  1.325E-46
  683.0000  1.314E-46
  684.0000  1.303E-46
  685.0000  1.292E-46
  686.0000  1.282E-46
  687.0000  1.271E-46
  688.0000  1.261E-46
  689.0000  1.250E-46
  690.0000  1.240E-46
  691.0000  1.230E-46
  692.0000  1.219E-46
  693.0000  1.209E-46
  694.0000  1.199E-46
  695.0000  1.189E-46
  696.0000  1.179E-46
  697.0000  1.170E-46
  698.0000  1.160E-46
  699.0000  1.150E-46
  700.0000  1.141E-46
  701.0000  1.131E-46
  702.0000  1.122E-46
  703.0000  1.113E-46
  704.0000  1.103E-46
  705.0000  1.094E-46
  706.0000  1.085E-46
  707.0000  1.076E-46
  708.0000  1.067E-46
  709.0000  1.058E-46
  710.0000  1.049E-46
  711.0000  1.041E-46
  712.0000  1.032E-46
  713.0000  1.023E-46
  714.0000  1.015E-46
  715.0000  1.006E-46
  716.0000  9.979E-47
  717.0000  9.895E-47
  718.0000  9.813E-47
  719.0000  9.731E-47
  720.0000  9.649E-47
  721.0000  9.569E-47
  722.0000  9.488E-47
  723.0000  9.409E-47
  724.0000  9.330E-47
  725.0000  9.252E-47
  726.0000  9.175E-47
  727.0000  9.098E-47
  728.0000  9.022E-47
  729.0000  8.946E-47
  730.0000  8.871E-47
  731.0000  8.797E-47
  732.0000  8.723E-47
  733.0000  8.650E-47
  734.0000  8.577E-47
  735.0000  8.505E-47
  736.0000  8.433E-47
  737.0000  8.363E-47
  738.0000  8.292E-47
  739.0000  8.223E-47
  740.0000  8.153E-47
  741.0000  8.085E-47
  742.0000  8.017E-47
  743.0000  7.949E-47
  744.0000  7.883E-47
  745.0000  7.816E-47
  746.0000  7.750E-47
  747.0000  7.685E-47
  748.0000  7.620E-47
  749.0000  7.556E-47
  750.0000  7.492E-47
  751.0000  7.429E-47
  752.0000  7.366E-47
  753.0000  7.304E-47
  754.0000  7.243E-47
  755.0000  7.182E-47
  756.0000  7.121E-47
  757.0000  7.061E-47
  758.0000  7.001E-47
  759.0000  6.942E-47
  760.0000  6.883E-47
  761.0000  6.825E-47
  762.0000  6.767E-47
  763.0000  6.710E-47
  764.0000  6.653E-47
  765.0000  6.597E-47
  766.0000  6.541E-47
  767.0000  6.486E-47
  768.0000  6.431E-47
  769.0000  6.376E-47
  770.0000  6.322E-47
  771.0000  6.269E-47
  772.0000  6.216E-47
  773.0000  6.163E-47
  774.0000  6.111E-47
  775.0000  6.059E-47
  776.0000  6.007E-47
  777.0000  5.956E-47
  778.0000  5.906E-47
  779.0000  5.856E-47
  780.0000  5.806E-47
  781.0000  5.757E-47
  782.0000  5.708E-47
  783.0000  5.659E-47
  784.0000  5.611E-47
  785.0000  5.564E-47
  786.0000  5.516E-47
  787.0000  5.469E-47
  788.0000  5.423E-47
  789.0000  5.377E-47
  790.0000  5.331E-47
  791.0000  5.286E-47
  792.0000  5.241E-47
  793.0000  5.196E-47
  794.0000  5.152E-47
  795.0000  5.108E-47
  796.0000  5.064E-47
  797.0000  5.021E-47
  798.0000  4.978E-47
  799.0000  4.936E-47
  800.0000  4.894E-47
  801.0000  4.852E-47
  802.0000  4.811E-47
  803.0000  4.770E-47
  804.0000  4.729E-47
  805.0000  4.689E-47
  806.0000  4.649E-47
  807.0000  4.609E-47
  808.0000  4.570E-47
  809.0000  4.530E-47
  810.0000  4.492E-47
  811.0000  4.453E-47
  812.0000  4.415E-47
  813.0000  4.378E-47
  814.0000  4.340E-47
  815.0000  4.303E-47
  816.0000  4.266E-47
  817.0000  4.230E-47
  818.0000  4.194E-47
  819.0000  4.158E-47
  820.0000  4.122E-47
  821.0000  4.087E-47
  822.0000  4.052E-47
  823.0000  4.017E-47
  824.0000  3.983E-47
  825.0000  3.949E-47
  826.0000  3.915E-47
  827.0000  3.881E-47
  828.0000  3.848E-47
  829.0000  3.815E-47
  830.0000  3.782E-47
  831.0000  3.750E-47
  832.0000  3.718E-47
  833.0000  3.686E-47
  834.0000  3.654E-47
  835.0000  3.623E-47
  836.0000  3.592E-47
  837.0000  3.561E-47
  838.0000  3.530E-47
  839.0000  3.500E-47
  840.0000  3.470E-47
  841.0000  3.440E-47
  842.0000  3.411E-47
  843.0000  3.381E-47
  844.0000  3.352E-47
  845.0000  3.323E-47
  846.0000  3.295E-47
  847.0000  3.267E-47
  848.0000  3.239E-47
  849.0000  3.211E-47
  850.0000  3.183E-47
  851.0000  3.156E-47
  852.0000  3.129E-47
  853.0000  3.102E-47
  854.0000  3.075E-47
  855.0000  3.048E-47
  856.0000  3.022E-47
  857.0000  2.996E-47
  858.0000  2.970E-47
  859.0000  2.945E-47
  860.0000  2.919E-47
  861.0000  2.894E-47
  862.0000  2.869E-47
  863.0000  2.845E-47
  864.0000  2.820E-47
  865.0000  2.796E-47
  866.0000  2.772E-47
  867.0000  2.748E-47
  868.0000  2.724E-47
  869.0000  2.700E-47
  870.0000  2.677E-47
  871.0000  2.654E-47
  872.0000  2.631E-47
  873.0000  2.608E-47
  874.0000  2.586E-47
  875.0000  2.564E-47
  876.0000  2.541E-47
  877.0000  2.520E-47
  878.0000  2.498E-47
  879.0000  2.476E-47
  880.0000  2.455E-47
  881.0000  2.434E-47
  882.0000  2.412E-47
  883.0000  2.392E-47
  884.0000  2.371E-47
  885.0000  2.350E-47
  886.0000  2.330E-47
  887.0000  2.310E-47
  888.0000  2.290E-47
  889.0000  2.270E-47
  890.0000  2.250E-47
  891.0000  2.231E-47
  892.0000  2.212E-47
  893.0000  2.192E-47
  894.0000  2.173E-47
  895.0000  2.155E-47
  896.0000  2.136E-47
  897.0000  2.117E-47
  898.0000  2.099E-47
  899.0000  2.081E-47
  900.0000  2.063E-47
  901.0000  2.045E-47
  902.0000  2.027E-47
  903.0000  2.010E-47
  904.0000  1.992E-47
  905.0000  1.975E-47
  906.0000  1.958E-47
  907.0000  1.941E-47
  908.0000  1.924E-47
  909.0000  1.907E-47
  910.0000  1.891E-47
  911.0000  1.874E-47
  912.0000  1.858E-47
  913.0000  1.842E-47
  914.0000  1.826E-47
  915.0000  1.810E-47
  916.0000  1.794E-47
  917.0000  1.778E-47
  918.0000  1.763E-47
  919.0000  1.748E-47
  920.0000  1.732E-47
  921.0000  1.717E-47
  922.0000  1.702E-47
  923.0000  1.687E-47
  924.0000  1.673E-47
  925.0000  1.658E-47
  926.0000  1.644E-47
  927.0000  1.629E-47
  928.0000  1.615E-47
  929.0000  1.601E-47
  930.0000  1.587E-47
  931.0000  1.573E-47
  932.0000  1.559E-47
  933.0000  1.546E-47
  934.0000  1.532E-47
  935.0000  1.519E-47
  936.0000  1.505E-47
  937.0000  1.492E-47
  938.0000  1.479E-47
  939.0000  1.466E-47
  940.0000  1.453E-47
  941.0000  1.441E-47
  942.0000  1.428E-47
  943.0000  1.416E-47
  944.0000  1.403E-47
  945.0000  1.391E-47
  946.0000  1.379E-47
  947.0000  1.367E-47
  948.0000  1.354E-47
  949.0000  1.343E-47
  950.0000  1.331E-47
  951.0000  1.319E-47
  952.0000  1.307E-47
  953.0000  1.296E-47
  954.0000  1.285E-47
  955.0000  1.273E-47
  956.0000  1.262E-47
  957.0000  1.251E-47
  958.0000  1.240E-47
  959.0000  1.229E-47
  960.0000  1.218E-47
  961.0000  1.207E-47
  962.0000  1.197E-47
  963.0000  1.186E-47
  964.0000  1.176E-47
  965.0000  1.165E-47
  966.0000  1.155E-47
  967.0000  1.145E-47
  968.0000  1.134E-47
  969.0000  1.124E-47
  970.0000  1.114E-47
  971.0000  1.104E-47
  972.0000  1.095E-47
  973.0000  1.085E-47
  974.0000  1.075E-47
  975.0000  1.066E-47
  976.0000  1.056E-47
  977.0000  1.047E-47
  978.0000  1.037E-47
  979.0000  1.028E-47
  980.0000  1.019E-47
  981.0000  1.010E-47
  982.0000  1.001E-47
  983.0000  9.919E-48
  984.0000  9.830E-48
  985.0000  9.742E-48
  986.0000  9.655E-48
  987.0000  9.568E-48
  988.0000  9.482E-48
  989.0000  9.397E-48
  990.0000  9.312E-48
  991.0000  9.228E-48
  992.0000  9.145E-48
  993.0000  9.063E-48
  994.0000  8.981E-48
  995.0000  8.900E-48
  996.0000  8.819E-48
  997.0000  8.740E-48
  998.0000  8.660E-48
  999.0000  8.582E-48
 1000.0000  8.504E-48
             CH4-He   1.000000 1000.0000   1000 216.13 2.608e-45 -.999          Model line shapes 25
    1.0000  2.383E-49
    2.0000  9.532E-49
    3.0000  2.144E-48
    4.0000  3.809E-48
    5.0000  5.948E-48
    6.0000  8.558E-48
    7.0000  1.164E-47
    8.0000  1.518E-47
    9.0000  1.919E-47
   10.0000  2.366E-47
   11.0000  2.858E-47
   12.0000  3.396E-47
   13.0000  3.978E-47
   14.0000  4.605E-47
   15.0000  5.275E-47
   16.0000  5.988E-47
   17.0000  6.744E-47
   18.0000  7.542E-47
   19.0000  8.381E-47
   20.0000  9.260E-47
   21.0000  1.018E-46
   22.0000  1.114E-46
   23.0000  1.213E-46
   24.0000  1.317E-46
   25.0000  1.424E-46
   26.0000  1.535E-46
   27.0000  1.649E-46
   28.0000  1.767E-46
   29.0000  1.888E-46
   30.0000  2.012E-46
   31.0000  2.140E-46
   32.0000  2.270E-46
   33.0000  2.404E-46
   34.0000  2.540E-46
   35.0000  2.680E-46
   36.0000  2.822E-46
   37.0000  2.967E-46
   38.0000  3.114E-46
   39.0000  3.264E-46
   40.0000  3.416E-46
   41.0000  3.570E-46
   42.0000  3.727E-46
   43.0000  3.886E-46
   44.0000  4.047E-46
   45.0000  4.210E-46
   46.0000  4.374E-46
   47.0000  4.541E-46
   48.0000  4.709E-46
   49.0000  4.879E-46
   50.0000  5.050E-46
   51.0000  5.223E-46
   52.0000  5.397E-46
   53.0000  5.572E-46
   54.0000  5.749E-46
   55.0000  5.927E-46
   56.0000  6.106E-46
   57.0000  6.286E-46
   58.0000  6.466E-46
   59.0000  6.648E-46
   60.0000  6.830E-46
   61.0000  7.014E-46
   62.0000  7.198E-46
   63.0000  7.382E-46
   64.0000  7.567E-46
   65.0000  7.752E-46
   66.0000  7.938E-46
   67.0000  8.124E-46
   68.0000  8.311E-46
   69.0000  8.497E-46
   70.0000  8.684E-46
   71.0000  8.871E-46
   72.0000  9.058E-46
   73.0000  9.246E-46
   74.0000  9.433E-46
   75.0000  9.620E-46
   76.0000  9.807E-46
   77.0000  9.993E-46
   78.0000  1.018E-45
   79.0000  1.037E-45
   80.0000  1.055E-45
   81.0000  1.074E-45
   82.0000  1.092E-45
   83.0000  1.111E-45
   84.0000  1.129E-45
   85.0000  1.148E-45
   86.0000  1.166E-45
   87.0000  1.184E-45
   88.0000  1.202E-45
   89.0000  1.221E-45
   90.0000  1.239E-45
   91.0000  1.257E-45
   92.0000  1.275E-45
   93.0000  1.293E-45
   94.0000  1.310E-45
   95.0000  1.328E-45
   96.0000  1.346E-45
   97.0000  1.363E-45
   98.0000  1.381E-45
   99.0000  1.398E-45
  100.0000  1.416E-45
  101.0000  1.433E-45
  102.0000  1.450E-45
  103.0000  1.467E-45
  104.0000  1.484E-45
  105.0000  1.501E-45
  106.0000  1.518E-45
  107.0000  1.534E-45
  108.0000  1.551E-45
  109.0000  1.567E-45
  110.0000  1.584E-45
  111.0000  1.600E-45
  112.0000  1.616E-45
  113.0000  1.632E-45
  114.0000  1.648E-45
  115.0000  1.664E-45
  116.0000  1.679E-45
  117.0000  1.695E-45
  118.0000  1.710E-45
  119.0000  1.725E-45
  120.0000  1.741E-45
  121.0000  1.756E-45
  122.0000  1.771E-45
  123.0000  1.785E-45
  124.0000  1.800E-45
  125.0000  1.815E-45
  126.0000  1.829E-45
  127.0000  1.844E-45
  128.0000  1.858E-45
  129.0000  1.872E-45
  130.0000  1.886E-45
  131.0000  1.900E-45
  132.0000  1.913E-45
  133.0000  1.927E-45
  134.0000  1.940E-45
  135.0000  1.954E-45
  136.0000  1.967E-45
  137.0000  1.980E-45
  138.0000  1.993E-45
  139.0000  2.006E-45
  140.0000  2.018E-45
  141.0000  2.031E-45
  142.0000  2.043E-45
  143.0000  2.056E-45
  144.0000  2.068E-45
  145.0000  2.080E-45
  146.0000  2.092E-45
  147.0000  2.103E-45
  148.0000  2.115E-45
  149.0000  2.127E-45
  150.0000  2.138E-45
  151.0000  2.149E-45
  152.0000  2.160E-45
  153.0000  2.171E-45
  154.0000  2.182E-45
  155.0000  2.193E-45
  156.0000  2.203E-45
  157.0000  2.213E-45
  158.0000  2.224E-45
  159.0000  2.234E-45
  160.0000  2.244E-45
  161.0000  2.254E-45
  162.0000  2.263E-45
  163.0000  2.273E-45
  164.0000  2.282E-45
  165.0000  2.292E-45
  166.0000  2.301E-45
  167.0000  2.310E-45
  168.0000  2.319E-45
  169.0000  2.327E-45
  170.0000  2.336E-45
  171.0000  2.344E-45
  172.0000  2.353E-45
  173.0000  2.361E-45
  174.0000  2.369E-45
  175.0000  2.377E-45
  176.0000  2.385E-45
  177.0000  2.392E-45
  178.0000  2.400E-45
  179.0000  2.407E-45
  180.0000  2.414E-45
  181.0000  2.421E-45
  182.0000  2.428E-45
  183.0000  2.435E-45
  184.0000  2.442E-45
  185.0000  2.448E-45
  186.0000  2.455E-45
  187.0000  2.461E-45
  188.0000  2.467E-45
  189.0000  2.473E-45
  190.0000  2.479E-45
  191.0000  2.485E-45
  192.0000  2.490E-45
  193.0000  2.496E-45
  194.0000  2.501E-45
  195.0000  2.506E-45
  196.0000  2.511E-45
  197.0000  2.516E-45
  198.0000  2.521E-45
  199.0000  2.525E-45
  200.0000  2.530E-45
  201.0000  2.534E-45
  202.0000  2.539E-45
  203.0000  2.543E-45
  204.0000  2.547E-45
  205.0000  2.551E-45
  206.0000  2.554E-45
  207.0000  2.558E-45
  208.0000  2.561E-45
  209.0000  2.565E-45
  210.0000  2.568E-45
  211.0000  2.571E-45
  212.0000  2.574E-45
  213.0000  2.577E-45
  214.0000  2.579E-45
  215.0000  2.582E-45
  216.0000  2.584E-45
  217.0000  2.587E-45
  218.0000  2.589E-45
  219.0000  2.591E-45
  220.0000  2.593E-45
  221.0000  2.595E-45
  222.0000  2.597E-45
  223.0000  2.598E-45
  224.0000  2.600E-45
  225.0000  2.601E-45
  226.0000  2.602E-45
  227.0000  2.603E-45
  228.0000  2.604E-45
  229.0000  2.605E-45
  230.0000  2.606E-45
  231.0000  2.607E-45
  232.0000  2.607E-45
  233.0000  2.608E-45
  234.0000  2.608E-45
  235.0000  2.608E-45
  236.0000  2.608E-45
  237.0000  2.608E-45
  238.0000  2.608E-45
  239.0000  2.608E-45
  240.0000  2.608E-45
  241.0000  2.607E-45
  242.0000  2.607E-45
  243.0000  2.606E-45
  244.0000  2.605E-45
  245.0000  2.604E-45
  246.0000  2.603E-45
  247.0000  2.602E-45
  248.0000  2.601E-45
  249.0000  2.599E-45
  250.0000  2.598E-45
  251.0000  2.596E-45
  252.0000  2.595E-45
  253.0000  2.593E-45
  254.0000  2.591E-45
  255.0000  2.589E-45
  256.0000  2.587E-45
  257.0000  2.585E-45
  258.0000  2.583E-45
  259.0000  2.580E-45
  260.0000  2.578E-45
  261.0000  2.575E-45
  262.0000  2.573E-45
  263.0000  2.570E-45
  264.0000  2.567E-45
  265.0000  2.564E-45
  266.0000  2.561E-45
  267.0000  2.558E-45
  268.0000  2.555E-45
  269.0000  2.551E-45
  270.0000  2.548E-45
  271.0000  2.544E-45
  272.0000  2.541E-45
  273.0000  2.537E-45
  274.0000  2.533E-45
  275.0000  2.529E-45
  276.0000  2.525E-45
  277.0000  2.521E-45
  278.0000  2.517E-45
  279.0000  2.513E-45
  280.0000  2.509E-45
  281.0000  2.504E-45
  282.0000  2.500E-45
  283.0000  2.495E-45
  284.0000  2.490E-45
  285.0000  2.486E-45
  286.0000  2.481E-45
  287.0000  2.476E-45
  288.0000  2.471E-45
  289.0000  2.466E-45
  290.0000  2.461E-45
  291.0000  2.456E-45
  292.0000  2.451E-45
  293.0000  2.445E-45
  294.0000  2.440E-45
  295.0000  2.434E-45
  296.0000  2.429E-45
  297.0000  2.423E-45
  298.0000  2.418E-45
  299.0000  2.412E-45
  300.0000  2.406E-45
  301.0000  2.400E-45
  302.0000  2.394E-45
  303.0000  2.388E-45
  304.0000  2.382E-45
  305.0000  2.376E-45
  306.0000  2.370E-45
  307.0000  2.364E-45
  308.0000  2.357E-45
  309.0000  2.351E-45
  310.0000  2.345E-45
  311.0000  2.338E-45
  312.0000  2.332E-45
  313.0000  2.325E-45
  314.0000  2.319E-45
  315.0000  2.312E-45
  316.0000  2.305E-45
  317.0000  2.298E-45
  318.0000  2.292E-45
  319.0000  2.285E-45
  320.0000  2.278E-45
  321.0000  2.271E-45
  322.0000  2.264E-45
  323.0000  2.257E-45
  324.0000  2.250E-45
  325.0000  2.243E-45
  326.0000  2.236E-45
  327.0000  2.228E-45
  328.0000  2.221E-45
  329.0000  2.214E-45
  330.0000  2.207E-45
  331.0000  2.199E-45
  332.0000  2.192E-45
  333.0000  2.184E-45
  334.0000  2.177E-45
  335.0000  2.170E-45
  336.0000  2.162E-45
  337.0000  2.154E-45
  338.0000  2.147E-45
  339.0000  2.139E-45
  340.0000  2.132E-45
  341.0000  2.124E-45
  342.0000  2.116E-45
  343.0000  2.109E-45
  344.0000  2.101E-45
  345.0000  2.093E-45
  346.0000  2.085E-45
  347.0000  2.077E-45
  348.0000  2.070E-45
  349.0000  2.062E-45
  350.0000  2.054E-45
  351.0000  2.046E-45
  352.0000  2.038E-45
  353.0000  2.030E-45
  354.0000  2.022E-45
  355.0000  2.014E-45
  356.0000  2.006E-45
  357.0000  1.998E-45
  358.0000  1.990E-45
  359.0000  1.982E-45
  360.0000  1.974E-45
  361.0000  1.966E-45
  362.0000  1.957E-45
  363.0000  1.949E-45
  364.0000  1.941E-45
  365.0000  1.933E-45
  366.0000  1.925E-45
  367.0000  1.917E-45
  368.0000  1.908E-45
  369.0000  1.900E-45
  370.0000  1.892E-45
  371.0000  1.884E-45
  372.0000  1.876E-45
  373.0000  1.867E-45
  374.0000  1.859E-45
  375.0000  1.851E-45
  376.0000  1.843E-45
  377.0000  1.834E-45
  378.0000  1.826E-45
  379.0000  1.818E-45
  380.0000  1.810E-45
  381.0000  1.801E-45
  382.0000  1.793E-45
  383.0000  1.785E-45
  384.0000  1.776E-45
  385.0000  1.768E-45
  386.0000  1.760E-45
  387.0000  1.752E-45
  388.0000  1.743E-45
  389.0000  1.735E-45
  390.0000  1.727E-45
  391.0000  1.719E-45
  392.0000  1.710E-45
  393.0000  1.702E-45
  394.0000  1.694E-45
  395.0000  1.686E-45
  396.0000  1.677E-45
  397.0000  1.669E-45
  398.0000  1.661E-45
  399.0000  1.653E-45
  400.0000  1.644E-45
  401.0000  1.636E-45
  402.0000  1.628E-45
  403.0000  1.620E-45
  404.0000  1.612E-45
  405.0000  1.604E-45
  406.0000  1.595E-45
  407.0000  1.587E-45
  408.0000  1.579E-45
  409.0000  1.571E-45
  410.0000  1.563E-45
  411.0000  1.555E-45
  412.0000  1.547E-45
  413.0000  1.539E-45
  414.0000  1.531E-45
  415.0000  1.523E-45
  416.0000  1.515E-45
  417.0000  1.507E-45
  418.0000  1.499E-45
  419.0000  1.491E-45
  420.0000  1.483E-45
  421.0000  1.475E-45
  422.0000  1.467E-45
  423.0000  1.459E-45
  424.0000  1.451E-45
  425.0000  1.443E-45
  426.0000  1.435E-45
  427.0000  1.428E-45
  428.0000  1.420E-45
  429.0000  1.412E-45
  430.0000  1.404E-45
  431.0000  1.397E-45
  432.0000  1.389E-45
  433.0000  1.381E-45
  434.0000  1.373E-45
  435.0000  1.366E-45
  436.0000  1.358E-45
  437.0000  1.351E-45
  438.0000  1.343E-45
  439.0000  1.335E-45
  440.0000  1.328E-45
  441.0000  1.320E-45
  442.0000  1.313E-45
  443.0000  1.305E-45
  444.0000  1.298E-45
  445.0000  1.291E-45
  446.0000  1.283E-45
  447.0000  1.276E-45
  448.0000  1.268E-45
  449.0000  1.261E-45
  450.0000  1.254E-45
  451.0000  1.246E-45
  452.0000  1.239E-45
  453.0000  1.232E-45
  454.0000  1.225E-45
  455.0000  1.218E-45
  456.0000  1.210E-45
  457.0000  1.203E-45
  458.0000  1.196E-45
  459.0000  1.189E-45
  460.0000  1.182E-45
  461.0000  1.175E-45
  462.0000  1.168E-45
  463.0000  1.161E-45
  464.0000  1.154E-45
  465.0000  1.147E-45
  466.0000  1.140E-45
  467.0000  1.134E-45
  468.0000  1.127E-45
  469.0000  1.120E-45
  470.0000  1.113E-45
  471.0000  1.106E-45
  472.0000  1.100E-45
  473.0000  1.093E-45
  474.0000  1.086E-45
  475.0000  1.080E-45
  476.0000  1.073E-45
  477.0000  1.066E-45
  478.0000  1.060E-45
  479.0000  1.053E-45
  480.0000  1.047E-45
  481.0000  1.040E-45
  482.0000  1.034E-45
  483.0000  1.028E-45
  484.0000  1.021E-45
  485.0000  1.015E-45
  486.0000  1.008E-45
  487.0000  1.002E-45
  488.0000  9.959E-46
  489.0000  9.896E-46
  490.0000  9.834E-46
  491.0000  9.772E-46
  492.0000  9.711E-46
  493.0000  9.650E-46
  494.0000  9.589E-46
  495.0000  9.528E-46
  496.0000  9.468E-46
  497.0000  9.408E-46
  498.0000  9.348E-46
  499.0000  9.288E-46
  500.0000  9.229E-46
  501.0000  9.170E-46
  502.0000  9.111E-46
  503.0000  9.053E-46
  504.0000  8.995E-46
  505.0000  8.937E-46
  506.0000  8.880E-46
  507.0000  8.822E-46
  508.0000  8.766E-46
  509.0000  8.709E-46
  510.0000  8.653E-46
  511.0000  8.597E-46
  512.0000  8.541E-46
  513.0000  8.485E-46
  514.0000  8.430E-46
  515.0000  8.375E-46
  516.0000  8.321E-46
  517.0000  8.266E-46
  518.0000  8.212E-46
  519.0000  8.158E-46
  520.0000  8.105E-46
  521.0000  8.052E-46
  522.0000  7.999E-46
  523.0000  7.946E-46
  524.0000  7.894E-46
  525.0000  7.842E-46
  526.0000  7.790E-46
  527.0000  7.739E-46
  528.0000  7.687E-46
  529.0000  7.636E-46
  530.0000  7.586E-46
  531.0000  7.535E-46
  532.0000  7.485E-46
  533.0000  7.435E-46
  534.0000  7.386E-46
  535.0000  7.337E-46
  536.0000  7.288E-46
  537.0000  7.239E-46
  538.0000  7.190E-46
  539.0000  7.142E-46
  540.0000  7.094E-46
  541.0000  7.047E-46
  542.0000  6.999E-46
  543.0000  6.952E-46
  544.0000  6.905E-46
  545.0000  6.859E-46
  546.0000  6.812E-46
  547.0000  6.766E-46
  548.0000  6.721E-46
  549.0000  6.675E-46
  550.0000  6.630E-46
  551.0000  6.585E-46
  552.0000  6.540E-46
  553.0000  6.496E-46
  554.0000  6.452E-46
  555.0000  6.408E-46
  556.0000  6.364E-46
  557.0000  6.321E-46
  558.0000  6.277E-46
  559.0000  6.234E-46
  560.0000  6.192E-46
  561.0000  6.149E-46
  562.0000  6.107E-46
  563.0000  6.065E-46
  564.0000  6.024E-46
  565.0000  5.982E-46
  566.0000  5.941E-46
  567.0000  5.900E-46
  568.0000  5.860E-46
  569.0000  5.819E-46
  570.0000  5.779E-46
  571.0000  5.739E-46
  572.0000  5.699E-46
  573.0000  5.660E-46
  574.0000  5.621E-46
  575.0000  5.582E-46
  576.0000  5.543E-46
  577.0000  5.505E-46
  578.0000  5.466E-46
  579.0000  5.428E-46
  580.0000  5.390E-46
  581.0000  5.353E-46
  582.0000  5.316E-46
  583.0000  5.279E-46
  584.0000  5.242E-46
  585.0000  5.205E-46
  586.0000  5.169E-46
  587.0000  5.132E-46
  588.0000  5.097E-46
  589.0000  5.061E-46
  590.0000  5.025E-46
  591.0000  4.990E-46
  592.0000  4.955E-46
  593.0000  4.920E-46
  594.0000  4.886E-46
  595.0000  4.851E-46
  596.0000  4.817E-46
  597.0000  4.783E-46
  598.0000  4.749E-46
  599.0000  4.716E-46
  600.0000  4.682E-46
  601.0000  4.649E-46
  602.0000  4.616E-46
  603.0000  4.584E-46
  604.0000  4.551E-46
  605.0000  4.519E-46
  606.0000  4.487E-46
  607.0000  4.455E-46
  608.0000  4.423E-46
  609.0000  4.392E-46
  610.0000  4.361E-46
  611.0000  4.330E-46
  612.0000  4.299E-46
  613.0000  4.268E-46
  614.0000  4.238E-46
  615.0000  4.207E-46
  616.0000  4.177E-46
  617.0000  4.147E-46
  618.0000  4.118E-46
  619.0000  4.088E-46
  620.0000  4.059E-46
  621.0000  4.030E-46
  622.0000  4.001E-46
  623.0000  3.972E-46
  624.0000  3.944E-46
  625.0000  3.916E-46
  626.0000  3.887E-46
  627.0000  3.859E-46
  628.0000  3.832E-46
  629.0000  3.804E-46
  630.0000  3.777E-46
  631.0000  3.749E-46
  632.0000  3.722E-46
  633.0000  3.695E-46
  634.0000  3.669E-46
  635.0000  3.642E-46
  636.0000  3.616E-46
  637.0000  3.590E-46
  638.0000  3.564E-46
  639.0000  3.538E-46
  640.0000  3.512E-46
  641.0000  3.487E-46
  642.0000  3.462E-46
  643.0000  3.436E-46
  644.0000  3.411E-46
  645.0000  3.387E-46
  646.0000  3.362E-46
  647.0000  3.338E-46
  648.0000  3.313E-46
  649.0000  3.289E-46
  650.0000  3.265E-46
  651.0000  3.241E-46
  652.0000  3.218E-46
  653.0000  3.194E-46
  654.0000  3.171E-46
  655.0000  3.148E-46
  656.0000  3.125E-46
  657.0000  3.102E-46
  658.0000  3.079E-46
  659.0000  3.056E-46
  660.0000  3.034E-46
  661.0000  3.012E-46
  662.0000  2.990E-46
  663.0000  2.968E-46
  664.0000  2.946E-46
  665.0000  2.924E-46
  666.0000  2.903E-46
  667.0000  2.881E-46
  668.0000  2.860E-46
  669.0000  2.839E-46
  670.0000  2.818E-46
  671.0000  2.797E-46
  672.0000  2.777E-46
  673.0000  2.756E-46
  674.0000  2.736E-46
  675.0000  2.716E-46
  676.0000  2.696E-46
  677.0000  2.676E-46
  678.0000  2.656E-46
  679.0000  2.636E-46
  680.0000  2.617E-46
  681.0000  2.597E-46
  682.0000  2.578E-46
  683.0000  2.559E-46
  684.0000  2.540E-46
  685.0000  2.521E-46
  686.0000  2.502E-46
  687.0000  2.484E-46
  688.0000  2.465E-46
  689.0000  2.447E-46
  690.0000  2.429E-46
  691.0000  2.411E-46
  692.0000  2.393E-46
  693.0000  2.375E-46
  694.0000  2.357E-46
  695.0000  2.340E-46
  696.0000  2.322E-46
  697.0000  2.305E-46
  698.0000  2.288E-46
  699.0000  2.271E-46
  700.0000  2.254E-46
  701.0000  2.237E-46
  702.0000  2.220E-46
  703.0000  2.203E-46
  704.0000  2.187E-46
  705.0000  2.170E-46
  706.0000  2.154E-46
  707.0000  2.138E-46
  708.0000  2.122E-46
  709.0000  2.106E-46
  710.0000  2.090E-46
  711.0000  2.075E-46
  712.0000  2.059E-46
  713.0000  2.043E-46
  714.0000  2.028E-46
  715.0000  2.013E-46
  716.0000  1.998E-46
  717.0000  1.983E-46
  718.0000  1.968E-46
  719.0000  1.953E-46
  720.0000  1.938E-46
  721.0000  1.923E-46
  722.0000  1.909E-46
  723.0000  1.895E-46
  724.0000  1.880E-46
  725.0000  1.866E-46
  726.0000  1.852E-46
  727.0000  1.838E-46
  728.0000  1.824E-46
  729.0000  1.810E-46
  730.0000  1.796E-46
  731.0000  1.783E-46
  732.0000  1.769E-46
  733.0000  1.756E-46
  734.0000  1.743E-46
  735.0000  1.729E-46
  736.0000  1.716E-46
  737.0000  1.703E-46
  738.0000  1.690E-46
  739.0000  1.677E-46
  740.0000  1.665E-46
  741.0000  1.652E-46
  742.0000  1.639E-46
  743.0000  1.627E-46
  744.0000  1.615E-46
  745.0000  1.602E-46
  746.0000  1.590E-46
  747.0000  1.578E-46
  748.0000  1.566E-46
  749.0000  1.554E-46
  750.0000  1.542E-46
  751.0000  1.530E-46
  752.0000  1.519E-46
  753.0000  1.507E-46
  754.0000  1.496E-46
  755.0000  1.484E-46
  756.0000  1.473E-46
  757.0000  1.461E-46
  758.0000  1.450E-46
  759.0000  1.439E-46
  760.0000  1.428E-46
  761.0000  1.417E-46
  762.0000  1.406E-46
  763.0000  1.396E-46
  764.0000  1.385E-46
  765.0000  1.374E-46
  766.0000  1.364E-46
  767.0000  1.353E-46
  768.0000  1.343E-46
  769.0000  1.332E-46
  770.0000  1.322E-46
  771.0000  1.312E-46
  772.0000  1.302E-46
  773.0000  1.292E-46
  774.0000  1.282E-46
  775.0000  1.272E-46
  776.0000  1.262E-46
  777.0000  1.253E-46
  778.0000  1.243E-46
  779.0000  1.233E-46
  780.0000  1.224E-46
  781.0000  1.214E-46
  782.0000  1.205E-46
  783.0000  1.196E-46
  784.0000  1.186E-46
  785.0000  1.177E-46
  786.0000  1.168E-46
  787.0000  1.159E-46
  788.0000  1.150E-46
  789.0000  1.141E-46
  790.0000  1.132E-46
  791.0000  1.124E-46
  792.0000  1.115E-46
  793.0000  1.106E-46
  794.0000  1.098E-46
  795.0000  1.089E-46
  796.0000  1.081E-46
  797.0000  1.072E-46
  798.0000  1.064E-46
  799.0000  1.056E-46
  800.0000  1.048E-46
  801.0000  1.040E-46
  802.0000  1.031E-46
  803.0000  1.023E-46
  804.0000  1.015E-46
  805.0000  1.008E-46
  806.0000  9.998E-47
  807.0000  9.920E-47
  808.0000  9.843E-47
  809.0000  9.766E-47
  810.0000  9.690E-47
  811.0000  9.614E-47
  812.0000  9.539E-47
  813.0000  9.465E-47
  814.0000  9.391E-47
  815.0000  9.318E-47
  816.0000  9.245E-47
  817.0000  9.173E-47
  818.0000  9.102E-47
  819.0000  9.030E-47
  820.0000  8.960E-47
  821.0000  8.890E-47
  822.0000  8.820E-47
  823.0000  8.751E-47
  824.0000  8.683E-47
  825.0000  8.615E-47
  826.0000  8.548E-47
  827.0000  8.481E-47
  828.0000  8.414E-47
  829.0000  8.348E-47
  830.0000  8.283E-47
  831.0000  8.218E-47
  832.0000  8.154E-47
  833.0000  8.090E-47
  834.0000  8.026E-47
  835.0000  7.963E-47
  836.0000  7.901E-47
  837.0000  7.839E-47
  838.0000  7.777E-47
  839.0000  7.716E-47
  840.0000  7.656E-47
  841.0000  7.596E-47
  842.0000  7.536E-47
  843.0000  7.477E-47
  844.0000  7.418E-47
  845.0000  7.359E-47
  846.0000  7.302E-47
  847.0000  7.244E-47
  848.0000  7.187E-47
  849.0000  7.130E-47
  850.0000  7.074E-47
  851.0000  7.018E-47
  852.0000  6.963E-47
  853.0000  6.908E-47
  854.0000  6.854E-47
  855.0000  6.800E-47
  856.0000  6.746E-47
  857.0000  6.693E-47
  858.0000  6.640E-47
  859.0000  6.588E-47
  860.0000  6.536E-47
  861.0000  6.484E-47
  862.0000  6.433E-47
  863.0000  6.382E-47
  864.0000  6.331E-47
  865.0000  6.281E-47
  866.0000  6.232E-47
  867.0000  6.182E-47
  868.0000  6.133E-47
  869.0000  6.085E-47
  870.0000  6.036E-47
  871.0000  5.989E-47
  872.0000  5.941E-47
  873.0000  5.894E-47
  874.0000  5.847E-47
  875.0000  5.801E-47
  876.0000  5.755E-47
  877.0000  5.709E-47
  878.0000  5.664E-47
  879.0000  5.619E-47
  880.0000  5.574E-47
  881.0000  5.530E-47
  882.0000  5.486E-47
  883.0000  5.442E-47
  884.0000  5.399E-47
  885.0000  5.356E-47
  886.0000  5.314E-47
  887.0000  5.271E-47
  888.0000  5.229E-47
  889.0000  5.188E-47
  890.0000  5.146E-47
  891.0000  5.105E-47
  892.0000  5.065E-47
  893.0000  5.024E-47
  894.0000  4.984E-47
  895.0000  4.944E-47
  896.0000  4.905E-47
  897.0000  4.866E-47
  898.0000  4.827E-47
  899.0000  4.788E-47
  900.0000  4.750E-47
  901.0000  4.712E-47
  902.0000  4.675E-47
  903.0000  4.637E-47
  904.0000  4.600E-47
  905.0000  4.563E-47
  906.0000  4.527E-47
  907.0000  4.490E-47
  908.0000  4.454E-47
  909.0000  4.419E-47
  910.0000  4.383E-47
  911.0000  4.348E-47
  912.0000  4.313E-47
  913.0000  4.279E-47
  914.0000  4.244E-47
  915.0000  4.210E-47
  916.0000  4.176E-47
  917.0000  4.143E-47
  918.0000  4.110E-47
  919.0000  4.077E-47
  920.0000  4.044E-47
  921.0000  4.011E-47
  922.0000  3.979E-47
  923.0000  3.947E-47
  924.0000  3.915E-47
  925.0000  3.884E-47
  926.0000  3.852E-47
  927.0000  3.821E-47
  928.0000  3.790E-47
  929.0000  3.760E-47
  930.0000  3.729E-47
  931.0000  3.699E-47
  932.0000  3.669E-47
  933.0000  3.640E-47
  934.0000  3.610E-47
  935.0000  3.581E-47
  936.0000  3.552E-47
  937.0000  3.523E-47
  938.0000  3.495E-47
  939.0000  3.467E-47
  940.0000  3.438E-47
  941.0000  3.411E-47
  942.0000  3.383E-47
  943.0000  3.355E-47
  944.0000  3.328E-47
  945.0000  3.301E-47
  946.0000  3.274E-47
  947.0000  3.248E-47
  948.0000  3.221E-47
  949.0000  3.195E-47
  950.0000  3.169E-47
  951.0000  3.143E-47
  952.0000  3.117E-47
  953.0000  3.092E-47
  954.0000  3.067E-47
  955.0000  3.042E-47
  956.0000  3.017E-47
  957.0000  2.992E-47
  958.0000  2.968E-47
  959.0000  2.943E-47
  960.0000  2.919E-47
  961.0000  2.895E-47
  962.0000  2.872E-47
  963.0000  2.848E-47
  964.0000  2.825E-47
  965.0000  2.801E-47
  966.0000  2.778E-47
  967.0000  2.756E-47
  968.0000  2.733E-47
  969.0000  2.710E-47
  970.0000  2.688E-47
  971.0000  2.666E-47
  972.0000  2.644E-47
  973.0000  2.622E-47
  974.0000  2.600E-47
  975.0000  2.579E-47
  976.0000  2.558E-47
  977.0000  2.536E-47
  978.0000  2.515E-47
  979.0000  2.494E-47
  980.0000  2.474E-47
  981.0000  2.453E-47
  982.0000  2.433E-47
  983.0000  2.413E-47
  984.0000  2.392E-47
  985.0000  2.373E-47
  986.0000  2.353E-47
  987.0000  2.333E-47
  988.0000  2.314E-47
  989.0000  2.294E-47
  990.0000  2.275E-47
  991.0000  2.256E-47
  992.0000  2.237E-47
  993.0000  2.218E-47
  994.0000  2.200E-47
  995.0000  2.181E-47
  996.0000  2.163E-47
  997.0000  2.145E-47
  998.0000  2.127E-47
  999.0000  2.109E-47
 1000.0000  2.091E-47
             CH4-He   1.000000 1000.0000   1000 275.04 3.014e-45 -.999          Model line shapes 25
    1.0000  2.187E-49
    2.0000  8.748E-49
    3.0000  1.968E-48
    4.0000  3.497E-48
    5.0000  5.461E-48
    6.0000  7.859E-48
    7.0000  1.069E-47
    8.0000  1.395E-47
    9.0000  1.764E-47
   10.0000  2.175E-47
   11.0000  2.628E-47
   12.0000  3.124E-47
   13.0000  3.661E-47
   14.0000  4.239E-47
   15.0000  4.858E-47
   16.0000  5.518E-47
   17.0000  6.217E-47
   18.0000  6.956E-47
   19.0000  7.734E-47
   20.0000  8.551E-47
   21.0000  9.405E-47
   22.0000  1.030E-46
   23.0000  1.123E-46
   24.0000  1.219E-46
   25.0000  1.319E-46
   26.0000  1.423E-46
   27.0000  1.530E-46
   28.0000  1.640E-46
   29.0000  1.754E-46
   30.0000  1.871E-46
   31.0000  1.991E-46
   32.0000  2.115E-46
   33.0000  2.241E-46
   34.0000  2.370E-46
   35.0000  2.502E-46
   36.0000  2.638E-46
   37.0000  2.775E-46
   38.0000  2.916E-46
   39.0000  3.059E-46
   40.0000  3.205E-46
   41.0000  3.353E-46
   42.0000  3.503E-46
   43.0000  3.656E-46
   44.0000  3.811E-46
   45.0000  3.969E-46
   46.0000  4.128E-46
   47.0000  4.290E-46
   48.0000  4.453E-46
   49.0000  4.619E-46
   50.0000  4.786E-46
   51.0000  4.955E-46
   52.0000  5.125E-46
   53.0000  5.298E-46
   54.0000  5.471E-46
   55.0000  5.647E-46
   56.0000  5.823E-46
   57.0000  6.001E-46
   58.0000  6.181E-46
   59.0000  6.361E-46
   60.0000  6.543E-46
   61.0000  6.726E-46
   62.0000  6.910E-46
   63.0000  7.095E-46
   64.0000  7.280E-46
   65.0000  7.467E-46
   66.0000  7.654E-46
   67.0000  7.843E-46
   68.0000  8.031E-46
   69.0000  8.221E-46
   70.0000  8.411E-46
   71.0000  8.602E-46
   72.0000  8.793E-46
   73.0000  8.984E-46
   74.0000  9.176E-46
   75.0000  9.368E-46
   76.0000  9.561E-46
   77.0000  9.754E-46
   78.0000  9.947E-46
   79.0000  1.014E-45
   80.0000  1.033E-45
   81.0000  1.053E-45
   82.0000  1.072E-45
   83.0000  1.091E-45
   84.0000  1.111E-45
   85.0000  1.130E-45
   86.0000  1.149E-45
   87.0000  1.168E-45
   88.0000  1.188E-45
   89.0000  1.207E-45
   90.0000  1.226E-45
   91.0000  1.245E-45
   92.0000  1.265E-45
   93.0000  1.284E-45
   94.0000  1.303E-45
   95.0000  1.322E-45
   96.0000  1.341E-45
   97.0000  1.360E-45
   98.0000  1.379E-45
   99.0000  1.397E-45
  100.0000  1.416E-45
  101.0000  1.435E-45
  102.0000  1.453E-45
  103.0000  1.472E-45
  104.0000  1.491E-45
  105.0000  1.509E-45
  106.0000  1.527E-45
  107.0000  1.546E-45
  108.0000  1.564E-45
  109.0000  1.582E-45
  110.0000  1.600E-45
  111.0000  1.618E-45
  112.0000  1.636E-45
  113.0000  1.654E-45
  114.0000  1.672E-45
  115.0000  1.689E-45
  116.0000  1.707E-45
  117.0000  1.724E-45
  118.0000  1.742E-45
  119.0000  1.759E-45
  120.0000  1.776E-45
  121.0000  1.793E-45
  122.0000  1.810E-45
  123.0000  1.827E-45
  124.0000  1.844E-45
  125.0000  1.861E-45
  126.0000  1.877E-45
  127.0000  1.894E-45
  128.0000  1.910E-45
  129.0000  1.926E-45
  130.0000  1.943E-45
  131.0000  1.959E-45
  132.0000  1.975E-45
  133.0000  1.990E-45
  134.0000  2.006E-45
  135.0000  2.022E-45
  136.0000  2.037E-45
  137.0000  2.053E-45
  138.0000  2.068E-45
  139.0000  2.083E-45
  140.0000  2.098E-45
  141.0000  2.113E-45
  142.0000  2.128E-45
  143.0000  2.143E-45
  144.0000  2.157E-45
  145.0000  2.172E-45
  146.0000  2.186E-45
  147.0000  2.200E-45
  148.0000  2.215E-45
  149.0000  2.229E-45
  150.0000  2.242E-45
  151.0000  2.256E-45
  152.0000  2.270E-45
  153.0000  2.283E-45
  154.0000  2.297E-45
  155.0000  2.310E-45
  156.0000  2.323E-45
  157.0000  2.336E-45
  158.0000  2.349E-45
  159.0000  2.362E-45
  160.0000  2.375E-45
  161.0000  2.387E-45
  162.0000  2.400E-45
  163.0000  2.412E-45
  164.0000  2.424E-45
  165.0000  2.436E-45
  166.0000  2.448E-45
  167.0000  2.460E-45
  168.0000  2.471E-45
  169.0000  2.483E-45
  170.0000  2.494E-45
  171.0000  2.506E-45
  172.0000  2.517E-45
  173.0000  2.528E-45
  174.0000  2.539E-45
  175.0000  2.549E-45
  176.0000  2.560E-45
  177.0000  2.571E-45
  178.0000  2.581E-45
  179.0000  2.591E-45
  180.0000  2.601E-45
  181.0000  2.611E-45
  182.0000  2.621E-45
  183.0000  2.631E-45
  184.0000  2.641E-45
  185.0000  2.650E-45
  186.0000  2.660E-45
  187.0000  2.669E-45
  188.0000  2.678E-45
  189.0000  2.687E-45
  190.0000  2.696E-45
  191.0000  2.705E-45
  192.0000  2.713E-45
  193.0000  2.722E-45
  194.0000  2.730E-45
  195.0000  2.738E-45
  196.0000  2.746E-45
  197.0000  2.754E-45
  198.0000  2.762E-45
  199.0000  2.770E-45
  200.0000  2.778E-45
  201.0000  2.785E-45
  202.0000  2.792E-45
  203.0000  2.800E-45
  204.0000  2.807E-45
  205.0000  2.814E-45
  206.0000  2.821E-45
  207.0000  2.827E-45
  208.0000  2.834E-45
  209.0000  2.840E-45
  210.0000  2.847E-45
  211.0000  2.853E-45
  212.0000  2.859E-45
  213.0000  2.865E-45
  214.0000  2.871E-45
  215.0000  2.877E-45
  216.0000  2.882E-45
  217.0000  2.888E-45
  218.0000  2.893E-45
  219.0000  2.898E-45
  220.0000  2.904E-45
  221.0000  2.909E-45
  222.0000  2.913E-45
  223.0000  2.918E-45
  224.0000  2.923E-45
  225.0000  2.927E-45
  226.0000  2.932E-45
  227.0000  2.936E-45
  228.0000  2.940E-45
  229.0000  2.944E-45
  230.0000  2.948E-45
  231.0000  2.952E-45
  232.0000  2.956E-45
  233.0000  2.959E-45
  234.0000  2.963E-45
  235.0000  2.966E-45
  236.0000  2.970E-45
  237.0000  2.973E-45
  238.0000  2.976E-45
  239.0000  2.979E-45
  240.0000  2.981E-45
  241.0000  2.984E-45
  242.0000  2.986E-45
  243.0000  2.989E-45
  244.0000  2.991E-45
  245.0000  2.993E-45
  246.0000  2.995E-45
  247.0000  2.997E-45
  248.0000  2.999E-45
  249.0000  3.001E-45
  250.0000  3.003E-45
  251.0000  3.004E-45
  252.0000  3.006E-45
  253.0000  3.007E-45
  254.0000  3.008E-45
  255.0000  3.009E-45
  256.0000  3.010E-45
  257.0000  3.011E-45
  258.0000  3.012E-45
  259.0000  3.012E-45
  260.0000  3.013E-45
  261.0000  3.013E-45
  262.0000  3.014E-45
  263.0000  3.014E-45
  264.0000  3.014E-45
  265.0000  3.014E-45
  266.0000  3.014E-45
  267.0000  3.013E-45
  268.0000  3.013E-45
  269.0000  3.013E-45
  270.0000  3.012E-45
  271.0000  3.012E-45
  272.0000  3.011E-45
  273.0000  3.010E-45
  274.0000  3.009E-45
  275.0000  3.008E-45
  276.0000  3.007E-45
  277.0000  3.006E-45
  278.0000  3.004E-45
  279.0000  3.003E-45
  280.0000  3.001E-45
  281.0000  3.000E-45
  282.0000  2.998E-45
  283.0000  2.996E-45
  284.0000  2.994E-45
  285.0000  2.992E-45
  286.0000  2.990E-45
  287.0000  2.988E-45
  288.0000  2.985E-45
  289.0000  2.983E-45
  290.0000  2.980E-45
  291.0000  2.978E-45
  292.0000  2.975E-45
  293.0000  2.972E-45
  294.0000  2.970E-45
  295.0000  2.967E-45
  296.0000  2.964E-45
  297.0000  2.960E-45
  298.0000  2.957E-45
  299.0000  2.954E-45
  300.0000  2.951E-45
  301.0000  2.947E-45
  302.0000  2.944E-45
  303.0000  2.940E-45
  304.0000  2.936E-45
  305.0000  2.932E-45
  306.0000  2.929E-45
  307.0000  2.925E-45
  308.0000  2.921E-45
  309.0000  2.917E-45
  310.0000  2.912E-45
  311.0000  2.908E-45
  312.0000  2.904E-45
  313.0000  2.899E-45
  314.0000  2.895E-45
  315.0000  2.890E-45
  316.0000  2.886E-45
  317.0000  2.881E-45
  318.0000  2.876E-45
  319.0000  2.871E-45
  320.0000  2.866E-45
  321.0000  2.861E-45
  322.0000  2.856E-45
  323.0000  2.851E-45
  324.0000  2.846E-45
  325.0000  2.841E-45
  326.0000  2.836E-45
  327.0000  2.830E-45
  328.0000  2.825E-45
  329.0000  2.819E-45
  330.0000  2.814E-45
  331.0000  2.808E-45
  332.0000  2.802E-45
  333.0000  2.797E-45
  334.0000  2.791E-45
  335.0000  2.785E-45
  336.0000  2.779E-45
  337.0000  2.773E-45
  338.0000  2.767E-45
  339.0000  2.761E-45
  340.0000  2.755E-45
  341.0000  2.748E-45
  342.0000  2.742E-45
  343.0000  2.736E-45
  344.0000  2.729E-45
  345.0000  2.723E-45
  346.0000  2.716E-45
  347.0000  2.710E-45
  348.0000  2.703E-45
  349.0000  2.697E-45
  350.0000  2.690E-45
  351.0000  2.683E-45
  352.0000  2.676E-45
  353.0000  2.670E-45
  354.0000  2.663E-45
  355.0000  2.656E-45
  356.0000  2.649E-45
  357.0000  2.642E-45
  358.0000  2.635E-45
  359.0000  2.628E-45
  360.0000  2.621E-45
  361.0000  2.613E-45
  362.0000  2.606E-45
  363.0000  2.599E-45
  364.0000  2.592E-45
  365.0000  2.584E-45
  366.0000  2.577E-45
  367.0000  2.569E-45
  368.0000  2.562E-45
  369.0000  2.554E-45
  370.0000  2.547E-45
  371.0000  2.539E-45
  372.0000  2.532E-45
  373.0000  2.524E-45
  374.0000  2.516E-45
  375.0000  2.509E-45
  376.0000  2.501E-45
  377.0000  2.493E-45
  378.0000  2.485E-45
  379.0000  2.478E-45
  380.0000  2.470E-45
  381.0000  2.462E-45
  382.0000  2.454E-45
  383.0000  2.446E-45
  384.0000  2.438E-45
  385.0000  2.430E-45
  386.0000  2.422E-45
  387.0000  2.414E-45
  388.0000  2.406E-45
  389.0000  2.398E-45
  390.0000  2.390E-45
  391.0000  2.382E-45
  392.0000  2.374E-45
  393.0000  2.365E-45
  394.0000  2.357E-45
  395.0000  2.349E-45
  396.0000  2.341E-45
  397.0000  2.332E-45
  398.0000  2.324E-45
  399.0000  2.316E-45
  400.0000  2.308E-45
  401.0000  2.299E-45
  402.0000  2.291E-45
  403.0000  2.283E-45
  404.0000  2.274E-45
  405.0000  2.266E-45
  406.0000  2.257E-45
  407.0000  2.249E-45
  408.0000  2.241E-45
  409.0000  2.232E-45
  410.0000  2.224E-45
  411.0000  2.215E-45
  412.0000  2.207E-45
  413.0000  2.198E-45
  414.0000  2.190E-45
  415.0000  2.182E-45
  416.0000  2.173E-45
  417.0000  2.165E-45
  418.0000  2.156E-45
  419.0000  2.148E-45
  420.0000  2.139E-45
  421.0000  2.131E-45
  422.0000  2.122E-45
  423.0000  2.113E-45
  424.0000  2.105E-45
  425.0000  2.096E-45
  426.0000  2.088E-45
  427.0000  2.079E-45
  428.0000  2.071E-45
  429.0000  2.062E-45
  430.0000  2.054E-45
  431.0000  2.045E-45
  432.0000  2.037E-45
  433.0000  2.028E-45
  434.0000  2.020E-45
  435.0000  2.011E-45
  436.0000  2.003E-45
  437.0000  1.994E-45
  438.0000  1.986E-45
  439.0000  1.977E-45
  440.0000  1.969E-45
  441.0000  1.960E-45
  442.0000  1.952E-45
  443.0000  1.943E-45
  444.0000  1.935E-45
  445.0000  1.926E-45
  446.0000  1.918E-45
  447.0000  1.909E-45
  448.0000  1.901E-45
  449.0000  1.892E-45
  450.0000  1.884E-45
  451.0000  1.875E-45
  452.0000  1.867E-45
  453.0000  1.859E-45
  454.0000  1.850E-45
  455.0000  1.842E-45
  456.0000  1.833E-45
  457.0000  1.825E-45
  458.0000  1.817E-45
  459.0000  1.808E-45
  460.0000  1.800E-45
  461.0000  1.792E-45
  462.0000  1.783E-45
  463.0000  1.775E-45
  464.0000  1.767E-45
  465.0000  1.758E-45
  466.0000  1.750E-45
  467.0000  1.742E-45
  468.0000  1.734E-45
  469.0000  1.725E-45
  470.0000  1.717E-45
  471.0000  1.709E-45
  472.0000  1.701E-45
  473.0000  1.693E-45
  474.0000  1.684E-45
  475.0000  1.676E-45
  476.0000  1.668E-45
  477.0000  1.660E-45
  478.0000  1.652E-45
  479.0000  1.644E-45
  480.0000  1.636E-45
  481.0000  1.628E-45
  482.0000  1.620E-45
  483.0000  1.612E-45
  484.0000  1.604E-45
  485.0000  1.596E-45
  486.0000  1.588E-45
  487.0000  1.580E-45
  488.0000  1.572E-45
  489.0000  1.564E-45
  490.0000  1.556E-45
  491.0000  1.549E-45
  492.0000  1.541E-45
  493.0000  1.533E-45
  494.0000  1.525E-45
  495.0000  1.517E-45
  496.0000  1.510E-45
  497.0000  1.502E-45
  498.0000  1.494E-45
  499.0000  1.487E-45
  500.0000  1.479E-45
  501.0000  1.471E-45
  502.0000  1.464E-45
  503.0000  1.456E-45
  504.0000  1.449E-45
  505.0000  1.441E-45
  506.0000  1.434E-45
  507.0000  1.426E-45
  508.0000  1.419E-45
  509.0000  1.411E-45
  510.0000  1.404E-45
  511.0000  1.396E-45
  512.0000  1.389E-45
  513.0000  1.382E-45
  514.0000  1.374E-45
  515.0000  1.367E-45
  516.0000  1.360E-45
  517.0000  1.352E-45
  518.0000  1.345E-45
  519.0000  1.338E-45
  520.0000  1.331E-45
  521.0000  1.324E-45
  522.0000  1.316E-45
  523.0000  1.309E-45
  524.0000  1.302E-45
  525.0000  1.295E-45
  526.0000  1.288E-45
  527.0000  1.281E-45
  528.0000  1.274E-45
  529.0000  1.267E-45
  530.0000  1.260E-45
  531.0000  1.253E-45
  532.0000  1.247E-45
  533.0000  1.240E-45
  534.0000  1.233E-45
  535.0000  1.226E-45
  536.0000  1.219E-45
  537.0000  1.213E-45
  538.0000  1.206E-45
  539.0000  1.199E-45
  540.0000  1.192E-45
  541.0000  1.186E-45
  542.0000  1.179E-45
  543.0000  1.173E-45
  544.0000  1.166E-45
  545.0000  1.159E-45
  546.0000  1.153E-45
  547.0000  1.146E-45
  548.0000  1.140E-45
  549.0000  1.134E-45
  550.0000  1.127E-45
  551.0000  1.121E-45
  552.0000  1.114E-45
  553.0000  1.108E-45
  554.0000  1.102E-45
  555.0000  1.095E-45
  556.0000  1.089E-45
  557.0000  1.083E-45
  558.0000  1.077E-45
  559.0000  1.071E-45
  560.0000  1.065E-45
  561.0000  1.058E-45
  562.0000  1.052E-45
  563.0000  1.046E-45
  564.0000  1.040E-45
  565.0000  1.034E-45
  566.0000  1.028E-45
  567.0000  1.022E-45
  568.0000  1.016E-45
  569.0000  1.010E-45
  570.0000  1.005E-45
  571.0000  9.987E-46
  572.0000  9.929E-46
  573.0000  9.871E-46
  574.0000  9.813E-46
  575.0000  9.756E-46
  576.0000  9.698E-46
  577.0000  9.641E-46
  578.0000  9.585E-46
  579.0000  9.528E-46
  580.0000  9.472E-46
  581.0000  9.416E-46
  582.0000  9.361E-46
  583.0000  9.305E-46
  584.0000  9.250E-46
  585.0000  9.195E-46
  586.0000  9.141E-46
  587.0000  9.087E-46
  588.0000  9.033E-46
  589.0000  8.979E-46
  590.0000  8.925E-46
  591.0000  8.872E-46
  592.0000  8.819E-46
  593.0000  8.766E-46
  594.0000  8.714E-46
  595.0000  8.662E-46
  596.0000  8.610E-46
  597.0000  8.558E-46
  598.0000  8.506E-46
  599.0000  8.455E-46
  600.0000  8.404E-46
  601.0000  8.354E-46
  602.0000  8.303E-46
  603.0000  8.253E-46
  604.0000  8.203E-46
  605.0000  8.153E-46
  606.0000  8.104E-46
  607.0000  8.055E-46
  608.0000  8.006E-46
  609.0000  7.957E-46
  610.0000  7.908E-46
  611.0000  7.860E-46
  612.0000  7.812E-46
  613.0000  7.765E-46
  614.0000  7.717E-46
  615.0000  7.670E-46
  616.0000  7.623E-46
  617.0000  7.576E-46
  618.0000  7.530E-46
  619.0000  7.484E-46
  620.0000  7.438E-46
  621.0000  7.392E-46
  622.0000  7.346E-46
  623.0000  7.301E-46
  624.0000  7.256E-46
  625.0000  7.211E-46
  626.0000  7.167E-46
  627.0000  7.122E-46
  628.0000  7.078E-46
  629.0000  7.034E-46
  630.0000  6.991E-46
  631.0000  6.947E-46
  632.0000  6.904E-46
  633.0000  6.861E-46
  634.0000  6.818E-46
  635.0000  6.776E-46
  636.0000  6.734E-46
  637.0000  6.692E-46
  638.0000  6.650E-46
  639.0000  6.608E-46
  640.0000  6.567E-46
  641.0000  6.526E-46
  642.0000  6.485E-46
  643.0000  6.444E-46
  644.0000  6.404E-46
  645.0000  6.364E-46
  646.0000  6.324E-46
  647.0000  6.284E-46
  648.0000  6.244E-46
  649.0000  6.205E-46
  650.0000  6.166E-46
  651.0000  6.127E-46
  652.0000  6.088E-46
  653.0000  6.050E-46
  654.0000  6.011E-46
  655.0000  5.973E-46
  656.0000  5.936E-46
  657.0000  5.898E-46
  658.0000  5.861E-46
  659.0000  5.823E-46
  660.0000  5.786E-46
  661.0000  5.750E-46
  662.0000  5.713E-46
  663.0000  5.677E-46
  664.0000  5.640E-46
  665.0000  5.604E-46
  666.0000  5.569E-46
  667.0000  5.533E-46
  668.0000  5.498E-46
  669.0000  5.463E-46
  670.0000  5.428E-46
  671.0000  5.393E-46
  672.0000  5.358E-46
  673.0000  5.324E-46
  674.0000  5.290E-46
  675.0000  5.256E-46
  676.0000  5.222E-46
  677.0000  5.189E-46
  678.0000  5.155E-46
  679.0000  5.122E-46
  680.0000  5.089E-46
  681.0000  5.056E-46
  682.0000  5.024E-46
  683.0000  4.991E-46
  684.0000  4.959E-46
  685.0000  4.927E-46
  686.0000  4.895E-46
  687.0000  4.863E-46
  688.0000  4.832E-46
  689.0000  4.801E-46
  690.0000  4.769E-46
  691.0000  4.738E-46
  692.0000  4.708E-46
  693.0000  4.677E-46
  694.0000  4.647E-46
  695.0000  4.616E-46
  696.0000  4.586E-46
  697.0000  4.557E-46
  698.0000  4.527E-46
  699.0000  4.497E-46
  700.0000  4.468E-46
  701.0000  4.439E-46
  702.0000  4.410E-46
  703.0000  4.381E-46
  704.0000  4.352E-46
  705.0000  4.324E-46
  706.0000  4.296E-46
  707.0000  4.267E-46
  708.0000  4.239E-46
  709.0000  4.212E-46
  710.0000  4.184E-46
  711.0000  4.157E-46
  712.0000  4.129E-46
  713.0000  4.102E-46
  714.0000  4.075E-46
  715.0000  4.048E-46
  716.0000  4.022E-46
  717.0000  3.995E-46
  718.0000  3.969E-46
  719.0000  3.943E-46
  720.0000  3.917E-46
  721.0000  3.891E-46
  722.0000  3.865E-46
  723.0000  3.839E-46
  724.0000  3.814E-46
  725.0000  3.789E-46
  726.0000  3.764E-46
  727.0000  3.739E-46
  728.0000  3.714E-46
  729.0000  3.689E-46
  730.0000  3.665E-46
  731.0000  3.641E-46
  732.0000  3.616E-46
  733.0000  3.592E-46
  734.0000  3.568E-46
  735.0000  3.545E-46
  736.0000  3.521E-46
  737.0000  3.498E-46
  738.0000  3.474E-46
  739.0000  3.451E-46
  740.0000  3.428E-46
  741.0000  3.405E-46
  742.0000  3.382E-46
  743.0000  3.360E-46
  744.0000  3.337E-46
  745.0000  3.315E-46
  746.0000  3.293E-46
  747.0000  3.271E-46
  748.0000  3.249E-46
  749.0000  3.227E-46
  750.0000  3.206E-46
  751.0000  3.184E-46
  752.0000  3.163E-46
  753.0000  3.141E-46
  754.0000  3.120E-46
  755.0000  3.099E-46
  756.0000  3.079E-46
  757.0000  3.058E-46
  758.0000  3.037E-46
  759.0000  3.017E-46
  760.0000  2.996E-46
  761.0000  2.976E-46
  762.0000  2.956E-46
  763.0000  2.936E-46
  764.0000  2.916E-46
  765.0000  2.897E-46
  766.0000  2.877E-46
  767.0000  2.858E-46
  768.0000  2.838E-46
  769.0000  2.819E-46
  770.0000  2.800E-46
  771.0000  2.781E-46
  772.0000  2.762E-46
  773.0000  2.744E-46
  774.0000  2.725E-46
  775.0000  2.706E-46
  776.0000  2.688E-46
  777.0000  2.670E-46
  778.0000  2.652E-46
  779.0000  2.634E-46
  780.0000  2.616E-46
  781.0000  2.598E-46
  782.0000  2.580E-46
  783.0000  2.563E-46
  784.0000  2.545E-46
  785.0000  2.528E-46
  786.0000  2.511E-46
  787.0000  2.494E-46
  788.0000  2.477E-46
  789.0000  2.460E-46
  790.0000  2.443E-46
  791.0000  2.426E-46
  792.0000  2.410E-46
  793.0000  2.393E-46
  794.0000  2.377E-46
  795.0000  2.360E-46
  796.0000  2.344E-46
  797.0000  2.328E-46
  798.0000  2.312E-46
  799.0000  2.296E-46
  800.0000  2.281E-46
  801.0000  2.265E-46
  802.0000  2.249E-46
  803.0000  2.234E-46
  804.0000  2.219E-46
  805.0000  2.203E-46
  806.0000  2.188E-46
  807.0000  2.173E-46
  808.0000  2.158E-46
  809.0000  2.143E-46
  810.0000  2.129E-46
  811.0000  2.114E-46
  812.0000  2.099E-46
  813.0000  2.085E-46
  814.0000  2.071E-46
  815.0000  2.056E-46
  816.0000  2.042E-46
  817.0000  2.028E-46
  818.0000  2.014E-46
  819.0000  2.000E-46
  820.0000  1.986E-46
  821.0000  1.972E-46
  822.0000  1.959E-46
  823.0000  1.945E-46
  824.0000  1.932E-46
  825.0000  1.918E-46
  826.0000  1.905E-46
  827.0000  1.892E-46
  828.0000  1.879E-46
  829.0000  1.866E-46
  830.0000  1.853E-46
  831.0000  1.840E-46
  832.0000  1.827E-46
  833.0000  1.814E-46
  834.0000  1.802E-46
  835.0000  1.789E-46
  836.0000  1.777E-46
  837.0000  1.764E-46
  838.0000  1.752E-46
  839.0000  1.740E-46
  840.0000  1.728E-46
  841.0000  1.716E-46
  842.0000  1.704E-46
  843.0000  1.692E-46
  844.0000  1.680E-46
  845.0000  1.668E-46
  846.0000  1.657E-46
  847.0000  1.645E-46
  848.0000  1.633E-46
  849.0000  1.622E-46
  850.0000  1.611E-46
  851.0000  1.599E-46
  852.0000  1.588E-46
  853.0000  1.577E-46
  854.0000  1.566E-46
  855.0000  1.555E-46
  856.0000  1.544E-46
  857.0000  1.533E-46
  858.0000  1.522E-46
  859.0000  1.512E-46
  860.0000  1.501E-46
  861.0000  1.491E-46
  862.0000  1.480E-46
  863.0000  1.470E-46
  864.0000  1.459E-46
  865.0000  1.449E-46
  866.0000  1.439E-46
  867.0000  1.429E-46
  868.0000  1.419E-46
  869.0000  1.409E-46
  870.0000  1.399E-46
  871.0000  1.389E-46
  872.0000  1.379E-46
  873.0000  1.369E-46
  874.0000  1.360E-46
  875.0000  1.350E-46
  876.0000  1.340E-46
  877.0000  1.331E-46
  878.0000  1.322E-46
  879.0000  1.312E-46
  880.0000  1.303E-46
  881.0000  1.294E-46
  882.0000  1.284E-46
  883.0000  1.275E-46
  884.0000  1.266E-46
  885.0000  1.257E-46
  886.0000  1.248E-46
  887.0000  1.239E-46
  888.0000  1.231E-46
  889.0000  1.222E-46
  890.0000  1.213E-46
  891.0000  1.205E-46
  892.0000  1.196E-46
  893.0000  1.187E-46
  894.0000  1.179E-46
  895.0000  1.171E-46
  896.0000  1.162E-46
  897.0000  1.154E-46
  898.0000  1.146E-46
  899.0000  1.138E-46
  900.0000  1.129E-46
  901.0000  1.121E-46
  902.0000  1.113E-46
  903.0000  1.105E-46
  904.0000  1.097E-46
  905.0000  1.090E-46
  906.0000  1.082E-46
  907.0000  1.074E-46
  908.0000  1.066E-46
  909.0000  1.059E-46
  910.0000  1.051E-46
  911.0000  1.043E-46
  912.0000  1.036E-46
  913.0000  1.029E-46
  914.0000  1.021E-46
  915.0000  1.014E-46
  916.0000  1.006E-46
  917.0000  9.992E-47
  918.0000  9.920E-47
  919.0000  9.849E-47
  920.0000  9.778E-47
  921.0000  9.707E-47
  922.0000  9.637E-47
  923.0000  9.568E-47
  924.0000  9.498E-47
  925.0000  9.430E-47
  926.0000  9.361E-47
  927.0000  9.294E-47
  928.0000  9.226E-47
  929.0000  9.159E-47
  930.0000  9.093E-47
  931.0000  9.027E-47
  932.0000  8.962E-47
  933.0000  8.896E-47
  934.0000  8.832E-47
  935.0000  8.768E-47
  936.0000  8.704E-47
  937.0000  8.640E-47
  938.0000  8.577E-47
  939.0000  8.515E-47
  940.0000  8.453E-47
  941.0000  8.391E-47
  942.0000  8.330E-47
  943.0000  8.269E-47
  944.0000  8.209E-47
  945.0000  8.149E-47
  946.0000  8.089E-47
  947.0000  8.030E-47
  948.0000  7.971E-47
  949.0000  7.912E-47
  950.0000  7.854E-47
  951.0000  7.797E-47
  952.0000  7.739E-47
  953.0000  7.682E-47
  954.0000  7.626E-47
  955.0000  7.570E-47
  956.0000  7.514E-47
  957.0000  7.459E-47
  958.0000  7.404E-47
  959.0000  7.349E-47
  960.0000  7.295E-47
  961.0000  7.241E-47
  962.0000  7.187E-47
  963.0000  7.134E-47
  964.0000  7.081E-47
  965.0000  7.029E-47
  966.0000  6.976E-47
  967.0000  6.925E-47
  968.0000  6.873E-47
  969.0000  6.822E-47
  970.0000  6.771E-47
  971.0000  6.721E-47
  972.0000  6.671E-47
  973.0000  6.621E-47
  974.0000  6.571E-47
  975.0000  6.522E-47
  976.0000  6.474E-47
  977.0000  6.425E-47
  978.0000  6.377E-47
  979.0000  6.329E-47
  980.0000  6.282E-47
  981.0000  6.234E-47
  982.0000  6.188E-47
  983.0000  6.141E-47
  984.0000  6.095E-47
  985.0000  6.049E-47
  986.0000  6.003E-47
  987.0000  5.958E-47
  988.0000  5.913E-47
  989.0000  5.868E-47
  990.0000  5.824E-47
  991.0000  5.779E-47
  992.0000  5.736E-47
  993.0000  5.692E-47
  994.0000  5.649E-47
  995.0000  5.606E-47
  996.0000  5.563E-47
  997.0000  5.521E-47
  998.0000  5.478E-47
  999.0000  5.437E-47
 1000.0000  5.395E-47
             CH4-He   1.000000 1000.0000   1000 350.00 3.527e-45 -.999          Model line shapes 25
    1.0000  2.088E-49
    2.0000  8.350E-49
    3.0000  1.878E-48
    4.0000  3.338E-48
    5.0000  5.213E-48
    6.0000  7.503E-48
    7.0000  1.021E-47
    8.0000  1.332E-47
    9.0000  1.684E-47
   10.0000  2.077E-47
   11.0000  2.511E-47
   12.0000  2.985E-47
   13.0000  3.498E-47
   14.0000  4.052E-47
   15.0000  4.644E-47
   16.0000  5.276E-47
   17.0000  5.946E-47
   18.0000  6.654E-47
   19.0000  7.400E-47
   20.0000  8.184E-47
   21.0000  9.004E-47
   22.0000  9.861E-47
   23.0000  1.075E-46
   24.0000  1.168E-46
   25.0000  1.265E-46
   26.0000  1.364E-46
   27.0000  1.467E-46
   28.0000  1.574E-46
   29.0000  1.684E-46
   30.0000  1.797E-46
   31.0000  1.913E-46
   32.0000  2.032E-46
   33.0000  2.154E-46
   34.0000  2.280E-46
   35.0000  2.408E-46
   36.0000  2.539E-46
   37.0000  2.673E-46
   38.0000  2.810E-46
   39.0000  2.949E-46
   40.0000  3.091E-46
   41.0000  3.235E-46
   42.0000  3.382E-46
   43.0000  3.532E-46
   44.0000  3.683E-46
   45.0000  3.837E-46
   46.0000  3.994E-46
   47.0000  4.152E-46
   48.0000  4.313E-46
   49.0000  4.475E-46
   50.0000  4.640E-46
   51.0000  4.806E-46
   52.0000  4.975E-46
   53.0000  5.145E-46
   54.0000  5.317E-46
   55.0000  5.490E-46
   56.0000  5.665E-46
   57.0000  5.842E-46
   58.0000  6.020E-46
   59.0000  6.200E-46
   60.0000  6.381E-46
   61.0000  6.564E-46
   62.0000  6.747E-46
   63.0000  6.932E-46
   64.0000  7.118E-46
   65.0000  7.305E-46
   66.0000  7.494E-46
   67.0000  7.683E-46
   68.0000  7.873E-46
   69.0000  8.064E-46
   70.0000  8.256E-46
   71.0000  8.449E-46
   72.0000  8.642E-46
   73.0000  8.836E-46
   74.0000  9.031E-46
   75.0000  9.227E-46
   76.0000  9.423E-46
   77.0000  9.620E-46
   78.0000  9.817E-46
   79.0000  1.001E-45
   80.0000  1.021E-45
   81.0000  1.041E-45
   82.0000  1.061E-45
   83.0000  1.081E-45
   84.0000  1.101E-45
   85.0000  1.121E-45
   86.0000  1.141E-45
   87.0000  1.161E-45
   88.0000  1.181E-45
   89.0000  1.201E-45
   90.0000  1.221E-45
   91.0000  1.241E-45
   92.0000  1.261E-45
   93.0000  1.281E-45
   94.0000  1.300E-45
   95.0000  1.320E-45
   96.0000  1.340E-45
   97.0000  1.360E-45
   98.0000  1.380E-45
   99.0000  1.400E-45
  100.0000  1.420E-45
  101.0000  1.440E-45
  102.0000  1.460E-45
  103.0000  1.479E-45
  104.0000  1.499E-45
  105.0000  1.519E-45
  106.0000  1.538E-45
  107.0000  1.558E-45
  108.0000  1.578E-45
  109.0000  1.597E-45
  110.0000  1.617E-45
  111.0000  1.636E-45
  112.0000  1.655E-45
  113.0000  1.675E-45
  114.0000  1.694E-45
  115.0000  1.713E-45
  116.0000  1.732E-45
  117.0000  1.751E-45
  118.0000  1.770E-45
  119.0000  1.789E-45
  120.0000  1.808E-45
  121.0000  1.827E-45
  122.0000  1.846E-45
  123.0000  1.864E-45
  124.0000  1.883E-45
  125.0000  1.901E-45
  126.0000  1.920E-45
  127.0000  1.938E-45
  128.0000  1.956E-45
  129.0000  1.975E-45
  130.0000  1.993E-45
  131.0000  2.011E-45
  132.0000  2.029E-45
  133.0000  2.047E-45
  134.0000  2.064E-45
  135.0000  2.082E-45
  136.0000  2.100E-45
  137.0000  2.117E-45
  138.0000  2.135E-45
  139.0000  2.152E-45
  140.0000  2.169E-45
  141.0000  2.186E-45
  142.0000  2.203E-45
  143.0000  2.220E-45
  144.0000  2.237E-45
  145.0000  2.254E-45
  146.0000  2.271E-45
  147.0000  2.287E-45
  148.0000  2.304E-45
  149.0000  2.320E-45
  150.0000  2.336E-45
  151.0000  2.353E-45
  152.0000  2.369E-45
  153.0000  2.385E-45
  154.0000  2.400E-45
  155.0000  2.416E-45
  156.0000  2.432E-45
  157.0000  2.447E-45
  158.0000  2.463E-45
  159.0000  2.478E-45
  160.0000  2.493E-45
  161.0000  2.509E-45
  162.0000  2.524E-45
  163.0000  2.539E-45
  164.0000  2.553E-45
  165.0000  2.568E-45
  166.0000  2.583E-45
  167.0000  2.597E-45
  168.0000  2.612E-45
  169.0000  2.626E-45
  170.0000  2.640E-45
  171.0000  2.654E-45
  172.0000  2.668E-45
  173.0000  2.682E-45
  174.0000  2.696E-45
  175.0000  2.709E-45
  176.0000  2.723E-45
  177.0000  2.736E-45
  178.0000  2.750E-45
  179.0000  2.763E-45
  180.0000  2.776E-45
  181.0000  2.789E-45
  182.0000  2.802E-45
  183.0000  2.814E-45
  184.0000  2.827E-45
  185.0000  2.839E-45
  186.0000  2.852E-45
  187.0000  2.864E-45
  188.0000  2.876E-45
  189.0000  2.888E-45
  190.0000  2.900E-45
  191.0000  2.912E-45
  192.0000  2.924E-45
  193.0000  2.935E-45
  194.0000  2.947E-45
  195.0000  2.958E-45
  196.0000  2.970E-45
  197.0000  2.981E-45
  198.0000  2.992E-45
  199.0000  3.003E-45
  200.0000  3.013E-45
  201.0000  3.024E-45
  202.0000  3.035E-45
  203.0000  3.045E-45
  204.0000  3.055E-45
  205.0000  3.066E-45
  206.0000  3.076E-45
  207.0000  3.086E-45
  208.0000  3.096E-45
  209.0000  3.105E-45
  210.0000  3.115E-45
  211.0000  3.125E-45
  212.0000  3.134E-45
  213.0000  3.143E-45
  214.0000  3.153E-45
  215.0000  3.162E-45
  216.0000  3.171E-45
  217.0000  3.180E-45
  218.0000  3.188E-45
  219.0000  3.197E-45
  220.0000  3.205E-45
  221.0000  3.214E-45
  222.0000  3.222E-45
  223.0000  3.230E-45
  224.0000  3.238E-45
  225.0000  3.246E-45
  226.0000  3.254E-45
  227.0000  3.262E-45
  228.0000  3.269E-45
  229.0000  3.277E-45
  230.0000  3.284E-45
  231.0000  3.292E-45
  232.0000  3.299E-45
  233.0000  3.306E-45
  234.0000  3.313E-45
  235.0000  3.319E-45
  236.0000  3.326E-45
  237.0000  3.333E-45
  238.0000  3.339E-45
  239.0000  3.346E-45
  240.0000  3.352E-45
  241.0000  3.358E-45
  242.0000  3.364E-45
  243.0000  3.370E-45
  244.0000  3.376E-45
  245.0000  3.381E-45
  246.0000  3.387E-45
  247.0000  3.392E-45
  248.0000  3.398E-45
  249.0000  3.403E-45
  250.0000  3.408E-45
  251.0000  3.413E-45
  252.0000  3.418E-45
  253.0000  3.423E-45
  254.0000  3.427E-45
  255.0000  3.432E-45
  256.0000  3.436E-45
  257.0000  3.441E-45
  258.0000  3.445E-45
  259.0000  3.449E-45
  260.0000  3.453E-45
  261.0000  3.457E-45
  262.0000  3.461E-45
  263.0000  3.465E-45
  264.0000  3.468E-45
  265.0000  3.472E-45
  266.0000  3.475E-45
  267.0000  3.478E-45
  268.0000  3.481E-45
  269.0000  3.484E-45
  270.0000  3.487E-45
  271.0000  3.490E-45
  272.0000  3.493E-45
  273.0000  3.495E-45
  274.0000  3.498E-45
  275.0000  3.500E-45
  276.0000  3.503E-45
  277.0000  3.505E-45
  278.0000  3.507E-45
  279.0000  3.509E-45
  280.0000  3.511E-45
  281.0000  3.512E-45
  282.0000  3.514E-45
  283.0000  3.516E-45
  284.0000  3.517E-45
  285.0000  3.518E-45
  286.0000  3.520E-45
  287.0000  3.521E-45
  288.0000  3.522E-45
  289.0000  3.523E-45
  290.0000  3.523E-45
  291.0000  3.524E-45
  292.0000  3.525E-45
  293.0000  3.525E-45
  294.0000  3.526E-45
  295.0000  3.526E-45
  296.0000  3.526E-45
  297.0000  3.526E-45
  298.0000  3.527E-45
  299.0000  3.526E-45
  300.0000  3.526E-45
  301.0000  3.526E-45
  302.0000  3.526E-45
  303.0000  3.525E-45
  304.0000  3.525E-45
  305.0000  3.524E-45
  306.0000  3.523E-45
  307.0000  3.523E-45
  308.0000  3.522E-45
  309.0000  3.521E-45
  310.0000  3.520E-45
  311.0000  3.518E-45
  312.0000  3.517E-45
  313.0000  3.516E-45
  314.0000  3.514E-45
  315.0000  3.513E-45
  316.0000  3.511E-45
  317.0000  3.509E-45
  318.0000  3.508E-45
  319.0000  3.506E-45
  320.0000  3.504E-45
  321.0000  3.502E-45
  322.0000  3.499E-45
  323.0000  3.497E-45
  324.0000  3.495E-45
  325.0000  3.492E-45
  326.0000  3.490E-45
  327.0000  3.487E-45
  328.0000  3.485E-45
  329.0000  3.482E-45
  330.0000  3.479E-45
  331.0000  3.476E-45
  332.0000  3.473E-45
  333.0000  3.470E-45
  334.0000  3.467E-45
  335.0000  3.464E-45
  336.0000  3.460E-45
  337.0000  3.457E-45
  338.0000  3.453E-45
  339.0000  3.450E-45
  340.0000  3.446E-45
  341.0000  3.443E-45
  342.0000  3.439E-45
  343.0000  3.435E-45
  344.0000  3.431E-45
  345.0000  3.427E-45
  346.0000  3.423E-45
  347.0000  3.419E-45
  348.0000  3.415E-45
  349.0000  3.410E-45
  350.0000  3.406E-45
  351.0000  3.402E-45
  352.0000  3.397E-45
  353.0000  3.392E-45
  354.0000  3.388E-45
  355.0000  3.383E-45
  356.0000  3.378E-45
  357.0000  3.374E-45
  358.0000  3.369E-45
  359.0000  3.364E-45
  360.0000  3.359E-45
  361.0000  3.353E-45
  362.0000  3.348E-45
  363.0000  3.343E-45
  364.0000  3.338E-45
  365.0000  3.332E-45
  366.0000  3.327E-45
  367.0000  3.321E-45
  368.0000  3.316E-45
  369.0000  3.310E-45
  370.0000  3.305E-45
  371.0000  3.299E-45
  372.0000  3.293E-45
  373.0000  3.287E-45
  374.0000  3.281E-45
  375.0000  3.275E-45
  376.0000  3.269E-45
  377.0000  3.263E-45
  378.0000  3.257E-45
  379.0000  3.251E-45
  380.0000  3.245E-45
  381.0000  3.238E-45
  382.0000  3.232E-45
  383.0000  3.226E-45
  384.0000  3.219E-45
  385.0000  3.213E-45
  386.0000  3.206E-45
  387.0000  3.200E-45
  388.0000  3.193E-45
  389.0000  3.186E-45
  390.0000  3.180E-45
  391.0000  3.173E-45
  392.0000  3.166E-45
  393.0000  3.159E-45
  394.0000  3.152E-45
  395.0000  3.145E-45
  396.0000  3.138E-45
  397.0000  3.131E-45
  398.0000  3.124E-45
  399.0000  3.117E-45
  400.0000  3.110E-45
  401.0000  3.102E-45
  402.0000  3.095E-45
  403.0000  3.088E-45
  404.0000  3.080E-45
  405.0000  3.073E-45
  406.0000  3.066E-45
  407.0000  3.058E-45
  408.0000  3.051E-45
  409.0000  3.043E-45
  410.0000  3.035E-45
  411.0000  3.028E-45
  412.0000  3.020E-45
  413.0000  3.012E-45
  414.0000  3.005E-45
  415.0000  2.997E-45
  416.0000  2.989E-45
  417.0000  2.981E-45
  418.0000  2.974E-45
  419.0000  2.966E-45
  420.0000  2.958E-45
  421.0000  2.950E-45
  422.0000  2.942E-45
  423.0000  2.934E-45
  424.0000  2.926E-45
  425.0000  2.918E-45
  426.0000  2.910E-45
  427.0000  2.902E-45
  428.0000  2.893E-45
  429.0000  2.885E-45
  430.0000  2.877E-45
  431.0000  2.869E-45
  432.0000  2.861E-45
  433.0000  2.852E-45
  434.0000  2.844E-45
  435.0000  2.836E-45
  436.0000  2.827E-45
  437.0000  2.819E-45
  438.0000  2.811E-45
  439.0000  2.802E-45
  440.0000  2.794E-45
  441.0000  2.786E-45
  442.0000  2.777E-45
  443.0000  2.769E-45
  444.0000  2.760E-45
  445.0000  2.752E-45
  446.0000  2.743E-45
  447.0000  2.735E-45
  448.0000  2.726E-45
  449.0000  2.717E-45
  450.0000  2.709E-45
  451.0000  2.700E-45
  452.0000  2.692E-45
  453.0000  2.683E-45
  454.0000  2.674E-45
  455.0000  2.666E-45
  456.0000  2.657E-45
  457.0000  2.648E-45
  458.0000  2.640E-45
  459.0000  2.631E-45
  460.0000  2.622E-45
  461.0000  2.614E-45
  462.0000  2.605E-45
  463.0000  2.596E-45
  464.0000  2.587E-45
  465.0000  2.579E-45
  466.0000  2.570E-45
  467.0000  2.561E-45
  468.0000  2.552E-45
  469.0000  2.543E-45
  470.0000  2.535E-45
  471.0000  2.526E-45
  472.0000  2.517E-45
  473.0000  2.508E-45
  474.0000  2.499E-45
  475.0000  2.491E-45
  476.0000  2.482E-45
  477.0000  2.473E-45
  478.0000  2.464E-45
  479.0000  2.455E-45
  480.0000  2.446E-45
  481.0000  2.438E-45
  482.0000  2.429E-45
  483.0000  2.420E-45
  484.0000  2.411E-45
  485.0000  2.402E-45
  486.0000  2.393E-45
  487.0000  2.385E-45
  488.0000  2.376E-45
  489.0000  2.367E-45
  490.0000  2.358E-45
  491.0000  2.349E-45
  492.0000  2.340E-45
  493.0000  2.332E-45
  494.0000  2.323E-45
  495.0000  2.314E-45
  496.0000  2.305E-45
  497.0000  2.296E-45
  498.0000  2.288E-45
  499.0000  2.279E-45
  500.0000  2.270E-45
  501.0000  2.261E-45
  502.0000  2.252E-45
  503.0000  2.244E-45
  504.0000  2.235E-45
  505.0000  2.226E-45
  506.0000  2.217E-45
  507.0000  2.209E-45
  508.0000  2.200E-45
  509.0000  2.191E-45
  510.0000  2.182E-45
  511.0000  2.174E-45
  512.0000  2.165E-45
  513.0000  2.156E-45
  514.0000  2.148E-45
  515.0000  2.139E-45
  516.0000  2.130E-45
  517.0000  2.122E-45
  518.0000  2.113E-45
  519.0000  2.104E-45
  520.0000  2.096E-45
  521.0000  2.087E-45
  522.0000  2.078E-45
  523.0000  2.070E-45
  524.0000  2.061E-45
  525.0000  2.053E-45
  526.0000  2.044E-45
  527.0000  2.036E-45
  528.0000  2.027E-45
  529.0000  2.019E-45
  530.0000  2.010E-45
  531.0000  2.002E-45
  532.0000  1.993E-45
  533.0000  1.985E-45
  534.0000  1.976E-45
  535.0000  1.968E-45
  536.0000  1.959E-45
  537.0000  1.951E-45
  538.0000  1.943E-45
  539.0000  1.934E-45
  540.0000  1.926E-45
  541.0000  1.918E-45
  542.0000  1.909E-45
  543.0000  1.901E-45
  544.0000  1.893E-45
  545.0000  1.884E-45
  546.0000  1.876E-45
  547.0000  1.868E-45
  548.0000  1.860E-45
  549.0000  1.852E-45
  550.0000  1.843E-45
  551.0000  1.835E-45
  552.0000  1.827E-45
  553.0000  1.819E-45
  554.0000  1.811E-45
  555.0000  1.803E-45
  556.0000  1.795E-45
  557.0000  1.787E-45
  558.0000  1.779E-45
  559.0000  1.771E-45
  560.0000  1.763E-45
  561.0000  1.755E-45
  562.0000  1.747E-45
  563.0000  1.739E-45
  564.0000  1.731E-45
  565.0000  1.723E-45
  566.0000  1.715E-45
  567.0000  1.707E-45
  568.0000  1.699E-45
  569.0000  1.692E-45
  570.0000  1.684E-45
  571.0000  1.676E-45
  572.0000  1.668E-45
  573.0000  1.661E-45
  574.0000  1.653E-45
  575.0000  1.645E-45
  576.0000  1.638E-45
  577.0000  1.630E-45
  578.0000  1.622E-45
  579.0000  1.615E-45
  580.0000  1.607E-45
  581.0000  1.600E-45
  582.0000  1.592E-45
  583.0000  1.585E-45
  584.0000  1.577E-45
  585.0000  1.570E-45
  586.0000  1.562E-45
  587.0000  1.555E-45
  588.0000  1.547E-45
  589.0000  1.540E-45
  590.0000  1.533E-45
  591.0000  1.525E-45
  592.0000  1.518E-45
  593.0000  1.511E-45
  594.0000  1.504E-45
  595.0000  1.496E-45
  596.0000  1.489E-45
  597.0000  1.482E-45
  598.0000  1.475E-45
  599.0000  1.468E-45
  600.0000  1.460E-45
  601.0000  1.453E-45
  602.0000  1.446E-45
  603.0000  1.439E-45
  604.0000  1.432E-45
  605.0000  1.425E-45
  606.0000  1.418E-45
  607.0000  1.411E-45
  608.0000  1.404E-45
  609.0000  1.397E-45
  610.0000  1.391E-45
  611.0000  1.384E-45
  612.0000  1.377E-45
  613.0000  1.370E-45
  614.0000  1.363E-45
  615.0000  1.357E-45
  616.0000  1.350E-45
  617.0000  1.343E-45
  618.0000  1.336E-45
  619.0000  1.330E-45
  620.0000  1.323E-45
  621.0000  1.317E-45
  622.0000  1.310E-45
  623.0000  1.303E-45
  624.0000  1.297E-45
  625.0000  1.290E-45
  626.0000  1.284E-45
  627.0000  1.277E-45
  628.0000  1.271E-45
  629.0000  1.264E-45
  630.0000  1.258E-45
  631.0000  1.252E-45
  632.0000  1.245E-45
  633.0000  1.239E-45
  634.0000  1.233E-45
  635.0000  1.226E-45
  636.0000  1.220E-45
  637.0000  1.214E-45
  638.0000  1.208E-45
  639.0000  1.202E-45
  640.0000  1.195E-45
  641.0000  1.189E-45
  642.0000  1.183E-45
  643.0000  1.177E-45
  644.0000  1.171E-45
  645.0000  1.165E-45
  646.0000  1.159E-45
  647.0000  1.153E-45
  648.0000  1.147E-45
  649.0000  1.141E-45
  650.0000  1.135E-45
  651.0000  1.129E-45
  652.0000  1.123E-45
  653.0000  1.118E-45
  654.0000  1.112E-45
  655.0000  1.106E-45
  656.0000  1.100E-45
  657.0000  1.094E-45
  658.0000  1.089E-45
  659.0000  1.083E-45
  660.0000  1.077E-45
  661.0000  1.072E-45
  662.0000  1.066E-45
  663.0000  1.061E-45
  664.0000  1.055E-45
  665.0000  1.049E-45
  666.0000  1.044E-45
  667.0000  1.038E-45
  668.0000  1.033E-45
  669.0000  1.027E-45
  670.0000  1.022E-45
  671.0000  1.017E-45
  672.0000  1.011E-45
  673.0000  1.006E-45
  674.0000  1.000E-45
  675.0000  9.951E-46
  676.0000  9.898E-46
  677.0000  9.845E-46
  678.0000  9.793E-46
  679.0000  9.740E-46
  680.0000  9.688E-46
  681.0000  9.637E-46
  682.0000  9.585E-46
  683.0000  9.534E-46
  684.0000  9.482E-46
  685.0000  9.432E-46
  686.0000  9.381E-46
  687.0000  9.330E-46
  688.0000  9.280E-46
  689.0000  9.230E-46
  690.0000  9.180E-46
  691.0000  9.131E-46
  692.0000  9.081E-46
  693.0000  9.032E-46
  694.0000  8.983E-46
  695.0000  8.935E-46
  696.0000  8.886E-46
  697.0000  8.838E-46
  698.0000  8.790E-46
  699.0000  8.742E-46
  700.0000  8.695E-46
  701.0000  8.647E-46
  702.0000  8.600E-46
  703.0000  8.553E-46
  704.0000  8.507E-46
  705.0000  8.460E-46
  706.0000  8.414E-46
  707.0000  8.368E-46
  708.0000  8.322E-46
  709.0000  8.276E-46
  710.0000  8.231E-46
  711.0000  8.186E-46
  712.0000  8.141E-46
  713.0000  8.096E-46
  714.0000  8.052E-46
  715.0000  8.007E-46
  716.0000  7.963E-46
  717.0000  7.919E-46
  718.0000  7.876E-46
  719.0000  7.832E-46
  720.0000  7.789E-46
  721.0000  7.746E-46
  722.0000  7.703E-46
  723.0000  7.660E-46
  724.0000  7.618E-46
  725.0000  7.575E-46
  726.0000  7.533E-46
  727.0000  7.491E-46
  728.0000  7.450E-46
  729.0000  7.408E-46
  730.0000  7.367E-46
  731.0000  7.326E-46
  732.0000  7.285E-46
  733.0000  7.245E-46
  734.0000  7.204E-46
  735.0000  7.164E-46
  736.0000  7.124E-46
  737.0000  7.084E-46
  738.0000  7.044E-46
  739.0000  7.005E-46
  740.0000  6.966E-46
  741.0000  6.926E-46
  742.0000  6.888E-46
  743.0000  6.849E-46
  744.0000  6.810E-46
  745.0000  6.772E-46
  746.0000  6.734E-46
  747.0000  6.696E-46
  748.0000  6.658E-46
  749.0000  6.621E-46
  750.0000  6.583E-46
  751.0000  6.546E-46
  752.0000  6.509E-46
  753.0000  6.472E-46
  754.0000  6.436E-46
  755.0000  6.399E-46
  756.0000  6.363E-46
  757.0000  6.327E-46
  758.0000  6.291E-46
  759.0000  6.255E-46
  760.0000  6.220E-46
  761.0000  6.185E-46
  762.0000  6.149E-46
  763.0000  6.114E-46
  764.0000  6.080E-46
  765.0000  6.045E-46
  766.0000  6.010E-46
  767.0000  5.976E-46
  768.0000  5.942E-46
  769.0000  5.908E-46
  770.0000  5.874E-46
  771.0000  5.841E-46
  772.0000  5.807E-46
  773.0000  5.774E-46
  774.0000  5.741E-46
  775.0000  5.708E-46
  776.0000  5.675E-46
  777.0000  5.643E-46
  778.0000  5.611E-46
  779.0000  5.578E-46
  780.0000  5.546E-46
  781.0000  5.514E-46
  782.0000  5.483E-46
  783.0000  5.451E-46
  784.0000  5.420E-46
  785.0000  5.388E-46
  786.0000  5.357E-46
  787.0000  5.326E-46
  788.0000  5.296E-46
  789.0000  5.265E-46
  790.0000  5.235E-46
  791.0000  5.204E-46
  792.0000  5.174E-46
  793.0000  5.144E-46
  794.0000  5.115E-46
  795.0000  5.085E-46
  796.0000  5.055E-46
  797.0000  5.026E-46
  798.0000  4.997E-46
  799.0000  4.968E-46
  800.0000  4.939E-46
  801.0000  4.910E-46
  802.0000  4.882E-46
  803.0000  4.853E-46
  804.0000  4.825E-46
  805.0000  4.797E-46
  806.0000  4.769E-46
  807.0000  4.741E-46
  808.0000  4.713E-46
  809.0000  4.686E-46
  810.0000  4.659E-46
  811.0000  4.631E-46
  812.0000  4.604E-46
  813.0000  4.577E-46
  814.0000  4.550E-46
  815.0000  4.524E-46
  816.0000  4.497E-46
  817.0000  4.471E-46
  818.0000  4.445E-46
  819.0000  4.419E-46
  820.0000  4.393E-46
  821.0000  4.367E-46
  822.0000  4.341E-46
  823.0000  4.316E-46
  824.0000  4.290E-46
  825.0000  4.265E-46
  826.0000  4.240E-46
  827.0000  4.215E-46
  828.0000  4.190E-46
  829.0000  4.165E-46
  830.0000  4.141E-46
  831.0000  4.116E-46
  832.0000  4.092E-46
  833.0000  4.068E-46
  834.0000  4.044E-46
  835.0000  4.020E-46
  836.0000  3.996E-46
  837.0000  3.972E-46
  838.0000  3.949E-46
  839.0000  3.925E-46
  840.0000  3.902E-46
  841.0000  3.879E-46
  842.0000  3.856E-46
  843.0000  3.833E-46
  844.0000  3.810E-46
  845.0000  3.787E-46
  846.0000  3.765E-46
  847.0000  3.742E-46
  848.0000  3.720E-46
  849.0000  3.698E-46
  850.0000  3.676E-46
  851.0000  3.654E-46
  852.0000  3.632E-46
  853.0000  3.610E-46
  854.0000  3.589E-46
  855.0000  3.567E-46
  856.0000  3.546E-46
  857.0000  3.525E-46
  858.0000  3.504E-46
  859.0000  3.483E-46
  860.0000  3.462E-46
  861.0000  3.441E-46
  862.0000  3.420E-46
  863.0000  3.400E-46
  864.0000  3.379E-46
  865.0000  3.359E-46
  866.0000  3.339E-46
  867.0000  3.319E-46
  868.0000  3.299E-46
  869.0000  3.279E-46
  870.0000  3.259E-46
  871.0000  3.239E-46
  872.0000  3.220E-46
  873.0000  3.200E-46
  874.0000  3.181E-46
  875.0000  3.162E-46
  876.0000  3.143E-46
  877.0000  3.124E-46
  878.0000  3.105E-46
  879.0000  3.086E-46
  880.0000  3.067E-46
  881.0000  3.049E-46
  882.0000  3.030E-46
  883.0000  3.012E-46
  884.0000  2.994E-46
  885.0000  2.975E-46
  886.0000  2.957E-46
  887.0000  2.939E-46
  888.0000  2.921E-46
  889.0000  2.904E-46
  890.0000  2.886E-46
  891.0000  2.868E-46
  892.0000  2.851E-46
  893.0000  2.833E-46
  894.0000  2.816E-46
  895.0000  2.799E-46
  896.0000  2.782E-46
  897.0000  2.765E-46
  898.0000  2.748E-46
  899.0000  2.731E-46
  900.0000  2.714E-46
  901.0000  2.698E-46
  902.0000  2.681E-46
  903.0000  2.665E-46
  904.0000  2.648E-46
  905.0000  2.632E-46
  906.0000  2.616E-46
  907.0000  2.600E-46
  908.0000  2.584E-46
  909.0000  2.568E-46
  910.0000  2.552E-46
  911.0000  2.536E-46
  912.0000  2.521E-46
  913.0000  2.505E-46
  914.0000  2.490E-46
  915.0000  2.474E-46
  916.0000  2.459E-46
  917.0000  2.444E-46
  918.0000  2.428E-46
  919.0000  2.413E-46
  920.0000  2.398E-46
  921.0000  2.384E-46
  922.0000  2.369E-46
  923.0000  2.354E-46
  924.0000  2.339E-46
  925.0000  2.325E-46
  926.0000  2.310E-46
  927.0000  2.296E-46
  928.0000  2.282E-46
  929.0000  2.267E-46
  930.0000  2.253E-46
  931.0000  2.239E-46
  932.0000  2.225E-46
  933.0000  2.211E-46
  934.0000  2.197E-46
  935.0000  2.184E-46
  936.0000  2.170E-46
  937.0000  2.156E-46
  938.0000  2.143E-46
  939.0000  2.129E-46
  940.0000  2.116E-46
  941.0000  2.103E-46
  942.0000  2.089E-46
  943.0000  2.076E-46
  944.0000  2.063E-46
  945.0000  2.050E-46
  946.0000  2.037E-46
  947.0000  2.024E-46
  948.0000  2.011E-46
  949.0000  1.999E-46
  950.0000  1.986E-46
  951.0000  1.973E-46
  952.0000  1.961E-46
  953.0000  1.948E-46
  954.0000  1.936E-46
  955.0000  1.924E-46
  956.0000  1.911E-46
  957.0000  1.899E-46
  958.0000  1.887E-46
  959.0000  1.875E-46
  960.0000  1.863E-46
  961.0000  1.851E-46
  962.0000  1.839E-46
  963.0000  1.828E-46
  964.0000  1.816E-46
  965.0000  1.804E-46
  966.0000  1.793E-46
  967.0000  1.781E-46
  968.0000  1.770E-46
  969.0000  1.758E-46
  970.0000  1.747E-46
  971.0000  1.736E-46
  972.0000  1.724E-46
  973.0000  1.713E-46
  974.0000  1.702E-46
  975.0000  1.691E-46
  976.0000  1.680E-46
  977.0000  1.669E-46
  978.0000  1.658E-46
  979.0000  1.648E-46
  980.0000  1.637E-46
  981.0000  1.626E-46
  982.0000  1.616E-46
  983.0000  1.605E-46
  984.0000  1.595E-46
  985.0000  1.584E-46
  986.0000  1.574E-46
  987.0000  1.564E-46
  988.0000  1.553E-46
  989.0000  1.543E-46
  990.0000  1.533E-46
  991.0000  1.523E-46
  992.0000  1.513E-46
  993.0000  1.503E-46
  994.0000  1.493E-46
  995.0000  1.483E-46
  996.0000  1.473E-46
  997.0000  1.463E-46
  998.0000  1.454E-46
  999.0000  1.444E-46
 1000.0000  1.435E-46
