              O2-Air  1300.045  1849.786   1070  193.0 8.823E-45 0.500                            42
1300.0446  -1.1939E-47
1300.5589  -4.6441E-48
1301.0731  -7.8427E-48
1301.5874  -4.5245E-48
1302.1016   1.1734E-48
1302.6159   2.6650E-48
1303.1301   9.6738E-48
1303.6444   4.7784E-48
1304.1587   7.2756E-48
1304.6729   7.0171E-48
1305.1872   6.1543E-48
1305.7014   7.5815E-48
1306.2157   2.3703E-48
1306.7300   4.1700E-48
1307.2442  -5.8928E-49
1307.7585  -3.2124E-48
1308.2727  -5.4159E-48
1308.7870  -9.6566E-48
1309.3012  -6.3528E-48
1309.8155  -6.6115E-48
1310.3298  -2.7780E-48
1310.8440  -3.1245E-48
1311.3583  -4.3005E-48
1311.8725  -2.9653E-48
1312.3868  -7.3439E-48
1312.9010  -6.4605E-48
1313.4153  -8.0651E-48
1313.9296  -5.1622E-48
1314.4438  -2.9090E-48
1314.9581  -1.9902E-48
1315.4723   3.2726E-49
1315.9866  -3.0166E-48
1316.5009  -2.0925E-48
1317.0151  -4.5255E-48
1317.5294  -5.9360E-48
1318.0436  -5.5880E-48
1318.5579  -5.9951E-48
1319.0721  -1.3568E-48
1319.5864  -1.1752E-48
1320.1007  -1.0691E-48
1320.6149  -2.8279E-48
1321.1292  -3.3008E-48
1321.6434  -1.6480E-48
1322.1577  -3.0246E-48
1322.6719   6.7660E-49
1323.1862   1.3586E-48
1323.7005   4.2202E-48
1324.2147   4.8592E-48
1324.7290   2.9620E-48
1325.2432   2.4535E-48
1325.7575  -8.3131E-49
1326.2718   3.4602E-48
1326.7860   3.4605E-48
1327.3003   6.3516E-48
1327.8145   9.0079E-48
1328.3288   6.8892E-48
1328.8430   7.6996E-48
1329.3573   4.2419E-48
1329.8716   3.7931E-48
1330.3858   2.9507E-48
1330.9001   5.0855E-48
1331.4143   9.8177E-48
1331.9286   1.0939E-47
1332.4428   1.3126E-47
1332.9571   1.1522E-47
1333.4714   1.0677E-47
1333.9856   7.9511E-48
1334.4999   6.2213E-48
1335.0141   7.4930E-48
1335.5284   7.3445E-48
1336.0427   1.3049E-47
1336.5569   1.4616E-47
1337.0712   1.5109E-47
1337.5854   1.4160E-47
1338.0997   9.6689E-48
1338.6139   1.0598E-47
1339.1282   7.5095E-48
1339.6425   9.8308E-48
1340.1567   1.4025E-47
1340.6710   1.5958E-47
1341.1852   2.1030E-47
1341.6995   1.7722E-47
1342.2137   1.7526E-47
1342.7280   1.4729E-47
1343.2423   1.3553E-47
1343.7565   1.7215E-47
1344.2708   1.7799E-47
1344.7850   2.2192E-47
1345.2993   2.0776E-47
1345.8136   2.0189E-47
1346.3278   1.7002E-47
1346.8421   1.4557E-47
1347.3563   1.7685E-47
1347.8706   1.9128E-47
1348.3848   2.4509E-47
1348.8991   2.3953E-47
1349.4134   2.2427E-47
1349.9276   2.0868E-47
1350.4419   1.6123E-47
1350.9561   1.6939E-47
1351.4704   1.7311E-47
1351.9846   2.3037E-47
1352.4989   2.8536E-47
1353.0132   2.9100E-47
1353.5274   2.9159E-47
1354.0417   2.2341E-47
1354.5559   1.9326E-47
1355.0702   1.8628E-47
1355.5845   2.1713E-47
1356.0987   2.6665E-47
1356.6130   2.9803E-47
1357.1272   3.4108E-47
1357.6415   3.1064E-47
1358.1557   2.7268E-47
1358.6700   2.3233E-47
1359.1843   2.1562E-47
1359.6985   2.5211E-47
1360.2128   2.9538E-47
1360.7270   3.5877E-47
1361.2413   3.6551E-47
1361.7555   3.5041E-47
1362.2698   3.0766E-47
1362.7841   2.5746E-47
1363.2983   2.6748E-47
1363.8126   2.9259E-47
1364.3268   3.6788E-47
1364.8411   4.2408E-47
1365.3554   4.4221E-47
1365.8696   4.1876E-47
1366.3839   3.6208E-47
1366.8981   3.4280E-47
1367.4124   3.3142E-47
1367.9266   3.5620E-47
1368.4409   4.1530E-47
1368.9552   4.7837E-47
1369.4694   5.0887E-47
1369.9837   4.7322E-47
1370.4979   4.2629E-47
1371.0122   3.8846E-47
1371.5264   3.9627E-47
1372.0407   4.4165E-47
1372.5550   4.9748E-47
1373.0692   5.6245E-47
1373.5835   5.6538E-47
1374.0977   5.4550E-47
1374.6120   4.9003E-47
1375.1263   4.4541E-47
1375.6405   4.6750E-47
1376.1548   5.1564E-47
1376.6690   6.0606E-47
1377.1833   6.4291E-47
1377.6975   6.6377E-47
1378.2118   6.3551E-47
1378.7261   5.8104E-47
1379.2403   5.6366E-47
1379.7546   5.6088E-47
1380.2688   6.3288E-47
1380.7831   6.9599E-47
1381.2973   7.6152E-47
1381.8116   7.6989E-47
1382.3259   7.1267E-47
1382.8401   6.9157E-47
1383.3544   6.4353E-47
1383.8686   6.8680E-47
1384.3829   7.3866E-47
1384.8972   8.0621E-47
1385.4114   8.7814E-47
1385.9257   8.5936E-47
1386.4399   8.5673E-47
1386.9542   7.8495E-47
1387.4684   7.6194E-47
1387.9827   8.0378E-47
1388.4970   8.5385E-47
1389.0112   9.5716E-47
1389.5255   9.7695E-47
1390.0397   1.0011E-46
1390.5540   9.7251E-47
1391.0682   9.2167E-47
1391.5825   9.4398E-47
1392.0968   9.3726E-47
1392.6110   1.0434E-46
1393.1253   1.0952E-46
1393.6395   1.1535E-46
1394.1538   1.1583E-46
1394.6680   1.0867E-46
1395.1823   1.1066E-46
1395.6966   1.0658E-46
1396.2108   1.1371E-46
1396.7251   1.1945E-46
1397.2393   1.2624E-46
1397.7536   1.3558E-46
1398.2679   1.3032E-46
1398.7821   1.3081E-46
1399.2964   1.2354E-46
1399.8106   1.2667E-46
1400.3249   1.3502E-46
1400.8391   1.3924E-46
1401.3534   1.5238E-46
1401.8677   1.5270E-46
1402.3819   1.5644E-46
1402.8962   1.5345E-46
1403.4104   1.4967E-46
1403.9247   1.5405E-46
1404.4389   1.5436E-46
1404.9532   1.6750E-46
1405.4675   1.7297E-46
1405.9817   1.7911E-46
1406.4960   1.8118E-46
1407.0102   1.7613E-46
1407.5245   1.8148E-46
1408.0388   1.7818E-46
1408.5530   1.8760E-46
1409.0673   1.9509E-46
1409.5815   2.0147E-46
1410.0958   2.1103E-46
1410.6100   2.0608E-46
1411.1243   2.0963E-46
1411.6386   2.0869E-46
1412.1528   2.1174E-46
1412.6671   2.2182E-46
1413.1813   2.2595E-46
1413.6956   2.3861E-46
1414.2098   2.4067E-46
1414.7241   2.4520E-46
1415.2384   2.4641E-46
1415.7526   2.4533E-46
1416.2669   2.5439E-46
1416.7811   2.5680E-46
1417.2954   2.7004E-46
1417.8097   2.7546E-46
1418.3239   2.7970E-46
1418.8382   2.8268E-46
1419.3524   2.7786E-46
1419.8667   2.8870E-46
1420.3809   2.9329E-46
1420.8952   3.0429E-46
1421.4095   3.1457E-46
1421.9237   3.2123E-46
1422.4380   3.3245E-46
1422.9522   3.3068E-46
1423.4665   3.3678E-46
1423.9807   3.3958E-46
1424.4950   3.4611E-46
1425.0093   3.5815E-46
1425.5235   3.6397E-46
1426.0378   3.7843E-46
1426.5520   3.8345E-46
1427.0663   3.8992E-46
1427.5806   3.9654E-46
1428.0948   3.9984E-46
1428.6091   4.1269E-46
1429.1233   4.1923E-46
1429.6376   4.3104E-46
1430.1518   4.3983E-46
1430.6661   4.4889E-46
1431.1804   4.5853E-46
1431.6946   4.6095E-46
1432.2089   4.7150E-46
1432.7231   4.7767E-46
1433.2374   4.9067E-46
1433.7516   5.0290E-46
1434.2659   5.1114E-46
1434.7802   5.2523E-46
1435.2944   5.3053E-46
1435.8087   5.4074E-46
1436.3229   5.4599E-46
1436.8372   5.5378E-46
1437.3515   5.7037E-46
1437.8657   5.8250E-46
1438.3800   5.9858E-46
1438.8942   6.0815E-46
1439.4085   6.1856E-46
1439.9227   6.2939E-46
1440.4370   6.4060E-46
1440.9513   6.5606E-46
1441.4655   6.6782E-46
1441.9798   6.8459E-46
1442.4940   6.9756E-46
1443.0083   7.1262E-46
1443.5225   7.2666E-46
1444.0368   7.3531E-46
1444.5511   7.4905E-46
1445.0653   7.6031E-46
1445.5796   7.7579E-46
1446.0938   7.8937E-46
1446.6081   8.0425E-46
1447.1224   8.2089E-46
1447.6366   8.3295E-46
1448.1509   8.4868E-46
1448.6651   8.6223E-46
1449.1794   8.7871E-46
1449.6936   8.9445E-46
1450.2079   9.1025E-46
1450.7222   9.2890E-46
1451.2364   9.4381E-46
1451.7507   9.6398E-46
1452.2649   9.8047E-46
1452.7792   9.9897E-46
1453.2934   1.0168E-45
1453.8077   1.0331E-45
1454.3220   1.0542E-45
1454.8362   1.0713E-45
1455.3505   1.0921E-45
1455.8647   1.1094E-45
1456.3790   1.1236E-45
1456.8933   1.1396E-45
1457.4075   1.1584E-45
1457.9218   1.1797E-45
1458.4360   1.1966E-45
1458.9503   1.2194E-45
1459.4645   1.2424E-45
1459.9788   1.2653E-45
1460.4931   1.2882E-45
1461.0073   1.3043E-45
1461.5216   1.3273E-45
1462.0358   1.3454E-45
1462.5501   1.3686E-45
1463.0643   1.3932E-45
1463.5786   1.4144E-45
1464.0929   1.4434E-45
1464.6071   1.4597E-45
1465.1214   1.4849E-45
1465.6356   1.5088E-45
1466.1499   1.5316E-45
1466.6642   1.5598E-45
1467.1784   1.5817E-45
1467.6927   1.6133E-45
1468.2069   1.6342E-45
1468.7212   1.6567E-45
1469.2354   1.6786E-45
1469.7497   1.6966E-45
1470.2640   1.7227E-45
1470.7782   1.7435E-45
1471.2925   1.7730E-45
1471.8067   1.7981E-45
1472.3210   1.8244E-45
1472.8352   1.8549E-45
1473.3495   1.8717E-45
1473.8638   1.9010E-45
1474.3780   1.9269E-45
1474.8923   1.9547E-45
1475.4065   1.9862E-45
1475.9208   2.0126E-45
1476.4351   2.0489E-45
1476.9493   2.0735E-45
1477.4636   2.1037E-45
1477.9778   2.1292E-45
1478.4921   2.1529E-45
1479.0063   2.1875E-45
1479.5206   2.2119E-45
1480.0349   2.2456E-45
1480.5491   2.2708E-45
1481.0634   2.2955E-45
1481.5776   2.3225E-45
1482.0919   2.3425E-45
1482.6061   2.3744E-45
1483.1204   2.4003E-45
1483.6347   2.4354E-45
1484.1489   2.4689E-45
1484.6632   2.4976E-45
1485.1774   2.5310E-45
1485.6917   2.5505E-45
1486.2060   2.5810E-45
1486.7202   2.6024E-45
1487.2345   2.6290E-45
1487.7487   2.6687E-45
1488.2630   2.7005E-45
1488.7772   2.7405E-45
1489.2915   2.7646E-45
1489.8058   2.7940E-45
1490.3200   2.8220E-45
1490.8343   2.8476E-45
1491.3485   2.8852E-45
1491.8628   2.9132E-45
1492.3770   2.9476E-45
1492.8913   2.9716E-45
1493.4056   2.9947E-45
1493.9198   3.0191E-45
1494.4341   3.0376E-45
1494.9483   3.0711E-45
1495.4626   3.0990E-45
1495.9769   3.1340E-45
1496.4911   3.1701E-45
1497.0054   3.2019E-45
1497.5196   3.2380E-45
1498.0339   3.2585E-45
1498.5481   3.2849E-45
1499.0624   3.3132E-45
1499.5767   3.3461E-45
1500.0909   3.3837E-45
1500.6052   3.4132E-45
1501.1194   3.4466E-45
1501.6337   3.4670E-45
1502.1479   3.4918E-45
1502.6622   3.5162E-45
1503.1765   3.5407E-45
1503.6907   3.5738E-45
1504.2050   3.6002E-45
1504.7192   3.6329E-45
1505.2335   3.6520E-45
1505.7478   3.6731E-45
1506.2620   3.6987E-45
1506.7763   3.7158E-45
1507.2905   3.7484E-45
1507.8048   3.7813E-45
1508.3190   3.8157E-45
1508.8333   3.8476E-45
1509.3476   3.8783E-45
1509.8618   3.9117E-45
1510.3761   3.9336E-45
1510.8903   3.9612E-45
1511.4046   3.9882E-45
1511.9188   4.0183E-45
1512.4331   4.0507E-45
1512.9474   4.0770E-45
1513.4616   4.1089E-45
1513.9759   4.1281E-45
1514.4901   4.1457E-45
1515.0044   4.1648E-45
1515.5187   4.1872E-45
1516.0329   4.2138E-45
1516.5472   4.2343E-45
1517.0614   4.2669E-45
1517.5757   4.2923E-45
1518.0899   4.3191E-45
1518.6042   4.3506E-45
1519.1185   4.3773E-45
1519.6327   4.4105E-45
1520.1470   4.4440E-45
1520.6612   4.4835E-45
1521.1755   4.5163E-45
1521.6897   4.5551E-45
1522.2040   4.5912E-45
1522.7183   4.6168E-45
1523.2325   4.6551E-45
1523.7468   4.6903E-45
1524.2610   4.7288E-45
1524.7753   4.7644E-45
1525.2895   4.7966E-45
1525.8038   4.8326E-45
1526.3181   4.8609E-45
1526.8323   4.8921E-45
1527.3466   4.9247E-45
1527.8608   4.9603E-45
1528.3751   4.9995E-45
1528.8894   5.0453E-45
1529.4036   5.0976E-45
1529.9179   5.1401E-45
1530.4321   5.1861E-45
1530.9464   5.2353E-45
1531.4606   5.2906E-45
1531.9749   5.3532E-45
1532.4892   5.4158E-45
1533.0034   5.4842E-45
1533.5177   5.5489E-45
1534.0319   5.6173E-45
1534.5462   5.6835E-45
1535.0604   5.7509E-45
1535.5747   5.8253E-45
1536.0890   5.8988E-45
1536.6032   5.9855E-45
1537.1175   6.0735E-45
1537.6317   6.1627E-45
1538.1460   6.2568E-45
1538.6603   6.3435E-45
1539.1745   6.4363E-45
1539.6888   6.5292E-45
1540.2030   6.6320E-45
1540.7173   6.7326E-45
1541.2315   6.8206E-45
1541.7458   6.9188E-45
1542.2601   7.0082E-45
1542.7743   7.0935E-45
1543.2886   7.1819E-45
1543.8028   7.2770E-45
1544.3171   7.3710E-45
1544.8313   7.4655E-45
1545.3456   7.5590E-45
1545.8599   7.6526E-45
1546.3741   7.7547E-45
1546.8884   7.8313E-45
1547.4026   7.9191E-45
1547.9169   8.0170E-45
1548.4312   8.1046E-45
1548.9454   8.2047E-45
1549.4597   8.2873E-45
1549.9739   8.3682E-45
1550.4882   8.4543E-45
1551.0024   8.5171E-45
1551.5167   8.5703E-45
1552.0310   8.6274E-45
1552.5452   8.6623E-45
1553.0595   8.6828E-45
1553.5737   8.7059E-45
1554.0880   8.7019E-45
1554.6022   8.7023E-45
1555.1165   8.7163E-45
1555.6308   8.7152E-45
1556.1450   8.7490E-45
1556.6593   8.7888E-45
1557.1735   8.8066E-45
1557.6878   8.8228E-45
1558.2021   8.8154E-45
1558.7163   8.7795E-45
1559.2306   8.7268E-45
1559.7448   8.6602E-45
1560.2591   8.5872E-45
1560.7733   8.5271E-45
1561.2876   8.4576E-45
1561.8019   8.3715E-45
1562.3161   8.3032E-45
1562.8304   8.2390E-45
1563.3446   8.1696E-45
1563.8589   8.1159E-45
1564.3731   8.0624E-45
1564.8874   8.0089E-45
1565.4017   7.9540E-45
1565.9159   7.9059E-45
1566.4302   7.8474E-45
1566.9444   7.7770E-45
1567.4587   7.7059E-45
1567.9730   7.6238E-45
1568.4872   7.5445E-45
1569.0015   7.4575E-45
1569.5157   7.3781E-45
1570.0300   7.2974E-45
1570.5442   7.2154E-45
1571.0585   7.1527E-45
1571.5728   7.0844E-45
1572.0870   7.0244E-45
1572.6013   6.9632E-45
1573.1155   6.9120E-45
1573.6298   6.8719E-45
1574.1440   6.8249E-45
1574.6583   6.7906E-45
1575.1726   6.7530E-45
1575.6868   6.7153E-45
1576.2011   6.6730E-45
1576.7153   6.6340E-45
1577.2296   6.6065E-45
1577.7439   6.5689E-45
1578.2581   6.5406E-45
1578.7724   6.5117E-45
1579.2866   6.4829E-45
1579.8009   6.4564E-45
1580.3151   6.4245E-45
1580.8294   6.4018E-45
1581.3437   6.3766E-45
1581.8579   6.3684E-45
1582.3722   6.3571E-45
1582.8864   6.3436E-45
1583.4007   6.3465E-45
1583.9149   6.3325E-45
1584.4292   6.3314E-45
1584.9435   6.3239E-45
1585.4577   6.3193E-45
1585.9720   6.3238E-45
1586.4862   6.3178E-45
1587.0005   6.3231E-45
1587.5148   6.3085E-45
1588.0290   6.3036E-45
1588.5433   6.2898E-45
1589.0575   6.2668E-45
1589.5718   6.2559E-45
1590.0860   6.2282E-45
1590.6003   6.2199E-45
1591.1146   6.2035E-45
1591.6288   6.1904E-45
1592.1431   6.1859E-45
1592.6573   6.1734E-45
1593.1716   6.1755E-45
1593.6858   6.1703E-45
1594.2001   6.1819E-45
1594.7144   6.1880E-45
1595.2286   6.1933E-45
1595.7429   6.2075E-45
1596.2571   6.1989E-45
1596.7714   6.2040E-45
1597.2857   6.1943E-45
1597.7999   6.1855E-45
1598.3142   6.1867E-45
1598.8284   6.1668E-45
1599.3427   6.1657E-45
1599.8569   6.1462E-45
1600.3712   6.1239E-45
1600.8855   6.0992E-45
1601.3997   6.0760E-45
1601.9140   6.0678E-45
1602.4282   6.0401E-45
1602.9425   6.0348E-45
1603.4567   6.0151E-45
1603.9710   6.0011E-45
1604.4853   5.9932E-45
1604.9995   5.9730E-45
1605.5138   5.9777E-45
1606.0280   5.9637E-45
1606.5423   5.9654E-45
1607.0566   5.9639E-45
1607.5708   5.9524E-45
1608.0851   5.9517E-45
1608.5993   5.9222E-45
1609.1136   5.8981E-45
1609.6278   5.8671E-45
1610.1421   5.8417E-45
1610.6564   5.8151E-45
1611.1706   5.7757E-45
1611.6849   5.7572E-45
1612.1991   5.7023E-45
1612.7134   5.6739E-45
1613.2276   5.6440E-45
1613.7419   5.5999E-45
1614.2562   5.5927E-45
1614.7704   5.5597E-45
1615.2847   5.5495E-45
1615.7989   5.5320E-45
1616.3132   5.5116E-45
1616.8275   5.4965E-45
1617.3417   5.4649E-45
1617.8560   5.4535E-45
1618.3702   5.4108E-45
1618.8845   5.3821E-45
1619.3987   5.3592E-45
1619.9130   5.3148E-45
1620.4273   5.2848E-45
1620.9415   5.2305E-45
1621.4558   5.1920E-45
1621.9700   5.1395E-45
1622.4843   5.0918E-45
1622.9985   5.0553E-45
1623.5128   5.0015E-45
1624.0271   4.9818E-45
1624.5413   4.9319E-45
1625.0556   4.8982E-45
1625.5698   4.8636E-45
1626.0841   4.8159E-45
1626.5984   4.8016E-45
1627.1126   4.7617E-45
1627.6269   4.7406E-45
1628.1411   4.7121E-45
1628.6554   4.6743E-45
1629.1696   4.6390E-45
1629.6839   4.5864E-45
1630.1982   4.5480E-45
1630.7124   4.4945E-45
1631.2267   4.4545E-45
1631.7409   4.4105E-45
1632.2552   4.3519E-45
1632.7694   4.3119E-45
1633.2837   4.2460E-45
1633.7980   4.2033E-45
1634.3122   4.1488E-45
1634.8265   4.0949E-45
1635.3407   4.0688E-45
1635.8550   4.0229E-45
1636.3693   4.0015E-45
1636.8835   3.9562E-45
1637.3978   3.9147E-45
1637.9120   3.8802E-45
1638.4263   3.8375E-45
1638.9405   3.8150E-45
1639.4548   3.7657E-45
1639.9691   3.7325E-45
1640.4833   3.6877E-45
1640.9976   3.6352E-45
1641.5118   3.5936E-45
1642.0261   3.5293E-45
1642.5403   3.4913E-45
1643.0546   3.4388E-45
1643.5689   3.3940E-45
1644.0831   3.3561E-45
1644.5974   3.2999E-45
1645.1116   3.2663E-45
1645.6259   3.2088E-45
1646.1402   3.1689E-45
1646.6544   3.1334E-45
1647.1687   3.0931E-45
1647.6829   3.0691E-45
1648.1972   3.0284E-45
1648.7114   3.0033E-45
1649.2257   2.9625E-45
1649.7400   2.9241E-45
1650.2542   2.8849E-45
1650.7685   2.8359E-45
1651.2827   2.8049E-45
1651.7970   2.7557E-45
1652.3112   2.7181E-45
1652.8255   2.6729E-45
1653.3398   2.6222E-45
1653.8540   2.5883E-45
1654.3683   2.5398E-45
1654.8825   2.5078E-45
1655.3968   2.4712E-45
1655.9111   2.4386E-45
1656.4253   2.4118E-45
1656.9396   2.3736E-45
1657.4538   2.3471E-45
1657.9681   2.3076E-45
1658.4823   2.2782E-45
1658.9966   2.2472E-45
1659.5109   2.2158E-45
1660.0251   2.1923E-45
1660.5394   2.1547E-45
1661.0536   2.1260E-45
1661.5679   2.0846E-45
1662.0821   2.0468E-45
1662.5964   2.0075E-45
1663.1107   1.9697E-45
1663.6249   1.9499E-45
1664.1392   1.9164E-45
1664.6534   1.8908E-45
1665.1677   1.8604E-45
1665.6819   1.8260E-45
1666.1962   1.8005E-45
1666.7105   1.7674E-45
1667.2247   1.7451E-45
1667.7390   1.7190E-45
1668.2532   1.6953E-45
1668.7675   1.6703E-45
1669.2818   1.6384E-45
1669.7960   1.6178E-45
1670.3103   1.5898E-45
1670.8245   1.5638E-45
1671.3388   1.5338E-45
1671.8530   1.5106E-45
1672.3673   1.4945E-45
1672.8816   1.4673E-45
1673.3958   1.4464E-45
1673.9101   1.4191E-45
1674.4243   1.3934E-45
1674.9386   1.3647E-45
1675.4528   1.3382E-45
1675.9671   1.3260E-45
1676.4814   1.3077E-45
1676.9956   1.2894E-45
1677.5099   1.2680E-45
1678.0241   1.2477E-45
1678.5384   1.2284E-45
1679.0527   1.2071E-45
1679.5669   1.1898E-45
1680.0812   1.1708E-45
1680.5954   1.1560E-45
1681.1097   1.1392E-45
1681.6239   1.1200E-45
1682.1382   1.1011E-45
1682.6525   1.0771E-45
1683.1667   1.0576E-45
1683.6810   1.0394E-45
1684.1952   1.0244E-45
1684.7095   1.0074E-45
1685.2237   9.9303E-46
1685.7380   9.8178E-46
1686.2523   9.6513E-46
1686.7665   9.4961E-46
1687.2808   9.3416E-46
1687.7950   9.2086E-46
1688.3093   9.0852E-46
1688.8236   8.9517E-46
1689.3378   8.8396E-46
1689.8521   8.6811E-46
1690.3663   8.5502E-46
1690.8806   8.4235E-46
1691.3948   8.2806E-46
1691.9091   8.1459E-46
1692.4234   8.0132E-46
1692.9376   7.8999E-46
1693.4519   7.7746E-46
1693.9661   7.6688E-46
1694.4804   7.5479E-46
1694.9946   7.4068E-46
1695.5089   7.2549E-46
1696.0232   7.1462E-46
1696.5374   7.0772E-46
1697.0517   6.9877E-46
1697.5659   6.8862E-46
1698.0802   6.8074E-46
1698.5945   6.7128E-46
1699.1087   6.6092E-46
1699.6230   6.4450E-46
1700.1372   6.3077E-46
1700.6515   6.1798E-46
1701.1657   6.1540E-46
1701.6800   6.1088E-46
1702.1943   6.0553E-46
1702.7085   5.9805E-46
1703.2228   5.8824E-46
1703.7370   5.8021E-46
1704.2513   5.6527E-46
1704.7655   5.5973E-46
1705.2798   5.5280E-46
1705.7941   5.4528E-46
1706.3083   5.3495E-46
1706.8226   5.3009E-46
1707.3368   5.2839E-46
1707.8511   5.1764E-46
1708.3654   5.1139E-46
1708.8796   5.0241E-46
1709.3939   4.9610E-46
1709.9081   4.9254E-46
1710.4224   4.8290E-46
1710.9366   4.8101E-46
1711.4509   4.7120E-46
1711.9652   4.6666E-46
1712.4794   4.5780E-46
1712.9937   4.4924E-46
1713.5079   4.4566E-46
1714.0222   4.3685E-46
1714.5364   4.3732E-46
1715.0507   4.2707E-46
1715.5650   4.2344E-46
1716.0792   4.2097E-46
1716.5935   4.0961E-46
1717.1077   4.0563E-46
1717.6220   3.9510E-46
1718.1363   3.9430E-46
1718.6505   3.8838E-46
1719.1648   3.8549E-46
1719.6790   3.8806E-46
1720.1933   3.7568E-46
1720.7075   3.7416E-46
1721.2218   3.6551E-46
1721.7361   3.6367E-46
1722.2503   3.6318E-46
1722.7646   3.5652E-46
1723.2788   3.5890E-46
1723.7931   3.4742E-46
1724.3073   3.4575E-46
1724.8216   3.3725E-46
1725.3359   3.2961E-46
1725.8501   3.3343E-46
1726.3644   3.2287E-46
1726.8786   3.2826E-46
1727.3929   3.2092E-46
1727.9072   3.1678E-46
1728.4214   3.1427E-46
1728.9357   3.0261E-46
1729.4499   3.0531E-46
1729.9642   2.9488E-46
1730.4784   2.9969E-46
1730.9927   2.9826E-46
1731.5070   2.9370E-46
1732.0212   2.9407E-46
1732.5355   2.7830E-46
1733.0497   2.7908E-46
1733.5640   2.6736E-46
1734.0782   2.6719E-46
1734.5925   2.6731E-46
1735.1068   2.6257E-46
1735.6210   2.7441E-46
1736.1353   2.6158E-46
1736.6495   2.6172E-46
1737.1638   2.5473E-46
1737.6781   2.4763E-46
1738.1923   2.5412E-46
1738.7066   2.4518E-46
1739.2208   2.5034E-46
1739.7351   2.3664E-46
1740.2493   2.3689E-46
1740.7636   2.3838E-46
1741.2779   2.2441E-46
1741.7921   2.3279E-46
1742.3064   2.2245E-46
1742.8206   2.3072E-46
1743.3349   2.2886E-46
1743.8491   2.2215E-46
1744.3634   2.2706E-46
1744.8777   2.0991E-46
1745.3919   2.1543E-46
1745.9062   2.0570E-46
1746.4204   2.0586E-46
1746.9347   2.1117E-46
1747.4490   2.0234E-46
1747.9632   2.1026E-46
1748.4775   1.9320E-46
1748.9917   1.9417E-46
1749.5060   1.9061E-46
1750.0202   1.8727E-46
1750.5345   1.9578E-46
1751.0488   1.8315E-46
1751.5630   1.9511E-46
1752.0773   1.8721E-46
1752.5915   1.8452E-46
1753.1058   1.8366E-46
1753.6200   1.6861E-46
1754.1343   1.7966E-46
1754.6486   1.6961E-46
1755.1628   1.7693E-46
1755.6771   1.7643E-46
1756.1913   1.6821E-46
1756.7056   1.7089E-46
1757.2199   1.5622E-46
1757.7341   1.6417E-46
1758.2484   1.5725E-46
1758.7626   1.6047E-46
1759.2769   1.6506E-46
1759.7911   1.5532E-46
1760.3054   1.6415E-46
1760.8197   1.4814E-46
1761.3339   1.4827E-46
1761.8482   1.4211E-46
1762.3624   1.3853E-46
1762.8767   1.5249E-46
1763.3909   1.4111E-46
1763.9052   1.5104E-46
1764.4195   1.4351E-46
1764.9337   1.4018E-46
1765.4480   1.4052E-46
1765.9622   1.2904E-46
1766.4765   1.3870E-46
1766.9908   1.3125E-46
1767.5050   1.3718E-46
1768.0193   1.3255E-46
1768.5335   1.2701E-46
1769.0478   1.3200E-46
1769.5620   1.1762E-46
1770.0763   1.2474E-46
1770.5906   1.1745E-46
1771.1048   1.1653E-46
1771.6191   1.2467E-46
1772.1333   1.1693E-46
1772.6476   1.2068E-46
1773.1618   1.1205E-46
1773.6761   1.1550E-46
1774.1904   1.1272E-46
1774.7046   1.0827E-46
1775.2189   1.1581E-46
1775.7331   1.0773E-46
1776.2474   1.1544E-46
1776.7617   1.0840E-46
1777.2759   1.0583E-46
1777.7902   1.0542E-46
1778.3044   9.7911E-47
1778.8187   1.0747E-46
1779.3329   1.0064E-46
1779.8472   1.0574E-46
1780.3615   1.0258E-46
1780.8757   9.5563E-47
1781.3900   9.9961E-47
1781.9042   8.9794E-47
1782.4185   9.3844E-47
1782.9327   9.1302E-47
1783.4470   9.3119E-47
1783.9613   9.6561E-47
1784.4755   9.0156E-47
1784.9898   9.2929E-47
1785.5040   8.4228E-47
1786.0183   8.6321E-47
1786.5326   8.4641E-47
1787.0468   8.3786E-47
1787.5611   9.0023E-47
1788.0753   8.3870E-47
1788.5896   8.7833E-47
1789.1038   8.0744E-47
1789.6181   7.7523E-47
1790.1324   7.6441E-47
1790.6466   7.1644E-47
1791.1609   7.7003E-47
1791.6751   7.4238E-47
1792.1894   7.5251E-47
1792.7036   7.0000E-47
1793.2179   7.0198E-47
1793.7322   7.1794E-47
1794.2464   6.5888E-47
1794.7607   6.9507E-47
1795.2749   6.6417E-47
1795.7892   6.8229E-47
1796.3035   6.9212E-47
1796.8177   6.4627E-47
1797.3320   6.5769E-47
1797.8462   6.0744E-47
1798.3605   6.1026E-47
1798.8747   5.9342E-47
1799.3890   5.6142E-47
1799.9033   5.9895E-47
1800.4175   6.0424E-47
1800.9318   6.2861E-47
1801.4460   5.9266E-47
1801.9603   5.7758E-47
1802.4745   5.6226E-47
1802.9888   5.3957E-47
1803.5031   5.6041E-47
1804.0173   5.3264E-47
1804.5316   5.5709E-47
1805.0458   5.4481E-47
1805.5601   5.3133E-47
1806.0743   5.2806E-47
1806.5886   5.0412E-47
1807.1029   5.1258E-47
1807.6171   5.0485E-47
1808.1314   5.1985E-47
1808.6456   5.1856E-47
1809.1599   5.1499E-47
1809.6742   5.0898E-47
1810.1884   4.6628E-47
1810.7027   4.5032E-47
1811.2169   4.5085E-47
1811.7312   4.6272E-47
1812.2454   4.7183E-47
1812.7597   4.6920E-47
1813.2740   4.7735E-47
1813.7882   4.6116E-47
1814.3025   4.5046E-47
1814.8167   4.3283E-47
1815.3310   4.2004E-47
1815.8452   4.2097E-47
1816.3595   4.1438E-47
1816.8738   4.2066E-47
1817.3880   4.0993E-47
1817.9023   3.9149E-47
1818.4165   3.8571E-47
1818.9308   3.7719E-47
1819.4451   3.7483E-47
1819.9593   3.6948E-47
1820.4736   3.7572E-47
1820.9878   3.8534E-47
1821.5021   3.8290E-47
1822.0163   3.8618E-47
1822.5306   3.7142E-47
1823.0449   3.6056E-47
1823.5591   3.5506E-47
1824.0734   3.4554E-47
1824.5876   3.3168E-47
1825.1019   3.0165E-47
1825.6161   3.1722E-47
1826.1304   3.3245E-47
1826.6447   3.3174E-47
1827.1589   3.3451E-47
1827.6732   3.1663E-47
1828.1874   3.1125E-47
1828.7017   2.9094E-47
1829.2160   2.8249E-47
1829.7302   2.8134E-47
1830.2445   2.7226E-47
1830.7587   3.0360E-47
1831.2730   2.9553E-47
1831.7872   2.7301E-47
1832.3015   2.5805E-47
1832.8158   2.4706E-47
1833.3300   2.6862E-47
1833.8443   2.7502E-47
1834.3585   2.9551E-47
1834.8728   2.9325E-47
1835.3870   2.7102E-47
1835.9013   2.6073E-47
1836.4156   2.3119E-47
1836.9298   2.3065E-47
1837.4441   2.3470E-47
1837.9583   2.5870E-47
1838.4726   2.8026E-47
1838.9869   2.5244E-47
1839.5011   2.4085E-47
1840.0154   2.0448E-47
1840.5296   2.1138E-47
1841.0439   2.1330E-47
1841.5581   2.2517E-47
1842.0724   2.5662E-47
1842.5867   2.5149E-47
1843.1009   2.7055E-47
1843.6152   2.0636E-47
1844.1294   1.0662E-47
1844.6437   1.1632E-47
1845.1579   1.5574E-47
1845.6722   2.0130E-47
1846.1865   2.0072E-47
1846.7007   1.9724E-47
1847.2150   1.8341E-47
1847.7292   1.6926E-47
1848.2435   1.6604E-47
1848.7578   1.4560E-47
1849.2720   1.5338E-47
1849.7863   1.7585E-47
              O2-Air  1300.045  1848.758   1068  213.0 8.002E-45 0.500                            42
1300.0446  -3.8885E-48
1300.5589   6.7044E-48
1301.0731  -1.0031E-48
1301.5874  -1.0881E-48
1302.1016  -2.1546E-48
1302.6159  -7.2923E-48
1303.1301   1.8942E-48
1303.6444   1.0119E-48
1304.1587   7.1576E-48
1304.6729   9.0441E-48
1305.1872   5.1692E-48
1305.7014   1.9609E-48
1306.2157  -7.8211E-48
1306.7300  -3.3511E-48
1307.2442  -1.9039E-48
1307.7585  -1.3640E-48
1308.2727  -6.2796E-48
1308.7870  -8.1318E-48
1309.3012  -9.6960E-49
1309.8155  -7.8851E-48
1310.3298  -8.4587E-48
1310.8440  -8.8984E-48
1311.3583  -8.6490E-48
1311.8725  -5.5734E-48
1312.3868  -7.6603E-48
1312.9010  -5.0457E-48
1313.4153  -7.2900E-48
1313.9296  -5.6534E-48
1314.4438  -5.4054E-48
1314.9581  -9.6809E-48
1315.4723  -6.7028E-48
1315.9866  -8.2042E-48
1316.5009  -8.7699E-48
1317.0151  -6.8256E-48
1317.5294  -2.4023E-48
1318.0436  -4.2901E-48
1318.5579  -1.1226E-47
1319.0721  -8.7220E-48
1319.5864  -8.0889E-48
1320.1007  -5.0922E-48
1320.6149  -6.0347E-48
1321.1292  -3.8281E-48
1321.6434  -1.3367E-48
1322.1577  -5.6004E-48
1322.6719  -2.1704E-48
1323.1862  -5.2487E-48
1323.7005  -6.9005E-48
1324.2147  -5.2183E-48
1324.7290  -4.0543E-48
1325.2432  -3.5188E-49
1325.7575   3.8396E-49
1326.2718   3.3829E-48
1326.7860  -4.9154E-48
1327.3003  -7.7718E-48
1327.8145  -3.6964E-49
1328.3288  -2.1961E-48
1328.8430   1.6817E-48
1329.3573   1.7386E-48
1329.8716   2.4851E-48
1330.3858   2.8560E-48
1330.9001   4.5871E-48
1331.4143   6.7145E-48
1331.9286  -3.0118E-48
1332.4428  -5.8702E-48
1332.9571  -3.0208E-48
1333.4714   5.2552E-48
1333.9856   9.8110E-48
1334.4999   6.4053E-48
1335.0141   8.1102E-48
1335.5284   5.4927E-48
1336.0427   6.0815E-48
1336.5569   4.2564E-48
1337.0712  -1.1863E-49
1337.5854   5.1049E-48
1338.0997   1.1345E-47
1338.6139   1.6993E-47
1339.1282   1.0350E-47
1339.6425   9.5006E-48
1340.1567   1.0206E-47
1340.6710   7.0038E-48
1341.1852   1.0899E-47
1341.6995   8.7702E-48
1342.2137   1.4231E-47
1342.7280   1.7960E-47
1343.2423   1.6116E-47
1343.7565   1.8622E-47
1344.2708   1.3447E-47
1344.7850   1.1637E-47
1345.2993   1.1659E-47
1345.8136   1.8428E-47
1346.3278   2.2806E-47
1346.8421   2.3008E-47
1347.3563   2.5610E-47
1347.8706   1.9829E-47
1348.3848   1.6835E-47
1348.8991   1.4331E-47
1349.4134   1.8502E-47
1349.9276   2.6622E-47
1350.4419   2.6055E-47
1350.9561   2.9719E-47
1351.4704   2.7416E-47
1351.9846   2.4023E-47
1352.4989   2.1699E-47
1353.0132   1.8904E-47
1353.5274   2.6113E-47
1354.0417   2.8547E-47
1354.5559   3.5375E-47
1355.0702   3.5916E-47
1355.5845   3.1816E-47
1356.0987   3.2238E-47
1356.6130   2.4990E-47
1357.1272   2.4132E-47
1357.6415   3.0633E-47
1358.1557   3.6554E-47
1358.6700   3.9466E-47
1359.1843   4.0357E-47
1359.6985   3.8604E-47
1360.2128   3.3039E-47
1360.7270   3.0945E-47
1361.2413   2.9991E-47
1361.7555   3.6652E-47
1362.2698   4.2930E-47
1362.7841   4.5425E-47
1363.2983   4.9663E-47
1363.8126   4.4891E-47
1364.3268   4.0099E-47
1364.8411   3.6862E-47
1365.3554   3.9334E-47
1365.8696   4.5499E-47
1366.3839   4.7877E-47
1366.8981   5.3848E-47
1367.4124   5.3023E-47
1367.9266   4.8797E-47
1368.4409   4.5861E-47
1368.9552   4.4479E-47
1369.4694   4.6615E-47
1369.9837   4.9748E-47
1370.4979   5.9030E-47
1371.0122   6.3747E-47
1371.5264   6.2923E-47
1372.0407   5.9360E-47
1372.5550   5.2823E-47
1373.0692   5.1552E-47
1373.5835   5.4280E-47
1374.0977   6.0917E-47
1374.6120   6.5044E-47
1375.1263   7.0507E-47
1375.6405   6.9717E-47
1376.1548   6.3519E-47
1376.6690   6.4570E-47
1377.1833   6.4652E-47
1377.6975   6.6940E-47
1378.2118   7.0447E-47
1378.7261   7.8082E-47
1379.2403   8.5879E-47
1379.7546   7.8170E-47
1380.2688   7.6362E-47
1380.7831   7.2416E-47
1381.2973   7.2015E-47
1381.8116   7.5798E-47
1382.3259   7.8566E-47
1382.8401   9.1526E-47
1383.3544   9.5726E-47
1383.8686   9.5244E-47
1384.3829   8.8132E-47
1384.8972   8.2905E-47
1385.4114   8.9121E-47
1385.9257   8.8859E-47
1386.4399   9.4060E-47
1386.9542   1.0105E-46
1387.4684   1.1085E-46
1387.9827   1.0759E-46
1388.4970   9.7387E-47
1389.0112   9.8778E-47
1389.5255   9.8019E-47
1390.0397   1.0692E-46
1390.5540   1.1352E-46
1391.0682   1.1691E-46
1391.5825   1.2400E-46
1392.0968   1.2025E-46
1392.6110   1.2055E-46
1393.1253   1.1570E-46
1393.6395   1.1778E-46
1394.1538   1.2223E-46
1394.6680   1.2473E-46
1395.1823   1.3923E-46
1395.6966   1.3634E-46
1396.2108   1.3580E-46
1396.7251   1.3695E-46
1397.2393   1.3640E-46
1397.7536   1.4459E-46
1398.2679   1.4077E-46
1398.7821   1.5292E-46
1399.2964   1.5606E-46
1399.8106   1.5800E-46
1400.3249   1.6243E-46
1400.8391   1.5475E-46
1401.3534   1.6026E-46
1401.8677   1.6190E-46
1402.3819   1.6780E-46
1402.8962   1.7600E-46
1403.4104   1.8124E-46
1403.9247   1.8917E-46
1404.4389   1.8368E-46
1404.9532   1.8765E-46
1405.4675   1.8826E-46
1405.9817   1.8794E-46
1406.4960   1.9939E-46
1407.0102   2.0458E-46
1407.5245   2.1688E-46
1408.0388   2.1716E-46
1408.5530   2.1878E-46
1409.0673   2.1716E-46
1409.5815   2.1424E-46
1410.0958   2.2725E-46
1410.6100   2.2713E-46
1411.1243   2.3937E-46
1411.6386   2.5121E-46
1412.1528   2.5274E-46
1412.6671   2.5544E-46
1413.1813   2.4795E-46
1413.6956   2.5558E-46
1414.2098   2.6255E-46
1414.7241   2.7109E-46
1415.2384   2.8138E-46
1415.7526   2.8846E-46
1416.2669   2.9793E-46
1416.7811   2.9356E-46
1417.2954   2.9784E-46
1417.8097   2.9940E-46
1418.3239   3.0477E-46
1418.8382   3.1861E-46
1419.3524   3.2200E-46
1419.8667   3.3563E-46
1420.3809   3.4023E-46
1420.8952   3.4468E-46
1421.4095   3.5170E-46
1421.9237   3.4990E-46
1422.4380   3.6143E-46
1422.9522   3.6995E-46
1423.4665   3.8043E-46
1423.9807   3.8897E-46
1424.4950   3.9335E-46
1425.0093   4.0213E-46
1425.5235   4.0359E-46
1426.0378   4.1516E-46
1426.5520   4.2413E-46
1427.0663   4.3252E-46
1427.5806   4.4780E-46
1428.0948   4.5654E-46
1428.6091   4.6691E-46
1429.1233   4.6864E-46
1429.6376   4.7409E-46
1430.1518   4.8330E-46
1430.6661   4.9351E-46
1431.1804   5.0863E-46
1431.6946   5.1601E-46
1432.2089   5.3001E-46
1432.7231   5.3823E-46
1433.2374   5.4548E-46
1433.7516   5.5476E-46
1434.2659   5.6163E-46
1434.7802   5.7725E-46
1435.2944   5.8562E-46
1435.8087   5.9897E-46
1436.3229   6.1083E-46
1436.8372   6.1492E-46
1437.3515   6.2553E-46
1437.8657   6.3699E-46
1438.3800   6.5318E-46
1438.8942   6.6653E-46
1439.4085   6.8075E-46
1439.9227   6.9526E-46
1440.4370   7.0866E-46
1440.9513   7.2421E-46
1441.4655   7.3246E-46
1441.9798   7.4546E-46
1442.4940   7.5920E-46
1443.0083   7.7357E-46
1443.5225   7.9027E-46
1444.0368   7.9984E-46
1444.5511   8.1595E-46
1445.0653   8.3148E-46
1445.5796   8.4358E-46
1446.0938   8.5549E-46
1446.6081   8.6635E-46
1447.1224   8.8185E-46
1447.6366   9.0034E-46
1448.1509   9.1661E-46
1448.6651   9.2928E-46
1449.1794   9.5172E-46
1449.6936   9.6807E-46
1450.2079   9.7840E-46
1450.7222   9.9716E-46
1451.2364   1.0115E-45
1451.7507   1.0307E-45
1452.2649   1.0499E-45
1452.7792   1.0687E-45
1453.2934   1.0903E-45
1453.8077   1.1071E-45
1454.3220   1.1245E-45
1454.8362   1.1402E-45
1455.3505   1.1581E-45
1455.8647   1.1724E-45
1456.3790   1.1881E-45
1456.8933   1.2096E-45
1457.4075   1.2276E-45
1457.9218   1.2471E-45
1458.4360   1.2649E-45
1458.9503   1.2864E-45
1459.4645   1.3061E-45
1459.9788   1.3256E-45
1460.4931   1.3486E-45
1461.0073   1.3692E-45
1461.5216   1.3969E-45
1462.0358   1.4136E-45
1462.5501   1.4313E-45
1463.0643   1.4543E-45
1463.5786   1.4701E-45
1464.0929   1.4967E-45
1464.6071   1.5159E-45
1465.1214   1.5397E-45
1465.6356   1.5690E-45
1466.1499   1.5908E-45
1466.6642   1.6172E-45
1467.1784   1.6353E-45
1467.6927   1.6571E-45
1468.2069   1.6767E-45
1468.7212   1.6992E-45
1469.2354   1.7276E-45
1469.7497   1.7469E-45
1470.2640   1.7702E-45
1470.7782   1.7882E-45
1471.2925   1.8122E-45
1471.8067   1.8331E-45
1472.3210   1.8521E-45
1472.8352   1.8825E-45
1473.3495   1.9062E-45
1473.8638   1.9387E-45
1474.3780   1.9623E-45
1474.8923   1.9837E-45
1475.4065   2.0130E-45
1475.9208   2.0317E-45
1476.4351   2.0594E-45
1476.9493   2.0829E-45
1477.4636   2.1155E-45
1477.9778   2.1479E-45
1478.4921   2.1667E-45
1479.0063   2.1954E-45
1479.5206   2.2158E-45
1480.0349   2.2416E-45
1480.5491   2.2629E-45
1481.0634   2.2829E-45
1481.5776   2.3167E-45
1482.0919   2.3423E-45
1482.6061   2.3719E-45
1483.1204   2.3915E-45
1483.6347   2.4121E-45
1484.1489   2.4391E-45
1484.6632   2.4632E-45
1485.1774   2.4933E-45
1485.6917   2.5181E-45
1486.2060   2.5526E-45
1486.7202   2.5766E-45
1487.2345   2.5932E-45
1487.7487   2.6199E-45
1488.2630   2.6420E-45
1488.7772   2.6781E-45
1489.2915   2.7023E-45
1489.8058   2.7285E-45
1490.3200   2.7677E-45
1490.8343   2.7898E-45
1491.3485   2.8127E-45
1491.8628   2.8296E-45
1492.3770   2.8535E-45
1492.8913   2.8774E-45
1493.4056   2.8979E-45
1493.9198   2.9305E-45
1494.4341   2.9571E-45
1494.9483   2.9845E-45
1495.4626   3.0033E-45
1495.9769   3.0242E-45
1496.4911   3.0526E-45
1497.0054   3.0784E-45
1497.5196   3.1121E-45
1498.0339   3.1381E-45
1498.5481   3.1631E-45
1499.0624   3.1856E-45
1499.5767   3.2085E-45
1500.0909   3.2377E-45
1500.6052   3.2540E-45
1501.1194   3.2813E-45
1501.6337   3.3106E-45
1502.1479   3.3378E-45
1502.6622   3.3645E-45
1503.1765   3.3798E-45
1503.6907   3.4039E-45
1504.2050   3.4219E-45
1504.7192   3.4382E-45
1505.2335   3.4592E-45
1505.7478   3.4832E-45
1506.2620   3.5049E-45
1506.7763   3.5274E-45
1507.2905   3.5647E-45
1507.8048   3.5846E-45
1508.3190   3.5986E-45
1508.8333   3.6239E-45
1509.3476   3.6487E-45
1509.8618   3.6868E-45
1510.3761   3.7195E-45
1510.8903   3.7422E-45
1511.4046   3.7657E-45
1511.9188   3.7840E-45
1512.4331   3.7990E-45
1512.9474   3.8153E-45
1513.4616   3.8452E-45
1513.9759   3.8677E-45
1514.4901   3.8872E-45
1515.0044   3.9141E-45
1515.5187   3.9331E-45
1516.0329   3.9465E-45
1516.5472   3.9624E-45
1517.0614   3.9883E-45
1517.5757   4.0092E-45
1518.0899   4.0424E-45
1518.6042   4.0813E-45
1519.1185   4.1067E-45
1519.6327   4.1334E-45
1520.1470   4.1540E-45
1520.6612   4.1796E-45
1521.1755   4.2092E-45
1521.6897   4.2454E-45
1522.2040   4.2895E-45
1522.7183   4.3225E-45
1523.2325   4.3580E-45
1523.7468   4.3935E-45
1524.2610   4.4153E-45
1524.7753   4.4371E-45
1525.2895   4.4687E-45
1525.8038   4.5053E-45
1526.3181   4.5394E-45
1526.8323   4.5799E-45
1527.3466   4.6108E-45
1527.8608   4.6382E-45
1528.3751   4.6769E-45
1528.8894   4.7051E-45
1529.4036   4.7448E-45
1529.9179   4.8006E-45
1530.4321   4.8484E-45
1530.9464   4.9007E-45
1531.4606   4.9642E-45
1531.9749   5.0125E-45
1532.4892   5.0513E-45
1533.0034   5.1105E-45
1533.5177   5.1733E-45
1534.0319   5.2384E-45
1534.5462   5.3116E-45
1535.0604   5.3810E-45
1535.5747   5.4544E-45
1536.0890   5.5189E-45
1536.6032   5.5883E-45
1537.1175   5.6687E-45
1537.6317   5.7470E-45
1538.1460   5.8334E-45
1538.6603   5.9179E-45
1539.1745   6.0137E-45
1539.6888   6.1058E-45
1540.2030   6.1786E-45
1540.7173   6.2480E-45
1541.2315   6.3363E-45
1541.7458   6.4301E-45
1542.2601   6.4892E-45
1542.7743   6.5686E-45
1543.2886   6.6687E-45
1543.8028   6.7553E-45
1544.3171   6.8277E-45
1544.8313   6.8987E-45
1545.3456   6.9839E-45
1545.8599   7.0616E-45
1546.3741   7.1430E-45
1546.8884   7.2218E-45
1547.4026   7.2930E-45
1547.9169   7.3730E-45
1548.4312   7.4501E-45
1548.9454   7.5285E-45
1549.4597   7.6047E-45
1549.9739   7.6583E-45
1550.4882   7.7196E-45
1551.0024   7.7822E-45
1551.5167   7.8292E-45
1552.0310   7.8464E-45
1552.5452   7.8609E-45
1553.0595   7.8999E-45
1553.5737   7.9213E-45
1554.0880   7.9090E-45
1554.6022   7.8888E-45
1555.1165   7.9100E-45
1555.6308   7.9492E-45
1556.1450   7.9901E-45
1556.6593   8.0017E-45
1557.1735   7.9750E-45
1557.6878   7.9689E-45
1558.2021   7.9573E-45
1558.7163   7.9504E-45
1559.2306   7.9109E-45
1559.7448   7.8364E-45
1560.2591   7.7892E-45
1560.7733   7.7312E-45
1561.2876   7.6703E-45
1561.8019   7.6199E-45
1562.3161   7.5781E-45
1562.8304   7.5218E-45
1563.3446   7.4569E-45
1563.8589   7.4145E-45
1564.3731   7.3613E-45
1564.8874   7.3025E-45
1565.4017   7.2597E-45
1565.9159   7.1900E-45
1566.4302   7.1283E-45
1566.9444   7.0924E-45
1567.4587   7.0281E-45
1567.9730   6.9533E-45
1568.4872   6.8960E-45
1569.0015   6.8313E-45
1569.5157   6.7437E-45
1570.0300   6.6698E-45
1570.5442   6.6138E-45
1571.0585   6.5464E-45
1571.5728   6.4788E-45
1572.0870   6.4445E-45
1572.6013   6.4002E-45
1573.1155   6.3337E-45
1573.6298   6.2968E-45
1574.1440   6.2445E-45
1574.6583   6.2006E-45
1575.1726   6.1748E-45
1575.6868   6.1371E-45
1576.2011   6.1068E-45
1576.7153   6.0699E-45
1577.2296   6.0324E-45
1577.7439   6.0017E-45
1578.2581   5.9801E-45
1578.7724   5.9425E-45
1579.2866   5.9149E-45
1579.8009   5.9129E-45
1580.3151   5.8694E-45
1580.8294   5.8366E-45
1581.3437   5.8410E-45
1581.8579   5.8238E-45
1582.3722   5.7952E-45
1582.8864   5.7848E-45
1583.4007   5.7803E-45
1583.9149   5.7736E-45
1584.4292   5.7744E-45
1584.9435   5.7678E-45
1585.4577   5.7629E-45
1585.9720   5.7648E-45
1586.4862   5.7410E-45
1587.0005   5.7351E-45
1587.5148   5.7388E-45
1588.0290   5.7303E-45
1588.5433   5.7257E-45
1589.0575   5.7021E-45
1589.5718   5.6844E-45
1590.0860   5.6696E-45
1590.6003   5.6561E-45
1591.1146   5.6388E-45
1591.6288   5.6307E-45
1592.1431   5.6389E-45
1592.6573   5.6230E-45
1593.1716   5.6225E-45
1593.6858   5.6263E-45
1594.2001   5.6281E-45
1594.7144   5.6318E-45
1595.2286   5.6230E-45
1595.7429   5.6387E-45
1596.2571   5.6458E-45
1596.7714   5.6482E-45
1597.2857   5.6527E-45
1597.7999   5.6398E-45
1598.3142   5.6392E-45
1598.8284   5.6268E-45
1599.3427   5.6093E-45
1599.8569   5.5965E-45
1600.3712   5.5917E-45
1600.8855   5.5809E-45
1601.3997   5.5601E-45
1601.9140   5.5557E-45
1602.4282   5.5282E-45
1602.9425   5.5155E-45
1603.4567   5.5052E-45
1603.9710   5.4888E-45
1604.4853   5.4931E-45
1604.9995   5.4819E-45
1605.5138   5.4887E-45
1606.0280   5.4949E-45
1606.5423   5.4822E-45
1607.0566   5.4770E-45
1607.5708   5.4583E-45
1608.0851   5.4541E-45
1608.5993   5.4500E-45
1609.1136   5.4378E-45
1609.6278   5.4219E-45
1610.1421   5.3886E-45
1610.6564   5.3646E-45
1611.1706   5.3332E-45
1611.6849   5.3117E-45
1612.1991   5.2871E-45
1612.7134   5.2698E-45
1613.2276   5.2461E-45
1613.7419   5.2054E-45
1614.2562   5.2055E-45
1614.7704   5.1799E-45
1615.2847   5.1490E-45
1615.7989   5.1413E-45
1616.3132   5.1321E-45
1616.8275   5.1329E-45
1617.3417   5.1062E-45
1617.8560   5.0856E-45
1618.3702   5.0738E-45
1618.8845   5.0430E-45
1619.3987   5.0076E-45
1619.9130   4.9751E-45
1620.4273   4.9594E-45
1620.9415   4.9149E-45
1621.4558   4.8877E-45
1621.9700   4.8648E-45
1622.4843   4.8077E-45
1622.9985   4.7768E-45
1623.5128   4.7321E-45
1624.0271   4.6964E-45
1624.5413   4.6676E-45
1625.0556   4.6412E-45
1625.5698   4.6246E-45
1626.0841   4.5900E-45
1626.5984   4.5711E-45
1627.1126   4.5422E-45
1627.6269   4.5072E-45
1628.1411   4.4850E-45
1628.6554   4.4589E-45
1629.1696   4.4403E-45
1629.6839   4.3998E-45
1630.1982   4.3648E-45
1630.7124   4.3345E-45
1631.2267   4.2805E-45
1631.7409   4.2335E-45
1632.2552   4.1901E-45
1632.7694   4.1622E-45
1633.2837   4.1129E-45
1633.7980   4.0722E-45
1634.3122   4.0376E-45
1634.8265   3.9798E-45
1635.3407   3.9497E-45
1635.8550   3.9094E-45
1636.3693   3.8800E-45
1636.8835   3.8565E-45
1637.3978   3.8232E-45
1637.9120   3.8038E-45
1638.4263   3.7687E-45
1638.9405   3.7327E-45
1639.4548   3.6902E-45
1639.9691   3.6506E-45
1640.4833   3.6147E-45
1640.9976   3.5716E-45
1641.5118   3.5459E-45
1642.0261   3.5053E-45
1642.5403   3.4603E-45
1643.0546   3.4135E-45
1643.5689   3.3624E-45
1644.0831   3.3254E-45
1644.5974   3.2745E-45
1645.1116   3.2409E-45
1645.6259   3.2071E-45
1646.1402   3.1700E-45
1646.6544   3.1379E-45
1647.1687   3.0921E-45
1647.6829   3.0640E-45
1648.1972   3.0290E-45
1648.7114   2.9996E-45
1649.2257   2.9768E-45
1649.7400   2.9426E-45
1650.2542   2.9130E-45
1650.7685   2.8703E-45
1651.2827   2.8297E-45
1651.7970   2.7848E-45
1652.3112   2.7434E-45
1652.8255   2.7065E-45
1653.3398   2.6597E-45
1653.8540   2.6332E-45
1654.3683   2.5951E-45
1654.8825   2.5546E-45
1655.3968   2.5231E-45
1655.9111   2.4830E-45
1656.4253   2.4521E-45
1656.9396   2.4204E-45
1657.4538   2.3991E-45
1657.9681   2.3770E-45
1658.4823   2.3463E-45
1658.9966   2.3150E-45
1659.5109   2.2794E-45
1660.0251   2.2474E-45
1660.5394   2.2099E-45
1661.0536   2.1809E-45
1661.5679   2.1516E-45
1662.0821   2.1168E-45
1662.5964   2.0889E-45
1663.1107   2.0545E-45
1663.6249   2.0205E-45
1664.1392   1.9852E-45
1664.6534   1.9546E-45
1665.1677   1.9278E-45
1665.6819   1.8988E-45
1666.1962   1.8789E-45
1666.7105   1.8502E-45
1667.2247   1.8194E-45
1667.7390   1.7920E-45
1668.2532   1.7635E-45
1668.7675   1.7352E-45
1669.2818   1.7072E-45
1669.7960   1.6947E-45
1670.3103   1.6744E-45
1670.8245   1.6436E-45
1671.3388   1.6147E-45
1671.8530   1.5869E-45
1672.3673   1.5673E-45
1672.8816   1.5431E-45
1673.3958   1.5197E-45
1673.9101   1.4980E-45
1674.4243   1.4716E-45
1674.9386   1.4453E-45
1675.4528   1.4205E-45
1675.9671   1.3960E-45
1676.4814   1.3749E-45
1676.9956   1.3586E-45
1677.5099   1.3386E-45
1678.0241   1.3214E-45
1678.5384   1.3049E-45
1679.0527   1.2850E-45
1679.5669   1.2678E-45
1680.0812   1.2437E-45
1680.5954   1.2218E-45
1681.1097   1.2063E-45
1681.6239   1.1872E-45
1682.1382   1.1705E-45
1682.6525   1.1510E-45
1683.1667   1.1306E-45
1683.6810   1.1092E-45
1684.1952   1.0915E-45
1684.7095   1.0785E-45
1685.2237   1.0599E-45
1685.7380   1.0460E-45
1686.2523   1.0322E-45
1686.7665   1.0176E-45
1687.2808   1.0025E-45
1687.7950   9.8465E-46
1688.3093   9.7085E-46
1688.8236   9.5667E-46
1689.3378   9.4160E-46
1689.8521   9.2723E-46
1690.3663   9.1445E-46
1690.8806   9.0132E-46
1691.3948   8.8799E-46
1691.9091   8.7552E-46
1692.4234   8.6305E-46
1692.9376   8.5163E-46
1693.4519   8.3560E-46
1693.9661   8.2409E-46
1694.4804   8.1358E-46
1694.9946   7.9632E-46
1695.5089   7.8433E-46
1696.0232   7.7344E-46
1696.5374   7.6623E-46
1697.0517   7.5708E-46
1697.5659   7.4158E-46
1698.0802   7.3100E-46
1698.5945   7.2266E-46
1699.1087   7.1474E-46
1699.6230   7.0297E-46
1700.1372   6.8887E-46
1700.6515   6.7620E-46
1701.1657   6.6834E-46
1701.6800   6.6247E-46
1702.1943   6.5476E-46
1702.7085   6.4907E-46
1703.2228   6.4037E-46
1703.7370   6.3169E-46
1704.2513   6.2301E-46
1704.7655   6.1336E-46
1705.2798   6.0429E-46
1705.7941   5.9477E-46
1706.3083   5.8934E-46
1706.8226   5.8196E-46
1707.3368   5.7521E-46
1707.8511   5.7099E-46
1708.3654   5.6531E-46
1708.8796   5.5894E-46
1709.3939   5.4694E-46
1709.9081   5.3693E-46
1710.4224   5.3152E-46
1710.9366   5.2680E-46
1711.4509   5.2042E-46
1711.9652   5.1575E-46
1712.4794   5.1248E-46
1712.9937   5.0375E-46
1713.5079   4.9492E-46
1714.0222   4.8469E-46
1714.5364   4.7934E-46
1715.0507   4.7519E-46
1715.5650   4.7023E-46
1716.0792   4.6873E-46
1716.5935   4.6391E-46
1717.1077   4.5885E-46
1717.6220   4.4818E-46
1718.1363   4.3762E-46
1718.6505   4.3114E-46
1719.1648   4.2888E-46
1719.6790   4.3071E-46
1720.1933   4.2770E-46
1720.7075   4.2616E-46
1721.2218   4.2144E-46
1721.7361   4.1195E-46
1722.2503   4.0381E-46
1722.7646   3.9577E-46
1723.2788   3.9300E-46
1723.7931   3.9112E-46
1724.3073   3.8989E-46
1724.8216   3.8704E-46
1725.3359   3.8062E-46
1725.8501   3.7666E-46
1726.3644   3.6627E-46
1726.8786   3.6193E-46
1727.3929   3.6050E-46
1727.9072   3.5813E-46
1728.4214   3.6056E-46
1728.9357   3.5220E-46
1729.4499   3.4688E-46
1729.9642   3.4133E-46
1730.4784   3.3433E-46
1730.9927   3.2960E-46
1731.5070   3.2459E-46
1732.0212   3.2700E-46
1732.5355   3.2364E-46
1733.0497   3.2108E-46
1733.5640   3.1515E-46
1734.0782   3.0605E-46
1734.5925   3.0241E-46
1735.1068   2.9498E-46
1735.6210   2.9626E-46
1736.1353   2.9758E-46
1736.6495   2.9813E-46
1737.1638   2.9776E-46
1737.6781   2.8792E-46
1738.1923   2.8238E-46
1738.7066   2.7618E-46
1739.2208   2.7174E-46
1739.7351   2.6508E-46
1740.2493   2.6533E-46
1740.7636   2.7348E-46
1741.2779   2.6794E-46
1741.7921   2.6603E-46
1742.3064   2.5687E-46
1742.8206   2.4509E-46
1743.3349   2.4507E-46
1743.8491   2.4490E-46
1744.3634   2.4835E-46
1744.8777   2.4424E-46
1745.3919   2.4188E-46
1745.9062   2.3927E-46
1746.4204   2.2860E-46
1746.9347   2.2213E-46
1747.4490   2.1737E-46
1747.9632   2.2234E-46
1748.4775   2.1891E-46
1748.9917   2.1682E-46
1749.5060   2.2250E-46
1750.0202   2.1255E-46
1750.5345   2.0598E-46
1751.0488   1.9842E-46
1751.5630   1.9817E-46
1752.0773   1.9879E-46
1752.5915   1.9728E-46
1753.1058   2.0541E-46
1753.6200   1.9829E-46
1754.1343   1.9355E-46
1754.6486   1.9040E-46
1755.1628   1.8348E-46
1755.6771   1.8018E-46
1756.1913   1.7651E-46
1756.7056   1.8172E-46
1757.2199   1.7878E-46
1757.7341   1.7551E-46
1758.2484   1.7646E-46
1758.7626   1.6756E-46
1759.2769   1.5963E-46
1759.7911   1.5506E-46
1760.3054   1.6078E-46
1760.8197   1.6156E-46
1761.3339   1.5875E-46
1761.8482   1.5925E-46
1762.3624   1.4858E-46
1762.8767   1.4757E-46
1763.3909   1.4332E-46
1763.9052   1.4026E-46
1764.4195   1.4266E-46
1764.9337   1.3953E-46
1765.4480   1.4568E-46
1765.9622   1.3949E-46
1766.4765   1.3142E-46
1766.9908   1.2794E-46
1767.5050   1.2319E-46
1768.0193   1.2360E-46
1768.5335   1.2044E-46
1769.0478   1.2351E-46
1769.5620   1.2328E-46
1770.0763   1.2091E-46
1770.5906   1.1442E-46
1771.1048   1.0363E-46
1771.6191   1.0369E-46
1772.1333   9.9925E-47
1772.6476   1.0288E-46
1773.1618   1.0402E-46
1773.6761   1.0189E-46
1774.1904   1.0574E-46
1774.7046   9.6991E-47
1775.2189   9.2917E-47
1775.7331   8.8635E-47
1776.2474   8.7273E-47
1776.7617   9.3108E-47
1777.2759   9.2401E-47
1777.7902   9.3276E-47
1778.3044   8.7798E-47
1778.8187   8.2927E-47
1779.3329   7.8291E-47
1779.8472   7.3000E-47
1780.3615   7.1561E-47
1780.8757   6.9150E-47
1781.3900   7.6089E-47
1781.9042   7.6432E-47
1782.4185   7.4482E-47
1782.9327   7.2043E-47
1783.4470   6.3209E-47
1783.9613   5.9899E-47
1784.4755   6.0799E-47
1784.9898   6.5843E-47
1785.5040   6.4707E-47
1786.0183   6.2073E-47
1786.5326   6.2085E-47
1787.0468   5.4957E-47
1787.5611   5.5277E-47
1788.0753   5.1299E-47
1788.5896   5.1478E-47
1789.1038   5.4921E-47
1789.6181   5.2219E-47
1790.1324   5.5874E-47
1790.6466   5.1785E-47
1791.1609   4.6160E-47
1791.6751   4.4900E-47
1792.1894   4.7150E-47
1792.7036   4.6053E-47
1793.2179   4.0399E-47
1793.7322   4.2515E-47
1794.2464   4.5291E-47
1794.7607   4.2135E-47
1795.2749   3.6331E-47
1795.7892   3.6562E-47
1796.3035   3.8955E-47
1796.8177   3.4400E-47
1797.3320   3.7910E-47
1797.8462   4.1322E-47
1798.3605   3.7730E-47
1798.8747   3.6331E-47
1799.3890   2.9133E-47
1799.9033   2.5824E-47
1800.4175   2.9673E-47
1800.9318   3.4454E-47
1801.4460   3.5196E-47
1801.9603   3.2687E-47
1802.4745   3.2117E-47
1802.9888   3.0840E-47
1803.5031   2.9963E-47
1804.0173   2.6005E-47
1804.5316   2.4532E-47
1805.0458   2.4496E-47
1805.5601   2.3797E-47
1806.0743   2.8250E-47
1806.5886   2.8048E-47
1807.1029   2.5495E-47
1807.6171   2.3565E-47
1808.1314   2.1928E-47
1808.6456   2.2202E-47
1809.1599   1.9962E-47
1809.6742   2.1164E-47
1810.1884   2.4292E-47
1810.7027   2.5382E-47
1811.2169   2.2102E-47
1811.7312   2.1804E-47
1812.2454   2.4552E-47
1812.7597   2.4020E-47
1813.2740   2.2133E-47
1813.7882   2.2698E-47
1814.3025   2.4907E-47
1814.8167   2.3983E-47
1815.3310   2.2110E-47
1815.8452   2.3351E-47
1816.3595   2.2292E-47
1816.8738   2.0852E-47
1817.3880   2.1349E-47
1817.9023   2.2362E-47
1818.4165   2.3139E-47
1818.9308   2.3070E-47
1819.4451   2.5193E-47
1819.9593   2.6265E-47
1820.4736   2.2325E-47
1820.9878   1.9086E-47
1821.5021   2.1932E-47
1822.0163   2.4576E-47
1822.5306   2.4119E-47
1823.0449   2.6642E-47
1823.5591   2.7925E-47
1824.0734   2.4633E-47
1824.5876   2.2131E-47
1825.1019   2.6257E-47
1825.6161   2.6740E-47
1826.1304   2.4789E-47
1826.6447   2.4842E-47
1827.1589   2.5517E-47
1827.6732   2.5058E-47
1828.1874   2.7145E-47
1828.7017   2.3679E-47
1829.2160   1.8872E-47
1829.7302   1.9846E-47
1830.2445   2.1922E-47
1830.7587   2.3794E-47
1831.2730   2.8064E-47
1831.7872   3.0166E-47
1832.3015   2.9327E-47
1832.8158   2.7739E-47
1833.3300   2.7671E-47
1833.8443   2.6928E-47
1834.3585   2.8214E-47
1834.8728   2.8374E-47
1835.3870   2.8689E-47
1835.9013   3.0402E-47
1836.4156   3.0336E-47
1836.9298   2.8642E-47
1837.4441   2.2998E-47
1837.9583   2.3527E-47
1838.4726   2.8801E-47
1838.9869   2.8281E-47
1839.5011   2.9409E-47
1840.0154   2.9897E-47
1840.5296   2.7763E-47
1841.0439   2.7588E-47
1841.5581   2.5741E-47
1842.0724   2.4260E-47
1842.5867   2.6406E-47
1843.1009   2.8284E-47
1843.6152   2.6484E-47
1844.1294   2.9346E-47
1844.6437   2.9541E-47
1845.1579   2.4671E-47
1845.6722   2.5875E-47
1846.1865   2.6143E-47
1846.7007   2.4584E-47
1847.2150   2.1323E-47
1847.7292   2.1743E-47
1848.2435   2.4583E-47
1848.7578   1.8393E-47
              O2-Air  1300.045  1849.786   1070  233.0 7.319E-45 0.500                            42
1300.0446   7.7407E-48
1300.5589   1.0151E-47
1301.0731   1.3932E-47
1301.5874   1.1289E-47
1302.1016   1.7016E-47
1302.6159   1.6855E-47
1303.1301   1.6979E-47
1303.6444   1.6503E-47
1304.1587   1.4928E-47
1304.6729   2.1152E-47
1305.1872   1.9160E-47
1305.7014   1.9435E-47
1306.2157   1.7814E-47
1306.7300   1.7325E-47
1307.2442   1.6174E-47
1307.7585   1.0503E-47
1308.2727   1.1429E-47
1308.7870   1.0413E-47
1309.3012   1.2650E-47
1309.8155   1.4095E-47
1310.3298   1.2818E-47
1310.8440   1.4771E-47
1311.3583   1.0836E-47
1311.8725   1.2567E-47
1312.3868   1.0692E-47
1312.9010   1.0105E-47
1313.4153   1.1291E-47
1313.9296   1.2228E-47
1314.4438   1.6273E-47
1314.9581   1.2504E-47
1315.4723   1.1892E-47
1315.9866   1.2044E-47
1316.5009   1.3157E-47
1317.0151   1.3334E-47
1317.5294   1.2465E-47
1318.0436   1.6006E-47
1318.5579   1.3285E-47
1319.0721   1.3462E-47
1319.5864   1.3691E-47
1320.1007   1.1467E-47
1320.6149   1.4084E-47
1321.1292   1.4892E-47
1321.6434   1.7272E-47
1322.1577   1.7172E-47
1322.6719   1.8233E-47
1323.1862   1.9742E-47
1323.7005   1.9571E-47
1324.2147   2.0625E-47
1324.7290   1.8225E-47
1325.2432   1.8144E-47
1325.7575   2.0857E-47
1326.2718   2.2530E-47
1326.7860   2.0592E-47
1327.3003   1.8261E-47
1327.8145   2.2439E-47
1328.3288   2.3623E-47
1328.8430   2.2992E-47
1329.3573   2.2911E-47
1329.8716   2.3008E-47
1330.3858   2.6584E-47
1330.9001   2.6762E-47
1331.4143   2.7994E-47
1331.9286   2.6053E-47
1332.4428   2.2626E-47
1332.9571   2.4802E-47
1333.4714   2.6235E-47
1333.9856   2.7922E-47
1334.4999   2.6847E-47
1335.0141   2.9911E-47
1335.5284   3.1995E-47
1336.0427   3.1320E-47
1336.5569   3.1378E-47
1337.0712   2.8575E-47
1337.5854   2.9541E-47
1338.0997   2.9385E-47
1338.6139   2.9443E-47
1339.1282   3.2693E-47
1339.6425   3.1976E-47
1340.1567   3.3766E-47
1340.6710   3.2340E-47
1341.1852   3.3381E-47
1341.6995   3.1939E-47
1342.2137   3.2897E-47
1342.7280   3.6340E-47
1343.2423   3.6244E-47
1343.7565   3.9835E-47
1344.2708   4.0410E-47
1344.7850   4.0418E-47
1345.2993   3.8905E-47
1345.8136   3.6541E-47
1346.3278   3.8323E-47
1346.8421   3.8148E-47
1347.3563   4.1371E-47
1347.8706   4.2155E-47
1348.3848   4.2904E-47
1348.8991   4.4093E-47
1349.4134   4.1591E-47
1349.9276   4.3755E-47
1350.4419   4.3979E-47
1350.9561   4.5080E-47
1351.4704   4.7366E-47
1351.9846   4.9270E-47
1352.4989   5.1359E-47
1353.0132   4.8105E-47
1353.5274   4.8135E-47
1354.0417   4.7997E-47
1354.5559   4.8330E-47
1355.0702   5.2260E-47
1355.5845   5.4682E-47
1356.0987   5.8411E-47
1356.6130   5.9403E-47
1357.1272   5.7913E-47
1357.6415   5.5336E-47
1358.1557   5.3634E-47
1358.6700   5.6751E-47
1359.1843   5.7880E-47
1359.6985   6.1130E-47
1360.2128   6.2242E-47
1360.7270   5.9962E-47
1361.2413   5.8764E-47
1361.7555   5.8854E-47
1362.2698   5.8467E-47
1362.7841   5.5118E-47
1363.2983   5.8612E-47
1363.8126   6.9294E-47
1364.3268   7.2756E-47
1364.8411   7.3304E-47
1365.3554   7.0451E-47
1365.8696   7.0110E-47
1366.3839   7.0269E-47
1366.8981   7.1644E-47
1367.4124   7.4500E-47
1367.9266   7.6466E-47
1368.4409   7.7933E-47
1368.9552   7.8240E-47
1369.4694   7.9707E-47
1369.9837   7.6940E-47
1370.4979   7.8388E-47
1371.0122   8.2864E-47
1371.5264   8.5856E-47
1372.0407   8.8131E-47
1372.5550   9.0158E-47
1373.0692   9.1503E-47
1373.5835   8.6152E-47
1374.0977   8.6836E-47
1374.6120   8.5912E-47
1375.1263   8.4808E-47
1375.6405   9.5467E-47
1376.1548   1.0044E-46
1376.6690   1.0225E-46
1377.1833   1.0243E-46
1377.6975   1.0021E-46
1378.2118   1.0137E-46
1378.7261   1.0185E-46
1379.2403   1.0593E-46
1379.7546   1.0879E-46
1380.2688   1.1239E-46
1380.7831   1.1696E-46
1381.2973   1.1650E-46
1381.8116   1.1511E-46
1382.3259   1.1537E-46
1382.8401   1.1817E-46
1383.3544   1.2207E-46
1383.8686   1.2267E-46
1384.3829   1.2915E-46
1384.8972   1.3059E-46
1385.4114   1.3435E-46
1385.9257   1.3026E-46
1386.4399   1.3074E-46
1386.9542   1.3255E-46
1387.4684   1.2763E-46
1387.9827   1.4122E-46
1388.4970   1.4602E-46
1389.0112   1.4895E-46
1389.5255   1.5047E-46
1390.0397   1.4818E-46
1390.5540   1.5301E-46
1391.0682   1.5165E-46
1391.5825   1.5943E-46
1392.0968   1.6343E-46
1392.6110   1.6869E-46
1393.1253   1.7269E-46
1393.6395   1.6845E-46
1394.1538   1.6471E-46
1394.6680   1.6518E-46
1395.1823   1.7523E-46
1395.6966   1.7604E-46
1396.2108   1.7903E-46
1396.7251   1.9070E-46
1397.2393   1.9122E-46
1397.7536   1.9461E-46
1398.2679   1.9634E-46
1398.7821   1.9455E-46
1399.2964   1.9977E-46
1399.8106   2.0628E-46
1400.3249   2.1595E-46
1400.8391   2.1890E-46
1401.3534   2.2210E-46
1401.8677   2.2628E-46
1402.3819   2.2443E-46
1402.8962   2.3141E-46
1403.4104   2.3006E-46
1403.9247   2.3988E-46
1404.4389   2.4493E-46
1404.9532   2.4527E-46
1405.4675   2.5710E-46
1405.9817   2.5680E-46
1406.4960   2.6343E-46
1407.0102   2.6432E-46
1407.5245   2.7086E-46
1408.0388   2.7885E-46
1408.5530   2.7992E-46
1409.0673   2.9161E-46
1409.5815   2.9360E-46
1410.0958   2.9767E-46
1410.6100   2.9962E-46
1411.1243   3.0239E-46
1411.6386   3.1300E-46
1412.1528   3.1481E-46
1412.6671   3.2809E-46
1413.1813   3.3245E-46
1413.6956   3.3815E-46
1414.2098   3.4588E-46
1414.7241   3.4515E-46
1415.2384   3.5489E-46
1415.7526   3.5535E-46
1416.2669   3.6736E-46
1416.7811   3.7640E-46
1417.2954   3.7601E-46
1417.8097   3.8809E-46
1418.3239   3.9154E-46
1418.8382   3.9378E-46
1419.3524   3.9245E-46
1419.8667   4.0827E-46
1420.3809   4.2538E-46
1420.8952   4.3048E-46
1421.4095   4.4551E-46
1421.9237   4.4691E-46
1422.4380   4.5365E-46
1422.9522   4.6050E-46
1423.4665   4.6077E-46
1423.9807   4.7040E-46
1424.4950   4.8031E-46
1425.0093   4.9635E-46
1425.5235   5.0535E-46
1426.0378   5.1368E-46
1426.5520   5.2367E-46
1427.0663   5.2737E-46
1427.5806   5.4083E-46
1428.0948   5.4849E-46
1428.6091   5.6067E-46
1429.1233   5.7322E-46
1429.6376   5.7335E-46
1430.1518   5.8610E-46
1430.6661   5.9727E-46
1431.1804   6.0886E-46
1431.6946   6.1546E-46
1432.2089   6.2477E-46
1432.7231   6.4024E-46
1433.2374   6.4810E-46
1433.7516   6.6357E-46
1434.2659   6.7203E-46
1434.7802   6.8309E-46
1435.2944   6.9291E-46
1435.8087   7.0167E-46
1436.3229   7.0673E-46
1436.8372   7.0852E-46
1437.3515   7.3666E-46
1437.8657   7.5464E-46
1438.3800   7.6603E-46
1438.8942   7.7904E-46
1439.4085   7.8727E-46
1439.9227   8.0539E-46
1440.4370   8.1861E-46
1440.9513   8.3430E-46
1441.4655   8.4851E-46
1441.9798   8.6170E-46
1442.4940   8.7812E-46
1443.0083   8.8875E-46
1443.5225   9.0267E-46
1444.0368   9.1443E-46
1444.5511   9.2874E-46
1445.0653   9.4462E-46
1445.5796   9.5853E-46
1446.0938   9.7205E-46
1446.6081   9.8414E-46
1447.1224   1.0025E-45
1447.6366   1.0134E-45
1448.1509   1.0270E-45
1448.6651   1.0466E-45
1449.1794   1.0630E-45
1449.6936   1.0828E-45
1450.2079   1.0978E-45
1450.7222   1.1140E-45
1451.2364   1.1295E-45
1451.7507   1.1432E-45
1452.2649   1.1612E-45
1452.7792   1.1803E-45
1453.2934   1.2007E-45
1453.8077   1.2170E-45
1454.3220   1.2360E-45
1454.8362   1.2522E-45
1455.3505   1.2669E-45
1455.8647   1.2894E-45
1456.3790   1.2957E-45
1456.8933   1.3073E-45
1457.4075   1.3355E-45
1457.9218   1.3543E-45
1458.4360   1.3714E-45
1458.9503   1.3897E-45
1459.4645   1.4129E-45
1459.9788   1.4342E-45
1460.4931   1.4547E-45
1461.0073   1.4725E-45
1461.5216   1.4927E-45
1462.0358   1.5164E-45
1462.5501   1.5318E-45
1463.0643   1.5556E-45
1463.5786   1.5741E-45
1464.0929   1.5952E-45
1464.6071   1.6113E-45
1465.1214   1.6272E-45
1465.6356   1.6591E-45
1466.1499   1.6783E-45
1466.6642   1.7053E-45
1467.1784   1.7258E-45
1467.6927   1.7422E-45
1468.2069   1.7648E-45
1468.7212   1.7811E-45
1469.2354   1.8060E-45
1469.7497   1.8214E-45
1470.2640   1.8428E-45
1470.7782   1.8678E-45
1471.2925   1.8845E-45
1471.8067   1.9045E-45
1472.3210   1.9227E-45
1472.8352   1.9516E-45
1473.3495   1.9687E-45
1473.8638   1.9911E-45
1474.3780   2.0224E-45
1474.8923   2.0399E-45
1475.4065   2.0685E-45
1475.9208   2.0815E-45
1476.4351   2.1017E-45
1476.9493   2.1345E-45
1477.4636   2.1560E-45
1477.9778   2.1850E-45
1478.4921   2.2060E-45
1479.0063   2.2331E-45
1479.5206   2.2540E-45
1480.0349   2.2733E-45
1480.5491   2.2967E-45
1481.0634   2.3059E-45
1481.5776   2.3322E-45
1482.0919   2.3546E-45
1482.6061   2.3792E-45
1483.1204   2.4082E-45
1483.6347   2.4265E-45
1484.1489   2.4557E-45
1484.6632   2.4727E-45
1485.1774   2.4961E-45
1485.6917   2.5184E-45
1486.2060   2.5391E-45
1486.7202   2.5665E-45
1487.2345   2.5782E-45
1487.7487   2.6125E-45
1488.2630   2.6372E-45
1488.7772   2.6545E-45
1489.2915   2.6747E-45
1489.8058   2.6919E-45
1490.3200   2.7256E-45
1490.8343   2.7434E-45
1491.3485   2.7733E-45
1491.8628   2.8001E-45
1492.3770   2.8163E-45
1492.8913   2.8382E-45
1493.4056   2.8508E-45
1493.9198   2.8763E-45
1494.4341   2.8943E-45
1494.9483   2.9174E-45
1495.4626   2.9467E-45
1495.9769   2.9606E-45
1496.4911   2.9863E-45
1497.0054   3.0081E-45
1497.5196   3.0327E-45
1498.0339   3.0555E-45
1498.5481   3.0635E-45
1499.0624   3.0893E-45
1499.5767   3.1202E-45
1500.0909   3.1459E-45
1500.6052   3.1629E-45
1501.1194   3.1801E-45
1501.6337   3.1988E-45
1502.1479   3.2168E-45
1502.6622   3.2439E-45
1503.1765   3.2622E-45
1503.6907   3.2838E-45
1504.2050   3.3036E-45
1504.7192   3.3210E-45
1505.2335   3.3373E-45
1505.7478   3.3458E-45
1506.2620   3.3697E-45
1506.7763   3.3834E-45
1507.2905   3.4038E-45
1507.8048   3.4376E-45
1508.3190   3.4528E-45
1508.8333   3.4815E-45
1509.3476   3.4990E-45
1509.8618   3.5157E-45
1510.3761   3.5456E-45
1510.8903   3.5666E-45
1511.4046   3.5947E-45
1511.9188   3.6075E-45
1512.4331   3.6301E-45
1512.9474   3.6551E-45
1513.4616   3.6699E-45
1513.9759   3.6892E-45
1514.4901   3.7023E-45
1515.0044   3.7197E-45
1515.5187   3.7381E-45
1516.0329   3.7595E-45
1516.5472   3.7747E-45
1517.0614   3.7922E-45
1517.5757   3.8127E-45
1518.0899   3.8400E-45
1518.6042   3.8739E-45
1519.1185   3.9005E-45
1519.6327   3.9257E-45
1520.1470   3.9482E-45
1520.6612   3.9814E-45
1521.1755   4.0067E-45
1521.6897   4.0371E-45
1522.2040   4.0732E-45
1522.7183   4.0937E-45
1523.2325   4.1273E-45
1523.7468   4.1632E-45
1524.2610   4.1912E-45
1524.7753   4.2204E-45
1525.2895   4.2433E-45
1525.8038   4.2720E-45
1526.3181   4.3088E-45
1526.8323   4.3342E-45
1527.3466   4.3642E-45
1527.8608   4.4024E-45
1528.3751   4.4367E-45
1528.8894   4.4762E-45
1529.4036   4.5184E-45
1529.9179   4.5568E-45
1530.4321   4.5997E-45
1530.9464   4.6483E-45
1531.4606   4.6919E-45
1531.9749   4.7485E-45
1532.4892   4.8032E-45
1533.0034   4.8491E-45
1533.5177   4.9043E-45
1534.0319   4.9596E-45
1534.5462   5.0252E-45
1535.0604   5.0880E-45
1535.5747   5.1528E-45
1536.0890   5.2218E-45
1536.6032   5.2877E-45
1537.1175   5.3620E-45
1537.6317   5.4304E-45
1538.1460   5.5041E-45
1538.6603   5.5747E-45
1539.1745   5.6513E-45
1539.6888   5.7395E-45
1540.2030   5.8077E-45
1540.7173   5.8835E-45
1541.2315   5.9567E-45
1541.7458   6.0111E-45
1542.2601   6.0736E-45
1542.7743   6.1507E-45
1543.2886   6.2205E-45
1543.8028   6.2850E-45
1544.3171   6.3614E-45
1544.8313   6.4210E-45
1545.3456   6.4884E-45
1545.8599   6.5646E-45
1546.3741   6.6312E-45
1546.8884   6.7053E-45
1547.4026   6.7686E-45
1547.9169   6.8353E-45
1548.4312   6.8964E-45
1548.9454   6.9522E-45
1549.4597   7.0072E-45
1549.9739   7.0532E-45
1550.4882   7.0972E-45
1551.0024   7.1410E-45
1551.5167   7.1840E-45
1552.0310   7.2088E-45
1552.5452   7.2353E-45
1553.0595   7.2547E-45
1553.5737   7.2621E-45
1554.0880   7.2627E-45
1554.6022   7.2527E-45
1555.1165   7.2655E-45
1555.6308   7.2819E-45
1556.1450   7.2949E-45
1556.6593   7.3193E-45
1557.1735   7.3108E-45
1557.6878   7.2981E-45
1558.2021   7.2977E-45
1558.7163   7.2729E-45
1559.2306   7.2502E-45
1559.7448   7.2068E-45
1560.2591   7.1537E-45
1560.7733   7.1157E-45
1561.2876   7.0746E-45
1561.8019   7.0194E-45
1562.3161   6.9655E-45
1562.8304   6.9230E-45
1563.3446   6.8727E-45
1563.8589   6.8338E-45
1564.3731   6.7860E-45
1564.8874   6.7387E-45
1565.4017   6.7099E-45
1565.9159   6.6696E-45
1566.4302   6.6268E-45
1566.9444   6.5712E-45
1567.4587   6.5207E-45
1567.9730   6.4630E-45
1568.4872   6.3940E-45
1569.0015   6.3374E-45
1569.5157   6.2650E-45
1570.0300   6.2015E-45
1570.5442   6.1465E-45
1571.0585   6.0895E-45
1571.5728   6.0362E-45
1572.0870   5.9825E-45
1572.6013   5.9408E-45
1573.1155   5.8935E-45
1573.6298   5.8573E-45
1574.1440   5.8237E-45
1574.6583   5.7849E-45
1575.1726   5.7589E-45
1575.6868   5.7198E-45
1576.2011   5.6808E-45
1576.7153   5.6521E-45
1577.2296   5.6257E-45
1577.7439   5.5945E-45
1578.2581   5.5637E-45
1578.7724   5.5403E-45
1579.2866   5.5091E-45
1579.8009   5.4846E-45
1580.3151   5.4595E-45
1580.8294   5.4388E-45
1581.3437   5.4267E-45
1581.8579   5.4061E-45
1582.3722   5.3996E-45
1582.8864   5.3842E-45
1583.4007   5.3714E-45
1583.9149   5.3664E-45
1584.4292   5.3531E-45
1584.9435   5.3536E-45
1585.4577   5.3448E-45
1585.9720   5.3454E-45
1586.4862   5.3383E-45
1587.0005   5.3304E-45
1587.5148   5.3260E-45
1588.0290   5.3087E-45
1588.5433   5.3068E-45
1589.0575   5.2834E-45
1589.5718   5.2733E-45
1590.0860   5.2635E-45
1590.6003   5.2438E-45
1591.1146   5.2396E-45
1591.6288   5.2191E-45
1592.1431   5.2178E-45
1592.6573   5.2137E-45
1593.1716   5.2098E-45
1593.6858   5.2184E-45
1594.2001   5.2114E-45
1594.7144   5.2239E-45
1595.2286   5.2302E-45
1595.7429   5.2319E-45
1596.2571   5.2347E-45
1596.7714   5.2344E-45
1597.2857   5.2458E-45
1597.7999   5.2360E-45
1598.3142   5.2353E-45
1598.8284   5.2256E-45
1599.3427   5.2128E-45
1599.8569   5.2072E-45
1600.3712   5.1861E-45
1600.8855   5.1787E-45
1601.3997   5.1619E-45
1601.9140   5.1586E-45
1602.4282   5.1495E-45
1602.9425   5.1323E-45
1603.4567   5.1352E-45
1603.9710   5.1214E-45
1604.4853   5.1219E-45
1604.9995   5.1161E-45
1605.5138   5.1130E-45
1606.0280   5.1207E-45
1606.5423   5.1072E-45
1607.0566   5.1104E-45
1607.5708   5.1027E-45
1608.0851   5.1025E-45
1608.5993   5.0962E-45
1609.1136   5.0722E-45
1609.6278   5.0686E-45
1610.1421   5.0455E-45
1610.6564   5.0360E-45
1611.1706   5.0142E-45
1611.6849   4.9870E-45
1612.1991   4.9728E-45
1612.7134   4.9404E-45
1613.2276   4.9264E-45
1613.7419   4.9046E-45
1614.2562   4.8921E-45
1614.7704   4.8837E-45
1615.2847   4.8644E-45
1615.7989   4.8695E-45
1616.3132   4.8467E-45
1616.8275   4.8336E-45
1617.3417   4.8258E-45
1617.8560   4.8100E-45
1618.3702   4.8078E-45
1618.8845   4.7769E-45
1619.3987   4.7636E-45
1619.9130   4.7305E-45
1620.4273   4.6996E-45
1620.9415   4.6778E-45
1621.4558   4.6382E-45
1621.9700   4.6161E-45
1622.4843   4.5752E-45
1622.9985   4.5548E-45
1623.5128   4.5240E-45
1624.0271   4.4926E-45
1624.5413   4.4754E-45
1625.0556   4.4395E-45
1625.5698   4.4290E-45
1626.0841   4.3991E-45
1626.5984   4.3821E-45
1627.1126   4.3732E-45
1627.6269   4.3335E-45
1628.1411   4.3232E-45
1628.6554   4.2973E-45
1629.1696   4.2715E-45
1629.6839   4.2459E-45
1630.1982   4.2103E-45
1630.7124   4.1898E-45
1631.2267   4.1433E-45
1631.7409   4.1127E-45
1632.2552   4.0715E-45
1632.7694   4.0309E-45
1633.2837   3.9996E-45
1633.7980   3.9519E-45
1634.3122   3.9250E-45
1634.8265   3.8811E-45
1635.3407   3.8515E-45
1635.8550   3.8292E-45
1636.3693   3.7995E-45
1636.8835   3.7791E-45
1637.3978   3.7331E-45
1637.9120   3.7179E-45
1638.4263   3.6980E-45
1638.9405   3.6665E-45
1639.4548   3.6462E-45
1639.9691   3.6015E-45
1640.4833   3.5719E-45
1640.9976   3.5317E-45
1641.5118   3.4958E-45
1642.0261   3.4586E-45
1642.5403   3.4158E-45
1643.0546   3.3895E-45
1643.5689   3.3430E-45
1644.0831   3.3112E-45
1644.5974   3.2712E-45
1645.1116   3.2339E-45
1645.6259   3.1984E-45
1646.1402   3.1513E-45
1646.6544   3.1392E-45
1647.1687   3.1044E-45
1647.6829   3.0737E-45
1648.1972   3.0497E-45
1648.7114   3.0159E-45
1649.2257   2.9991E-45
1649.7400   2.9611E-45
1650.2542   2.9348E-45
1650.7685   2.9001E-45
1651.2827   2.8649E-45
1651.7970   2.8338E-45
1652.3112   2.7817E-45
1652.8255   2.7470E-45
1653.3398   2.7003E-45
1653.8540   2.6726E-45
1654.3683   2.6417E-45
1654.8825   2.6018E-45
1655.3968   2.5851E-45
1655.9111   2.5485E-45
1656.4253   2.5211E-45
1656.9396   2.4924E-45
1657.4538   2.4630E-45
1657.9681   2.4406E-45
1658.4823   2.4087E-45
1658.9966   2.3885E-45
1659.5109   2.3603E-45
1660.0251   2.3309E-45
1660.5394   2.3013E-45
1661.0536   2.2632E-45
1661.5679   2.2354E-45
1662.0821   2.1998E-45
1662.5964   2.1625E-45
1663.1107   2.1338E-45
1663.6249   2.1107E-45
1664.1392   2.0860E-45
1664.6534   2.0508E-45
1665.1677   2.0244E-45
1665.6819   1.9945E-45
1666.1962   1.9689E-45
1666.7105   1.9452E-45
1667.2247   1.9177E-45
1667.7390   1.8950E-45
1668.2532   1.8649E-45
1668.7675   1.8389E-45
1669.2818   1.8082E-45
1669.7960   1.7904E-45
1670.3103   1.7770E-45
1670.8245   1.7452E-45
1671.3388   1.7132E-45
1671.8530   1.6911E-45
1672.3673   1.6760E-45
1672.8816   1.6512E-45
1673.3958   1.6263E-45
1673.9101   1.6032E-45
1674.4243   1.5765E-45
1674.9386   1.5444E-45
1675.4528   1.5165E-45
1675.9671   1.5070E-45
1676.4814   1.4924E-45
1676.9956   1.4668E-45
1677.5099   1.4470E-45
1678.0241   1.4270E-45
1678.5384   1.4104E-45
1679.0527   1.3905E-45
1679.5669   1.3666E-45
1680.0812   1.3481E-45
1680.5954   1.3302E-45
1681.1097   1.3161E-45
1681.6239   1.2947E-45
1682.1382   1.2750E-45
1682.6525   1.2544E-45
1683.1667   1.2287E-45
1683.6810   1.2105E-45
1684.1952   1.1922E-45
1684.7095   1.1754E-45
1685.2237   1.1616E-45
1685.7380   1.1494E-45
1686.2523   1.1312E-45
1686.7665   1.1134E-45
1687.2808   1.1014E-45
1687.7950   1.0839E-45
1688.3093   1.0670E-45
1688.8236   1.0530E-45
1689.3378   1.0405E-45
1689.8521   1.0222E-45
1690.3663   1.0056E-45
1690.8806   9.9782E-46
1691.3948   9.8074E-46
1691.9091   9.6694E-46
1692.4234   9.5380E-46
1692.9376   9.3972E-46
1693.4519   9.2713E-46
1693.9661   9.0963E-46
1694.4804   8.9947E-46
1694.9946   8.8205E-46
1695.5089   8.6202E-46
1696.0232   8.5203E-46
1696.5374   8.4770E-46
1697.0517   8.3511E-46
1697.5659   8.1959E-46
1698.0802   8.1382E-46
1698.5945   8.0349E-46
1699.1087   7.8861E-46
1699.6230   7.7015E-46
1700.1372   7.5514E-46
1700.6515   7.4072E-46
1701.1657   7.3498E-46
1701.6800   7.3705E-46
1702.1943   7.2719E-46
1702.7085   7.1732E-46
1703.2228   7.0563E-46
1703.7370   6.9389E-46
1704.2513   6.7895E-46
1704.7655   6.6970E-46
1705.2798   6.7092E-46
1705.7941   6.5390E-46
1706.3083   6.4060E-46
1706.8226   6.3577E-46
1707.3368   6.2959E-46
1707.8511   6.2447E-46
1708.3654   6.1418E-46
1708.8796   6.0869E-46
1709.3939   5.9935E-46
1709.9081   5.8713E-46
1710.4224   5.7670E-46
1710.9366   5.7277E-46
1711.4509   5.6776E-46
1711.9652   5.5691E-46
1712.4794   5.5151E-46
1712.9937   5.4254E-46
1713.5079   5.3380E-46
1714.0222   5.2633E-46
1714.5364   5.1930E-46
1715.0507   5.1143E-46
1715.5650   5.0353E-46
1716.0792   5.0369E-46
1716.5935   4.9722E-46
1717.1077   4.8411E-46
1717.6220   4.8124E-46
1718.1363   4.7049E-46
1718.6505   4.5883E-46
1719.1648   4.5895E-46
1719.6790   4.5862E-46
1720.1933   4.5287E-46
1720.7075   4.4486E-46
1721.2218   4.4414E-46
1721.7361   4.3541E-46
1722.2503   4.3367E-46
1722.7646   4.2679E-46
1723.2788   4.1410E-46
1723.7931   4.1209E-46
1724.3073   4.0476E-46
1724.8216   4.0480E-46
1725.3359   3.9626E-46
1725.8501   3.9397E-46
1726.3644   3.9000E-46
1726.8786   3.8138E-46
1727.3929   3.8210E-46
1727.9072   3.7247E-46
1728.4214   3.7168E-46
1728.9357   3.6445E-46
1729.4499   3.5439E-46
1729.9642   3.4977E-46
1730.4784   3.4487E-46
1730.9927   3.5094E-46
1731.5070   3.4030E-46
1732.0212   3.3359E-46
1732.5355   3.3303E-46
1733.0497   3.2172E-46
1733.5640   3.2410E-46
1734.0782   3.1229E-46
1734.5925   3.0665E-46
1735.1068   3.1300E-46
1735.6210   3.1218E-46
1736.1353   3.1072E-46
1736.6495   3.0022E-46
1737.1638   3.0089E-46
1737.6781   2.9257E-46
1738.1923   2.9229E-46
1738.7066   2.9301E-46
1739.2208   2.7943E-46
1739.7351   2.7712E-46
1740.2493   2.6960E-46
1740.7636   2.7632E-46
1741.2779   2.7078E-46
1741.7921   2.6695E-46
1742.3064   2.7109E-46
1742.8206   2.5450E-46
1743.3349   2.5421E-46
1743.8491   2.4951E-46
1744.3634   2.4952E-46
1744.8777   2.4953E-46
1745.3919   2.3868E-46
1745.9062   2.4160E-46
1746.4204   2.3434E-46
1746.9347   2.3221E-46
1747.4490   2.2780E-46
1747.9632   2.2432E-46
1748.4775   2.2340E-46
1748.9917   2.1236E-46
1749.5060   2.2107E-46
1750.0202   2.1968E-46
1750.5345   2.1518E-46
1751.0488   2.1181E-46
1751.5630   2.0387E-46
1752.0773   2.1463E-46
1752.5915   2.0283E-46
1753.1058   2.0479E-46
1753.6200   2.0275E-46
1754.1343   1.9769E-46
1754.6486   2.0428E-46
1755.1628   1.9399E-46
1755.6771   1.9914E-46
1756.1913   1.8985E-46
1756.7056   1.7998E-46
1757.2199   1.8438E-46
1757.7341   1.8026E-46
1758.2484   1.8627E-46
1758.7626   1.7816E-46
1759.2769   1.8076E-46
1759.7911   1.7890E-46
1760.3054   1.7080E-46
1760.8197   1.7452E-46
1761.3339   1.6039E-46
1761.8482   1.6187E-46
1762.3624   1.6160E-46
1762.8767   1.6431E-46
1763.3909   1.6671E-46
1763.9052   1.5816E-46
1764.4195   1.6271E-46
1764.9337   1.5314E-46
1765.4480   1.5343E-46
1765.9622   1.5247E-46
1766.4765   1.4649E-46
1766.9908   1.5239E-46
1767.5050   1.4114E-46
1768.0193   1.3569E-46
1768.5335   1.3729E-46
1769.0478   1.4044E-46
1769.5620   1.4103E-46
1770.0763   1.3433E-46
1770.5906   1.3902E-46
1771.1048   1.2343E-46
1771.6191   1.2946E-46
1772.1333   1.3108E-46
1772.6476   1.1824E-46
1773.1618   1.2797E-46
1773.6761   1.2301E-46
1774.1904   1.2626E-46
1774.7046   1.2416E-46
1775.2189   1.1979E-46
1775.7331   1.1946E-46
1776.2474   1.1641E-46
1776.7617   1.2157E-46
1777.2759   1.1535E-46
1777.7902   1.1815E-46
1778.3044   1.1620E-46
1778.8187   1.1118E-46
1779.3329   1.1428E-46
1779.8472   1.0922E-46
1780.3615   1.0303E-46
1780.8757   9.8938E-47
1781.3900   1.0354E-46
1781.9042   1.0570E-46
1782.4185   1.0184E-46
1782.9327   1.0828E-46
1783.4470   1.0232E-46
1783.9613   1.0274E-46
1784.4755   9.9171E-47
1784.9898   9.2690E-47
1785.5040   9.9251E-47
1786.0183   9.7210E-47
1786.5326   9.9294E-47
1787.0468   9.7663E-47
1787.5611   9.6934E-47
1788.0753   9.6623E-47
1788.5896   9.1618E-47
1789.1038   9.3263E-47
1789.6181   8.9434E-47
1790.1324   9.0450E-47
1790.6466   8.6929E-47
1791.1609   8.3583E-47
1791.6751   9.1859E-47
1792.1894   8.5153E-47
1792.7036   8.0668E-47
1793.2179   8.4066E-47
1793.7322   8.5712E-47
1794.2464   8.5116E-47
1794.7607   8.3747E-47
1795.2749   8.2202E-47
1795.7892   7.5007E-47
1796.3035   7.7047E-47
1796.8177   8.0513E-47
1797.3320   8.0041E-47
1797.8462   7.9405E-47
1798.3605   7.8540E-47
1798.8747   8.0607E-47
1799.3890   7.4057E-47
1799.9033   7.3519E-47
1800.4175   7.9192E-47
1800.9318   7.5407E-47
1801.4460   7.3372E-47
1801.9603   7.2782E-47
1802.4745   7.0543E-47
1802.9888   7.2664E-47
1803.5031   7.6248E-47
1804.0173   7.4941E-47
1804.5316   7.4974E-47
1805.0458   7.1608E-47
1805.5601   7.0560E-47
1806.0743   7.2593E-47
1806.5886   7.2257E-47
1807.1029   7.2659E-47
1807.6171   6.8950E-47
1808.1314   7.0332E-47
1808.6456   7.2742E-47
1809.1599   7.0987E-47
1809.6742   7.1039E-47
1810.1884   6.5329E-47
1810.7027   6.3768E-47
1811.2169   6.7886E-47
1811.7312   6.9763E-47
1812.2454   6.7418E-47
1812.7597   6.7011E-47
1813.2740   6.9616E-47
1813.7882   6.7937E-47
1814.3025   6.8424E-47
1814.8167   6.6222E-47
1815.3310   6.5799E-47
1815.8452   6.7628E-47
1816.3595   6.6200E-47
1816.8738   6.6969E-47
1817.3880   6.4183E-47
1817.9023   6.5605E-47
1818.4165   6.6244E-47
1818.9308   6.5645E-47
1819.4451   6.5372E-47
1819.9593   6.3433E-47
1820.4736   6.4759E-47
1820.9878   6.4130E-47
1821.5021   6.3732E-47
1822.0163   6.2481E-47
1822.5306   6.1702E-47
1823.0449   6.2332E-47
1823.5591   6.0388E-47
1824.0734   6.0430E-47
1824.5876   5.8180E-47
1825.1019   5.3926E-47
1825.6161   5.7710E-47
1826.1304   6.1582E-47
1826.6447   6.1365E-47
1827.1589   6.1357E-47
1827.6732   6.0833E-47
1828.1874   5.9378E-47
1828.7017   5.2561E-47
1829.2160   5.2014E-47
1829.7302   5.2409E-47
1830.2445   5.2991E-47
1830.7587   5.6437E-47
1831.2730   5.7660E-47
1831.7872   5.6411E-47
1832.3015   5.6244E-47
1832.8158   5.7059E-47
1833.3300   5.5242E-47
1833.8443   5.4997E-47
1834.3585   5.4862E-47
1834.8728   5.4735E-47
1835.3870   5.5564E-47
1835.9013   5.2577E-47
1836.4156   5.2946E-47
1836.9298   4.8084E-47
1837.4441   4.9458E-47
1837.9583   5.3554E-47
1838.4726   5.2574E-47
1838.9869   5.3673E-47
1839.5011   5.1274E-47
1840.0154   5.2127E-47
1840.5296   5.0665E-47
1841.0439   4.9649E-47
1841.5581   4.8442E-47
1842.0724   4.7847E-47
1842.5867   4.9063E-47
1843.1009   4.8916E-47
1843.6152   4.7748E-47
1844.1294   3.6854E-47
1844.6437   4.0645E-47
1845.1579   4.8957E-47
1845.6722   4.8204E-47
1846.1865   5.0220E-47
1846.7007   4.5661E-47
1847.2150   4.5646E-47
1847.7292   3.9031E-47
1848.2435   4.1770E-47
1848.7578   4.3721E-47
1849.2720   4.1023E-47
1849.7863   4.7501E-47
              O2-Air  1300.045  1849.786   1070  253.0 6.903E-45 0.500                            42
1300.0446   1.6156E-47
1300.5589   1.3665E-47
1301.0731   1.4119E-47
1301.5874   1.7808E-47
1302.1016   1.2065E-47
1302.6159   1.7383E-47
1303.1301   1.5508E-47
1303.6444   1.9101E-47
1304.1587   2.1547E-47
1304.6729   1.7973E-47
1305.1872   2.1575E-47
1305.7014   1.6532E-47
1306.2157   1.8286E-47
1306.7300   1.5657E-47
1307.2442   1.2714E-47
1307.7585   1.3466E-47
1308.2727   9.0832E-48
1308.7870   1.3235E-47
1309.3012   1.0407E-47
1309.8155   9.8353E-48
1310.3298   1.1296E-47
1310.8440   9.7805E-48
1311.3583   1.3117E-47
1311.8725   8.5895E-48
1312.3868   8.6846E-48
1312.9010   8.1087E-48
1313.4153   6.7855E-48
1313.9296   9.9408E-48
1314.4438   8.7565E-48
1314.9581   1.1534E-47
1315.4723   1.2112E-47
1315.9866   1.3964E-47
1316.5009   1.2211E-47
1317.0151   8.8755E-48
1317.5294   1.2754E-47
1318.0436   1.2392E-47
1318.5579   9.3676E-48
1319.0721   6.3121E-48
1319.5864   9.5238E-48
1320.1007   1.1589E-47
1320.6149   1.3121E-47
1321.1292   1.6420E-47
1321.6434   1.4667E-47
1322.1577   1.6540E-47
1322.6719   1.6353E-47
1323.1862   1.6338E-47
1323.7005   1.7214E-47
1324.2147   1.6857E-47
1324.7290   1.9511E-47
1325.2432   1.9029E-47
1325.7575   2.0003E-47
1326.2718   1.9658E-47
1326.7860   1.9713E-47
1327.3003   2.1937E-47
1327.8145   2.0892E-47
1328.3288   2.2462E-47
1328.8430   2.1162E-47
1329.3573   2.1938E-47
1329.8716   2.2698E-47
1330.3858   2.1618E-47
1330.9001   2.3881E-47
1331.4143   2.2789E-47
1331.9286   2.5738E-47
1332.4428   2.6124E-47
1332.9571   2.6201E-47
1333.4714   2.7347E-47
1333.9856   2.5542E-47
1334.4999   2.7780E-47
1335.0141   2.5443E-47
1335.5284   2.6358E-47
1336.0427   2.5389E-47
1336.5569   2.1170E-47
1337.0712   2.6886E-47
1337.5854   2.8667E-47
1338.0997   2.6283E-47
1338.6139   2.1118E-47
1339.1282   2.1474E-47
1339.6425   2.3882E-47
1340.1567   1.9441E-47
1340.6710   2.6369E-47
1341.1852   3.3595E-47
1341.6995   3.7328E-47
1342.2137   3.7791E-47
1342.7280   3.5466E-47
1343.2423   3.6780E-47
1343.7565   3.4656E-47
1344.2708   3.7205E-47
1344.7850   3.7048E-47
1345.2993   3.8084E-47
1345.8136   4.1064E-47
1346.3278   4.0339E-47
1346.8421   4.2752E-47
1347.3563   4.0300E-47
1347.8706   4.1541E-47
1348.3848   4.2884E-47
1348.8991   4.0154E-47
1349.4134   4.0715E-47
1349.9276   4.2889E-47
1350.4419   4.7309E-47
1350.9561   4.6887E-47
1351.4704   4.7590E-47
1351.9846   4.8122E-47
1352.4989   4.7074E-47
1353.0132   5.1273E-47
1353.5274   5.1484E-47
1354.0417   5.2730E-47
1354.5559   4.9656E-47
1355.0702   4.9068E-47
1355.5845   5.5654E-47
1356.0987   5.4751E-47
1356.6130   5.6741E-47
1357.1272   5.6371E-47
1357.6415   5.7540E-47
1358.1557   6.0046E-47
1358.6700   5.9860E-47
1359.1843   6.1437E-47
1359.6985   5.9591E-47
1360.2128   6.1334E-47
1360.7270   5.6808E-47
1361.2413   5.6029E-47
1361.7555   6.4803E-47
1362.2698   6.1917E-47
1362.7841   5.4148E-47
1363.2983   5.5341E-47
1363.8126   6.6798E-47
1364.3268   7.1689E-47
1364.8411   7.2199E-47
1365.3554   7.6728E-47
1365.8696   7.7456E-47
1366.3839   7.9787E-47
1366.8981   7.9787E-47
1367.4124   8.0661E-47
1367.9266   8.0315E-47
1368.4409   7.4535E-47
1368.9552   7.8427E-47
1369.4694   8.5118E-47
1369.9837   8.9167E-47
1370.4979   9.1432E-47
1371.0122   9.1821E-47
1371.5264   9.2356E-47
1372.0407   9.1225E-47
1372.5550   9.4660E-47
1373.0692   9.5485E-47
1373.5835   9.1415E-47
1374.0977   9.6238E-47
1374.6120   9.9747E-47
1375.1263   9.7696E-47
1375.6405   1.0255E-46
1376.1548   1.0723E-46
1376.6690   1.0768E-46
1377.1833   1.1147E-46
1377.6975   1.1157E-46
1378.2118   1.1209E-46
1378.7261   1.1907E-46
1379.2403   1.1870E-46
1379.7546   1.2010E-46
1380.2688   1.2212E-46
1380.7831   1.2410E-46
1381.2973   1.2860E-46
1381.8116   1.3052E-46
1382.3259   1.3628E-46
1382.8401   1.3638E-46
1383.3544   1.3893E-46
1383.8686   1.4024E-46
1384.3829   1.4113E-46
1384.8972   1.4526E-46
1385.4114   1.4614E-46
1385.9257   1.4908E-46
1386.4399   1.4917E-46
1386.9542   1.5004E-46
1387.4684   1.4493E-46
1387.9827   1.5106E-46
1388.4970   1.6450E-46
1389.0112   1.6461E-46
1389.5255   1.7059E-46
1390.0397   1.7365E-46
1390.5540   1.7462E-46
1391.0682   1.8174E-46
1391.5825   1.8271E-46
1392.0968   1.8689E-46
1392.6110   1.8719E-46
1393.1253   1.8927E-46
1393.6395   1.9604E-46
1394.1538   1.8526E-46
1394.6680   1.9114E-46
1395.1823   2.0216E-46
1395.6966   2.0248E-46
1396.2108   2.0869E-46
1396.7251   2.1441E-46
1397.2393   2.1638E-46
1397.7536   2.1170E-46
1398.2679   2.2677E-46
1398.7821   2.3049E-46
1399.2964   2.2942E-46
1399.8106   2.4173E-46
1400.3249   2.4185E-46
1400.8391   2.5010E-46
1401.3534   2.5234E-46
1401.8677   2.5797E-46
1402.3819   2.6426E-46
1402.8962   2.6718E-46
1403.4104   2.7657E-46
1403.9247   2.7679E-46
1404.4389   2.7903E-46
1404.9532   2.7650E-46
1405.4675   2.8583E-46
1405.9817   2.9999E-46
1406.4960   3.0149E-46
1407.0102   3.1107E-46
1407.5245   3.1356E-46
1408.0388   3.1902E-46
1408.5530   3.2512E-46
1409.0673   3.2607E-46
1409.5815   3.3429E-46
1410.0958   3.3643E-46
1410.6100   3.4898E-46
1411.1243   3.5431E-46
1411.6386   3.5348E-46
1412.1528   3.6347E-46
1412.6671   3.6902E-46
1413.1813   3.8064E-46
1413.6956   3.8450E-46
1414.2098   3.9114E-46
1414.7241   4.0043E-46
1415.2384   4.0540E-46
1415.7526   4.1313E-46
1416.2669   4.1476E-46
1416.7811   4.2281E-46
1417.2954   4.2294E-46
1417.8097   4.3482E-46
1418.3239   4.5394E-46
1418.8382   4.4631E-46
1419.3524   4.5258E-46
1419.8667   4.7267E-46
1420.3809   4.8689E-46
1420.8952   4.9356E-46
1421.4095   4.9658E-46
1421.9237   5.0829E-46
1422.4380   5.1459E-46
1422.9522   5.2404E-46
1423.4665   5.2375E-46
1423.9807   5.2408E-46
1424.4950   5.4596E-46
1425.0093   5.5651E-46
1425.5235   5.6826E-46
1426.0378   5.7655E-46
1426.5520   5.8633E-46
1427.0663   6.0101E-46
1427.5806   6.0810E-46
1428.0948   6.1948E-46
1428.6091   6.2635E-46
1429.1233   6.3876E-46
1429.6376   6.4332E-46
1430.1518   6.5093E-46
1430.6661   6.7060E-46
1431.1804   6.7978E-46
1431.6946   6.9069E-46
1432.2089   7.0087E-46
1432.7231   7.0996E-46
1433.2374   7.1836E-46
1433.7516   7.3054E-46
1434.2659   7.4957E-46
1434.7802   7.6061E-46
1435.2944   7.6971E-46
1435.8087   7.8078E-46
1436.3229   7.7922E-46
1436.8372   7.8517E-46
1437.3515   8.1311E-46
1437.8657   8.3519E-46
1438.3800   8.4562E-46
1438.8942   8.5949E-46
1439.4085   8.7448E-46
1439.9227   8.8670E-46
1440.4370   9.0154E-46
1440.9513   9.1431E-46
1441.4655   9.2946E-46
1441.9798   9.4418E-46
1442.4940   9.5661E-46
1443.0083   9.7163E-46
1443.5225   9.8489E-46
1444.0368   1.0010E-45
1444.5511   1.0139E-45
1445.0653   1.0265E-45
1445.5796   1.0412E-45
1446.0938   1.0535E-45
1446.6081   1.0691E-45
1447.1224   1.0853E-45
1447.6366   1.0962E-45
1448.1509   1.1110E-45
1448.6651   1.1348E-45
1449.1794   1.1515E-45
1449.6936   1.1648E-45
1450.2079   1.1808E-45
1450.7222   1.1958E-45
1451.2364   1.2139E-45
1451.7507   1.2245E-45
1452.2649   1.2416E-45
1452.7792   1.2676E-45
1453.2934   1.2861E-45
1453.8077   1.3048E-45
1454.3220   1.3177E-45
1454.8362   1.3319E-45
1455.3505   1.3502E-45
1455.8647   1.3741E-45
1456.3790   1.3843E-45
1456.8933   1.3894E-45
1457.4075   1.4227E-45
1457.9218   1.4403E-45
1458.4360   1.4541E-45
1458.9503   1.4719E-45
1459.4645   1.4873E-45
1459.9788   1.5153E-45
1460.4931   1.5344E-45
1461.0073   1.5548E-45
1461.5216   1.5724E-45
1462.0358   1.5893E-45
1462.5501   1.6099E-45
1463.0643   1.6270E-45
1463.5786   1.6495E-45
1464.0929   1.6674E-45
1464.6071   1.6825E-45
1465.1214   1.7031E-45
1465.6356   1.7290E-45
1466.1499   1.7510E-45
1466.6642   1.7660E-45
1467.1784   1.7872E-45
1467.6927   1.8064E-45
1468.2069   1.8256E-45
1468.7212   1.8468E-45
1469.2354   1.8630E-45
1469.7497   1.8851E-45
1470.2640   1.9026E-45
1470.7782   1.9220E-45
1471.2925   1.9370E-45
1471.8067   1.9510E-45
1472.3210   1.9827E-45
1472.8352   2.0066E-45
1473.3495   2.0238E-45
1473.8638   2.0433E-45
1474.3780   2.0665E-45
1474.8923   2.0888E-45
1475.4065   2.1051E-45
1475.9208   2.1166E-45
1476.4351   2.1321E-45
1476.9493   2.1679E-45
1477.4636   2.1949E-45
1477.9778   2.2125E-45
1478.4921   2.2355E-45
1479.0063   2.2508E-45
1479.5206   2.2723E-45
1480.0349   2.2917E-45
1480.5491   2.3079E-45
1481.0634   2.3231E-45
1481.5776   2.3409E-45
1482.0919   2.3710E-45
1482.6061   2.3889E-45
1483.1204   2.4093E-45
1483.6347   2.4304E-45
1484.1489   2.4493E-45
1484.6632   2.4746E-45
1485.1774   2.4927E-45
1485.6917   2.5136E-45
1486.2060   2.5314E-45
1486.7202   2.5510E-45
1487.2345   2.5682E-45
1487.7487   2.5882E-45
1488.2630   2.6172E-45
1488.7772   2.6289E-45
1489.2915   2.6441E-45
1489.8058   2.6708E-45
1490.3200   2.6926E-45
1490.8343   2.7141E-45
1491.3485   2.7340E-45
1491.8628   2.7578E-45
1492.3770   2.7750E-45
1492.8913   2.7910E-45
1493.4056   2.8127E-45
1493.9198   2.8290E-45
1494.4341   2.8517E-45
1494.9483   2.8687E-45
1495.4626   2.8891E-45
1495.9769   2.9072E-45
1496.4911   2.9267E-45
1497.0054   2.9565E-45
1497.5196   2.9732E-45
1498.0339   2.9932E-45
1498.5481   2.9977E-45
1499.0624   3.0123E-45
1499.5767   3.0453E-45
1500.0909   3.0587E-45
1500.6052   3.0793E-45
1501.1194   3.0968E-45
1501.6337   3.1113E-45
1502.1479   3.1341E-45
1502.6622   3.1540E-45
1503.1765   3.1748E-45
1503.6907   3.1893E-45
1504.2050   3.2085E-45
1504.7192   3.2279E-45
1505.2335   3.2383E-45
1505.7478   3.2560E-45
1506.2620   3.2735E-45
1506.7763   3.2842E-45
1507.2905   3.2953E-45
1507.8048   3.3152E-45
1508.3190   3.3378E-45
1508.8333   3.3621E-45
1509.3476   3.3759E-45
1509.8618   3.3866E-45
1510.3761   3.4214E-45
1510.8903   3.4475E-45
1511.4046   3.4670E-45
1511.9188   3.4755E-45
1512.4331   3.4874E-45
1512.9474   3.5219E-45
1513.4616   3.5419E-45
1513.9759   3.5597E-45
1514.4901   3.5726E-45
1515.0044   3.5822E-45
1515.5187   3.6055E-45
1516.0329   3.6172E-45
1516.5472   3.6317E-45
1517.0614   3.6559E-45
1517.5757   3.6766E-45
1518.0899   3.7119E-45
1518.6042   3.7422E-45
1519.1185   3.7684E-45
1519.6327   3.7826E-45
1520.1470   3.7985E-45
1520.6612   3.8361E-45
1521.1755   3.8604E-45
1521.6897   3.8993E-45
1522.2040   3.9344E-45
1522.7183   3.9570E-45
1523.2325   3.9871E-45
1523.7468   4.0147E-45
1524.2610   4.0440E-45
1524.7753   4.0669E-45
1525.2895   4.0964E-45
1525.8038   4.1299E-45
1526.3181   4.1666E-45
1526.8323   4.1910E-45
1527.3466   4.2153E-45
1527.8608   4.2519E-45
1528.3751   4.2785E-45
1528.8894   4.3171E-45
1529.4036   4.3636E-45
1529.9179   4.4070E-45
1530.4321   4.4509E-45
1530.9464   4.4939E-45
1531.4606   4.5349E-45
1531.9749   4.5855E-45
1532.4892   4.6416E-45
1533.0034   4.6862E-45
1533.5177   4.7394E-45
1534.0319   4.8014E-45
1534.5462   4.8653E-45
1535.0604   4.9229E-45
1535.5747   4.9771E-45
1536.0890   5.0435E-45
1536.6032   5.1069E-45
1537.1175   5.1760E-45
1537.6317   5.2460E-45
1538.1460   5.3105E-45
1538.6603   5.3846E-45
1539.1745   5.4619E-45
1539.6888   5.5390E-45
1540.2030   5.6027E-45
1540.7173   5.6696E-45
1541.2315   5.7369E-45
1541.7458   5.7802E-45
1542.2601   5.8414E-45
1542.7743   5.9105E-45
1543.2886   5.9633E-45
1543.8028   6.0227E-45
1544.3171   6.0838E-45
1544.8313   6.1413E-45
1545.3456   6.2005E-45
1545.8599   6.2693E-45
1546.3741   6.3355E-45
1546.8884   6.3931E-45
1547.4026   6.4516E-45
1547.9169   6.5052E-45
1548.4312   6.5605E-45
1548.9454   6.6085E-45
1549.4597   6.6474E-45
1549.9739   6.6890E-45
1550.4882   6.7352E-45
1551.0024   6.7808E-45
1551.5167   6.8101E-45
1552.0310   6.8361E-45
1552.5452   6.8564E-45
1553.0595   6.8703E-45
1553.5737   6.8790E-45
1554.0880   6.8755E-45
1554.6022   6.8782E-45
1555.1165   6.8824E-45
1555.6308   6.8852E-45
1556.1450   6.8935E-45
1556.6593   6.9029E-45
1557.1735   6.8999E-45
1557.6878   6.8911E-45
1558.2021   6.8874E-45
1558.7163   6.8792E-45
1559.2306   6.8616E-45
1559.7448   6.8240E-45
1560.2591   6.7862E-45
1560.7733   6.7481E-45
1561.2876   6.6953E-45
1561.8019   6.6449E-45
1562.3161   6.5962E-45
1562.8304   6.5501E-45
1563.3446   6.5036E-45
1563.8589   6.4567E-45
1564.3731   6.4126E-45
1564.8874   6.3670E-45
1565.4017   6.3343E-45
1565.9159   6.2978E-45
1566.4302   6.2548E-45
1566.9444   6.2147E-45
1567.4587   6.1637E-45
1567.9730   6.1146E-45
1568.4872   6.0557E-45
1569.0015   5.9929E-45
1569.5157   5.9349E-45
1570.0300   5.8758E-45
1570.5442   5.8271E-45
1571.0585   5.7700E-45
1571.5728   5.7171E-45
1572.0870   5.6701E-45
1572.6013   5.6222E-45
1573.1155   5.5827E-45
1573.6298   5.5435E-45
1574.1440   5.5121E-45
1574.6583   5.4780E-45
1575.1726   5.4470E-45
1575.6868   5.4109E-45
1576.2011   5.3706E-45
1576.7153   5.3475E-45
1577.2296   5.3115E-45
1577.7439   5.2779E-45
1578.2581   5.2523E-45
1578.7724   5.2228E-45
1579.2866   5.1987E-45
1579.8009   5.1711E-45
1580.3151   5.1510E-45
1580.8294   5.1289E-45
1581.3437   5.1094E-45
1581.8579   5.0930E-45
1582.3722   5.0741E-45
1582.8864   5.0629E-45
1583.4007   5.0478E-45
1583.9149   5.0389E-45
1584.4292   5.0288E-45
1584.9435   5.0183E-45
1585.4577   5.0129E-45
1585.9720   5.0026E-45
1586.4862   4.9988E-45
1587.0005   4.9911E-45
1587.5148   4.9856E-45
1588.0290   4.9782E-45
1588.5433   4.9656E-45
1589.0575   4.9562E-45
1589.5718   4.9353E-45
1590.0860   4.9232E-45
1590.6003   4.9126E-45
1591.1146   4.8990E-45
1591.6288   4.8889E-45
1592.1431   4.8789E-45
1592.6573   4.8796E-45
1593.1716   4.8735E-45
1593.6858   4.8725E-45
1594.2001   4.8678E-45
1594.7144   4.8665E-45
1595.2286   4.8822E-45
1595.7429   4.8812E-45
1596.2571   4.8850E-45
1596.7714   4.8909E-45
1597.2857   4.8915E-45
1597.7999   4.8921E-45
1598.3142   4.8838E-45
1598.8284   4.8806E-45
1599.3427   4.8701E-45
1599.8569   4.8638E-45
1600.3712   4.8579E-45
1600.8855   4.8417E-45
1601.3997   4.8353E-45
1601.9140   4.8254E-45
1602.4282   4.8178E-45
1602.9425   4.8022E-45
1603.4567   4.7954E-45
1603.9710   4.8016E-45
1604.4853   4.7934E-45
1604.9995   4.7959E-45
1605.5138   4.7902E-45
1606.0280   4.7889E-45
1606.5423   4.7839E-45
1607.0566   4.7706E-45
1607.5708   4.7822E-45
1608.0851   4.7845E-45
1608.5993   4.7854E-45
1609.1136   4.7714E-45
1609.6278   4.7564E-45
1610.1421   4.7553E-45
1610.6564   4.7368E-45
1611.1706   4.7246E-45
1611.6849   4.7029E-45
1612.1991   4.6858E-45
1612.7134   4.6718E-45
1613.2276   4.6499E-45
1613.7419   4.6389E-45
1614.2562   4.6200E-45
1614.7704   4.6146E-45
1615.2847   4.6071E-45
1615.7989   4.6017E-45
1616.3132   4.5952E-45
1616.8275   4.5798E-45
1617.3417   4.5866E-45
1617.8560   4.5733E-45
1618.3702   4.5561E-45
1618.8845   4.5400E-45
1619.3987   4.5167E-45
1619.9130   4.5035E-45
1620.4273   4.4762E-45
1620.9415   4.4555E-45
1621.4558   4.4333E-45
1621.9700   4.4034E-45
1622.4843   4.3772E-45
1622.9985   4.3459E-45
1623.5128   4.3263E-45
1624.0271   4.3058E-45
1624.5413   4.2894E-45
1625.0556   4.2715E-45
1625.5698   4.2468E-45
1626.0841   4.2329E-45
1626.5984   4.2107E-45
1627.1126   4.1926E-45
1627.6269   4.1669E-45
1628.1411   4.1496E-45
1628.6554   4.1444E-45
1629.1696   4.1202E-45
1629.6839   4.1050E-45
1630.1982   4.0762E-45
1630.7124   4.0461E-45
1631.2267   4.0191E-45
1631.7409   3.9837E-45
1632.2552   3.9599E-45
1632.7694   3.9245E-45
1633.2837   3.8942E-45
1633.7980   3.8632E-45
1634.3122   3.8270E-45
1634.8265   3.7931E-45
1635.3407   3.7573E-45
1635.8550   3.7428E-45
1636.3693   3.7258E-45
1636.8835   3.7000E-45
1637.3978   3.6673E-45
1637.9120   3.6411E-45
1638.4263   3.6319E-45
1638.9405   3.6050E-45
1639.4548   3.5808E-45
1639.9691   3.5473E-45
1640.4833   3.5130E-45
1640.9976   3.4931E-45
1641.5118   3.4580E-45
1642.0261   3.4233E-45
1642.5403   3.3850E-45
1643.0546   3.3543E-45
1643.5689   3.3250E-45
1644.0831   3.2886E-45
1644.5974   3.2621E-45
1645.1116   3.2302E-45
1645.6259   3.1937E-45
1646.1402   3.1620E-45
1646.6544   3.1384E-45
1647.1687   3.1077E-45
1647.6829   3.0735E-45
1648.1972   3.0521E-45
1648.7114   3.0314E-45
1649.2257   3.0128E-45
1649.7400   2.9883E-45
1650.2542   2.9589E-45
1650.7685   2.9333E-45
1651.2827   2.9026E-45
1651.7970   2.8670E-45
1652.3112   2.8221E-45
1652.8255   2.7826E-45
1653.3398   2.7531E-45
1653.8540   2.7260E-45
1654.3683   2.6956E-45
1654.8825   2.6602E-45
1655.3968   2.6314E-45
1655.9111   2.6006E-45
1656.4253   2.5671E-45
1656.9396   2.5419E-45
1657.4538   2.5175E-45
1657.9681   2.4959E-45
1658.4823   2.4719E-45
1658.9966   2.4432E-45
1659.5109   2.4181E-45
1660.0251   2.3878E-45
1660.5394   2.3623E-45
1661.0536   2.3280E-45
1661.5679   2.2963E-45
1662.0821   2.2713E-45
1662.5964   2.2315E-45
1663.1107   2.2052E-45
1663.6249   2.1790E-45
1664.1392   2.1490E-45
1664.6534   2.1219E-45
1665.1677   2.0948E-45
1665.6819   2.0714E-45
1666.1962   2.0442E-45
1666.7105   2.0194E-45
1667.2247   1.9951E-45
1667.7390   1.9659E-45
1668.2532   1.9383E-45
1668.7675   1.9098E-45
1669.2818   1.8839E-45
1669.7960   1.8724E-45
1670.3103   1.8590E-45
1670.8245   1.8262E-45
1671.3388   1.7836E-45
1671.8530   1.7655E-45
1672.3673   1.7526E-45
1672.8816   1.7300E-45
1673.3958   1.7085E-45
1673.9101   1.6835E-45
1674.4243   1.6616E-45
1674.9386   1.6251E-45
1675.4528   1.5948E-45
1675.9671   1.5823E-45
1676.4814   1.5657E-45
1676.9956   1.5438E-45
1677.5099   1.5226E-45
1678.0241   1.5033E-45
1678.5384   1.4849E-45
1679.0527   1.4649E-45
1679.5669   1.4381E-45
1680.0812   1.4146E-45
1680.5954   1.3988E-45
1681.1097   1.3875E-45
1681.6239   1.3715E-45
1682.1382   1.3520E-45
1682.6525   1.3306E-45
1683.1667   1.3037E-45
1683.6810   1.2832E-45
1684.1952   1.2669E-45
1684.7095   1.2484E-45
1685.2237   1.2361E-45
1685.7380   1.2240E-45
1686.2523   1.2063E-45
1686.7665   1.1885E-45
1687.2808   1.1701E-45
1687.7950   1.1471E-45
1688.3093   1.1248E-45
1688.8236   1.1155E-45
1689.3378   1.1041E-45
1689.8521   1.0815E-45
1690.3663   1.0658E-45
1690.8806   1.0587E-45
1691.3948   1.0448E-45
1691.9091   1.0273E-45
1692.4234   1.0124E-45
1692.9376   9.9874E-46
1693.4519   9.8599E-46
1693.9661   9.7295E-46
1694.4804   9.6235E-46
1694.9946   9.4399E-46
1695.5089   9.2078E-46
1696.0232   9.1187E-46
1696.5374   9.1110E-46
1697.0517   8.9332E-46
1697.5659   8.7428E-46
1698.0802   8.6911E-46
1698.5945   8.5990E-46
1699.1087   8.4235E-46
1699.6230   8.2243E-46
1700.1372   8.0626E-46
1700.6515   7.9039E-46
1701.1657   7.8588E-46
1701.6800   7.8864E-46
1702.1943   7.7731E-46
1702.7085   7.6208E-46
1703.2228   7.5327E-46
1703.7370   7.4090E-46
1704.2513   7.2155E-46
1704.7655   7.1018E-46
1705.2798   7.0859E-46
1705.7941   6.9096E-46
1706.3083   6.7209E-46
1706.8226   6.6935E-46
1707.3368   6.6360E-46
1707.8511   6.6048E-46
1708.3654   6.5383E-46
1708.8796   6.4362E-46
1709.3939   6.3365E-46
1709.9081   6.1429E-46
1710.4224   6.0552E-46
1710.9366   6.0537E-46
1711.4509   5.9879E-46
1711.9652   5.9125E-46
1712.4794   5.8018E-46
1712.9937   5.7317E-46
1713.5079   5.6120E-46
1714.0222   5.4954E-46
1714.5364   5.4642E-46
1715.0507   5.3733E-46
1715.5650   5.3579E-46
1716.0792   5.3488E-46
1716.5935   5.3014E-46
1717.1077   5.1479E-46
1717.6220   5.0808E-46
1718.1363   5.0021E-46
1718.6505   4.7800E-46
1719.1648   4.8389E-46
1719.6790   4.8594E-46
1720.1933   4.8021E-46
1720.7075   4.7292E-46
1721.2218   4.6324E-46
1721.7361   4.5727E-46
1722.2503   4.5021E-46
1722.7646   4.4561E-46
1723.2788   4.3052E-46
1723.7931   4.2779E-46
1724.3073   4.2915E-46
1724.8216   4.2262E-46
1725.3359   4.1829E-46
1725.8501   4.0882E-46
1726.3644   4.0320E-46
1726.8786   3.9770E-46
1727.3929   3.9444E-46
1727.9072   3.9302E-46
1728.4214   3.8560E-46
1728.9357   3.8401E-46
1729.4499   3.6674E-46
1729.9642   3.4952E-46
1730.4784   3.5404E-46
1730.9927   3.6081E-46
1731.5070   3.5847E-46
1732.0212   3.4785E-46
1732.5355   3.5046E-46
1733.0497   3.4169E-46
1733.5640   3.3520E-46
1734.0782   3.2793E-46
1734.5925   3.1336E-46
1735.1068   3.2612E-46
1735.6210   3.2650E-46
1736.1353   3.2345E-46
1736.6495   3.2116E-46
1737.1638   3.1002E-46
1737.6781   3.0541E-46
1738.1923   3.0065E-46
1738.7066   3.0126E-46
1739.2208   2.9023E-46
1739.7351   2.8026E-46
1740.2493   2.8499E-46
1740.7636   2.8532E-46
1741.2779   2.8478E-46
1741.7921   2.7770E-46
1742.3064   2.7203E-46
1742.8206   2.5866E-46
1743.3349   2.4725E-46
1743.8491   2.5531E-46
1744.3634   2.5153E-46
1744.8777   2.5304E-46
1745.3919   2.4627E-46
1745.9062   2.3708E-46
1746.4204   2.3835E-46
1746.9347   2.2601E-46
1747.4490   2.2548E-46
1747.9632   2.2423E-46
1748.4775   2.2180E-46
1748.9917   2.1880E-46
1749.5060   2.1686E-46
1750.0202   2.2455E-46
1750.5345   2.1128E-46
1751.0488   1.9783E-46
1751.5630   2.0374E-46
1752.0773   2.1235E-46
1752.5915   2.0911E-46
1753.1058   2.0267E-46
1753.6200   2.0464E-46
1754.1343   1.9722E-46
1754.6486   1.9553E-46
1755.1628   1.9375E-46
1755.6771   1.8996E-46
1756.1913   1.8911E-46
1756.7056   1.7547E-46
1757.2199   1.8074E-46
1757.7341   1.8260E-46
1758.2484   1.7490E-46
1758.7626   1.7408E-46
1759.2769   1.7053E-46
1759.7911   1.7346E-46
1760.3054   1.6779E-46
1760.8197   1.6708E-46
1761.3339   1.5979E-46
1761.8482   1.4988E-46
1762.3624   1.5705E-46
1762.8767   1.5551E-46
1763.3909   1.5584E-46
1763.9052   1.5275E-46
1764.4195   1.5046E-46
1764.9337   1.5328E-46
1765.4480   1.4715E-46
1765.9622   1.4828E-46
1766.4765   1.4104E-46
1766.9908   1.3932E-46
1767.5050   1.3349E-46
1768.0193   1.1508E-46
1768.5335   1.2403E-46
1769.0478   1.3361E-46
1769.5620   1.3457E-46
1770.0763   1.3121E-46
1770.5906   1.2442E-46
1771.1048   1.1600E-46
1771.6191   1.1814E-46
1772.1333   1.2516E-46
1772.6476   1.1427E-46
1773.1618   1.1902E-46
1773.6761   1.2192E-46
1774.1904   1.1602E-46
1774.7046   1.1627E-46
1775.2189   1.0396E-46
1775.7331   1.0038E-46
1776.2474   1.0645E-46
1776.7617   1.0845E-46
1777.2759   1.0935E-46
1777.7902   1.0533E-46
1778.3044   1.0459E-46
1778.8187   9.6943E-47
1779.3329   9.5621E-47
1779.8472   9.8199E-47
1780.3615   8.0751E-47
1780.8757   7.9454E-47
1781.3900   9.1137E-47
1781.9042   9.3414E-47
1782.4185   9.0261E-47
1782.9327   8.9238E-47
1783.4470   8.6649E-47
1783.9613   8.4269E-47
1784.4755   7.8759E-47
1784.9898   6.9733E-47
1785.5040   8.1820E-47
1786.0183   8.7028E-47
1786.5326   8.3504E-47
1787.0468   8.4028E-47
1787.5611   8.0170E-47
1788.0753   8.0048E-47
1788.5896   7.8540E-47
1789.1038   7.9068E-47
1789.6181   7.8545E-47
1790.1324   7.5493E-47
1790.6466   6.9291E-47
1791.1609   6.5737E-47
1791.6751   7.4978E-47
1792.1894   6.9626E-47
1792.7036   6.0552E-47
1793.2179   6.9638E-47
1793.7322   7.4255E-47
1794.2464   7.2374E-47
1794.7607   6.7691E-47
1795.2749   6.1331E-47
1795.7892   5.1910E-47
1796.3035   5.2867E-47
1796.8177   6.2987E-47
1797.3320   6.4168E-47
1797.8462   6.5862E-47
1798.3605   6.5598E-47
1798.8747   6.3100E-47
1799.3890   5.3886E-47
1799.9033   5.3156E-47
1800.4175   6.3330E-47
1800.9318   5.5120E-47
1801.4460   5.1019E-47
1801.9603   5.4076E-47
1802.4745   5.0119E-47
1802.9888   5.5352E-47
1803.5031   5.8714E-47
1804.0173   5.7434E-47
1804.5316   5.6406E-47
1805.0458   5.3506E-47
1805.5601   5.6509E-47
1806.0743   5.7768E-47
1806.5886   5.7956E-47
1807.1029   5.4921E-47
1807.6171   5.0232E-47
1808.1314   5.2696E-47
1808.6456   5.5253E-47
1809.1599   5.4216E-47
1809.6742   5.4229E-47
1810.1884   4.7696E-47
1810.7027   4.1837E-47
1811.2169   4.9997E-47
1811.7312   5.0698E-47
1812.2454   4.7122E-47
1812.7597   5.1288E-47
1813.2740   5.3644E-47
1813.7882   5.3305E-47
1814.3025   5.3299E-47
1814.8167   5.3247E-47
1815.3310   5.2584E-47
1815.8452   5.0944E-47
1816.3595   5.0253E-47
1816.8738   4.8106E-47
1817.3880   4.4212E-47
1817.9023   4.7139E-47
1818.4165   4.9921E-47
1818.9308   4.9597E-47
1819.4451   5.0400E-47
1819.9593   5.0552E-47
1820.4736   5.0139E-47
1820.9878   4.9584E-47
1821.5021   4.9061E-47
1822.0163   4.9146E-47
1822.5306   4.6565E-47
1823.0449   4.6135E-47
1823.5591   4.7285E-47
1824.0734   4.7561E-47
1824.5876   4.3439E-47
1825.1019   2.9424E-47
1825.6161   3.5191E-47
1826.1304   4.7641E-47
1826.6447   4.8376E-47
1827.1589   4.9523E-47
1827.6732   4.8423E-47
1828.1874   4.8802E-47
1828.7017   4.0440E-47
1829.2160   3.6327E-47
1829.7302   3.7068E-47
1830.2445   3.6132E-47
1830.7587   4.3899E-47
1831.2730   4.6745E-47
1831.7872   4.5977E-47
1832.3015   4.5323E-47
1832.8158   4.3115E-47
1833.3300   4.2275E-47
1833.8443   4.4065E-47
1834.3585   4.4907E-47
1834.8728   4.4083E-47
1835.3870   4.4445E-47
1835.9013   4.3351E-47
1836.4156   4.2776E-47
1836.9298   3.4978E-47
1837.4441   3.3568E-47
1837.9583   4.0584E-47
1838.4726   4.0519E-47
1838.9869   4.1901E-47
1839.5011   4.1201E-47
1840.0154   4.1534E-47
1840.5296   4.1075E-47
1841.0439   4.1464E-47
1841.5581   4.0359E-47
1842.0724   3.7041E-47
1842.5867   3.9093E-47
1843.1009   4.0641E-47
1843.6152   3.4946E-47
1844.1294   1.8823E-47
1844.6437   2.3366E-47
1845.1579   3.4288E-47
1845.6722   3.2130E-47
1846.1865   3.4883E-47
1846.7007   3.5942E-47
1847.2150   3.1739E-47
1847.7292   2.6074E-47
1848.2435   3.0495E-47
1848.7578   3.5242E-47
1849.2720   3.2667E-47
1849.7863   2.9092E-47
              O2-Air  1300.045  1849.786   1070  273.0 6.476E-45 0.500                            42
1300.0446   1.7388E-47
1300.5589   2.5343E-47
1301.0731   2.5557E-47
1301.5874   2.1369E-47
1302.1016   2.8898E-47
1302.6159   2.2509E-47
1303.1301   2.9804E-47
1303.6444   2.9419E-47
1304.1587   2.8327E-47
1304.6729   3.1149E-47
1305.1872   2.4369E-47
1305.7014   3.0354E-47
1306.2157   2.5515E-47
1306.7300   2.7616E-47
1307.2442   2.7394E-47
1307.7585   2.1753E-47
1308.2727   2.4712E-47
1308.7870   1.8749E-47
1309.3012   2.2337E-47
1309.8155   1.8638E-47
1310.3298   2.0336E-47
1310.8440   2.4647E-47
1311.3583   2.1941E-47
1311.8725   2.5389E-47
1312.3868   1.7695E-47
1312.9010   2.0427E-47
1313.4153   1.8754E-47
1313.9296   1.6896E-47
1314.4438   2.0448E-47
1314.9581   1.7418E-47
1315.4723   2.5167E-47
1315.9866   2.3811E-47
1316.5009   2.1820E-47
1317.0151   1.9912E-47
1317.5294   2.1125E-47
1318.0436   2.6758E-47
1318.5579   1.7788E-47
1319.0721   1.9403E-47
1319.5864   2.3253E-47
1320.1007   2.3217E-47
1320.6149   2.5760E-47
1321.1292   2.4463E-47
1321.6434   2.6859E-47
1322.1577   2.4909E-47
1322.6719   2.5493E-47
1323.1862   2.5235E-47
1323.7005   2.4628E-47
1324.2147   2.7861E-47
1324.7290   2.7572E-47
1325.2432   3.0974E-47
1325.7575   2.8594E-47
1326.2718   2.9386E-47
1326.7860   2.9631E-47
1327.3003   2.8777E-47
1327.8145   3.2778E-47
1328.3288   2.9349E-47
1328.8430   3.1705E-47
1329.3573   2.9930E-47
1329.8716   2.9772E-47
1330.3858   3.1052E-47
1330.9001   2.8115E-47
1331.4143   3.3735E-47
1331.9286   3.3370E-47
1332.4428   3.5921E-47
1332.9571   3.6074E-47
1333.4714   3.5022E-47
1333.9856   3.7670E-47
1334.4999   3.4168E-47
1335.0141   3.7118E-47
1335.5284   3.6293E-47
1336.0427   3.6582E-47
1336.5569   3.4100E-47
1337.0712   3.6279E-47
1337.5854   4.4240E-47
1338.0997   3.6011E-47
1338.6139   3.3996E-47
1339.1282   3.4274E-47
1339.6425   3.6011E-47
1340.1567   3.3956E-47
1340.6710   3.6194E-47
1341.1852   5.0632E-47
1341.6995   4.8674E-47
1342.2137   4.8991E-47
1342.7280   4.7983E-47
1343.2423   4.4658E-47
1343.7565   4.9412E-47
1344.2708   4.6849E-47
1344.7850   5.0476E-47
1345.2993   5.1317E-47
1345.8136   5.0597E-47
1346.3278   5.4273E-47
1346.8421   5.0674E-47
1347.3563   5.3444E-47
1347.8706   5.2808E-47
1348.3848   5.5131E-47
1348.8991   5.6749E-47
1349.4134   5.3461E-47
1349.9276   6.0321E-47
1350.4419   5.7913E-47
1350.9561   5.9542E-47
1351.4704   5.9172E-47
1351.9846   5.8580E-47
1352.4989   6.3863E-47
1353.0132   6.3174E-47
1353.5274   6.9657E-47
1354.0417   6.8232E-47
1354.5559   6.4009E-47
1355.0702   6.3764E-47
1355.5845   6.6927E-47
1356.0987   7.2363E-47
1356.6130   7.1519E-47
1357.1272   7.5561E-47
1357.6415   7.5800E-47
1358.1557   7.5461E-47
1358.6700   7.7569E-47
1359.1843   7.3950E-47
1359.6985   7.7504E-47
1360.2128   8.0255E-47
1360.7270   7.7727E-47
1361.2413   8.0316E-47
1361.7555   8.9782E-47
1362.2698   9.0786E-47
1362.7841   7.4635E-47
1363.2983   7.6124E-47
1363.8126   8.9552E-47
1364.3268   9.3145E-47
1364.8411   9.6241E-47
1365.3554   9.8340E-47
1365.8696   1.0222E-46
1366.3839   1.0052E-46
1366.8981   9.9466E-47
1367.4124   1.0001E-46
1367.9266   9.9631E-47
1368.4409   9.8760E-47
1368.9552   1.0190E-46
1369.4694   1.1368E-46
1369.9837   1.1473E-46
1370.4979   1.1633E-46
1371.0122   1.1544E-46
1371.5264   1.1297E-46
1372.0407   1.1476E-46
1372.5550   1.1827E-46
1373.0692   1.2613E-46
1373.5835   1.1894E-46
1374.0977   1.2672E-46
1374.6120   1.3076E-46
1375.1263   1.2232E-46
1375.6405   1.3097E-46
1376.1548   1.3247E-46
1376.6690   1.3662E-46
1377.1833   1.4133E-46
1377.6975   1.4262E-46
1378.2118   1.4434E-46
1378.7261   1.4736E-46
1379.2403   1.4722E-46
1379.7546   1.4421E-46
1380.2688   1.5076E-46
1380.7831   1.5499E-46
1381.2973   1.6065E-46
1381.8116   1.6723E-46
1382.3259   1.6902E-46
1382.8401   1.7230E-46
1383.3544   1.6900E-46
1383.8686   1.6884E-46
1384.3829   1.7477E-46
1384.8972   1.7562E-46
1385.4114   1.8881E-46
1385.9257   1.8822E-46
1386.4399   1.9394E-46
1386.9542   1.9725E-46
1387.4684   1.8065E-46
1387.9827   1.9988E-46
1388.4970   2.0627E-46
1389.0112   2.1019E-46
1389.5255   2.1519E-46
1390.0397   2.1705E-46
1390.5540   2.2187E-46
1391.0682   2.1759E-46
1391.5825   2.2674E-46
1392.0968   2.2351E-46
1392.6110   2.3225E-46
1393.1253   2.3995E-46
1393.6395   2.4807E-46
1394.1538   2.4381E-46
1394.6680   2.3953E-46
1395.1823   2.6351E-46
1395.6966   2.5277E-46
1396.2108   2.5817E-46
1396.7251   2.7380E-46
1397.2393   2.6818E-46
1397.7536   2.7492E-46
1398.2679   2.8408E-46
1398.7821   2.8545E-46
1399.2964   2.8032E-46
1399.8106   2.8986E-46
1400.3249   2.9874E-46
1400.8391   2.9552E-46
1401.3534   3.0726E-46
1401.8677   3.1297E-46
1402.3819   3.1717E-46
1402.8962   3.2684E-46
1403.4104   3.2259E-46
1403.9247   3.3452E-46
1404.4389   3.3047E-46
1404.9532   3.2720E-46
1405.4675   3.4540E-46
1405.9817   3.5341E-46
1406.4960   3.6533E-46
1407.0102   3.6268E-46
1407.5245   3.7028E-46
1408.0388   3.7034E-46
1408.5530   3.7218E-46
1409.0673   3.8610E-46
1409.5815   3.8400E-46
1410.0958   4.0027E-46
1410.6100   4.0550E-46
1411.1243   4.1259E-46
1411.6386   4.1538E-46
1412.1528   4.1321E-46
1412.6671   4.3224E-46
1413.1813   4.3266E-46
1413.6956   4.4701E-46
1414.2098   4.5731E-46
1414.7241   4.6154E-46
1415.2384   4.7765E-46
1415.7526   4.7210E-46
1416.2669   4.8836E-46
1416.7811   4.9704E-46
1417.2954   4.9768E-46
1417.8097   5.2171E-46
1418.3239   5.4031E-46
1418.8382   5.3961E-46
1419.3524   5.2676E-46
1419.8667   5.5765E-46
1420.3809   5.7376E-46
1420.8952   5.6990E-46
1421.4095   5.8083E-46
1421.9237   5.8098E-46
1422.4380   5.9598E-46
1422.9522   6.0199E-46
1423.4665   6.0029E-46
1423.9807   6.0191E-46
1424.4950   6.1552E-46
1425.0093   6.3401E-46
1425.5235   6.3671E-46
1426.0378   6.5076E-46
1426.5520   6.6223E-46
1427.0663   6.6990E-46
1427.5806   6.8463E-46
1428.0948   6.8659E-46
1428.6091   7.0159E-46
1429.1233   7.1465E-46
1429.6376   7.1208E-46
1430.1518   7.2782E-46
1430.6661   7.4528E-46
1431.1804   7.6184E-46
1431.6946   7.6520E-46
1432.2089   7.7615E-46
1432.7231   7.8798E-46
1433.2374   7.9100E-46
1433.7516   8.1282E-46
1434.2659   8.2697E-46
1434.7802   8.4778E-46
1435.2944   8.6037E-46
1435.8087   8.7490E-46
1436.3229   8.7094E-46
1436.8372   8.6505E-46
1437.3515   9.0861E-46
1437.8657   9.2494E-46
1438.3800   9.3334E-46
1438.8942   9.4494E-46
1439.4085   9.5271E-46
1439.9227   9.6617E-46
1440.4370   9.7301E-46
1440.9513   9.8844E-46
1441.4655   1.0000E-45
1441.9798   1.0152E-45
1442.4940   1.0293E-45
1443.0083   1.0439E-45
1443.5225   1.0615E-45
1444.0368   1.0720E-45
1444.5511   1.0875E-45
1445.0653   1.0981E-45
1445.5796   1.1136E-45
1446.0938   1.1273E-45
1446.6081   1.1409E-45
1447.1224   1.1628E-45
1447.6366   1.1675E-45
1448.1509   1.1828E-45
1448.6651   1.2083E-45
1449.1794   1.2235E-45
1449.6936   1.2383E-45
1450.2079   1.2521E-45
1450.7222   1.2714E-45
1451.2364   1.2887E-45
1451.7507   1.3018E-45
1452.2649   1.3171E-45
1452.7792   1.3421E-45
1453.2934   1.3637E-45
1453.8077   1.3787E-45
1454.3220   1.4019E-45
1454.8362   1.4186E-45
1455.3505   1.4430E-45
1455.8647   1.4807E-45
1456.3790   1.4805E-45
1456.8933   1.4825E-45
1457.4075   1.5243E-45
1457.9218   1.5387E-45
1458.4360   1.5413E-45
1458.9503   1.5561E-45
1459.4645   1.5705E-45
1459.9788   1.5902E-45
1460.4931   1.6090E-45
1461.0073   1.6182E-45
1461.5216   1.6351E-45
1462.0358   1.6515E-45
1462.5501   1.6660E-45
1463.0643   1.6904E-45
1463.5786   1.7055E-45
1464.0929   1.7300E-45
1464.6071   1.7380E-45
1465.1214   1.7515E-45
1465.6356   1.7841E-45
1466.1499   1.7953E-45
1466.6642   1.8175E-45
1467.1784   1.8298E-45
1467.6927   1.8485E-45
1468.2069   1.8707E-45
1468.7212   1.8857E-45
1469.2354   1.9091E-45
1469.7497   1.9230E-45
1470.2640   1.9478E-45
1470.7782   1.9654E-45
1471.2925   1.9803E-45
1471.8067   1.9958E-45
1472.3210   2.0243E-45
1472.8352   2.0603E-45
1473.3495   2.0586E-45
1473.8638   2.0814E-45
1474.3780   2.1056E-45
1474.8923   2.1136E-45
1475.4065   2.1376E-45
1475.9208   2.1323E-45
1476.4351   2.1513E-45
1476.9493   2.1875E-45
1477.4636   2.2047E-45
1477.9778   2.2221E-45
1478.4921   2.2307E-45
1479.0063   2.2521E-45
1479.5206   2.2651E-45
1480.0349   2.2847E-45
1480.5491   2.3063E-45
1481.0634   2.3114E-45
1481.5776   2.3359E-45
1482.0919   2.3525E-45
1482.6061   2.3703E-45
1483.1204   2.3878E-45
1483.6347   2.4036E-45
1484.1489   2.4306E-45
1484.6632   2.4462E-45
1485.1774   2.4754E-45
1485.6917   2.4890E-45
1486.2060   2.5058E-45
1486.7202   2.5282E-45
1487.2345   2.5306E-45
1487.7487   2.5632E-45
1488.2630   2.5858E-45
1488.7772   2.6057E-45
1489.2915   2.6160E-45
1489.8058   2.6337E-45
1490.3200   2.6603E-45
1490.8343   2.6616E-45
1491.3485   2.6917E-45
1491.8628   2.7068E-45
1492.3770   2.7228E-45
1492.8913   2.7440E-45
1493.4056   2.7557E-45
1493.9198   2.7826E-45
1494.4341   2.7923E-45
1494.9483   2.8163E-45
1495.4626   2.8375E-45
1495.9769   2.8403E-45
1496.4911   2.8696E-45
1497.0054   2.8999E-45
1497.5196   2.9218E-45
1498.0339   2.9314E-45
1498.5481   2.9249E-45
1499.0624   2.9385E-45
1499.5767   2.9667E-45
1500.0909   2.9851E-45
1500.6052   2.9957E-45
1501.1194   3.0174E-45
1501.6337   3.0279E-45
1502.1479   3.0447E-45
1502.6622   3.0696E-45
1503.1765   3.0817E-45
1503.6907   3.1080E-45
1504.2050   3.1300E-45
1504.7192   3.1581E-45
1505.2335   3.1732E-45
1505.7478   3.1885E-45
1506.2620   3.2198E-45
1506.7763   3.2098E-45
1507.2905   3.2188E-45
1507.8048   3.2446E-45
1508.3190   3.2542E-45
1508.8333   3.2813E-45
1509.3476   3.2830E-45
1509.8618   3.2912E-45
1510.3761   3.3161E-45
1510.8903   3.3330E-45
1511.4046   3.3556E-45
1511.9188   3.3502E-45
1512.4331   3.3659E-45
1512.9474   3.3993E-45
1513.4616   3.4201E-45
1513.9759   3.4379E-45
1514.4901   3.4472E-45
1515.0044   3.4599E-45
1515.5187   3.4785E-45
1516.0329   3.4975E-45
1516.5472   3.5060E-45
1517.0614   3.5332E-45
1517.5757   3.5568E-45
1518.0899   3.5899E-45
1518.6042   3.6246E-45
1519.1185   3.6455E-45
1519.6327   3.6671E-45
1520.1470   3.6835E-45
1520.6612   3.7218E-45
1521.1755   3.7403E-45
1521.6897   3.7778E-45
1522.2040   3.8184E-45
1522.7183   3.8262E-45
1523.2325   3.8554E-45
1523.7468   3.8788E-45
1524.2610   3.9003E-45
1524.7753   3.9254E-45
1525.2895   3.9458E-45
1525.8038   3.9813E-45
1526.3181   4.0216E-45
1526.8323   4.0380E-45
1527.3466   4.0561E-45
1527.8608   4.0913E-45
1528.3751   4.1173E-45
1528.8894   4.1519E-45
1529.4036   4.1986E-45
1529.9179   4.2372E-45
1530.4321   4.2784E-45
1530.9464   4.3209E-45
1531.4606   4.3531E-45
1531.9749   4.4054E-45
1532.4892   4.4600E-45
1533.0034   4.5017E-45
1533.5177   4.5510E-45
1534.0319   4.6070E-45
1534.5462   4.6748E-45
1535.0604   4.7233E-45
1535.5747   4.7717E-45
1536.0890   4.8330E-45
1536.6032   4.8988E-45
1537.1175   4.9726E-45
1537.6317   5.0378E-45
1538.1460   5.1025E-45
1538.6603   5.1533E-45
1539.1745   5.2176E-45
1539.6888   5.2897E-45
1540.2030   5.3375E-45
1540.7173   5.4046E-45
1541.2315   5.4696E-45
1541.7458   5.5047E-45
1542.2601   5.5530E-45
1542.7743   5.6264E-45
1543.2886   5.6677E-45
1543.8028   5.7133E-45
1544.3171   5.7735E-45
1544.8313   5.8051E-45
1545.3456   5.8525E-45
1545.8599   5.9055E-45
1546.3741   5.9555E-45
1546.8884   6.0019E-45
1547.4026   6.0423E-45
1547.9169   6.0926E-45
1548.4312   6.1339E-45
1548.9454   6.1817E-45
1549.4597   6.2188E-45
1549.9739   6.2500E-45
1550.4882   6.2940E-45
1551.0024   6.3279E-45
1551.5167   6.3560E-45
1552.0310   6.3699E-45
1552.5452   6.3815E-45
1553.0595   6.3972E-45
1553.5737   6.4072E-45
1554.0880   6.4048E-45
1554.6022   6.4054E-45
1555.1165   6.4285E-45
1555.6308   6.4397E-45
1556.1450   6.4550E-45
1556.6593   6.4756E-45
1557.1735   6.4625E-45
1557.6878   6.4600E-45
1558.2021   6.4570E-45
1558.7163   6.4462E-45
1559.2306   6.4348E-45
1559.7448   6.3789E-45
1560.2591   6.3322E-45
1560.7733   6.3014E-45
1561.2876   6.2632E-45
1561.8019   6.2149E-45
1562.3161   6.1718E-45
1562.8304   6.1325E-45
1563.3446   6.0864E-45
1563.8589   6.0565E-45
1564.3731   6.0104E-45
1564.8874   5.9686E-45
1565.4017   5.9411E-45
1565.9159   5.9040E-45
1566.4302   5.8677E-45
1566.9444   5.8244E-45
1567.4587   5.7850E-45
1567.9730   5.7345E-45
1568.4872   5.6799E-45
1569.0015   5.6227E-45
1569.5157   5.5616E-45
1570.0300   5.5212E-45
1570.5442   5.4834E-45
1571.0585   5.4440E-45
1571.5728   5.3945E-45
1572.0870   5.3487E-45
1572.6013   5.3093E-45
1573.1155   5.2643E-45
1573.6298   5.2366E-45
1574.1440   5.2030E-45
1574.6583   5.1757E-45
1575.1726   5.1541E-45
1575.6868   5.1107E-45
1576.2011   5.0722E-45
1576.7153   5.0502E-45
1577.2296   5.0305E-45
1577.7439   4.9939E-45
1578.2581   4.9669E-45
1578.7724   4.9426E-45
1579.2866   4.9081E-45
1579.8009   4.8892E-45
1580.3151   4.8574E-45
1580.8294   4.8342E-45
1581.3437   4.8142E-45
1581.8579   4.7925E-45
1582.3722   4.7845E-45
1582.8864   4.7636E-45
1583.4007   4.7603E-45
1583.9149   4.7484E-45
1584.4292   4.7352E-45
1584.9435   4.7324E-45
1585.4577   4.7154E-45
1585.9720   4.7141E-45
1586.4862   4.7007E-45
1587.0005   4.6957E-45
1587.5148   4.6887E-45
1588.0290   4.6756E-45
1588.5433   4.6722E-45
1589.0575   4.6507E-45
1589.5718   4.6428E-45
1590.0860   4.6278E-45
1590.6003   4.6220E-45
1591.1146   4.6154E-45
1591.6288   4.6002E-45
1592.1431   4.6073E-45
1592.6573   4.5946E-45
1593.1716   4.5954E-45
1593.6858   4.5922E-45
1594.2001   4.5803E-45
1594.7144   4.5911E-45
1595.2286   4.5925E-45
1595.7429   4.6041E-45
1596.2571   4.5985E-45
1596.7714   4.6041E-45
1597.2857   4.6110E-45
1597.7999   4.5957E-45
1598.3142   4.6058E-45
1598.8284   4.5944E-45
1599.3427   4.5964E-45
1599.8569   4.5927E-45
1600.3712   4.5813E-45
1600.8855   4.5810E-45
1601.3997   4.5576E-45
1601.9140   4.5637E-45
1602.4282   4.5513E-45
1602.9425   4.5387E-45
1603.4567   4.5424E-45
1603.9710   4.5397E-45
1604.4853   4.5533E-45
1604.9995   4.5419E-45
1605.5138   4.5472E-45
1606.0280   4.5478E-45
1606.5423   4.5358E-45
1607.0566   4.5428E-45
1607.5708   4.5398E-45
1608.0851   4.5586E-45
1608.5993   4.5495E-45
1609.1136   4.5353E-45
1609.6278   4.5309E-45
1610.1421   4.5144E-45
1610.6564   4.5181E-45
1611.1706   4.4963E-45
1611.6849   4.4931E-45
1612.1991   4.4840E-45
1612.7134   4.4688E-45
1613.2276   4.4717E-45
1613.7419   4.4484E-45
1614.2562   4.4520E-45
1614.7704   4.4464E-45
1615.2847   4.4428E-45
1615.7989   4.4521E-45
1616.3132   4.4265E-45
1616.8275   4.4269E-45
1617.3417   4.4263E-45
1617.8560   4.4242E-45
1618.3702   4.4114E-45
1618.8845   4.3882E-45
1619.3987   4.3886E-45
1619.9130   4.3625E-45
1620.4273   4.3580E-45
1620.9415   4.3337E-45
1621.4558   4.3144E-45
1621.9700   4.3004E-45
1622.4843   4.2587E-45
1622.9985   4.2531E-45
1623.5128   4.2199E-45
1624.0271   4.2124E-45
1624.5413   4.2073E-45
1625.0556   4.1782E-45
1625.5698   4.1726E-45
1626.0841   4.1413E-45
1626.5984   4.1398E-45
1627.1126   4.1268E-45
1627.6269   4.0986E-45
1628.1411   4.1015E-45
1628.6554   4.0869E-45
1629.1696   4.0794E-45
1629.6839   4.0495E-45
1630.1982   4.0281E-45
1630.7124   4.0079E-45
1631.2267   3.9736E-45
1631.7409   3.9627E-45
1632.2552   3.9301E-45
1632.7694   3.9204E-45
1633.2837   3.8973E-45
1633.7980   3.8704E-45
1634.3122   3.8557E-45
1634.8265   3.8105E-45
1635.3407   3.7932E-45
1635.8550   3.7736E-45
1636.3693   3.7711E-45
1636.8835   3.7561E-45
1637.3978   3.7072E-45
1637.9120   3.6964E-45
1638.4263   3.6693E-45
1638.9405   3.6491E-45
1639.4548   3.6270E-45
1639.9691   3.5922E-45
1640.4833   3.5759E-45
1640.9976   3.5453E-45
1641.5118   3.5270E-45
1642.0261   3.4863E-45
1642.5403   3.4536E-45
1643.0546   3.4329E-45
1643.5689   3.3981E-45
1644.0831   3.3855E-45
1644.5974   3.3564E-45
1645.1116   3.3391E-45
1645.6259   3.3008E-45
1646.1402   3.2652E-45
1646.6544   3.2665E-45
1647.1687   3.2255E-45
1647.6829   3.2054E-45
1648.1972   3.1831E-45
1648.7114   3.1640E-45
1649.2257   3.1578E-45
1649.7400   3.1263E-45
1650.2542   3.1147E-45
1650.7685   3.0823E-45
1651.2827   3.0665E-45
1651.7970   3.0286E-45
1652.3112   2.9880E-45
1652.8255   2.9520E-45
1653.3398   2.9284E-45
1653.8540   2.9058E-45
1654.3683   2.8742E-45
1654.8825   2.8332E-45
1655.3968   2.8078E-45
1655.9111   2.7638E-45
1656.4253   2.7372E-45
1656.9396   2.7008E-45
1657.4538   2.6760E-45
1657.9681   2.6487E-45
1658.4823   2.6178E-45
1658.9966   2.5939E-45
1659.5109   2.5625E-45
1660.0251   2.5411E-45
1660.5394   2.5160E-45
1661.0536   2.4870E-45
1661.5679   2.4626E-45
1662.0821   2.4309E-45
1662.5964   2.3913E-45
1663.1107   2.3575E-45
1663.6249   2.3407E-45
1664.1392   2.3122E-45
1664.6534   2.2798E-45
1665.1677   2.2595E-45
1665.6819   2.2279E-45
1666.1962   2.2077E-45
1666.7105   2.1802E-45
1667.2247   2.1576E-45
1667.7390   2.1357E-45
1668.2532   2.1065E-45
1668.7675   2.0866E-45
1669.2818   2.0518E-45
1669.7960   2.0474E-45
1670.3103   2.0396E-45
1670.8245   2.0019E-45
1671.3388   1.9580E-45
1671.8530   1.9366E-45
1672.3673   1.9303E-45
1672.8816   1.9031E-45
1673.3958   1.8849E-45
1673.9101   1.8634E-45
1674.4243   1.8402E-45
1674.9386   1.7973E-45
1675.4528   1.7591E-45
1675.9671   1.7602E-45
1676.4814   1.7433E-45
1676.9956   1.7166E-45
1677.5099   1.6944E-45
1678.0241   1.6702E-45
1678.5384   1.6518E-45
1679.0527   1.6279E-45
1679.5669   1.6015E-45
1680.0812   1.5776E-45
1680.5954   1.5628E-45
1681.1097   1.5573E-45
1681.6239   1.5432E-45
1682.1382   1.5301E-45
1682.6525   1.5121E-45
1683.1667   1.4860E-45
1683.6810   1.4724E-45
1684.1952   1.4551E-45
1684.7095   1.4250E-45
1685.2237   1.4154E-45
1685.7380   1.4126E-45
1686.2523   1.3862E-45
1686.7665   1.3591E-45
1687.2808   1.3353E-45
1687.7950   1.3048E-45
1688.3093   1.2806E-45
1688.8236   1.2675E-45
1689.3378   1.2562E-45
1689.8521   1.2315E-45
1690.3663   1.2133E-45
1690.8806   1.2074E-45
1691.3948   1.1875E-45
1691.9091   1.1701E-45
1692.4234   1.1547E-45
1692.9376   1.1419E-45
1693.4519   1.1346E-45
1693.9661   1.1240E-45
1694.4804   1.1212E-45
1694.9946   1.1107E-45
1695.5089   1.0777E-45
1696.0232   1.0635E-45
1696.5374   1.0796E-45
1697.0517   1.0616E-45
1697.5659   1.0360E-45
1698.0802   1.0324E-45
1698.5945   1.0239E-45
1699.1087   1.0055E-45
1699.6230   9.7881E-46
1700.1372   9.5646E-46
1700.6515   9.3424E-46
1701.1657   9.3243E-46
1701.6800   9.3432E-46
1702.1943   9.1543E-46
1702.7085   8.9550E-46
1703.2228   8.7998E-46
1703.7370   8.6638E-46
1704.2513   8.3684E-46
1704.7655   8.2321E-46
1705.2798   8.2415E-46
1705.7941   7.9836E-46
1706.3083   7.7813E-46
1706.8226   7.7132E-46
1707.3368   7.6856E-46
1707.8511   7.6033E-46
1708.3654   7.4887E-46
1708.8796   7.3793E-46
1709.3939   7.2234E-46
1709.9081   7.0854E-46
1710.4224   6.9444E-46
1710.9366   6.9759E-46
1711.4509   6.8982E-46
1711.9652   6.7858E-46
1712.4794   6.7231E-46
1712.9937   6.6028E-46
1713.5079   6.5305E-46
1714.0222   6.4151E-46
1714.5364   6.4372E-46
1715.0507   6.3096E-46
1715.5650   6.3488E-46
1716.0792   6.3180E-46
1716.5935   6.3004E-46
1717.1077   6.0546E-46
1717.6220   5.9446E-46
1718.1363   5.9501E-46
1718.6505   5.8047E-46
1719.1648   5.7690E-46
1719.6790   5.8273E-46
1720.1933   5.6436E-46
1720.7075   5.5185E-46
1721.2218   5.4128E-46
1721.7361   5.2291E-46
1722.2503   5.2404E-46
1722.7646   5.1243E-46
1723.2788   5.0138E-46
1723.7931   4.9948E-46
1724.3073   4.9461E-46
1724.8216   4.9384E-46
1725.3359   4.7669E-46
1725.8501   4.7632E-46
1726.3644   4.6476E-46
1726.8786   4.6200E-46
1727.3929   4.6492E-46
1727.9072   4.5521E-46
1728.4214   4.5846E-46
1728.9357   4.4632E-46
1729.4499   4.3684E-46
1729.9642   4.1698E-46
1730.4784   4.2342E-46
1730.9927   4.3851E-46
1731.5070   4.2944E-46
1732.0212   4.3156E-46
1732.5355   4.2864E-46
1733.0497   4.1785E-46
1733.5640   4.1451E-46
1734.0782   4.0349E-46
1734.5925   3.9238E-46
1735.1068   3.9823E-46
1735.6210   4.1030E-46
1736.1353   4.0783E-46
1736.6495   3.9786E-46
1737.1638   3.9023E-46
1737.6781   3.6890E-46
1738.1923   3.7882E-46
1738.7066   3.7435E-46
1739.2208   3.6396E-46
1739.7351   3.5676E-46
1740.2493   3.5173E-46
1740.7636   3.6757E-46
1741.2779   3.4904E-46
1741.7921   3.4618E-46
1742.3064   3.3972E-46
1742.8206   3.1881E-46
1743.3349   3.1973E-46
1743.8491   3.1682E-46
1744.3634   3.2419E-46
1744.8777   3.1648E-46
1745.3919   3.0925E-46
1745.9062   3.0518E-46
1746.4204   2.9739E-46
1746.9347   2.9933E-46
1747.4490   2.9125E-46
1747.9632   3.0150E-46
1748.4775   2.9479E-46
1748.9917   2.8474E-46
1749.5060   2.9344E-46
1750.0202   2.9084E-46
1750.5345   2.9471E-46
1751.0488   2.6705E-46
1751.5630   2.7794E-46
1752.0773   2.8691E-46
1752.5915   2.7470E-46
1753.1058   2.7550E-46
1753.6200   2.6035E-46
1754.1343   2.5886E-46
1754.6486   2.5603E-46
1755.1628   2.4815E-46
1755.6771   2.6048E-46
1756.1913   2.4652E-46
1756.7056   2.3825E-46
1757.2199   2.3516E-46
1757.7341   2.3849E-46
1758.2484   2.3213E-46
1758.7626   2.1926E-46
1759.2769   2.3280E-46
1759.7911   2.2568E-46
1760.3054   2.3048E-46
1760.8197   2.3185E-46
1761.3339   2.1461E-46
1761.8482   2.1038E-46
1762.3624   2.0708E-46
1762.8767   2.1974E-46
1763.3909   2.1001E-46
1763.9052   2.0740E-46
1764.4195   2.1122E-46
1764.9337   2.0106E-46
1765.4480   2.0594E-46
1765.9622   1.9519E-46
1766.4765   1.9497E-46
1766.9908   1.9964E-46
1767.5050   1.9520E-46
1768.0193   1.8523E-46
1768.5335   1.8568E-46
1769.0478   2.0746E-46
1769.5620   1.9444E-46
1770.0763   1.9026E-46
1770.5906   1.9105E-46
1771.1048   1.6907E-46
1771.6191   1.9064E-46
1772.1333   1.9132E-46
1772.6476   1.7646E-46
1773.1618   1.8591E-46
1773.6761   1.8460E-46
1774.1904   1.7997E-46
1774.7046   1.6695E-46
1775.2189   1.6095E-46
1775.7331   1.4973E-46
1776.2474   1.5695E-46
1776.7617   1.5984E-46
1777.2759   1.4813E-46
1777.7902   1.5081E-46
1778.3044   1.3806E-46
1778.8187   1.3551E-46
1779.3329   1.3413E-46
1779.8472   1.3690E-46
1780.3615   1.2644E-46
1780.8757   1.1504E-46
1781.3900   1.3616E-46
1781.9042   1.2913E-46
1782.4185   1.2454E-46
1782.9327   1.2699E-46
1783.4470   1.1655E-46
1783.9613   1.2676E-46
1784.4755   1.1711E-46
1784.9898   1.0849E-46
1785.5040   1.1990E-46
1786.0183   1.1652E-46
1786.5326   1.1265E-46
1787.0468   1.0813E-46
1787.5611   1.1083E-46
1788.0753   1.0874E-46
1788.5896   1.1080E-46
1789.1038   1.1464E-46
1789.6181   1.1020E-46
1790.1324   1.1338E-46
1790.6466   9.8624E-47
1791.1609   9.8300E-47
1791.6751   1.1402E-46
1792.1894   1.0348E-46
1792.7036   9.0251E-47
1793.2179   9.9637E-47
1793.7322   1.0812E-46
1794.2464   9.7708E-47
1794.7607   9.3690E-47
1795.2749   8.5423E-47
1795.7892   7.1977E-47
1796.3035   7.7657E-47
1796.8177   8.3705E-47
1797.3320   8.7357E-47
1797.8462   8.5132E-47
1798.3605   8.2493E-47
1798.8747   8.2147E-47
1799.3890   6.6399E-47
1799.9033   6.8761E-47
1800.4175   8.1880E-47
1800.9318   7.1907E-47
1801.4460   6.7206E-47
1801.9603   6.8933E-47
1802.4745   6.0210E-47
1802.9888   6.2119E-47
1803.5031   6.5440E-47
1804.0173   6.0978E-47
1804.5316   6.1268E-47
1805.0458   5.7499E-47
1805.5601   5.8484E-47
1806.0743   5.9327E-47
1806.5886   5.5720E-47
1807.1029   5.3123E-47
1807.6171   4.5329E-47
1808.1314   4.8765E-47
1808.6456   5.3520E-47
1809.1599   5.0986E-47
1809.6742   5.3933E-47
1810.1884   4.3693E-47
1810.7027   4.4105E-47
1811.2169   4.5576E-47
1811.7312   4.4425E-47
1812.2454   3.7435E-47
1812.7597   4.0545E-47
1813.2740   4.3123E-47
1813.7882   4.0768E-47
1814.3025   4.0561E-47
1814.8167   3.7884E-47
1815.3310   3.7455E-47
1815.8452   3.5756E-47
1816.3595   3.5760E-47
1816.8738   3.4799E-47
1817.3880   2.8361E-47
1817.9023   3.2824E-47
1818.4165   3.3963E-47
1818.9308   3.2471E-47
1819.4451   3.0346E-47
1819.9593   2.8327E-47
1820.4736   2.8779E-47
1820.9878   2.7206E-47
1821.5021   2.8822E-47
1822.0163   2.8212E-47
1822.5306   2.7273E-47
1823.0449   2.9377E-47
1823.5591   3.0488E-47
1824.0734   3.2424E-47
1824.5876   2.7926E-47
1825.1019   2.8193E-47
1825.6161   2.8286E-47
1826.1304   3.2591E-47
1826.6447   2.9123E-47
1827.1589   2.8879E-47
1827.6732   2.7870E-47
1828.1874   2.8486E-47
1828.7017   2.0341E-47
1829.2160   2.5193E-47
1829.7302   2.2167E-47
1830.2445   2.5221E-47
1830.7587   2.7090E-47
1831.2730   2.9663E-47
1831.7872   2.4505E-47
1832.3015   2.2689E-47
1832.8158   1.8360E-47
1833.3300   1.4744E-47
1833.8443   1.6646E-47
1834.3585   1.7494E-47
1834.8728   1.7489E-47
1835.3870   1.8491E-47
1835.9013   1.6152E-47
1836.4156   1.5737E-47
1836.9298   6.3353E-48
1837.4441   6.1883E-48
1837.9583   1.4925E-47
1838.4726   1.5017E-47
1838.9869   1.6491E-47
1839.5011   1.5580E-47
1840.0154   1.5628E-47
1840.5296   1.3437E-47
1841.0439   1.5472E-47
1841.5581   1.4792E-47
1842.0724   1.5953E-47
1842.5867   2.0587E-47
1843.1009   2.8401E-47
1843.6152   2.5043E-47
1844.1294  -2.7441E-48
1844.6437   9.2155E-48
1845.1579   2.0267E-47
1845.6722   1.3960E-47
1846.1865   1.5415E-47
1846.7007   1.4540E-47
1847.2150   1.3616E-47
1847.7292   1.1314E-48
1848.2435   8.2914E-48
1848.7578   8.4477E-48
1849.2720   5.2880E-48
1849.7863   7.4675E-48
              O2-Air  1300.045  1849.786   1070  293.0 6.380E-45 0.500                            42
1300.0446  -8.7585E-48
1300.5589  -6.0049E-48
1301.0731  -1.0946E-47
1301.5874  -1.0546E-47
1302.1016  -1.2237E-47
1302.6159  -1.0830E-47
1303.1301  -6.7841E-48
1303.6444  -6.1981E-48
1304.1587  -8.7655E-49
1304.6729  -4.2757E-48
1305.1872  -4.8791E-48
1305.7014  -9.5589E-48
1306.2157  -1.2642E-47
1306.7300  -1.0440E-47
1307.2442  -1.2556E-47
1307.7585  -8.9637E-48
1308.2727  -1.1823E-47
1308.7870  -1.0584E-47
1309.3012  -1.0713E-47
1309.8155  -1.6222E-47
1310.3298  -1.2487E-47
1310.8440  -1.6297E-47
1311.3583  -1.1157E-47
1311.8725  -1.0038E-47
1312.3868  -1.2021E-47
1312.9010  -7.5737E-48
1313.4153  -1.4739E-47
1313.9296  -1.1609E-47
1314.4438  -1.4321E-47
1314.9581  -1.3803E-47
1315.4723  -9.9216E-48
1315.9866  -1.0545E-47
1316.5009  -6.4917E-48
1317.0151  -1.0252E-47
1317.5294  -6.7338E-48
1318.0436  -7.9990E-48
1318.5579  -1.2342E-47
1319.0721  -1.0389E-47
1319.5864  -1.1216E-47
1320.1007  -7.4100E-48
1320.6149  -7.2612E-48
1321.1292  -4.5868E-48
1321.6434  -5.5429E-48
1322.1577  -7.6050E-48
1322.6719  -6.3536E-48
1323.1862  -1.0897E-47
1323.7005  -7.3535E-48
1324.2147  -6.3807E-48
1324.7290  -4.7726E-48
1325.2432  -1.7967E-48
1325.7575  -4.6350E-48
1326.2718  -1.1106E-48
1326.7860  -5.5268E-48
1327.3003  -3.3413E-48
1327.8145  -3.9050E-48
1328.3288  -3.8895E-48
1328.8430   1.1570E-48
1329.3573  -2.0827E-48
1329.8716   2.5700E-48
1330.3858  -5.5912E-49
1330.9001   8.5760E-49
1331.4143   1.5110E-48
1331.9286  -5.2167E-49
1332.4428   4.6834E-48
1332.9571   2.9218E-48
1333.4714   9.1047E-48
1333.9856   8.3868E-48
1334.4999   7.4213E-48
1335.0141   9.4128E-48
1335.5284   6.2965E-48
1336.0427   1.2302E-47
1336.5569   8.6564E-48
1337.0712   1.6471E-47
1337.5854   2.1264E-47
1338.0997   2.0730E-47
1338.6139   2.4036E-47
1339.1282   1.8815E-47
1339.6425   2.1643E-47
1340.1567   1.5535E-47
1340.6710   1.8979E-47
1341.1852   2.6837E-47
1341.6995   2.6129E-47
1342.2137   3.0279E-47
1342.7280   2.5591E-47
1343.2423   2.4018E-47
1343.7565   2.1513E-47
1344.2708   1.9713E-47
1344.7850   2.4813E-47
1345.2993   2.6183E-47
1345.8136   3.1811E-47
1346.3278   3.2277E-47
1346.8421   3.1469E-47
1347.3563   3.0772E-47
1347.8706   2.6830E-47
1348.3848   2.9503E-47
1348.8991   2.9354E-47
1349.4134   3.3621E-47
1349.9276   3.8998E-47
1350.4419   4.1008E-47
1350.9561   4.1685E-47
1351.4704   3.6860E-47
1351.9846   3.8634E-47
1352.4989   3.7405E-47
1353.0132   4.2911E-47
1353.5274   4.7632E-47
1354.0417   5.0221E-47
1354.5559   5.3448E-47
1355.0702   4.8429E-47
1355.5845   5.1883E-47
1356.0987   4.8168E-47
1356.6130   4.9888E-47
1357.1272   5.5699E-47
1357.6415   5.8579E-47
1358.1557   6.6213E-47
1358.6700   6.6115E-47
1359.1843   6.7569E-47
1359.6985   6.7034E-47
1360.2128   6.8085E-47
1360.7270   7.0844E-47
1361.2413   7.2610E-47
1361.7555   8.0925E-47
1362.2698   8.4748E-47
1362.7841   8.0389E-47
1363.2983   8.0130E-47
1363.8126   8.1384E-47
1364.3268   8.3679E-47
1364.8411   8.0493E-47
1365.3554   8.5649E-47
1365.8696   8.9222E-47
1366.3839   9.3947E-47
1366.8981   9.6084E-47
1367.4124   9.3411E-47
1367.9266   9.2438E-47
1368.4409   8.7619E-47
1368.9552   9.1027E-47
1369.4694   1.0017E-46
1369.9837   1.0444E-46
1370.4979   1.1152E-46
1371.0122   1.1089E-46
1371.5264   1.1200E-46
1372.0407   1.1043E-46
1372.5550   1.1197E-46
1373.0692   1.1604E-46
1373.5835   1.1515E-46
1374.0977   1.2648E-46
1374.6120   1.2906E-46
1375.1263   1.3087E-46
1375.6405   1.3119E-46
1376.1548   1.3060E-46
1376.6690   1.3182E-46
1377.1833   1.3428E-46
1377.6975   1.4150E-46
1378.2118   1.4471E-46
1378.7261   1.5243E-46
1379.2403   1.5161E-46
1379.7546   1.4652E-46
1380.2688   1.4900E-46
1380.7831   1.4684E-46
1381.2973   1.5510E-46
1381.8116   1.5938E-46
1382.3259   1.6680E-46
1382.8401   1.7340E-46
1383.3544   1.7255E-46
1383.8686   1.7533E-46
1384.3829   1.7335E-46
1384.8972   1.7888E-46
1385.4114   1.8858E-46
1385.9257   1.9306E-46
1386.4399   2.0771E-46
1386.9542   2.0650E-46
1387.4684   2.0695E-46
1387.9827   2.0865E-46
1388.4970   2.1499E-46
1389.0112   2.1690E-46
1389.5255   2.1656E-46
1390.0397   2.2777E-46
1390.5540   2.3213E-46
1391.0682   2.3879E-46
1391.5825   2.4345E-46
1392.0968   2.4099E-46
1392.6110   2.4981E-46
1393.1253   2.4923E-46
1393.6395   2.6264E-46
1394.1538   2.5295E-46
1394.6680   2.5754E-46
1395.1823   2.8425E-46
1395.6966   2.7790E-46
1396.2108   2.8723E-46
1396.7251   2.8815E-46
1397.2393   2.9471E-46
1397.7536   2.9915E-46
1398.2679   3.0501E-46
1398.7821   3.1010E-46
1399.2964   3.0403E-46
1399.8106   3.1989E-46
1400.3249   3.1881E-46
1400.8391   3.2070E-46
1401.3534   3.2583E-46
1401.8677   3.2790E-46
1402.3819   3.4276E-46
1402.8962   3.4620E-46
1403.4104   3.5520E-46
1403.9247   3.5902E-46
1404.4389   3.5369E-46
1404.9532   3.5681E-46
1405.4675   3.6091E-46
1405.9817   3.7790E-46
1406.4960   3.8451E-46
1407.0102   3.9144E-46
1407.5245   4.0098E-46
1408.0388   3.9681E-46
1408.5530   4.0572E-46
1409.0673   4.0531E-46
1409.5815   4.1418E-46
1410.0958   4.2364E-46
1410.6100   4.3219E-46
1411.1243   4.4703E-46
1411.6386   4.4478E-46
1412.1528   4.5624E-46
1412.6671   4.5886E-46
1413.1813   4.6487E-46
1413.6956   4.7693E-46
1414.2098   4.8510E-46
1414.7241   5.0415E-46
1415.2384   5.1490E-46
1415.7526   5.2789E-46
1416.2669   5.3909E-46
1416.7811   5.4516E-46
1417.2954   5.6014E-46
1417.8097   5.7216E-46
1418.3239   5.8087E-46
1418.8382   5.8958E-46
1419.3524   5.9614E-46
1419.8667   6.0680E-46
1420.3809   6.1355E-46
1420.8952   6.2202E-46
1421.4095   6.2472E-46
1421.9237   6.3528E-46
1422.4380   6.5026E-46
1422.9522   6.5246E-46
1423.4665   6.6379E-46
1423.9807   6.5695E-46
1424.4950   6.7591E-46
1425.0093   6.8134E-46
1425.5235   6.8592E-46
1426.0378   7.0058E-46
1426.5520   7.0613E-46
1427.0663   7.2609E-46
1427.5806   7.3411E-46
1428.0948   7.4715E-46
1428.6091   7.6041E-46
1429.1233   7.6925E-46
1429.6376   7.7582E-46
1430.1518   7.8195E-46
1430.6661   8.0505E-46
1431.1804   8.1806E-46
1431.6946   8.2615E-46
1432.2089   8.4110E-46
1432.7231   8.4872E-46
1433.2374   8.6195E-46
1433.7516   8.7670E-46
1434.2659   8.9286E-46
1434.7802   9.1632E-46
1435.2944   9.3076E-46
1435.8087   9.5162E-46
1436.3229   9.6402E-46
1436.8372   9.6752E-46
1437.3515   9.7690E-46
1437.8657   9.8775E-46
1438.3800   1.0064E-45
1438.8942   1.0080E-45
1439.4085   1.0190E-45
1439.9227   1.0257E-45
1440.4370   1.0400E-45
1440.9513   1.0507E-45
1441.4655   1.0591E-45
1441.9798   1.0744E-45
1442.4940   1.0830E-45
1443.0083   1.1026E-45
1443.5225   1.1144E-45
1444.0368   1.1298E-45
1444.5511   1.1462E-45
1445.0653   1.1568E-45
1445.5796   1.1770E-45
1446.0938   1.1879E-45
1446.6081   1.2069E-45
1447.1224   1.2247E-45
1447.6366   1.2321E-45
1448.1509   1.2502E-45
1448.6651   1.2710E-45
1449.1794   1.2888E-45
1449.6936   1.3008E-45
1450.2079   1.3163E-45
1450.7222   1.3331E-45
1451.2364   1.3503E-45
1451.7507   1.3690E-45
1452.2649   1.3865E-45
1452.7792   1.4150E-45
1453.2934   1.4357E-45
1453.8077   1.4563E-45
1454.3220   1.4803E-45
1454.8362   1.5002E-45
1455.3505   1.5164E-45
1455.8647   1.5365E-45
1456.3790   1.5579E-45
1456.8933   1.5782E-45
1457.4075   1.5966E-45
1457.9218   1.6052E-45
1458.4360   1.6091E-45
1458.9503   1.6297E-45
1459.4645   1.6406E-45
1459.9788   1.6624E-45
1460.4931   1.6762E-45
1461.0073   1.6850E-45
1461.5216   1.7013E-45
1462.0358   1.7111E-45
1462.5501   1.7298E-45
1463.0643   1.7453E-45
1463.5786   1.7631E-45
1464.0929   1.7817E-45
1464.6071   1.7854E-45
1465.1214   1.8064E-45
1465.6356   1.8320E-45
1466.1499   1.8500E-45
1466.6642   1.8632E-45
1467.1784   1.8720E-45
1467.6927   1.8922E-45
1468.2069   1.9053E-45
1468.7212   1.9303E-45
1469.2354   1.9508E-45
1469.7497   1.9738E-45
1470.2640   1.9986E-45
1470.7782   2.0084E-45
1471.2925   2.0242E-45
1471.8067   2.0437E-45
1472.3210   2.0610E-45
1472.8352   2.0824E-45
1473.3495   2.0993E-45
1473.8638   2.1129E-45
1474.3780   2.1287E-45
1474.8923   2.1490E-45
1475.4065   2.1640E-45
1475.9208   2.1552E-45
1476.4351   2.1752E-45
1476.9493   2.1984E-45
1477.4636   2.2230E-45
1477.9778   2.2323E-45
1478.4921   2.2466E-45
1479.0063   2.2561E-45
1479.5206   2.2657E-45
1480.0349   2.2849E-45
1480.5491   2.2952E-45
1481.0634   2.3099E-45
1481.5776   2.3261E-45
1482.0919   2.3485E-45
1482.6061   2.3638E-45
1483.1204   2.3732E-45
1483.6347   2.3956E-45
1484.1489   2.4095E-45
1484.6632   2.4340E-45
1485.1774   2.4569E-45
1485.6917   2.4753E-45
1486.2060   2.4987E-45
1486.7202   2.5100E-45
1487.2345   2.5178E-45
1487.7487   2.5424E-45
1488.2630   2.5645E-45
1488.7772   2.5877E-45
1489.2915   2.5979E-45
1489.8058   2.6183E-45
1490.3200   2.6310E-45
1490.8343   2.6445E-45
1491.3485   2.6642E-45
1491.8628   2.6788E-45
1492.3770   2.6960E-45
1492.8913   2.7077E-45
1493.4056   2.7329E-45
1493.9198   2.7536E-45
1494.4341   2.7700E-45
1494.9483   2.7912E-45
1495.4626   2.8120E-45
1495.9769   2.8276E-45
1496.4911   2.8452E-45
1497.0054   2.8728E-45
1497.5196   2.8930E-45
1498.0339   2.8986E-45
1498.5481   2.8973E-45
1499.0624   2.8994E-45
1499.5767   2.9324E-45
1500.0909   2.9428E-45
1500.6052   2.9527E-45
1501.1194   2.9730E-45
1501.6337   2.9823E-45
1502.1479   3.0089E-45
1502.6622   3.0261E-45
1503.1765   3.0473E-45
1503.6907   3.0695E-45
1504.2050   3.0806E-45
1504.7192   3.1072E-45
1505.2335   3.1222E-45
1505.7478   3.1373E-45
1506.2620   3.1537E-45
1506.7763   3.1589E-45
1507.2905   3.1756E-45
1507.8048   3.1967E-45
1508.3190   3.2169E-45
1508.8333   3.2371E-45
1509.3476   3.2492E-45
1509.8618   3.2625E-45
1510.3761   3.2843E-45
1510.8903   3.2950E-45
1511.4046   3.3053E-45
1511.9188   3.3041E-45
1512.4331   3.3108E-45
1512.9474   3.3427E-45
1513.4616   3.3603E-45
1513.9759   3.3853E-45
1514.4901   3.3973E-45
1515.0044   3.4061E-45
1515.5187   3.4327E-45
1516.0329   3.4483E-45
1516.5472   3.4602E-45
1517.0614   3.4883E-45
1517.5757   3.5087E-45
1518.0899   3.5563E-45
1518.6042   3.5892E-45
1519.1185   3.6204E-45
1519.6327   3.6458E-45
1520.1470   3.6455E-45
1520.6612   3.6805E-45
1521.1755   3.7062E-45
1521.6897   3.7390E-45
1522.2040   3.7625E-45
1522.7183   3.7785E-45
1523.2325   3.8180E-45
1523.7468   3.8446E-45
1524.2610   3.8732E-45
1524.7753   3.8851E-45
1525.2895   3.8989E-45
1525.8038   3.9291E-45
1526.3181   3.9711E-45
1526.8323   3.9942E-45
1527.3466   4.0109E-45
1527.8608   4.0445E-45
1528.3751   4.0670E-45
1528.8894   4.1041E-45
1529.4036   4.1435E-45
1529.9179   4.1838E-45
1530.4321   4.2278E-45
1530.9464   4.2709E-45
1531.4606   4.3149E-45
1531.9749   4.3627E-45
1532.4892   4.4153E-45
1533.0034   4.4575E-45
1533.5177   4.5047E-45
1534.0319   4.5654E-45
1534.5462   4.6309E-45
1535.0604   4.6897E-45
1535.5747   4.7439E-45
1536.0890   4.8053E-45
1536.6032   4.8722E-45
1537.1175   4.9401E-45
1537.6317   5.0115E-45
1538.1460   5.0558E-45
1538.6603   5.1017E-45
1539.1745   5.1555E-45
1539.6888   5.2317E-45
1540.2030   5.2882E-45
1540.7173   5.3581E-45
1541.2315   5.4196E-45
1541.7458   5.4480E-45
1542.2601   5.4920E-45
1542.7743   5.5570E-45
1543.2886   5.6070E-45
1543.8028   5.6539E-45
1544.3171   5.6948E-45
1544.8313   5.7249E-45
1545.3456   5.7603E-45
1545.8599   5.8121E-45
1546.3741   5.8671E-45
1546.8884   5.9088E-45
1547.4026   5.9564E-45
1547.9169   5.9952E-45
1548.4312   6.0369E-45
1548.9454   6.0787E-45
1549.4597   6.1011E-45
1549.9739   6.1290E-45
1550.4882   6.1638E-45
1551.0024   6.2078E-45
1551.5167   6.2357E-45
1552.0310   6.2549E-45
1552.5452   6.2810E-45
1553.0595   6.2975E-45
1553.5737   6.3053E-45
1554.0880   6.2890E-45
1554.6022   6.2988E-45
1555.1165   6.3374E-45
1555.6308   6.3563E-45
1556.1450   6.3766E-45
1556.6593   6.3804E-45
1557.1735   6.3576E-45
1557.6878   6.3384E-45
1558.2021   6.3085E-45
1558.7163   6.2975E-45
1559.2306   6.2954E-45
1559.7448   6.2467E-45
1560.2591   6.2002E-45
1560.7733   6.1967E-45
1561.2876   6.1828E-45
1561.8019   6.1364E-45
1562.3161   6.0843E-45
1562.8304   6.0330E-45
1563.3446   5.9921E-45
1563.8589   5.9503E-45
1564.3731   5.9066E-45
1564.8874   5.8628E-45
1565.4017   5.8240E-45
1565.9159   5.7925E-45
1566.4302   5.7505E-45
1566.9444   5.7158E-45
1567.4587   5.6735E-45
1567.9730   5.6305E-45
1568.4872   5.5854E-45
1569.0015   5.5264E-45
1569.5157   5.4751E-45
1570.0300   5.4227E-45
1570.5442   5.3845E-45
1571.0585   5.3425E-45
1571.5728   5.2937E-45
1572.0870   5.2524E-45
1572.6013   5.2067E-45
1573.1155   5.1754E-45
1573.6298   5.1433E-45
1574.1440   5.1133E-45
1574.6583   5.0864E-45
1575.1726   5.0417E-45
1575.6868   4.9824E-45
1576.2011   4.9297E-45
1576.7153   4.9270E-45
1577.2296   4.9264E-45
1577.7439   4.8963E-45
1578.2581   4.8716E-45
1578.7724   4.8330E-45
1579.2866   4.8035E-45
1579.8009   4.7714E-45
1580.3151   4.7439E-45
1580.8294   4.7229E-45
1581.3437   4.6976E-45
1581.8579   4.6818E-45
1582.3722   4.6606E-45
1582.8864   4.6488E-45
1583.4007   4.6357E-45
1583.9149   4.6200E-45
1584.4292   4.6133E-45
1584.9435   4.5973E-45
1585.4577   4.5894E-45
1585.9720   4.5770E-45
1586.4862   4.5647E-45
1587.0005   4.5590E-45
1587.5148   4.5465E-45
1588.0290   4.5424E-45
1588.5433   4.5283E-45
1589.0575   4.5201E-45
1589.5718   4.5089E-45
1590.0860   4.4948E-45
1590.6003   4.4921E-45
1591.1146   4.4785E-45
1591.6288   4.4760E-45
1592.1431   4.4690E-45
1592.6573   4.4653E-45
1593.1716   4.4633E-45
1593.6858   4.4545E-45
1594.2001   4.4552E-45
1594.7144   4.4485E-45
1595.2286   4.4589E-45
1595.7429   4.4615E-45
1596.2571   4.4606E-45
1596.7714   4.4710E-45
1597.2857   4.4650E-45
1597.7999   4.4700E-45
1598.3142   4.4623E-45
1598.8284   4.4579E-45
1599.3427   4.4580E-45
1599.8569   4.4486E-45
1600.3712   4.4526E-45
1600.8855   4.4381E-45
1601.3997   4.4370E-45
1601.9140   4.4340E-45
1602.4282   4.4245E-45
1602.9425   4.4234E-45
1603.4567   4.4136E-45
1603.9710   4.4258E-45
1604.4853   4.4223E-45
1604.9995   4.4246E-45
1605.5138   4.4276E-45
1606.0280   4.4205E-45
1606.5423   4.4288E-45
1607.0566   4.4170E-45
1607.5708   4.4282E-45
1608.0851   4.4339E-45
1608.5993   4.4309E-45
1609.1136   4.4332E-45
1609.6278   4.4150E-45
1610.1421   4.4217E-45
1610.6564   4.4109E-45
1611.1706   4.4033E-45
1611.6849   4.3998E-45
1612.1991   4.3833E-45
1612.7134   4.3870E-45
1613.2276   4.3726E-45
1613.7419   4.3738E-45
1614.2562   4.3726E-45
1614.7704   4.3699E-45
1615.2847   4.3847E-45
1615.7989   4.3951E-45
1616.3132   4.3977E-45
1616.8275   4.3946E-45
1617.3417   4.3863E-45
1617.8560   4.3760E-45
1618.3702   4.3569E-45
1618.8845   4.3520E-45
1619.3987   4.3286E-45
1619.9130   4.3174E-45
1620.4273   4.3002E-45
1620.9415   4.2795E-45
1621.4558   4.2722E-45
1621.9700   4.2461E-45
1622.4843   4.2321E-45
1622.9985   4.2062E-45
1623.5128   4.1828E-45
1624.0271   4.1798E-45
1624.5413   4.1668E-45
1625.0556   4.1596E-45
1625.5698   4.1370E-45
1626.0841   4.1255E-45
1626.5984   4.1129E-45
1627.1126   4.0938E-45
1627.6269   4.0797E-45
1628.1411   4.0617E-45
1628.6554   4.0653E-45
1629.1696   4.0474E-45
1629.6839   4.0313E-45
1630.1982   4.0158E-45
1630.7124   3.9899E-45
1631.2267   3.9781E-45
1631.7409   3.9543E-45
1632.2552   3.9436E-45
1632.7694   3.9280E-45
1633.2837   3.9108E-45
1633.7980   3.8966E-45
1634.3122   3.8788E-45
1634.8265   3.8614E-45
1635.3407   3.8404E-45
1635.8550   3.8157E-45
1636.3693   3.7969E-45
1636.8835   3.7733E-45
1637.3978   3.7564E-45
1637.9120   3.7330E-45
1638.4263   3.7221E-45
1638.9405   3.6963E-45
1639.4548   3.6690E-45
1639.9691   3.6474E-45
1640.4833   3.6137E-45
1640.9976   3.5989E-45
1641.5118   3.5692E-45
1642.0261   3.5418E-45
1642.5403   3.5177E-45
1643.0546   3.4895E-45
1643.5689   3.4762E-45
1644.0831   3.4538E-45
1644.5974   3.4427E-45
1645.1116   3.4345E-45
1645.6259   3.4101E-45
1646.1402   3.3844E-45
1646.6544   3.3622E-45
1647.1687   3.3379E-45
1647.6829   3.3109E-45
1648.1972   3.2914E-45
1648.7114   3.2781E-45
1649.2257   3.2656E-45
1649.7400   3.2515E-45
1650.2542   3.2294E-45
1650.7685   3.2069E-45
1651.2827   3.1832E-45
1651.7970   3.1386E-45
1652.3112   3.1113E-45
1652.8255   3.0777E-45
1653.3398   3.0414E-45
1653.8540   3.0051E-45
1654.3683   2.9737E-45
1654.8825   2.9574E-45
1655.3968   2.9378E-45
1655.9111   2.9079E-45
1656.4253   2.8669E-45
1656.9396   2.8264E-45
1657.4538   2.7961E-45
1657.9681   2.7641E-45
1658.4823   2.7391E-45
1658.9966   2.7062E-45
1659.5109   2.6846E-45
1660.0251   2.6565E-45
1660.5394   2.6345E-45
1661.0536   2.6099E-45
1661.5679   2.5808E-45
1662.0821   2.5573E-45
1662.5964   2.5090E-45
1663.1107   2.4849E-45
1663.6249   2.4645E-45
1664.1392   2.4361E-45
1664.6534   2.4093E-45
1665.1677   2.3800E-45
1665.6819   2.3579E-45
1666.1962   2.3336E-45
1666.7105   2.3106E-45
1667.2247   2.2944E-45
1667.7390   2.2688E-45
1668.2532   2.2452E-45
1668.7675   2.2151E-45
1669.2818   2.1778E-45
1669.7960   2.1735E-45
1670.3103   2.1666E-45
1670.8245   2.1452E-45
1671.3388   2.1031E-45
1671.8530   2.0846E-45
1672.3673   2.0757E-45
1672.8816   2.0543E-45
1673.3958   2.0402E-45
1673.9101   2.0153E-45
1674.4243   1.9895E-45
1674.9386   1.9372E-45
1675.4528   1.9038E-45
1675.9671   1.9072E-45
1676.4814   1.8950E-45
1676.9956   1.8703E-45
1677.5099   1.8454E-45
1678.0241   1.8239E-45
1678.5384   1.8040E-45
1679.0527   1.7846E-45
1679.5669   1.7586E-45
1680.0812   1.7363E-45
1680.5954   1.7245E-45
1681.1097   1.7182E-45
1681.6239   1.7053E-45
1682.1382   1.6903E-45
1682.6525   1.6689E-45
1683.1667   1.6355E-45
1683.6810   1.6195E-45
1684.1952   1.6061E-45
1684.7095   1.5958E-45
1685.2237   1.5753E-45
1685.7380   1.5613E-45
1686.2523   1.5456E-45
1686.7665   1.5299E-45
1687.2808   1.5052E-45
1687.7950   1.4777E-45
1688.3093   1.4474E-45
1688.8236   1.4319E-45
1689.3378   1.4172E-45
1689.8521   1.3927E-45
1690.3663   1.3753E-45
1690.8806   1.3631E-45
1691.3948   1.3461E-45
1691.9091   1.3293E-45
1692.4234   1.3181E-45
1692.9376   1.3056E-45
1693.4519   1.2983E-45
1693.9661   1.2914E-45
1694.4804   1.2827E-45
1694.9946   1.2727E-45
1695.5089   1.2535E-45
1696.0232   1.2420E-45
1696.5374   1.2260E-45
1697.0517   1.2167E-45
1697.5659   1.2037E-45
1698.0802   1.1942E-45
1698.5945   1.1828E-45
1699.1087   1.1676E-45
1699.6230   1.1532E-45
1700.1372   1.1407E-45
1700.6515   1.1291E-45
1701.1657   1.1158E-45
1701.6800   1.0996E-45
1702.1943   1.0768E-45
1702.7085   1.0572E-45
1703.2228   1.0423E-45
1703.7370   1.0224E-45
1704.2513   9.9556E-46
1704.7655   9.7967E-46
1705.2798   9.7501E-46
1705.7941   9.5003E-46
1706.3083   9.2172E-46
1706.8226   9.1540E-46
1707.3368   9.0515E-46
1707.8511   8.9457E-46
1708.3654   8.8100E-46
1708.8796   8.6573E-46
1709.3939   8.5532E-46
1709.9081   8.3873E-46
1710.4224   8.2591E-46
1710.9366   8.2166E-46
1711.4509   8.1244E-46
1711.9652   8.0759E-46
1712.4794   7.9695E-46
1712.9937   7.9256E-46
1713.5079   7.8434E-46
1714.0222   7.7233E-46
1714.5364   7.6226E-46
1715.0507   7.4344E-46
1715.5650   7.3217E-46
1716.0792   7.2706E-46
1716.5935   7.2264E-46
1717.1077   7.2015E-46
1717.6220   7.1963E-46
1718.1363   7.1816E-46
1718.6505   7.0947E-46
1719.1648   7.0169E-46
1719.6790   6.9520E-46
1720.1933   6.7891E-46
1720.7075   6.6735E-46
1721.2218   6.5255E-46
1721.7361   6.3823E-46
1722.2503   6.2441E-46
1722.7646   6.1566E-46
1723.2788   5.9793E-46
1723.7931   5.9319E-46
1724.3073   5.8925E-46
1724.8216   5.7912E-46
1725.3359   5.7221E-46
1725.8501   5.6288E-46
1726.3644   5.5547E-46
1726.8786   5.5118E-46
1727.3929   5.4564E-46
1727.9072   5.4558E-46
1728.4214   5.4000E-46
1728.9357   5.3870E-46
1729.4499   5.2683E-46
1729.9642   5.1240E-46
1730.4784   5.2092E-46
1730.9927   5.1682E-46
1731.5070   5.1706E-46
1732.0212   5.1172E-46
1732.5355   5.0099E-46
1733.0497   4.9430E-46
1733.5640   4.8523E-46
1734.0782   4.7930E-46
1734.5925   4.6882E-46
1735.1068   4.5842E-46
1735.6210   4.5451E-46
1736.1353   4.4658E-46
1736.6495   4.4015E-46
1737.1638   4.3794E-46
1737.6781   4.2997E-46
1738.1923   4.2264E-46
1738.7066   4.2162E-46
1739.2208   4.1149E-46
1739.7351   4.0433E-46
1740.2493   4.1304E-46
1740.7636   4.1779E-46
1741.2779   4.1724E-46
1741.7921   4.0869E-46
1742.3064   3.9957E-46
1742.8206   3.8640E-46
1743.3349   3.7252E-46
1743.8491   3.7905E-46
1744.3634   3.7437E-46
1744.8777   3.7287E-46
1745.3919   3.6807E-46
1745.9062   3.5855E-46
1746.4204   3.5998E-46
1746.9347   3.4877E-46
1747.4490   3.4876E-46
1747.9632   3.4719E-46
1748.4775   3.3769E-46
1748.9917   3.3743E-46
1749.5060   3.3395E-46
1750.0202   3.4072E-46
1750.5345   3.3242E-46
1751.0488   2.9781E-46
1751.5630   3.0018E-46
1752.0773   3.1954E-46
1752.5915   3.2189E-46
1753.1058   3.1583E-46
1753.6200   3.0748E-46
1754.1343   3.0096E-46
1754.6486   2.9267E-46
1755.1628   2.8899E-46
1755.6771   2.8436E-46
1756.1913   2.8066E-46
1756.7056   2.5851E-46
1757.2199   2.6346E-46
1757.7341   2.6424E-46
1758.2484   2.5316E-46
1758.7626   2.5192E-46
1759.2769   2.4702E-46
1759.7911   2.5162E-46
1760.3054   2.4660E-46
1760.8197   2.4410E-46
1761.3339   2.3505E-46
1761.8482   2.1642E-46
1762.3624   2.3066E-46
1762.8767   2.3788E-46
1763.3909   2.3005E-46
1763.9052   2.2940E-46
1764.4195   2.2043E-46
1764.9337   2.2106E-46
1765.4480   2.1463E-46
1765.9622   2.1565E-46
1766.4765   2.1519E-46
1766.9908   2.1076E-46
1767.5050   2.0865E-46
1768.0193   1.8799E-46
1768.5335   1.9795E-46
1769.0478   2.0863E-46
1769.5620   2.0029E-46
1770.0763   1.9847E-46
1770.5906   1.8698E-46
1771.1048   1.7692E-46
1771.6191   1.7273E-46
1772.1333   1.6061E-46
1772.6476   1.3892E-46
1773.1618   1.4998E-46
1773.6761   1.7771E-46
1774.1904   1.7510E-46
1774.7046   1.7358E-46
1775.2189   1.6680E-46
1775.7331   1.6192E-46
1776.2474   1.6360E-46
1776.7617   1.5859E-46
1777.2759   1.5500E-46
1777.7902   1.4811E-46
1778.3044   1.4609E-46
1778.8187   1.4152E-46
1779.3329   1.3779E-46
1779.8472   1.3675E-46
1780.3615   1.2764E-46
1780.8757   1.2621E-46
1781.3900   1.2843E-46
1781.9042   1.2580E-46
1782.4185   1.2394E-46
1782.9327   1.2224E-46
1783.4470   1.2085E-46
1783.9613   1.2172E-46
1784.4755   1.1747E-46
1784.9898   1.1261E-46
1785.5040   1.1339E-46
1786.0183   1.1251E-46
1786.5326   1.0759E-46
1787.0468   1.0724E-46
1787.5611   1.0489E-46
1788.0753   1.0555E-46
1788.5896   1.0501E-46
1789.1038   1.0605E-46
1789.6181   1.0593E-46
1790.1324   1.0230E-46
1790.6466   9.4614E-47
1791.1609   9.2192E-47
1791.6751   9.4890E-47
1792.1894   7.8443E-47
1792.7036   6.2494E-47
1793.2179   7.8667E-47
1793.7322   9.2777E-47
1794.2464   9.0910E-47
1794.7607   9.0869E-47
1795.2749   8.5917E-47
1795.7892   8.1407E-47
1796.3035   7.9100E-47
1796.8177   7.9903E-47
1797.3320   7.8457E-47
1797.8462   7.6364E-47
1798.3605   7.4820E-47
1798.8747   7.1192E-47
1799.3890   6.1921E-47
1799.9033   6.2896E-47
1800.4175   6.8625E-47
1800.9318   7.0194E-47
1801.4460   6.9923E-47
1801.9603   6.6877E-47
1802.4745   6.1564E-47
1802.9888   6.2289E-47
1803.5031   6.0779E-47
1804.0173   5.6244E-47
1804.5316   5.6024E-47
1805.0458   5.2301E-47
1805.5601   5.1787E-47
1806.0743   5.0817E-47
1806.5886   5.1020E-47
1807.1029   5.0953E-47
1807.6171   4.9360E-47
1808.1314   4.9264E-47
1808.6456   5.0176E-47
1809.1599   4.8397E-47
1809.6742   4.8064E-47
1810.1884   4.1927E-47
1810.7027   3.8510E-47
1811.2169   4.2184E-47
1811.7312   4.3027E-47
1812.2454   3.8899E-47
1812.7597   3.9150E-47
1813.2740   3.8844E-47
1813.7882   3.6656E-47
1814.3025   3.6361E-47
1814.8167   3.4493E-47
1815.3310   3.3999E-47
1815.8452   3.3665E-47
1816.3595   3.3227E-47
1816.8738   3.5207E-47
1817.3880   3.1546E-47
1817.9023   3.2639E-47
1818.4165   3.1557E-47
1818.9308   2.9382E-47
1819.4451   2.9510E-47
1819.9593   2.7597E-47
1820.4736   2.8734E-47
1820.9878   2.8649E-47
1821.5021   2.9401E-47
1822.0163   3.2204E-47
1822.5306   3.0404E-47
1823.0449   3.3137E-47
1823.5591   3.3402E-47
1824.0734   3.3967E-47
1824.5876   3.1441E-47
1825.1019   2.0774E-47
1825.6161   2.4707E-47
1826.1304   3.4507E-47
1826.6447   3.3100E-47
1827.1589   3.3911E-47
1827.6732   3.1810E-47
1828.1874   3.4770E-47
1828.7017   2.9272E-47
1829.2160   2.5861E-47
1829.7302   1.9828E-47
1830.2445   1.5576E-47
1830.7587   2.7847E-47
1831.2730   3.0415E-47
1831.7872   2.8349E-47
1832.3015   2.5937E-47
1832.8158   2.4450E-47
1833.3300   2.2845E-47
1833.8443   2.1268E-47
1834.3585   1.9594E-47
1834.8728   1.7386E-47
1835.3870   1.7874E-47
1835.9013   1.6393E-47
1836.4156   1.6947E-47
1836.9298   1.4793E-47
1837.4441   1.4766E-47
1837.9583   1.6391E-47
1838.4726   1.5389E-47
1838.9869   1.5924E-47
1839.5011   1.4233E-47
1840.0154   1.5417E-47
1840.5296   1.5147E-47
1841.0439   1.7451E-47
1841.5581   1.9024E-47
1842.0724   2.1424E-47
1842.5867   2.4634E-47
1843.1009   2.7002E-47
1843.6152   1.1885E-47
1844.1294  -1.3233E-47
1844.6437  -2.2993E-49
1845.1579   2.0261E-47
1845.6722   1.9305E-47
1846.1865   1.8223E-47
1846.7007   1.1686E-47
1847.2150   1.0802E-47
1847.7292   4.7348E-48
1848.2435   4.1534E-48
1848.7578   5.6295E-48
1849.2720   8.4119E-49
1849.7863   5.5796E-48
              O2-Air  1360.213  1803.503    863  356.0 5.996E-45 1.000                            43
1360.2128   3.9504E-47
1360.7270   3.9465E-47
1361.2413   3.7593E-47
1361.7555   3.3746E-47
1362.2698   2.5059E-47
1362.7841   1.2775E-47
1363.2983   2.8825E-48
1363.8126  -1.5693E-48
1364.3268  -3.2585E-48
1364.8411  -2.4080E-48
1365.3554  -1.9131E-48
1365.8696  -5.4125E-48
1366.3839  -1.2386E-47
1366.8981  -1.8626E-47
1367.4124  -2.4427E-47
1367.9266  -3.8338E-47
1368.4409  -3.9408E-47
1368.9552  -3.1506E-47
1369.4694  -2.8934E-47
1369.9837  -2.9846E-47
1370.4979  -2.4770E-47
1371.0122  -2.3327E-47
1371.5264  -2.5341E-47
1372.0407  -2.4883E-47
1372.5550  -2.8867E-47
1373.0692  -3.3479E-47
1373.5835  -3.2135E-47
1374.0977  -3.4686E-47
1374.6120  -4.0631E-47
1375.1263  -4.5304E-47
1375.6405  -4.5333E-47
1376.1548  -4.1774E-47
1376.6690  -2.8008E-47
1377.1833  -5.2014E-48
1377.6975   1.5372E-47
1378.2118   2.6790E-47
1378.7261   3.1552E-47
1379.2403   2.9447E-47
1379.7546   2.5368E-47
1380.2688   2.6310E-47
1380.7831   3.3537E-47
1381.2973   4.2006E-47
1381.8116   4.8657E-47
1382.3259   5.1857E-47
1382.8401   5.3333E-47
1383.3544   5.5230E-47
1383.8686   6.2154E-47
1384.3829   7.5317E-47
1384.8972   8.8931E-47
1385.4114   1.0100E-46
1385.9257   1.1444E-46
1386.4399   1.2669E-46
1386.9542   1.3569E-46
1387.4684   1.4487E-46
1387.9827   1.5349E-46
1388.4970   1.6255E-46
1389.0112   1.7430E-46
1389.5255   1.8690E-46
1390.0397   1.9755E-46
1390.5540   2.0749E-46
1391.0682   2.1387E-46
1391.5825   2.1825E-46
1392.0968   2.2562E-46
1392.6110   2.3769E-46
1393.1253   2.5340E-46
1393.6395   2.7195E-46
1394.1538   2.8988E-46
1394.6680   3.0403E-46
1395.1823   3.1479E-46
1395.6966   3.2471E-46
1396.2108   3.3320E-46
1396.7251   3.4287E-46
1397.2393   3.5175E-46
1397.7536   3.5774E-46
1398.2679   3.6222E-46
1398.7821   3.6536E-46
1399.2964   3.6665E-46
1399.8106   3.7041E-46
1400.3249   3.7632E-46
1400.8391   3.8474E-46
1401.3534   3.9854E-46
1401.8677   4.1458E-46
1402.3819   4.3040E-46
1402.8962   4.4484E-46
1403.4104   4.5595E-46
1403.9247   4.6761E-46
1404.4389   4.8075E-46
1404.9532   4.9436E-46
1405.4675   5.0865E-46
1405.9817   5.1853E-46
1406.4960   5.2106E-46
1407.0102   5.2196E-46
1407.5245   5.2321E-46
1408.0388   5.2755E-46
1408.5530   5.3870E-46
1409.0673   5.5480E-46
1409.5815   5.7182E-46
1410.0958   5.8859E-46
1410.6100   6.0395E-46
1411.1243   6.1647E-46
1411.6386   6.2611E-46
1412.1528   6.3573E-46
1412.6671   6.4527E-46
1413.1813   6.5583E-46
1413.6956   6.6789E-46
1414.2098   6.7774E-46
1414.7241   6.8603E-46
1415.2384   6.9342E-46
1415.7526   6.9761E-46
1416.2669   7.0084E-46
1416.7811   7.0604E-46
1417.2954   7.1216E-46
1417.8097   7.1907E-46
1418.3239   7.2565E-46
1418.8382   7.3138E-46
1419.3524   7.3654E-46
1419.8667   7.4046E-46
1420.3809   7.4699E-46
1420.8952   7.5866E-46
1421.4095   7.7040E-46
1421.9237   7.8104E-46
1422.4380   7.8902E-46
1422.9522   7.9208E-46
1423.4665   7.9246E-46
1423.9807   7.9337E-46
1424.4950   7.9669E-46
1425.0093   8.0464E-46
1425.5235   8.1591E-46
1426.0378   8.2834E-46
1426.5520   8.4012E-46
1427.0663   8.4983E-46
1427.5806   8.5830E-46
1428.0948   8.6820E-46
1428.6091   8.8273E-46
1429.1233   8.9956E-46
1429.6376   9.1597E-46
1430.1518   9.3327E-46
1430.6661   9.5005E-46
1431.1804   9.6316E-46
1431.6946   9.7609E-46
1432.2089   9.9127E-46
1432.7231   1.0071E-45
1433.2374   1.0235E-45
1433.7516   1.0409E-45
1434.2659   1.0594E-45
1434.7802   1.0777E-45
1435.2944   1.0944E-45
1435.8087   1.1122E-45
1436.3229   1.1299E-45
1436.8372   1.1457E-45
1437.3515   1.1601E-45
1437.8657   1.1750E-45
1438.3800   1.1911E-45
1438.8942   1.2091E-45
1439.4085   1.2264E-45
1439.9227   1.2407E-45
1440.4370   1.2529E-45
1440.9513   1.2637E-45
1441.4655   1.2744E-45
1441.9798   1.2863E-45
1442.4940   1.2982E-45
1443.0083   1.3070E-45
1443.5225   1.3152E-45
1444.0368   1.3255E-45
1444.5511   1.3362E-45
1445.0653   1.3467E-45
1445.5796   1.3587E-45
1446.0938   1.3695E-45
1446.6081   1.3787E-45
1447.1224   1.3893E-45
1447.6366   1.4009E-45
1448.1509   1.4127E-45
1448.6651   1.4265E-45
1449.1794   1.4401E-45
1449.6936   1.4536E-45
1450.2079   1.4682E-45
1450.7222   1.4830E-45
1451.2364   1.4991E-45
1451.7507   1.5187E-45
1452.2649   1.5398E-45
1452.7792   1.5604E-45
1453.2934   1.5781E-45
1453.8077   1.5924E-45
1454.3220   1.6058E-45
1454.8362   1.6180E-45
1455.3505   1.6301E-45
1455.8647   1.6450E-45
1456.3790   1.6608E-45
1456.8933   1.6761E-45
1457.4075   1.6929E-45
1457.9218   1.7094E-45
1458.4360   1.7243E-45
1458.9503   1.7406E-45
1459.4645   1.7588E-45
1459.9788   1.7771E-45
1460.4931   1.7972E-45
1461.0073   1.8178E-45
1461.5216   1.8364E-45
1462.0358   1.8547E-45
1462.5501   1.8739E-45
1463.0643   1.8917E-45
1463.5786   1.9099E-45
1464.0929   1.9305E-45
1464.6071   1.9501E-45
1465.1214   1.9696E-45
1465.6356   1.9914E-45
1466.1499   2.0113E-45
1466.6642   2.0289E-45
1467.1784   2.0465E-45
1467.6927   2.0642E-45
1468.2069   2.0832E-45
1468.7212   2.1044E-45
1469.2354   2.1281E-45
1469.7497   2.1549E-45
1470.2640   2.1811E-45
1470.7782   2.2048E-45
1471.2925   2.2269E-45
1471.8067   2.2457E-45
1472.3210   2.2619E-45
1472.8352   2.2792E-45
1473.3495   2.2956E-45
1473.8638   2.3115E-45
1474.3780   2.3313E-45
1474.8923   2.3521E-45
1475.4065   2.3715E-45
1475.9208   2.3926E-45
1476.4351   2.4111E-45
1476.9493   2.4228E-45
1477.4636   2.4312E-45
1477.9778   2.4381E-45
1478.4921   2.4425E-45
1479.0063   2.4489E-45
1479.5206   2.4589E-45
1480.0349   2.4675E-45
1480.5491   2.4760E-45
1481.0634   2.4866E-45
1481.5776   2.4954E-45
1482.0919   2.5018E-45
1482.6061   2.5068E-45
1483.1204   2.5114E-45
1483.6347   2.5161E-45
1484.1489   2.5208E-45
1484.6632   2.5282E-45
1485.1774   2.5384E-45
1485.6917   2.5478E-45
1486.2060   2.5574E-45
1486.7202   2.5689E-45
1487.2345   2.5795E-45
1487.7487   2.5903E-45
1488.2630   2.6034E-45
1488.7772   2.6151E-45
1489.2915   2.6275E-45
1489.8058   2.6435E-45
1490.3200   2.6577E-45
1490.8343   2.6716E-45
1491.3485   2.6875E-45
1491.8628   2.7009E-45
1492.3770   2.7123E-45
1492.8913   2.7256E-45
1493.4056   2.7388E-45
1493.9198   2.7510E-45
1494.4341   2.7654E-45
1494.9483   2.7816E-45
1495.4626   2.7969E-45
1495.9769   2.8120E-45
1496.4911   2.8292E-45
1497.0054   2.8474E-45
1497.5196   2.8656E-45
1498.0339   2.8835E-45
1498.5481   2.8998E-45
1499.0624   2.9138E-45
1499.5767   2.9268E-45
1500.0909   2.9414E-45
1500.6052   2.9600E-45
1501.1194   2.9804E-45
1501.6337   3.0010E-45
1502.1479   3.0209E-45
1502.6622   3.0369E-45
1503.1765   3.0509E-45
1503.6907   3.0647E-45
1504.2050   3.0772E-45
1504.7192   3.0915E-45
1505.2335   3.1071E-45
1505.7478   3.1244E-45
1506.2620   3.1457E-45
1506.7763   3.1680E-45
1507.2905   3.1885E-45
1507.8048   3.2083E-45
1508.3190   3.2272E-45
1508.8333   3.2455E-45
1509.3476   3.2639E-45
1509.8618   3.2834E-45
1510.3761   3.3034E-45
1510.8903   3.3240E-45
1511.4046   3.3484E-45
1511.9188   3.3771E-45
1512.4331   3.4091E-45
1512.9474   3.4424E-45
1513.4616   3.4730E-45
1513.9759   3.4990E-45
1514.4901   3.5236E-45
1515.0044   3.5471E-45
1515.5187   3.5710E-45
1516.0329   3.5981E-45
1516.5472   3.6245E-45
1517.0614   3.6491E-45
1517.5757   3.6740E-45
1518.0899   3.6964E-45
1518.6042   3.7170E-45
1519.1185   3.7412E-45
1519.6327   3.7683E-45
1520.1470   3.7959E-45
1520.6612   3.8262E-45
1521.1755   3.8586E-45
1521.6897   3.8886E-45
1522.2040   3.9161E-45
1522.7183   3.9425E-45
1523.2325   3.9675E-45
1523.7468   3.9922E-45
1524.2610   4.0187E-45
1524.7753   4.0490E-45
1525.2895   4.0807E-45
1525.8038   4.1102E-45
1526.3181   4.1382E-45
1526.8323   4.1633E-45
1527.3466   4.1880E-45
1527.8608   4.2159E-45
1528.3751   4.2462E-45
1528.8894   4.2783E-45
1529.4036   4.3135E-45
1529.9179   4.3493E-45
1530.4321   4.3852E-45
1530.9464   4.4244E-45
1531.4606   4.4667E-45
1531.9749   4.5078E-45
1532.4892   4.5497E-45
1533.0034   4.5958E-45
1533.5177   4.6423E-45
1534.0319   4.6884E-45
1534.5462   4.7355E-45
1535.0604   4.7812E-45
1535.5747   4.8264E-45
1536.0890   4.8744E-45
1536.6032   4.9266E-45
1537.1175   4.9804E-45
1537.6317   5.0336E-45
1538.1460   5.0849E-45
1538.6603   5.1336E-45
1539.1745   5.1776E-45
1539.6888   5.2201E-45
1540.2030   5.2635E-45
1540.7173   5.3065E-45
1541.2315   5.3506E-45
1541.7458   5.3959E-45
1542.2601   5.4397E-45
1542.7743   5.4818E-45
1543.2886   5.5215E-45
1543.8028   5.5563E-45
1544.3171   5.5883E-45
1544.8313   5.6205E-45
1545.3456   5.6519E-45
1545.8599   5.6832E-45
1546.3741   5.7163E-45
1546.8884   5.7473E-45
1547.4026   5.7709E-45
1547.9169   5.7883E-45
1548.4312   5.8030E-45
1548.9454   5.8166E-45
1549.4597   5.8311E-45
1549.9739   5.8474E-45
1550.4882   5.8647E-45
1551.0024   5.8810E-45
1551.5167   5.8965E-45
1552.0310   5.9134E-45
1552.5452   5.9317E-45
1553.0595   5.9488E-45
1553.5737   5.9662E-45
1554.0880   5.9813E-45
1554.6022   5.9901E-45
1555.1165   5.9948E-45
1555.6308   5.9960E-45
1556.1450   5.9906E-45
1556.6593   5.9831E-45
1557.1735   5.9765E-45
1557.6878   5.9682E-45
1558.2021   5.9586E-45
1558.7163   5.9503E-45
1559.2306   5.9395E-45
1559.7448   5.9259E-45
1560.2591   5.9116E-45
1560.7733   5.8923E-45
1561.2876   5.8687E-45
1561.8019   5.8463E-45
1562.3161   5.8235E-45
1562.8304   5.7982E-45
1563.3446   5.7736E-45
1563.8589   5.7484E-45
1564.3731   5.7188E-45
1564.8874   5.6860E-45
1565.4017   5.6509E-45
1565.9159   5.6113E-45
1566.4302   5.5664E-45
1566.9444   5.5207E-45
1567.4587   5.4765E-45
1567.9730   5.4326E-45
1568.4872   5.3896E-45
1569.0015   5.3473E-45
1569.5157   5.3027E-45
1570.0300   5.2564E-45
1570.5442   5.2127E-45
1571.0585   5.1714E-45
1571.5728   5.1312E-45
1572.0870   5.0953E-45
1572.6013   5.0615E-45
1573.1155   5.0231E-45
1573.6298   4.9830E-45
1574.1440   4.9431E-45
1574.6583   4.9007E-45
1575.1726   4.8612E-45
1575.6868   4.8288E-45
1576.2011   4.7996E-45
1576.7153   4.7724E-45
1577.2296   4.7475E-45
1577.7439   4.7210E-45
1578.2581   4.6933E-45
1578.7724   4.6657E-45
1579.2866   4.6369E-45
1579.8009   4.6087E-45
1580.3151   4.5838E-45
1580.8294   4.5615E-45
1581.3437   4.5390E-45
1581.8579   4.5165E-45
1582.3722   4.4935E-45
1582.8864   4.4694E-45
1583.4007   4.4477E-45
1583.9149   4.4315E-45
1584.4292   4.4185E-45
1584.9435   4.4048E-45
1585.4577   4.3897E-45
1585.9720   4.3738E-45
1586.4862   4.3563E-45
1587.0005   4.3405E-45
1587.5148   4.3295E-45
1588.0290   4.3219E-45
1588.5433   4.3144E-45
1589.0575   4.3073E-45
1589.5718   4.2986E-45
1590.0860   4.2886E-45
1590.6003   4.2771E-45
1591.1146   4.2660E-45
1591.6288   4.2529E-45
1592.1431   4.2404E-45
1592.6573   4.2288E-45
1593.1716   4.2171E-45
1593.6858   4.2090E-45
1594.2001   4.2037E-45
1594.7144   4.1976E-45
1595.2286   4.1927E-45
1595.7429   4.1889E-45
1596.2571   4.1832E-45
1596.7714   4.1764E-45
1597.2857   4.1714E-45
1597.7999   4.1683E-45
1598.3142   4.1657E-45
1598.8284   4.1645E-45
1599.3427   4.1664E-45
1599.8569   4.1711E-45
1600.3712   4.1764E-45
1600.8855   4.1814E-45
1601.3997   4.1852E-45
1601.9140   4.1874E-45
1602.4282   4.1859E-45
1602.9425   4.1832E-45
1603.4567   4.1835E-45
1603.9710   4.1879E-45
1604.4853   4.1919E-45
1604.9995   4.1963E-45
1605.5138   4.1983E-45
1606.0280   4.1968E-45
1606.5423   4.1922E-45
1607.0566   4.1876E-45
1607.5708   4.1849E-45
1608.0851   4.1837E-45
1608.5993   4.1859E-45
1609.1136   4.1914E-45
1609.6278   4.1957E-45
1610.1421   4.1976E-45
1610.6564   4.1985E-45
1611.1706   4.1985E-45
1611.6849   4.1978E-45
1612.1991   4.1969E-45
1612.7134   4.1966E-45
1613.2276   4.1957E-45
1613.7419   4.1933E-45
1614.2562   4.1898E-45
1614.7704   4.1859E-45
1615.2847   4.1807E-45
1615.7989   4.1731E-45
1616.3132   4.1634E-45
1616.8275   4.1541E-45
1617.3417   4.1447E-45
1617.8560   4.1339E-45
1618.3702   4.1225E-45
1618.8845   4.1113E-45
1619.3987   4.1012E-45
1619.9130   4.0946E-45
1620.4273   4.0942E-45
1620.9415   4.0996E-45
1621.4558   4.1067E-45
1621.9700   4.1136E-45
1622.4843   4.1170E-45
1622.9985   4.1130E-45
1623.5128   4.1035E-45
1624.0271   4.0928E-45
1624.5413   4.0821E-45
1625.0556   4.0744E-45
1625.5698   4.0704E-45
1626.0841   4.0662E-45
1626.5984   4.0606E-45
1627.1126   4.0526E-45
1627.6269   4.0397E-45
1628.1411   4.0230E-45
1628.6554   4.0055E-45
1629.1696   3.9886E-45
1629.6839   3.9746E-45
1630.1982   3.9631E-45
1630.7124   3.9543E-45
1631.2267   3.9471E-45
1631.7409   3.9394E-45
1632.2552   3.9315E-45
1632.7694   3.9252E-45
1633.2837   3.9187E-45
1633.7980   3.9116E-45
1634.3122   3.9031E-45
1634.8265   3.8925E-45
1635.3407   3.8800E-45
1635.8550   3.8662E-45
1636.3693   3.8513E-45
1636.8835   3.8377E-45
1637.3978   3.8257E-45
1637.9120   3.8143E-45
1638.4263   3.8023E-45
1638.9405   3.7884E-45
1639.4548   3.7723E-45
1639.9691   3.7531E-45
1640.4833   3.7334E-45
1640.9976   3.7161E-45
1641.5118   3.7016E-45
1642.0261   3.6913E-45
1642.5403   3.6852E-45
1643.0546   3.6774E-45
1643.5689   3.6660E-45
1644.0831   3.6525E-45
1644.5974   3.6379E-45
1645.1116   3.6236E-45
1645.6259   3.6098E-45
1646.1402   3.5959E-45
1646.6544   3.5809E-45
1647.1687   3.5605E-45
1647.6829   3.5352E-45
1648.1972   3.5096E-45
1648.7114   3.4844E-45
1649.2257   3.4577E-45
1649.7400   3.4310E-45
1650.2542   3.4048E-45
1650.7685   3.3781E-45
1651.2827   3.3506E-45
1651.7970   3.3240E-45
1652.3112   3.2986E-45
1652.8255   3.2730E-45
1653.3398   3.2500E-45
1653.8540   3.2307E-45
1654.3683   3.2139E-45
1654.8825   3.1982E-45
1655.3968   3.1810E-45
1655.9111   3.1597E-45
1656.4253   3.1340E-45
1656.9396   3.1057E-45
1657.4538   3.0792E-45
1657.9681   3.0556E-45
1658.4823   3.0318E-45
1658.9966   3.0082E-45
1659.5109   2.9824E-45
1660.0251   2.9528E-45
1660.5394   2.9244E-45
1661.0536   2.8976E-45
1661.5679   2.8726E-45
1662.0821   2.8533E-45
1662.5964   2.8382E-45
1663.1107   2.8239E-45
1663.6249   2.8108E-45
1664.1392   2.7975E-45
1664.6534   2.7813E-45
1665.1677   2.7613E-45
1665.6819   2.7396E-45
1666.1962   2.7164E-45
1666.7105   2.6924E-45
1667.2247   2.6701E-45
1667.7390   2.6497E-45
1668.2532   2.6291E-45
1668.7675   2.6084E-45
1669.2818   2.5870E-45
1669.7960   2.5638E-45
1670.3103   2.5401E-45
1670.8245   2.5170E-45
1671.3388   2.4944E-45
1671.8530   2.4715E-45
1672.3673   2.4469E-45
1672.8816   2.4218E-45
1673.3958   2.3961E-45
1673.9101   2.3707E-45
1674.4243   2.3474E-45
1674.9386   2.3244E-45
1675.4528   2.3005E-45
1675.9671   2.2774E-45
1676.4814   2.2534E-45
1676.9956   2.2268E-45
1677.5099   2.1988E-45
1678.0241   2.1704E-45
1678.5384   2.1416E-45
1679.0527   2.1127E-45
1679.5669   2.0846E-45
1680.0812   2.0576E-45
1680.5954   2.0303E-45
1681.1097   2.0023E-45
1681.6239   1.9737E-45
1682.1382   1.9452E-45
1682.6525   1.9159E-45
1683.1667   1.8859E-45
1683.6810   1.8568E-45
1684.1952   1.8297E-45
1684.7095   1.8039E-45
1685.2237   1.7792E-45
1685.7380   1.7558E-45
1686.2523   1.7341E-45
1686.7665   1.7145E-45
1687.2808   1.6962E-45
1687.7950   1.6801E-45
1688.3093   1.6651E-45
1688.8236   1.6495E-45
1689.3378   1.6340E-45
1689.8521   1.6189E-45
1690.3663   1.6023E-45
1690.8806   1.5844E-45
1691.3948   1.5658E-45
1691.9091   1.5473E-45
1692.4234   1.5298E-45
1692.9376   1.5139E-45
1693.4519   1.4997E-45
1693.9661   1.4868E-45
1694.4804   1.4743E-45
1694.9946   1.4623E-45
1695.5089   1.4505E-45
1696.0232   1.4390E-45
1696.5374   1.4268E-45
1697.0517   1.4140E-45
1697.5659   1.4006E-45
1698.0802   1.3866E-45
1698.5945   1.3722E-45
1699.1087   1.3581E-45
1699.6230   1.3436E-45
1700.1372   1.3293E-45
1700.6515   1.3150E-45
1701.1657   1.3009E-45
1701.6800   1.2880E-45
1702.1943   1.2744E-45
1702.7085   1.2590E-45
1703.2228   1.2438E-45
1703.7370   1.2270E-45
1704.2513   1.2080E-45
1704.7655   1.1896E-45
1705.2798   1.1721E-45
1705.7941   1.1540E-45
1706.3083   1.1360E-45
1706.8226   1.1184E-45
1707.3368   1.1027E-45
1707.8511   1.0878E-45
1708.3654   1.0746E-45
1708.8796   1.0640E-45
1709.3939   1.0551E-45
1709.9081   1.0458E-45
1710.4224   1.0355E-45
1710.9366   1.0246E-45
1711.4509   1.0131E-45
1711.9652   1.0010E-45
1712.4794   9.8874E-46
1712.9937   9.7740E-46
1713.5079   9.6621E-46
1714.0222   9.5439E-46
1714.5364   9.4182E-46
1715.0507   9.2822E-46
1715.5650   9.1399E-46
1716.0792   8.9872E-46
1716.5935   8.8327E-46
1717.1077   8.7014E-46
1717.6220   8.5910E-46
1718.1363   8.5053E-46
1718.6505   8.4470E-46
1719.1648   8.4038E-46
1719.6790   8.3651E-46
1720.1933   8.3314E-46
1720.7075   8.2848E-46
1721.2218   8.2281E-46
1721.7361   8.1401E-46
1722.2503   8.0426E-46
1722.7646   7.9456E-46
1723.2788   7.8341E-46
1723.7931   7.7247E-46
1724.3073   7.6437E-46
1724.8216   7.5792E-46
1725.3359   7.5208E-46
1725.8501   7.4677E-46
1726.3644   7.4196E-46
1726.8786   7.3602E-46
1727.3929   7.2723E-46
1727.9072   7.1833E-46
1728.4214   7.1122E-46
1728.9357   7.0501E-46
1729.4499   6.9986E-46
1729.9642   6.9670E-46
1730.4784   6.9515E-46
1730.9927   6.9472E-46
1731.5070   6.9443E-46
1732.0212   6.9326E-46
1732.5355   6.8907E-46
1733.0497   6.8227E-46
1733.5640   6.7501E-46
1734.0782   6.6756E-46
1734.5925   6.5985E-46
1735.1068   6.5377E-46
1735.6210   6.4814E-46
1736.1353   6.4108E-46
1736.6495   6.3440E-46
1737.1638   6.2898E-46
1737.6781   6.2439E-46
1738.1923   6.1991E-46
1738.7066   6.1344E-46
1739.2208   6.0419E-46
1739.7351   5.9488E-46
1740.2493   5.8514E-46
1740.7636   5.7498E-46
1741.2779   5.6763E-46
1741.7921   5.6414E-46
1742.3064   5.6108E-46
1742.8206   5.5812E-46
1743.3349   5.5689E-46
1743.8491   5.5566E-46
1744.3634   5.5199E-46
1744.8777   5.4771E-46
1745.3919   5.4216E-46
1745.9062   5.3473E-46
1746.4204   5.2742E-46
1746.9347   5.2333E-46
1747.4490   5.2094E-46
1747.9632   5.1795E-46
1748.4775   5.1459E-46
1748.9917   5.1133E-46
1749.5060   5.0604E-46
1750.0202   4.9916E-46
1750.5345   4.9434E-46
1751.0488   4.8930E-46
1751.5630   4.8098E-46
1752.0773   4.7256E-46
1752.5915   4.6421E-46
1753.1058   4.5735E-46
1753.6200   4.5555E-46
1754.1343   4.5463E-46
1754.6486   4.5300E-46
1755.1628   4.5330E-46
1755.6771   4.5196E-46
1756.1913   4.4778E-46
1756.7056   4.4606E-46
1757.2199   4.4527E-46
1757.7341   4.4006E-46
1758.2484   4.3150E-46
1758.7626   4.2224E-46
1759.2769   4.1074E-46
1759.7911   4.0069E-46
1760.3054   3.9530E-46
1760.8197   3.9072E-46
1761.3339   3.8348E-46
1761.8482   3.7580E-46
1762.3624   3.6877E-46
1762.8767   3.6123E-46
1763.3909   3.5431E-46
1763.9052   3.4995E-46
1764.4195   3.4707E-46
1764.9337   3.4327E-46
1765.4480   3.4078E-46
1765.9622   3.3978E-46
1766.4765   3.3891E-46
1766.9908   3.3676E-46
1767.5050   3.3343E-46
1768.0193   3.2810E-46
1768.5335   3.2278E-46
1769.0478   3.1925E-46
1769.5620   3.1465E-46
1770.0763   3.0942E-46
1770.5906   3.0487E-46
1771.1048   2.9762E-46
1771.6191   2.8755E-46
1772.1333   2.7987E-46
1772.6476   2.7460E-46
1773.1618   2.7044E-46
1773.6761   2.6854E-46
1774.1904   2.6740E-46
1774.7046   2.6390E-46
1775.2189   2.6036E-46
1775.7331   2.5911E-46
1776.2474   2.5943E-46
1776.7617   2.5995E-46
1777.2759   2.6117E-46
1777.7902   2.6134E-46
1778.3044   2.5786E-46
1778.8187   2.5318E-46
1779.3329   2.5042E-46
1779.8472   2.4847E-46
1780.3615   2.4710E-46
1780.8757   2.4533E-46
1781.3900   2.4344E-46
1781.9042   2.4008E-46
1782.4185   2.3505E-46
1782.9327   2.2998E-46
1783.4470   2.2582E-46
1783.9613   2.2304E-46
1784.4755   2.2110E-46
1784.9898   2.1941E-46
1785.5040   2.1705E-46
1786.0183   2.1472E-46
1786.5326   2.1305E-46
1787.0468   2.1261E-46
1787.5611   2.1277E-46
1788.0753   2.1285E-46
1788.5896   2.1194E-46
1789.1038   2.0949E-46
1789.6181   2.0536E-46
1790.1324   2.0152E-46
1790.6466   1.9703E-46
1791.1609   1.9222E-46
1791.6751   1.8708E-46
1792.1894   1.8321E-46
1792.7036   1.8337E-46
1793.2179   1.8676E-46
1793.7322   1.8978E-46
1794.2464   1.9149E-46
1794.7607   1.9175E-46
1795.2749   1.9105E-46
1795.7892   1.9127E-46
1796.3035   1.9209E-46
1796.8177   1.9453E-46
1797.3320   1.8893E-46
1797.8462   1.8220E-46
1798.3605   1.7432E-46
1798.8747   1.6670E-46
1799.3890   1.5988E-46
1799.9033   1.5449E-46
1800.4175   1.5007E-46
1800.9318   1.4512E-46
1801.4460   1.3957E-46
1801.9603   1.3427E-46
1802.4745   1.2866E-46
1802.9888   1.2287E-46
1803.5031   1.1765E-46
              O2-Air      7583      8355    773    206 1.373E-45 1.000                            58
 7583.0000  1.7454E-48
 7584.0000  1.7732E-48
 7585.0000  1.8147E-48
 7586.0000  1.8563E-48
 7587.0000  1.8978E-48
 7588.0000  1.9394E-48
 7589.0000  1.9948E-48
 7590.0000  2.0364E-48
 7591.0000  2.0779E-48
 7592.0000  2.1333E-48
 7593.0000  2.1749E-48
 7594.0000  2.2303E-48
 7595.0000  2.2719E-48
 7596.0000  2.3273E-48
 7597.0000  2.3827E-48
 7598.0000  2.4381E-48
 7599.0000  2.4935E-48
 7600.0000  2.5489E-48
 7601.0000  2.6043E-48
 7602.0000  2.6597E-48
 7603.0000  2.7151E-48
 7604.0000  2.7844E-48
 7605.0000  2.8398E-48
 7606.0000  2.9091E-48
 7607.0000  2.9783E-48
 7608.0000  3.0476E-48
 7609.0000  3.1169E-48
 7610.0000  3.1861E-48
 7611.0000  3.2554E-48
 7612.0000  3.3247E-48
 7613.0000  3.4078E-48
 7614.0000  3.4770E-48
 7615.0000  3.5602E-48
 7616.0000  3.6433E-48
 7617.0000  3.7264E-48
 7618.0000  3.7957E-48
 7619.0000  3.8926E-48
 7620.0000  3.9757E-48
 7621.0000  4.0589E-48
 7622.0000  4.1558E-48
 7623.0000  4.2528E-48
 7624.0000  4.3498E-48
 7625.0000  4.4467E-48
 7626.0000  4.5437E-48
 7627.0000  4.6407E-48
 7628.0000  4.7515E-48
 7629.0000  4.8485E-48
 7630.0000  4.9593E-48
 7631.0000  5.0701E-48
 7632.0000  5.1809E-48
 7633.0000  5.3056E-48
 7634.0000  5.4164E-48
 7635.0000  5.5411E-48
 7636.0000  5.6658E-48
 7637.0000  5.7905E-48
 7638.0000  5.9151E-48
 7639.0000  6.0537E-48
 7640.0000  6.1922E-48
 7641.0000  6.3169E-48
 7642.0000  6.4692E-48
 7643.0000  6.6078E-48
 7644.0000  6.7602E-48
 7645.0000  6.8987E-48
 7646.0000  7.0511E-48
 7647.0000  7.2173E-48
 7648.0000  7.3697E-48
 7649.0000  7.5359E-48
 7650.0000  7.7021E-48
 7651.0000  7.8822E-48
 7652.0000  8.0485E-48
 7653.0000  8.2285E-48
 7654.0000  8.4086E-48
 7655.0000  8.5887E-48
 7656.0000  8.7827E-48
 7657.0000  8.9766E-48
 7658.0000  9.1705E-48
 7659.0000  9.3783E-48
 7660.0000  9.5861E-48
 7661.0000  9.7939E-48
 7662.0000  1.0016E-47
 7663.0000  1.0223E-47
 7664.0000  1.0459E-47
 7665.0000  1.0680E-47
 7666.0000  1.0916E-47
 7667.0000  1.1165E-47
 7668.0000  1.1401E-47
 7669.0000  1.1650E-47
 7670.0000  1.1913E-47
 7671.0000  1.2177E-47
 7672.0000  1.2440E-47
 7673.0000  1.2703E-47
 7674.0000  1.2994E-47
 7675.0000  1.3271E-47
 7676.0000  1.3562E-47
 7677.0000  1.3853E-47
 7678.0000  1.4130E-47
 7679.0000  1.4407E-47
 7680.0000  1.4822E-47
 7681.0000  1.5100E-47
 7682.0000  1.5377E-47
 7683.0000  1.5792E-47
 7684.0000  1.6069E-47
 7685.0000  1.6485E-47
 7686.0000  1.6762E-47
 7687.0000  1.7177E-47
 7688.0000  1.7593E-47
 7689.0000  1.8009E-47
 7690.0000  1.8286E-47
 7691.0000  1.8701E-47
 7692.0000  1.9117E-47
 7693.0000  1.9532E-47
 7694.0000  1.9948E-47
 7695.0000  2.0364E-47
 7696.0000  2.0918E-47
 7697.0000  2.1333E-47
 7698.0000  2.1749E-47
 7699.0000  2.2303E-47
 7700.0000  2.2719E-47
 7701.0000  2.3273E-47
 7702.0000  2.3688E-47
 7703.0000  2.4242E-47
 7704.0000  2.4796E-47
 7705.0000  2.5212E-47
 7706.0000  2.5766E-47
 7707.0000  2.6320E-47
 7708.0000  2.7013E-47
 7709.0000  2.7567E-47
 7710.0000  2.8121E-47
 7711.0000  2.8675E-47
 7712.0000  2.9368E-47
 7713.0000  3.0061E-47
 7714.0000  3.0615E-47
 7715.0000  3.1307E-47
 7716.0000  3.2000E-47
 7717.0000  3.2693E-47
 7718.0000  3.3385E-47
 7719.0000  3.4078E-47
 7720.0000  3.4770E-47
 7721.0000  3.5602E-47
 7722.0000  3.6294E-47
 7723.0000  3.7125E-47
 7724.0000  3.7957E-47
 7725.0000  3.8788E-47
 7726.0000  3.9619E-47
 7727.0000  4.0450E-47
 7728.0000  4.1281E-47
 7729.0000  4.2251E-47
 7730.0000  4.3082E-47
 7731.0000  4.4052E-47
 7732.0000  4.5022E-47
 7733.0000  4.5991E-47
 7734.0000  4.6961E-47
 7735.0000  4.8069E-47
 7736.0000  4.9039E-47
 7737.0000  5.0147E-47
 7738.0000  5.1255E-47
 7739.0000  5.2363E-47
 7740.0000  5.3472E-47
 7741.0000  5.4718E-47
 7742.0000  5.5827E-47
 7743.0000  5.7073E-47
 7744.0000  5.8320E-47
 7745.0000  5.9567E-47
 7746.0000  6.0952E-47
 7747.0000  6.2199E-47
 7748.0000  6.3584E-47
 7749.0000  6.4969E-47
 7750.0000  6.6493E-47
 7751.0000  6.7879E-47
 7752.0000  6.9402E-47
 7753.0000  7.0926E-47
 7754.0000  7.2450E-47
 7755.0000  7.4112E-47
 7756.0000  7.5775E-47
 7757.0000  7.7437E-47
 7758.0000  7.9099E-47
 7759.0000  8.0900E-47
 7760.0000  8.2701E-47
 7761.0000  8.4502E-47
 7762.0000  8.6441E-47
 7763.0000  8.8381E-47
 7764.0000  9.0320E-47
 7765.0000  9.2398E-47
 7766.0000  9.4476E-47
 7767.0000  9.6554E-47
 7768.0000  9.8770E-47
 7769.0000  1.0099E-46
 7770.0000  1.0320E-46
 7771.0000  1.0556E-46
 7772.0000  1.0791E-46
 7773.0000  1.1027E-46
 7774.0000  1.1276E-46
 7775.0000  1.1539E-46
 7776.0000  1.1789E-46
 7777.0000  1.2066E-46
 7778.0000  1.2329E-46
 7779.0000  1.2606E-46
 7780.0000  1.2897E-46
 7781.0000  1.3188E-46
 7782.0000  1.3493E-46
 7783.0000  1.3797E-46
 7784.0000  1.4130E-46
 7785.0000  1.4407E-46
 7786.0000  1.4822E-46
 7787.0000  1.5100E-46
 7788.0000  1.5515E-46
 7789.0000  1.5792E-46
 7790.0000  1.6208E-46
 7791.0000  1.6485E-46
 7792.0000  1.6900E-46
 7793.0000  1.7316E-46
 7794.0000  1.7732E-46
 7795.0000  1.8147E-46
 7796.0000  1.8563E-46
 7797.0000  1.8978E-46
 7798.0000  1.9394E-46
 7799.0000  1.9948E-46
 7800.0000  2.0364E-46
 7801.0000  2.0918E-46
 7802.0000  2.1333E-46
 7803.0000  2.1887E-46
 7804.0000  2.2441E-46
 7805.0000  2.2857E-46
 7806.0000  2.3411E-46
 7807.0000  2.4104E-46
 7808.0000  2.4658E-46
 7809.0000  2.5212E-46
 7810.0000  2.5905E-46
 7811.0000  2.6459E-46
 7812.0000  2.7151E-46
 7813.0000  2.7844E-46
 7814.0000  2.8537E-46
 7815.0000  2.9229E-46
 7816.0000  2.9922E-46
 7817.0000  3.0753E-46
 7818.0000  3.1446E-46
 7819.0000  3.2277E-46
 7820.0000  3.3108E-46
 7821.0000  3.3939E-46
 7822.0000  3.4909E-46
 7823.0000  3.5740E-46
 7824.0000  3.6710E-46
 7825.0000  3.7541E-46
 7826.0000  3.8511E-46
 7827.0000  3.9480E-46
 7828.0000  4.0589E-46
 7829.0000  4.1558E-46
 7830.0000  4.2667E-46
 7831.0000  4.3775E-46
 7832.0000  4.4883E-46
 7833.0000  4.5991E-46
 7834.0000  4.7238E-46
 7835.0000  4.8346E-46
 7836.0000  4.9593E-46
 7837.0000  5.0840E-46
 7838.0000  5.2086E-46
 7839.0000  5.3333E-46
 7840.0000  5.4718E-46
 7841.0000  5.5965E-46
 7842.0000  5.7350E-46
 7843.0000  5.8736E-46
 7844.0000  6.0121E-46
 7845.0000  6.1506E-46
 7846.0000  6.2892E-46
 7847.0000  6.4277E-46
 7848.0000  6.5801E-46
 7849.0000  6.7186E-46
 7850.0000  6.8710E-46
 7851.0000  7.0234E-46
 7852.0000  7.1757E-46
 7853.0000  7.3281E-46
 7854.0000  7.4943E-46
 7855.0000  7.6467E-46
 7856.0000  7.8130E-46
 7857.0000  7.9792E-46
 7858.0000  8.1593E-46
 7859.0000  8.3394E-46
 7860.0000  8.5195E-46
 7861.0000  8.6995E-46
 7862.0000  8.8935E-46
 7863.0000  9.1013E-46
 7864.0000  9.3091E-46
 7865.0000  9.5169E-46
 7866.0000  9.7524E-46
 7867.0000  9.9740E-46
 7868.0000  1.0209E-45
 7869.0000  1.0459E-45
 7870.0000  1.0694E-45
 7871.0000  1.0944E-45
 7872.0000  1.1193E-45
 7873.0000  1.1442E-45
 7874.0000  1.1678E-45
 7875.0000  1.1900E-45
 7876.0000  1.2135E-45
 7877.0000  1.2343E-45
 7878.0000  1.2551E-45
 7879.0000  1.2745E-45
 7880.0000  1.2911E-45
 7881.0000  1.3077E-45
 7882.0000  1.3216E-45
 7883.0000  1.3340E-45
 7884.0000  1.3451E-45
 7885.0000  1.3534E-45
 7886.0000  1.3603E-45
 7887.0000  1.3659E-45
 7888.0000  1.3700E-45
 7889.0000  1.3714E-45
 7890.0000  1.3728E-45
 7891.0000  1.3714E-45
 7892.0000  1.3687E-45
 7893.0000  1.3659E-45
 7894.0000  1.3603E-45
 7895.0000  1.3562E-45
 7896.0000  1.3493E-45
 7897.0000  1.3437E-45
 7898.0000  1.3368E-45
 7899.0000  1.3299E-45
 7900.0000  1.3243E-45
 7901.0000  1.3160E-45
 7902.0000  1.3091E-45
 7903.0000  1.3022E-45
 7904.0000  1.2938E-45
 7905.0000  1.2855E-45
 7906.0000  1.2772E-45
 7907.0000  1.2689E-45
 7908.0000  1.2592E-45
 7909.0000  1.2495E-45
 7910.0000  1.2398E-45
 7911.0000  1.2287E-45
 7912.0000  1.2177E-45
 7913.0000  1.2052E-45
 7914.0000  1.1941E-45
 7915.0000  1.1816E-45
 7916.0000  1.1678E-45
 7917.0000  1.1553E-45
 7918.0000  1.1415E-45
 7919.0000  1.1262E-45
 7920.0000  1.1124E-45
 7921.0000  1.0971E-45
 7922.0000  1.0819E-45
 7923.0000  1.0667E-45
 7924.0000  1.0514E-45
 7925.0000  1.0348E-45
 7926.0000  1.0196E-45
 7927.0000  1.0043E-45
 7928.0000  9.8909E-46
 7929.0000  9.7246E-46
 7930.0000  9.5723E-46
 7931.0000  9.4199E-46
 7932.0000  9.2537E-46
 7933.0000  9.1013E-46
 7934.0000  8.9489E-46
 7935.0000  8.7965E-46
 7936.0000  8.6441E-46
 7937.0000  8.5056E-46
 7938.0000  8.3532E-46
 7939.0000  8.2147E-46
 7940.0000  8.0762E-46
 7941.0000  7.9376E-46
 7942.0000  7.7991E-46
 7943.0000  7.6744E-46
 7944.0000  7.5359E-46
 7945.0000  7.4112E-46
 7946.0000  7.2866E-46
 7947.0000  7.1619E-46
 7948.0000  7.0372E-46
 7949.0000  6.9264E-46
 7950.0000  6.8156E-46
 7951.0000  6.7047E-46
 7952.0000  6.5939E-46
 7953.0000  6.4831E-46
 7954.0000  6.3723E-46
 7955.0000  6.2753E-46
 7956.0000  6.1645E-46
 7957.0000  6.0675E-46
 7958.0000  5.9705E-46
 7959.0000  5.8736E-46
 7960.0000  5.7905E-46
 7961.0000  5.6935E-46
 7962.0000  5.6104E-46
 7963.0000  5.5134E-46
 7964.0000  5.4303E-46
 7965.0000  5.3472E-46
 7966.0000  5.2641E-46
 7967.0000  5.1809E-46
 7968.0000  5.0978E-46
 7969.0000  5.0147E-46
 7970.0000  4.9454E-46
 7971.0000  4.8623E-46
 7972.0000  4.7931E-46
 7973.0000  4.7238E-46
 7974.0000  4.6407E-46
 7975.0000  4.5714E-46
 7976.0000  4.5022E-46
 7977.0000  4.4329E-46
 7978.0000  4.3636E-46
 7979.0000  4.2944E-46
 7980.0000  4.2389E-46
 7981.0000  4.1697E-46
 7982.0000  4.1143E-46
 7983.0000  4.0450E-46
 7984.0000  3.9896E-46
 7985.0000  3.9342E-46
 7986.0000  3.8649E-46
 7987.0000  3.8095E-46
 7988.0000  3.7541E-46
 7989.0000  3.6987E-46
 7990.0000  3.6433E-46
 7991.0000  3.5879E-46
 7992.0000  3.5325E-46
 7993.0000  3.4770E-46
 7994.0000  3.4355E-46
 7995.0000  3.3801E-46
 7996.0000  3.3385E-46
 7997.0000  3.2831E-46
 7998.0000  3.2415E-46
 7999.0000  3.1861E-46
 8000.0000  3.1446E-46
 8001.0000  3.1030E-46
 8002.0000  3.0615E-46
 8003.0000  3.0061E-46
 8004.0000  2.9645E-46
 8005.0000  2.9229E-46
 8006.0000  2.8814E-46
 8007.0000  2.8398E-46
 8008.0000  2.7983E-46
 8009.0000  2.7706E-46
 8010.0000  2.7290E-46
 8011.0000  2.6874E-46
 8012.0000  2.6459E-46
 8013.0000  2.6182E-46
 8014.0000  2.5766E-46
 8015.0000  2.5489E-46
 8016.0000  2.5074E-46
 8017.0000  2.4796E-46
 8018.0000  2.4381E-46
 8019.0000  2.4104E-46
 8020.0000  2.3688E-46
 8021.0000  2.3411E-46
 8022.0000  2.3134E-46
 8023.0000  2.2719E-46
 8024.0000  2.2441E-46
 8025.0000  2.2164E-46
 8026.0000  2.1887E-46
 8027.0000  2.1610E-46
 8028.0000  2.1333E-46
 8029.0000  2.1056E-46
 8030.0000  2.0779E-46
 8031.0000  2.0502E-46
 8032.0000  2.0225E-46
 8033.0000  1.9948E-46
 8034.0000  1.9671E-46
 8035.0000  1.9394E-46
 8036.0000  1.9117E-46
 8037.0000  1.8840E-46
 8038.0000  1.8701E-46
 8039.0000  1.8424E-46
 8040.0000  1.8147E-46
 8041.0000  1.7870E-46
 8042.0000  1.7732E-46
 8043.0000  1.7454E-46
 8044.0000  1.7177E-46
 8045.0000  1.7039E-46
 8046.0000  1.6762E-46
 8047.0000  1.6623E-46
 8048.0000  1.6346E-46
 8049.0000  1.6208E-46
 8050.0000  1.5931E-46
 8051.0000  1.5792E-46
 8052.0000  1.5515E-46
 8053.0000  1.5377E-46
 8054.0000  1.5100E-46
 8055.0000  1.4961E-46
 8056.0000  1.4684E-46
 8057.0000  1.4545E-46
 8058.0000  1.4407E-46
 8059.0000  1.4130E-46
 8060.0000  1.3991E-46
 8061.0000  1.3797E-46
 8062.0000  1.3617E-46
 8063.0000  1.3437E-46
 8064.0000  1.3271E-46
 8065.0000  1.3091E-46
 8066.0000  1.2925E-46
 8067.0000  1.2758E-46
 8068.0000  1.2592E-46
 8069.0000  1.2426E-46
 8070.0000  1.2260E-46
 8071.0000  1.2107E-46
 8072.0000  1.1941E-46
 8073.0000  1.1789E-46
 8074.0000  1.1636E-46
 8075.0000  1.1484E-46
 8076.0000  1.1332E-46
 8077.0000  1.1193E-46
 8078.0000  1.1041E-46
 8079.0000  1.0902E-46
 8080.0000  1.0750E-46
 8081.0000  1.0611E-46
 8082.0000  1.0473E-46
 8083.0000  1.0334E-46
 8084.0000  1.0196E-46
 8085.0000  1.0071E-46
 8086.0000  9.9324E-47
 8087.0000  9.8078E-47
 8088.0000  9.6692E-47
 8089.0000  9.5446E-47
 8090.0000  9.4199E-47
 8091.0000  9.2952E-47
 8092.0000  9.1705E-47
 8093.0000  9.0459E-47
 8094.0000  8.9350E-47
 8095.0000  8.8104E-47
 8096.0000  8.6995E-47
 8097.0000  8.5887E-47
 8098.0000  8.4640E-47
 8099.0000  8.3532E-47
 8100.0000  8.2424E-47
 8101.0000  8.1316E-47
 8102.0000  8.0208E-47
 8103.0000  7.9238E-47
 8104.0000  7.8130E-47
 8105.0000  7.7160E-47
 8106.0000  7.6052E-47
 8107.0000  7.5082E-47
 8108.0000  7.4112E-47
 8109.0000  7.3143E-47
 8110.0000  7.2034E-47
 8111.0000  7.1065E-47
 8112.0000  7.0234E-47
 8113.0000  6.9264E-47
 8114.0000  6.8294E-47
 8115.0000  6.7324E-47
 8116.0000  6.6493E-47
 8117.0000  6.5662E-47
 8118.0000  6.4692E-47
 8119.0000  6.3861E-47
 8120.0000  6.3030E-47
 8121.0000  6.2060E-47
 8122.0000  6.1229E-47
 8123.0000  6.0398E-47
 8124.0000  5.9567E-47
 8125.0000  5.8874E-47
 8126.0000  5.8043E-47
 8127.0000  5.7212E-47
 8128.0000  5.6519E-47
 8129.0000  5.5688E-47
 8130.0000  5.4995E-47
 8131.0000  5.4164E-47
 8132.0000  5.3472E-47
 8133.0000  5.2779E-47
 8134.0000  5.1948E-47
 8135.0000  5.1255E-47
 8136.0000  5.0563E-47
 8137.0000  4.9870E-47
 8138.0000  4.9177E-47
 8139.0000  4.8485E-47
 8140.0000  4.7931E-47
 8141.0000  4.7238E-47
 8142.0000  4.6545E-47
 8143.0000  4.5991E-47
 8144.0000  4.5299E-47
 8145.0000  4.4744E-47
 8146.0000  4.4052E-47
 8147.0000  4.3498E-47
 8148.0000  4.2805E-47
 8149.0000  4.2251E-47
 8150.0000  4.1697E-47
 8151.0000  4.1143E-47
 8152.0000  4.0589E-47
 8153.0000  4.0035E-47
 8154.0000  3.9342E-47
 8155.0000  3.8926E-47
 8156.0000  3.8372E-47
 8157.0000  3.7818E-47
 8158.0000  3.7264E-47
 8159.0000  3.6710E-47
 8160.0000  3.6294E-47
 8161.0000  3.5740E-47
 8162.0000  3.5186E-47
 8163.0000  3.4770E-47
 8164.0000  3.4216E-47
 8165.0000  3.3801E-47
 8166.0000  3.3385E-47
 8167.0000  3.2831E-47
 8168.0000  3.2415E-47
 8169.0000  3.2000E-47
 8170.0000  3.1446E-47
 8171.0000  3.1030E-47
 8172.0000  3.0615E-47
 8173.0000  3.0199E-47
 8174.0000  2.9783E-47
 8175.0000  2.9368E-47
 8176.0000  2.8952E-47
 8177.0000  2.8537E-47
 8178.0000  2.8121E-47
 8179.0000  2.7706E-47
 8180.0000  2.7290E-47
 8181.0000  2.7013E-47
 8182.0000  2.6597E-47
 8183.0000  2.6182E-47
 8184.0000  2.6459E-47
 8185.0000  2.6182E-47
 8186.0000  2.5766E-47
 8187.0000  2.5489E-47
 8188.0000  2.5074E-47
 8189.0000  2.4796E-47
 8190.0000  2.4519E-47
 8191.0000  2.4104E-47
 8192.0000  2.3827E-47
 8193.0000  2.3550E-47
 8194.0000  2.3273E-47
 8195.0000  2.2857E-47
 8196.0000  2.2580E-47
 8197.0000  2.2303E-47
 8198.0000  2.2026E-47
 8199.0000  2.1749E-47
 8200.0000  2.1472E-47
 8201.0000  2.1195E-47
 8202.0000  2.0918E-47
 8203.0000  2.0641E-47
 8204.0000  2.0364E-47
 8205.0000  2.0087E-47
 8206.0000  1.9809E-47
 8207.0000  1.9532E-47
 8208.0000  1.9255E-47
 8209.0000  1.8978E-47
 8210.0000  1.8840E-47
 8211.0000  1.8563E-47
 8212.0000  1.8286E-47
 8213.0000  1.8009E-47
 8214.0000  1.7870E-47
 8215.0000  1.7593E-47
 8216.0000  1.7316E-47
 8217.0000  1.7177E-47
 8218.0000  1.6900E-47
 8219.0000  1.6623E-47
 8220.0000  1.6485E-47
 8221.0000  1.6208E-47
 8222.0000  1.6069E-47
 8223.0000  1.5792E-47
 8224.0000  1.5654E-47
 8225.0000  1.5377E-47
 8226.0000  1.5238E-47
 8227.0000  1.4961E-47
 8228.0000  1.4822E-47
 8229.0000  1.4684E-47
 8230.0000  1.4407E-47
 8231.0000  1.4268E-47
 8232.0000  1.3991E-47
 8233.0000  1.3853E-47
 8234.0000  1.3687E-47
 8235.0000  1.3506E-47
 8236.0000  1.3340E-47
 8237.0000  1.3160E-47
 8238.0000  1.2980E-47
 8239.0000  1.2814E-47
 8240.0000  1.2648E-47
 8241.0000  1.2481E-47
 8242.0000  1.2315E-47
 8243.0000  1.2163E-47
 8244.0000  1.1996E-47
 8245.0000  1.1844E-47
 8246.0000  1.1692E-47
 8247.0000  1.1539E-47
 8248.0000  1.1387E-47
 8249.0000  1.1235E-47
 8250.0000  1.1082E-47
 8251.0000  1.0944E-47
 8252.0000  1.0805E-47
 8253.0000  1.0653E-47
 8254.0000  1.0514E-47
 8255.0000  1.0376E-47
 8256.0000  1.0251E-47
 8257.0000  1.0113E-47
 8258.0000  9.9740E-48
 8259.0000  9.8493E-48
 8260.0000  9.7246E-48
 8261.0000  9.6000E-48
 8262.0000  9.4753E-48
 8263.0000  9.3506E-48
 8264.0000  9.2259E-48
 8265.0000  9.1013E-48
 8266.0000  8.9766E-48
 8267.0000  8.8658E-48
 8268.0000  8.7550E-48
 8269.0000  8.6303E-48
 8270.0000  8.5195E-48
 8271.0000  8.4086E-48
 8272.0000  8.2978E-48
 8273.0000  8.1870E-48
 8274.0000  8.0900E-48
 8275.0000  7.9792E-48
 8276.0000  7.8822E-48
 8277.0000  7.7714E-48
 8278.0000  7.6744E-48
 8279.0000  7.5775E-48
 8280.0000  7.4666E-48
 8281.0000  7.3697E-48
 8282.0000  7.2727E-48
 8283.0000  7.1896E-48
 8284.0000  7.0926E-48
 8285.0000  6.9956E-48
 8286.0000  6.9125E-48
 8287.0000  6.8156E-48
 8288.0000  6.7324E-48
 8289.0000  6.6355E-48
 8290.0000  6.5524E-48
 8291.0000  6.4692E-48
 8292.0000  6.3861E-48
 8293.0000  6.3030E-48
 8294.0000  6.2199E-48
 8295.0000  6.1368E-48
 8296.0000  6.0537E-48
 8297.0000  5.9705E-48
 8298.0000  5.9013E-48
 8299.0000  5.8182E-48
 8300.0000  5.7489E-48
 8301.0000  5.6658E-48
 8302.0000  5.5965E-48
 8303.0000  5.5273E-48
 8304.0000  5.4580E-48
 8305.0000  5.3749E-48
 8306.0000  5.3056E-48
 8307.0000  5.2363E-48
 8308.0000  5.1671E-48
 8309.0000  5.0978E-48
 8310.0000  5.0424E-48
 8311.0000  4.9731E-48
 8312.0000  4.9039E-48
 8313.0000  4.8485E-48
 8314.0000  4.7792E-48
 8315.0000  4.7238E-48
 8316.0000  4.6545E-48
 8317.0000  4.5991E-48
 8318.0000  4.5299E-48
 8319.0000  4.4744E-48
 8320.0000  4.4190E-48
 8321.0000  4.3636E-48
 8322.0000  4.3082E-48
 8323.0000  4.2528E-48
 8324.0000  4.1974E-48
 8325.0000  4.1420E-48
 8326.0000  4.0866E-48
 8327.0000  4.0312E-48
 8328.0000  3.9757E-48
 8329.0000  3.9203E-48
 8330.0000  3.8788E-48
 8331.0000  3.8234E-48
 8332.0000  3.7680E-48
 8333.0000  3.7264E-48
 8334.0000  3.6710E-48
 8335.0000  3.6294E-48
 8336.0000  3.5740E-48
 8337.0000  3.5325E-48
 8338.0000  3.4909E-48
 8339.0000  3.4355E-48
 8340.0000  3.3939E-48
 8341.0000  3.3524E-48
 8342.0000  3.3108E-48
 8343.0000  3.2693E-48
 8344.0000  3.2277E-48
 8345.0000  3.1861E-48
 8346.0000  3.1446E-48
 8347.0000  3.1030E-48
 8348.0000  3.0615E-48
 8349.0000  3.0199E-48
 8350.0000  2.9783E-48
 8351.0000  2.9368E-48
 8352.0000  2.9091E-48
 8353.0000  2.8675E-48
 8354.0000  2.8260E-48
 8355.0000  2.7844E-48
              O2-Air      7583      8355    773    216 1.326E-45 1.000                            58
 7583.0000  2.0502E-48
 7584.0000  2.0918E-48
 7585.0000  2.1472E-48
 7586.0000  2.1887E-48
 7587.0000  2.2441E-48
 7588.0000  2.2857E-48
 7589.0000  2.3411E-48
 7590.0000  2.3827E-48
 7591.0000  2.4381E-48
 7592.0000  2.4935E-48
 7593.0000  2.5489E-48
 7594.0000  2.6043E-48
 7595.0000  2.6597E-48
 7596.0000  2.7290E-48
 7597.0000  2.7844E-48
 7598.0000  2.8398E-48
 7599.0000  2.9091E-48
 7600.0000  2.9783E-48
 7601.0000  3.0338E-48
 7602.0000  3.1030E-48
 7603.0000  3.1723E-48
 7604.0000  3.2415E-48
 7605.0000  3.3108E-48
 7606.0000  3.3801E-48
 7607.0000  3.4632E-48
 7608.0000  3.5325E-48
 7609.0000  3.6156E-48
 7610.0000  3.6848E-48
 7611.0000  3.7680E-48
 7612.0000  3.8511E-48
 7613.0000  3.9342E-48
 7614.0000  4.0173E-48
 7615.0000  4.1143E-48
 7616.0000  4.1974E-48
 7617.0000  4.2944E-48
 7618.0000  4.3913E-48
 7619.0000  4.4883E-48
 7620.0000  4.5853E-48
 7621.0000  4.6822E-48
 7622.0000  4.7792E-48
 7623.0000  4.8900E-48
 7624.0000  4.9870E-48
 7625.0000  5.0978E-48
 7626.0000  5.2086E-48
 7627.0000  5.3195E-48
 7628.0000  5.4441E-48
 7629.0000  5.5550E-48
 7630.0000  5.6796E-48
 7631.0000  5.8043E-48
 7632.0000  5.9290E-48
 7633.0000  6.0537E-48
 7634.0000  6.1783E-48
 7635.0000  6.3169E-48
 7636.0000  6.4554E-48
 7637.0000  6.5939E-48
 7638.0000  6.7324E-48
 7639.0000  6.8848E-48
 7640.0000  7.0372E-48
 7641.0000  7.1757E-48
 7642.0000  7.3420E-48
 7643.0000  7.4943E-48
 7644.0000  7.6606E-48
 7645.0000  7.8268E-48
 7646.0000  7.9930E-48
 7647.0000  8.1593E-48
 7648.0000  8.3394E-48
 7649.0000  8.5195E-48
 7650.0000  8.6995E-48
 7651.0000  8.8796E-48
 7652.0000  9.0736E-48
 7653.0000  9.2675E-48
 7654.0000  9.4614E-48
 7655.0000  9.6692E-48
 7656.0000  9.8770E-48
 7657.0000  1.0085E-47
 7658.0000  1.0306E-47
 7659.0000  1.0514E-47
 7660.0000  1.0750E-47
 7661.0000  1.0971E-47
 7662.0000  1.1207E-47
 7663.0000  1.1442E-47
 7664.0000  1.1692E-47
 7665.0000  1.1941E-47
 7666.0000  1.2190E-47
 7667.0000  1.2454E-47
 7668.0000  1.2717E-47
 7669.0000  1.2994E-47
 7670.0000  1.3271E-47
 7671.0000  1.3548E-47
 7672.0000  1.3839E-47
 7673.0000  1.4130E-47
 7674.0000  1.4407E-47
 7675.0000  1.4684E-47
 7676.0000  1.5100E-47
 7677.0000  1.5377E-47
 7678.0000  1.5654E-47
 7679.0000  1.6069E-47
 7680.0000  1.6346E-47
 7681.0000  1.6762E-47
 7682.0000  1.7039E-47
 7683.0000  1.7454E-47
 7684.0000  1.7732E-47
 7685.0000  1.8147E-47
 7686.0000  1.8563E-47
 7687.0000  1.8978E-47
 7688.0000  1.9394E-47
 7689.0000  1.9671E-47
 7690.0000  2.0087E-47
 7691.0000  2.0641E-47
 7692.0000  2.1056E-47
 7693.0000  2.1472E-47
 7694.0000  2.1887E-47
 7695.0000  2.2303E-47
 7696.0000  2.2857E-47
 7697.0000  2.3273E-47
 7698.0000  2.3827E-47
 7699.0000  2.4242E-47
 7700.0000  2.4796E-47
 7701.0000  2.5351E-47
 7702.0000  2.5905E-47
 7703.0000  2.6459E-47
 7704.0000  2.7013E-47
 7705.0000  2.7567E-47
 7706.0000  2.8121E-47
 7707.0000  2.8675E-47
 7708.0000  2.9229E-47
 7709.0000  2.9922E-47
 7710.0000  3.0476E-47
 7711.0000  3.1169E-47
 7712.0000  3.1861E-47
 7713.0000  3.2415E-47
 7714.0000  3.3108E-47
 7715.0000  3.3801E-47
 7716.0000  3.4493E-47
 7717.0000  3.5325E-47
 7718.0000  3.6017E-47
 7719.0000  3.6710E-47
 7720.0000  3.7541E-47
 7721.0000  3.8372E-47
 7722.0000  3.9203E-47
 7723.0000  3.9896E-47
 7724.0000  4.0866E-47
 7725.0000  4.1697E-47
 7726.0000  4.2528E-47
 7727.0000  4.3359E-47
 7728.0000  4.4329E-47
 7729.0000  4.5299E-47
 7730.0000  4.6268E-47
 7731.0000  4.7238E-47
 7732.0000  4.8208E-47
 7733.0000  4.9177E-47
 7734.0000  5.0286E-47
 7735.0000  5.1255E-47
 7736.0000  5.2363E-47
 7737.0000  5.3472E-47
 7738.0000  5.4580E-47
 7739.0000  5.5827E-47
 7740.0000  5.6935E-47
 7741.0000  5.8182E-47
 7742.0000  5.9428E-47
 7743.0000  6.0675E-47
 7744.0000  6.1922E-47
 7745.0000  6.3307E-47
 7746.0000  6.4692E-47
 7747.0000  6.6078E-47
 7748.0000  6.7463E-47
 7749.0000  6.8848E-47
 7750.0000  7.0372E-47
 7751.0000  7.1896E-47
 7752.0000  7.3420E-47
 7753.0000  7.4943E-47
 7754.0000  7.6606E-47
 7755.0000  7.8268E-47
 7756.0000  7.9930E-47
 7757.0000  8.1593E-47
 7758.0000  8.3394E-47
 7759.0000  8.5195E-47
 7760.0000  8.6995E-47
 7761.0000  8.8935E-47
 7762.0000  9.0874E-47
 7763.0000  9.2814E-47
 7764.0000  9.4753E-47
 7765.0000  9.6831E-47
 7766.0000  9.9047E-47
 7767.0000  1.0113E-46
 7768.0000  1.0334E-46
 7769.0000  1.0556E-46
 7770.0000  1.0791E-46
 7771.0000  1.1027E-46
 7772.0000  1.1262E-46
 7773.0000  1.1512E-46
 7774.0000  1.1761E-46
 7775.0000  1.2024E-46
 7776.0000  1.2287E-46
 7777.0000  1.2564E-46
 7778.0000  1.2828E-46
 7779.0000  1.3119E-46
 7780.0000  1.3409E-46
 7781.0000  1.3700E-46
 7782.0000  1.3991E-46
 7783.0000  1.4268E-46
 7784.0000  1.4684E-46
 7785.0000  1.4961E-46
 7786.0000  1.5238E-46
 7787.0000  1.5654E-46
 7788.0000  1.5931E-46
 7789.0000  1.6346E-46
 7790.0000  1.6762E-46
 7791.0000  1.7039E-46
 7792.0000  1.7454E-46
 7793.0000  1.7870E-46
 7794.0000  1.8286E-46
 7795.0000  1.8701E-46
 7796.0000  1.9117E-46
 7797.0000  1.9532E-46
 7798.0000  1.9948E-46
 7799.0000  2.0502E-46
 7800.0000  2.0918E-46
 7801.0000  2.1333E-46
 7802.0000  2.1887E-46
 7803.0000  2.2441E-46
 7804.0000  2.2996E-46
 7805.0000  2.3411E-46
 7806.0000  2.3965E-46
 7807.0000  2.4658E-46
 7808.0000  2.5212E-46
 7809.0000  2.5766E-46
 7810.0000  2.6459E-46
 7811.0000  2.7013E-46
 7812.0000  2.7706E-46
 7813.0000  2.8398E-46
 7814.0000  2.9091E-46
 7815.0000  2.9783E-46
 7816.0000  3.0476E-46
 7817.0000  3.1169E-46
 7818.0000  3.2000E-46
 7819.0000  3.2831E-46
 7820.0000  3.3662E-46
 7821.0000  3.4493E-46
 7822.0000  3.5325E-46
 7823.0000  3.6156E-46
 7824.0000  3.7125E-46
 7825.0000  3.7957E-46
 7826.0000  3.8926E-46
 7827.0000  3.9896E-46
 7828.0000  4.0866E-46
 7829.0000  4.1974E-46
 7830.0000  4.2944E-46
 7831.0000  4.4052E-46
 7832.0000  4.5160E-46
 7833.0000  4.6268E-46
 7834.0000  4.7376E-46
 7835.0000  4.8485E-46
 7836.0000  4.9731E-46
 7837.0000  5.0840E-46
 7838.0000  5.2086E-46
 7839.0000  5.3333E-46
 7840.0000  5.4580E-46
 7841.0000  5.5827E-46
 7842.0000  5.7073E-46
 7843.0000  5.8459E-46
 7844.0000  5.9705E-46
 7845.0000  6.1091E-46
 7846.0000  6.2337E-46
 7847.0000  6.3723E-46
 7848.0000  6.5108E-46
 7849.0000  6.6493E-46
 7850.0000  6.7879E-46
 7851.0000  6.9402E-46
 7852.0000  7.0788E-46
 7853.0000  7.2311E-46
 7854.0000  7.3835E-46
 7855.0000  7.5359E-46
 7856.0000  7.6883E-46
 7857.0000  7.8545E-46
 7858.0000  8.0208E-46
 7859.0000  8.1870E-46
 7860.0000  8.3532E-46
 7861.0000  8.5333E-46
 7862.0000  8.7272E-46
 7863.0000  8.9212E-46
 7864.0000  9.1151E-46
 7865.0000  9.3229E-46
 7866.0000  9.5307E-46
 7867.0000  9.7524E-46
 7868.0000  9.9740E-46
 7869.0000  1.0209E-45
 7870.0000  1.0431E-45
 7871.0000  1.0667E-45
 7872.0000  1.0902E-45
 7873.0000  1.1138E-45
 7874.0000  1.1359E-45
 7875.0000  1.1567E-45
 7876.0000  1.1789E-45
 7877.0000  1.1983E-45
 7878.0000  1.2177E-45
 7879.0000  1.2357E-45
 7880.0000  1.2509E-45
 7881.0000  1.2661E-45
 7882.0000  1.2800E-45
 7883.0000  1.2911E-45
 7884.0000  1.3008E-45
 7885.0000  1.3091E-45
 7886.0000  1.3146E-45
 7887.0000  1.3202E-45
 7888.0000  1.3229E-45
 7889.0000  1.3243E-45
 7890.0000  1.3257E-45
 7891.0000  1.3243E-45
 7892.0000  1.3216E-45
 7893.0000  1.3188E-45
 7894.0000  1.3132E-45
 7895.0000  1.3091E-45
 7896.0000  1.3035E-45
 7897.0000  1.2966E-45
 7898.0000  1.2911E-45
 7899.0000  1.2842E-45
 7900.0000  1.2786E-45
 7901.0000  1.2717E-45
 7902.0000  1.2648E-45
 7903.0000  1.2578E-45
 7904.0000  1.2509E-45
 7905.0000  1.2426E-45
 7906.0000  1.2357E-45
 7907.0000  1.2274E-45
 7908.0000  1.2190E-45
 7909.0000  1.2093E-45
 7910.0000  1.1996E-45
 7911.0000  1.1900E-45
 7912.0000  1.1803E-45
 7913.0000  1.1692E-45
 7914.0000  1.1581E-45
 7915.0000  1.1470E-45
 7916.0000  1.1345E-45
 7917.0000  1.1221E-45
 7918.0000  1.1096E-45
 7919.0000  1.0958E-45
 7920.0000  1.0833E-45
 7921.0000  1.0694E-45
 7922.0000  1.0556E-45
 7923.0000  1.0403E-45
 7924.0000  1.0265E-45
 7925.0000  1.0113E-45
 7926.0000  9.9601E-46
 7927.0000  9.8216E-46
 7928.0000  9.6692E-46
 7929.0000  9.5169E-46
 7930.0000  9.3783E-46
 7931.0000  9.2259E-46
 7932.0000  9.0736E-46
 7933.0000  8.9350E-46
 7934.0000  8.7827E-46
 7935.0000  8.6441E-46
 7936.0000  8.4917E-46
 7937.0000  8.3532E-46
 7938.0000  8.2147E-46
 7939.0000  8.0900E-46
 7940.0000  7.9515E-46
 7941.0000  7.8130E-46
 7942.0000  7.6883E-46
 7943.0000  7.5636E-46
 7944.0000  7.4389E-46
 7945.0000  7.3143E-46
 7946.0000  7.1896E-46
 7947.0000  7.0649E-46
 7948.0000  6.9541E-46
 7949.0000  6.8433E-46
 7950.0000  6.7324E-46
 7951.0000  6.6216E-46
 7952.0000  6.5247E-46
 7953.0000  6.4138E-46
 7954.0000  6.3169E-46
 7955.0000  6.2060E-46
 7956.0000  6.1091E-46
 7957.0000  6.0121E-46
 7958.0000  5.9151E-46
 7959.0000  5.8320E-46
 7960.0000  5.7350E-46
 7961.0000  5.6519E-46
 7962.0000  5.5688E-46
 7963.0000  5.4718E-46
 7964.0000  5.3887E-46
 7965.0000  5.3056E-46
 7966.0000  5.2225E-46
 7967.0000  5.1532E-46
 7968.0000  5.0701E-46
 7969.0000  4.9870E-46
 7970.0000  4.9177E-46
 7971.0000  4.8485E-46
 7972.0000  4.7654E-46
 7973.0000  4.6961E-46
 7974.0000  4.6268E-46
 7975.0000  4.5576E-46
 7976.0000  4.4883E-46
 7977.0000  4.4190E-46
 7978.0000  4.3636E-46
 7979.0000  4.2944E-46
 7980.0000  4.2251E-46
 7981.0000  4.1697E-46
 7982.0000  4.1004E-46
 7983.0000  4.0450E-46
 7984.0000  3.9896E-46
 7985.0000  3.9342E-46
 7986.0000  3.8649E-46
 7987.0000  3.8095E-46
 7988.0000  3.7541E-46
 7989.0000  3.6987E-46
 7990.0000  3.6433E-46
 7991.0000  3.6017E-46
 7992.0000  3.5463E-46
 7993.0000  3.4909E-46
 7994.0000  3.4493E-46
 7995.0000  3.3939E-46
 7996.0000  3.3385E-46
 7997.0000  3.2970E-46
 7998.0000  3.2554E-46
 7999.0000  3.2000E-46
 8000.0000  3.1584E-46
 8001.0000  3.1169E-46
 8002.0000  3.0753E-46
 8003.0000  3.0338E-46
 8004.0000  2.9783E-46
 8005.0000  2.9368E-46
 8006.0000  2.8952E-46
 8007.0000  2.8675E-46
 8008.0000  2.8260E-46
 8009.0000  2.7844E-46
 8010.0000  2.7428E-46
 8011.0000  2.7013E-46
 8012.0000  2.6736E-46
 8013.0000  2.6320E-46
 8014.0000  2.6043E-46
 8015.0000  2.5628E-46
 8016.0000  2.5351E-46
 8017.0000  2.4935E-46
 8018.0000  2.4658E-46
 8019.0000  2.4242E-46
 8020.0000  2.3965E-46
 8021.0000  2.3688E-46
 8022.0000  2.3273E-46
 8023.0000  2.2996E-46
 8024.0000  2.2719E-46
 8025.0000  2.2441E-46
 8026.0000  2.2164E-46
 8027.0000  2.1887E-46
 8028.0000  2.1472E-46
 8029.0000  2.1195E-46
 8030.0000  2.0918E-46
 8031.0000  2.0641E-46
 8032.0000  2.0502E-46
 8033.0000  2.0225E-46
 8034.0000  1.9948E-46
 8035.0000  1.9671E-46
 8036.0000  1.9394E-46
 8037.0000  1.9117E-46
 8038.0000  1.8840E-46
 8039.0000  1.8701E-46
 8040.0000  1.8424E-46
 8041.0000  1.8147E-46
 8042.0000  1.8009E-46
 8043.0000  1.7732E-46
 8044.0000  1.7454E-46
 8045.0000  1.7316E-46
 8046.0000  1.7039E-46
 8047.0000  1.6900E-46
 8048.0000  1.6623E-46
 8049.0000  1.6346E-46
 8050.0000  1.6208E-46
 8051.0000  1.5931E-46
 8052.0000  1.5792E-46
 8053.0000  1.5654E-46
 8054.0000  1.5377E-46
 8055.0000  1.5238E-46
 8056.0000  1.4961E-46
 8057.0000  1.4822E-46
 8058.0000  1.4684E-46
 8059.0000  1.4407E-46
 8060.0000  1.4268E-46
 8061.0000  1.4130E-46
 8062.0000  1.3853E-46
 8063.0000  1.3714E-46
 8064.0000  1.3548E-46
 8065.0000  1.3368E-46
 8066.0000  1.3202E-46
 8067.0000  1.3035E-46
 8068.0000  1.2869E-46
 8069.0000  1.2703E-46
 8070.0000  1.2551E-46
 8071.0000  1.2384E-46
 8072.0000  1.2232E-46
 8073.0000  1.2080E-46
 8074.0000  1.1913E-46
 8075.0000  1.1761E-46
 8076.0000  1.1609E-46
 8077.0000  1.1470E-46
 8078.0000  1.1318E-46
 8079.0000  1.1179E-46
 8080.0000  1.1041E-46
 8081.0000  1.0888E-46
 8082.0000  1.0750E-46
 8083.0000  1.0611E-46
 8084.0000  1.0487E-46
 8085.0000  1.0348E-46
 8086.0000  1.0209E-46
 8087.0000  1.0085E-46
 8088.0000  9.9463E-47
 8089.0000  9.8216E-47
 8090.0000  9.6969E-47
 8091.0000  9.5723E-47
 8092.0000  9.4476E-47
 8093.0000  9.3229E-47
 8094.0000  9.2121E-47
 8095.0000  9.0874E-47
 8096.0000  8.9766E-47
 8097.0000  8.8519E-47
 8098.0000  8.7411E-47
 8099.0000  8.6303E-47
 8100.0000  8.5195E-47
 8101.0000  8.4086E-47
 8102.0000  8.2978E-47
 8103.0000  8.1870E-47
 8104.0000  8.0900E-47
 8105.0000  7.9792E-47
 8106.0000  7.8684E-47
 8107.0000  7.7714E-47
 8108.0000  7.6744E-47
 8109.0000  7.5775E-47
 8110.0000  7.4666E-47
 8111.0000  7.3697E-47
 8112.0000  7.2727E-47
 8113.0000  7.1757E-47
 8114.0000  7.0926E-47
 8115.0000  6.9956E-47
 8116.0000  6.8987E-47
 8117.0000  6.8156E-47
 8118.0000  6.7186E-47
 8119.0000  6.6355E-47
 8120.0000  6.5524E-47
 8121.0000  6.4554E-47
 8122.0000  6.3723E-47
 8123.0000  6.2892E-47
 8124.0000  6.2060E-47
 8125.0000  6.1229E-47
 8126.0000  6.0537E-47
 8127.0000  5.9705E-47
 8128.0000  5.8874E-47
 8129.0000  5.8043E-47
 8130.0000  5.7350E-47
 8131.0000  5.6519E-47
 8132.0000  5.5827E-47
 8133.0000  5.5134E-47
 8134.0000  5.4303E-47
 8135.0000  5.3610E-47
 8136.0000  5.2918E-47
 8137.0000  5.2225E-47
 8138.0000  5.1532E-47
 8139.0000  5.0840E-47
 8140.0000  5.0147E-47
 8141.0000  4.9454E-47
 8142.0000  4.8762E-47
 8143.0000  4.8208E-47
 8144.0000  4.7515E-47
 8145.0000  4.6822E-47
 8146.0000  4.6268E-47
 8147.0000  4.5576E-47
 8148.0000  4.5022E-47
 8149.0000  4.4329E-47
 8150.0000  4.3775E-47
 8151.0000  4.3221E-47
 8152.0000  4.2667E-47
 8153.0000  4.2112E-47
 8154.0000  4.1420E-47
 8155.0000  4.0866E-47
 8156.0000  4.0312E-47
 8157.0000  3.9757E-47
 8158.0000  3.9342E-47
 8159.0000  3.8788E-47
 8160.0000  3.8234E-47
 8161.0000  3.7680E-47
 8162.0000  3.7264E-47
 8163.0000  3.6710E-47
 8164.0000  3.6156E-47
 8165.0000  3.5740E-47
 8166.0000  3.5186E-47
 8167.0000  3.4770E-47
 8168.0000  3.4216E-47
 8169.0000  3.3801E-47
 8170.0000  3.3385E-47
 8171.0000  3.2831E-47
 8172.0000  3.2415E-47
 8173.0000  3.2000E-47
 8174.0000  3.1584E-47
 8175.0000  3.1169E-47
 8176.0000  3.0753E-47
 8177.0000  3.0338E-47
 8178.0000  2.9783E-47
 8179.0000  2.9506E-47
 8180.0000  2.9091E-47
 8181.0000  2.8675E-47
 8182.0000  2.8260E-47
 8183.0000  2.7844E-47
 8184.0000  2.8260E-47
 8185.0000  2.7844E-47
 8186.0000  2.7428E-47
 8187.0000  2.7151E-47
 8188.0000  2.6736E-47
 8189.0000  2.6459E-47
 8190.0000  2.6043E-47
 8191.0000  2.5766E-47
 8192.0000  2.5489E-47
 8193.0000  2.5074E-47
 8194.0000  2.4796E-47
 8195.0000  2.4519E-47
 8196.0000  2.4104E-47
 8197.0000  2.3827E-47
 8198.0000  2.3550E-47
 8199.0000  2.3273E-47
 8200.0000  2.2996E-47
 8201.0000  2.2719E-47
 8202.0000  2.2303E-47
 8203.0000  2.2026E-47
 8204.0000  2.1749E-47
 8205.0000  2.1472E-47
 8206.0000  2.1195E-47
 8207.0000  2.0918E-47
 8208.0000  2.0641E-47
 8209.0000  2.0502E-47
 8210.0000  2.0225E-47
 8211.0000  1.9948E-47
 8212.0000  1.9671E-47
 8213.0000  1.9394E-47
 8214.0000  1.9117E-47
 8215.0000  1.8978E-47
 8216.0000  1.8701E-47
 8217.0000  1.8424E-47
 8218.0000  1.8147E-47
 8219.0000  1.8009E-47
 8220.0000  1.7732E-47
 8221.0000  1.7593E-47
 8222.0000  1.7316E-47
 8223.0000  1.7039E-47
 8224.0000  1.6900E-47
 8225.0000  1.6623E-47
 8226.0000  1.6485E-47
 8227.0000  1.6208E-47
 8228.0000  1.6069E-47
 8229.0000  1.5792E-47
 8230.0000  1.5654E-47
 8231.0000  1.5377E-47
 8232.0000  1.5238E-47
 8233.0000  1.5100E-47
 8234.0000  1.4822E-47
 8235.0000  1.4684E-47
 8236.0000  1.4407E-47
 8237.0000  1.4268E-47
 8238.0000  1.4130E-47
 8239.0000  1.3853E-47
 8240.0000  1.3742E-47
 8241.0000  1.3562E-47
 8242.0000  1.3396E-47
 8243.0000  1.3229E-47
 8244.0000  1.3063E-47
 8245.0000  1.2897E-47
 8246.0000  1.2731E-47
 8247.0000  1.2564E-47
 8248.0000  1.2412E-47
 8249.0000  1.2246E-47
 8250.0000  1.2093E-47
 8251.0000  1.1941E-47
 8252.0000  1.1789E-47
 8253.0000  1.1636E-47
 8254.0000  1.1484E-47
 8255.0000  1.1345E-47
 8256.0000  1.1207E-47
 8257.0000  1.1055E-47
 8258.0000  1.0916E-47
 8259.0000  1.0777E-47
 8260.0000  1.0639E-47
 8261.0000  1.0500E-47
 8262.0000  1.0376E-47
 8263.0000  1.0237E-47
 8264.0000  1.0113E-47
 8265.0000  9.9878E-48
 8266.0000  9.8632E-48
 8267.0000  9.7385E-48
 8268.0000  9.6138E-48
 8269.0000  9.4891E-48
 8270.0000  9.3645E-48
 8271.0000  9.2398E-48
 8272.0000  9.1290E-48
 8273.0000  9.0182E-48
 8274.0000  8.8935E-48
 8275.0000  8.7827E-48
 8276.0000  8.6718E-48
 8277.0000  8.5610E-48
 8278.0000  8.4502E-48
 8279.0000  8.3532E-48
 8280.0000  8.2424E-48
 8281.0000  8.1316E-48
 8282.0000  8.0346E-48
 8283.0000  7.9376E-48
 8284.0000  7.8268E-48
 8285.0000  7.7298E-48
 8286.0000  7.6329E-48
 8287.0000  7.5359E-48
 8288.0000  7.4389E-48
 8289.0000  7.3420E-48
 8290.0000  7.2589E-48
 8291.0000  7.1619E-48
 8292.0000  7.0649E-48
 8293.0000  6.9818E-48
 8294.0000  6.8987E-48
 8295.0000  6.8017E-48
 8296.0000  6.7186E-48
 8297.0000  6.6355E-48
 8298.0000  6.5524E-48
 8299.0000  6.4692E-48
 8300.0000  6.3861E-48
 8301.0000  6.3030E-48
 8302.0000  6.2199E-48
 8303.0000  6.1506E-48
 8304.0000  6.0675E-48
 8305.0000  5.9844E-48
 8306.0000  5.9151E-48
 8307.0000  5.8459E-48
 8308.0000  5.7628E-48
 8309.0000  5.6935E-48
 8310.0000  5.6242E-48
 8311.0000  5.5550E-48
 8312.0000  5.4718E-48
 8313.0000  5.4026E-48
 8314.0000  5.3472E-48
 8315.0000  5.2779E-48
 8316.0000  5.2086E-48
 8317.0000  5.1394E-48
 8318.0000  5.0701E-48
 8319.0000  5.0147E-48
 8320.0000  4.9454E-48
 8321.0000  4.8900E-48
 8322.0000  4.8208E-48
 8323.0000  4.7654E-48
 8324.0000  4.6961E-48
 8325.0000  4.6407E-48
 8326.0000  4.5853E-48
 8327.0000  4.5299E-48
 8328.0000  4.4606E-48
 8329.0000  4.4052E-48
 8330.0000  4.3498E-48
 8331.0000  4.2944E-48
 8332.0000  4.2389E-48
 8333.0000  4.1835E-48
 8334.0000  4.1420E-48
 8335.0000  4.0866E-48
 8336.0000  4.0312E-48
 8337.0000  3.9757E-48
 8338.0000  3.9342E-48
 8339.0000  3.8788E-48
 8340.0000  3.8372E-48
 8341.0000  3.7818E-48
 8342.0000  3.7402E-48
 8343.0000  3.6848E-48
 8344.0000  3.6433E-48
 8345.0000  3.6017E-48
 8346.0000  3.5463E-48
 8347.0000  3.5048E-48
 8348.0000  3.4632E-48
 8349.0000  3.4216E-48
 8350.0000  3.3801E-48
 8351.0000  3.3385E-48
 8352.0000  3.2831E-48
 8353.0000  3.2415E-48
 8354.0000  3.2000E-48
 8355.0000  3.1584E-48
              O2-Air      7583      8355    773    226 1.283E-45 1.000                            58
 7583.0000  2.3965E-48
 7584.0000  2.4381E-48
 7585.0000  2.4935E-48
 7586.0000  2.5489E-48
 7587.0000  2.6043E-48
 7588.0000  2.6597E-48
 7589.0000  2.7151E-48
 7590.0000  2.7706E-48
 7591.0000  2.8398E-48
 7592.0000  2.8952E-48
 7593.0000  2.9645E-48
 7594.0000  3.0199E-48
 7595.0000  3.0892E-48
 7596.0000  3.1584E-48
 7597.0000  3.2138E-48
 7598.0000  3.2831E-48
 7599.0000  3.3524E-48
 7600.0000  3.4355E-48
 7601.0000  3.5048E-48
 7602.0000  3.5740E-48
 7603.0000  3.6571E-48
 7604.0000  3.7264E-48
 7605.0000  3.8095E-48
 7606.0000  3.8926E-48
 7607.0000  3.9757E-48
 7608.0000  4.0589E-48
 7609.0000  4.1420E-48
 7610.0000  4.2389E-48
 7611.0000  4.3221E-48
 7612.0000  4.4190E-48
 7613.0000  4.5022E-48
 7614.0000  4.5991E-48
 7615.0000  4.6961E-48
 7616.0000  4.8069E-48
 7617.0000  4.9039E-48
 7618.0000  5.0008E-48
 7619.0000  5.1117E-48
 7620.0000  5.2225E-48
 7621.0000  5.3333E-48
 7622.0000  5.4441E-48
 7623.0000  5.5550E-48
 7624.0000  5.6796E-48
 7625.0000  5.7905E-48
 7626.0000  5.9151E-48
 7627.0000  6.0398E-48
 7628.0000  6.1645E-48
 7629.0000  6.3030E-48
 7630.0000  6.4277E-48
 7631.0000  6.5662E-48
 7632.0000  6.7047E-48
 7633.0000  6.8433E-48
 7634.0000  6.9818E-48
 7635.0000  7.1342E-48
 7636.0000  7.2866E-48
 7637.0000  7.4389E-48
 7638.0000  7.5913E-48
 7639.0000  7.7437E-48
 7640.0000  7.9099E-48
 7641.0000  8.0762E-48
 7642.0000  8.2424E-48
 7643.0000  8.4225E-48
 7644.0000  8.5887E-48
 7645.0000  8.7688E-48
 7646.0000  8.9627E-48
 7647.0000  9.1428E-48
 7648.0000  9.3368E-48
 7649.0000  9.5307E-48
 7650.0000  9.7246E-48
 7651.0000  9.9324E-48
 7652.0000  1.0140E-47
 7653.0000  1.0348E-47
 7654.0000  1.0556E-47
 7655.0000  1.0777E-47
 7656.0000  1.0999E-47
 7657.0000  1.1235E-47
 7658.0000  1.1470E-47
 7659.0000  1.1706E-47
 7660.0000  1.1941E-47
 7661.0000  1.2190E-47
 7662.0000  1.2440E-47
 7663.0000  1.2703E-47
 7664.0000  1.2966E-47
 7665.0000  1.3229E-47
 7666.0000  1.3506E-47
 7667.0000  1.3784E-47
 7668.0000  1.4130E-47
 7669.0000  1.4407E-47
 7670.0000  1.4684E-47
 7671.0000  1.4961E-47
 7672.0000  1.5238E-47
 7673.0000  1.5515E-47
 7674.0000  1.5931E-47
 7675.0000  1.6208E-47
 7676.0000  1.6485E-47
 7677.0000  1.6900E-47
 7678.0000  1.7177E-47
 7679.0000  1.7593E-47
 7680.0000  1.8009E-47
 7681.0000  1.8286E-47
 7682.0000  1.8701E-47
 7683.0000  1.9117E-47
 7684.0000  1.9532E-47
 7685.0000  1.9809E-47
 7686.0000  2.0225E-47
 7687.0000  2.0641E-47
 7688.0000  2.1056E-47
 7689.0000  2.1610E-47
 7690.0000  2.2026E-47
 7691.0000  2.2441E-47
 7692.0000  2.2857E-47
 7693.0000  2.3411E-47
 7694.0000  2.3827E-47
 7695.0000  2.4381E-47
 7696.0000  2.4796E-47
 7697.0000  2.5351E-47
 7698.0000  2.5905E-47
 7699.0000  2.6320E-47
 7700.0000  2.6874E-47
 7701.0000  2.7428E-47
 7702.0000  2.7983E-47
 7703.0000  2.8537E-47
 7704.0000  2.9229E-47
 7705.0000  2.9783E-47
 7706.0000  3.0338E-47
 7707.0000  3.1030E-47
 7708.0000  3.1584E-47
 7709.0000  3.2277E-47
 7710.0000  3.2970E-47
 7711.0000  3.3524E-47
 7712.0000  3.4216E-47
 7713.0000  3.4909E-47
 7714.0000  3.5740E-47
 7715.0000  3.6433E-47
 7716.0000  3.7125E-47
 7717.0000  3.7957E-47
 7718.0000  3.8649E-47
 7719.0000  3.9480E-47
 7720.0000  4.0312E-47
 7721.0000  4.1143E-47
 7722.0000  4.1974E-47
 7723.0000  4.2805E-47
 7724.0000  4.3636E-47
 7725.0000  4.4606E-47
 7726.0000  4.5437E-47
 7727.0000  4.6407E-47
 7728.0000  4.7376E-47
 7729.0000  4.8346E-47
 7730.0000  4.9316E-47
 7731.0000  5.0286E-47
 7732.0000  5.1394E-47
 7733.0000  5.2363E-47
 7734.0000  5.3472E-47
 7735.0000  5.4580E-47
 7736.0000  5.5688E-47
 7737.0000  5.6796E-47
 7738.0000  5.8043E-47
 7739.0000  5.9151E-47
 7740.0000  6.0398E-47
 7741.0000  6.1645E-47
 7742.0000  6.2892E-47
 7743.0000  6.4277E-47
 7744.0000  6.5524E-47
 7745.0000  6.6909E-47
 7746.0000  6.8294E-47
 7747.0000  6.9679E-47
 7748.0000  7.1203E-47
 7749.0000  7.2727E-47
 7750.0000  7.4251E-47
 7751.0000  7.5775E-47
 7752.0000  7.7298E-47
 7753.0000  7.8961E-47
 7754.0000  8.0623E-47
 7755.0000  8.2285E-47
 7756.0000  8.3948E-47
 7757.0000  8.5749E-47
 7758.0000  8.7550E-47
 7759.0000  8.9350E-47
 7760.0000  9.1290E-47
 7761.0000  9.3229E-47
 7762.0000  9.5169E-47
 7763.0000  9.7108E-47
 7764.0000  9.9186E-47
 7765.0000  1.0126E-46
 7766.0000  1.0348E-46
 7767.0000  1.0570E-46
 7768.0000  1.0791E-46
 7769.0000  1.1013E-46
 7770.0000  1.1248E-46
 7771.0000  1.1484E-46
 7772.0000  1.1733E-46
 7773.0000  1.1983E-46
 7774.0000  1.2232E-46
 7775.0000  1.2495E-46
 7776.0000  1.2772E-46
 7777.0000  1.3035E-46
 7778.0000  1.3313E-46
 7779.0000  1.3603E-46
 7780.0000  1.3853E-46
 7781.0000  1.4130E-46
 7782.0000  1.4545E-46
 7783.0000  1.4822E-46
 7784.0000  1.5100E-46
 7785.0000  1.5515E-46
 7786.0000  1.5792E-46
 7787.0000  1.6208E-46
 7788.0000  1.6485E-46
 7789.0000  1.6900E-46
 7790.0000  1.7177E-46
 7791.0000  1.7593E-46
 7792.0000  1.8009E-46
 7793.0000  1.8424E-46
 7794.0000  1.8840E-46
 7795.0000  1.9255E-46
 7796.0000  1.9671E-46
 7797.0000  2.0087E-46
 7798.0000  2.0502E-46
 7799.0000  2.0918E-46
 7800.0000  2.1472E-46
 7801.0000  2.1887E-46
 7802.0000  2.2441E-46
 7803.0000  2.2996E-46
 7804.0000  2.3411E-46
 7805.0000  2.3965E-46
 7806.0000  2.4519E-46
 7807.0000  2.5074E-46
 7808.0000  2.5628E-46
 7809.0000  2.6320E-46
 7810.0000  2.6874E-46
 7811.0000  2.7567E-46
 7812.0000  2.8121E-46
 7813.0000  2.8814E-46
 7814.0000  2.9506E-46
 7815.0000  3.0199E-46
 7816.0000  3.0892E-46
 7817.0000  3.1723E-46
 7818.0000  3.2415E-46
 7819.0000  3.3247E-46
 7820.0000  3.4078E-46
 7821.0000  3.4909E-46
 7822.0000  3.5740E-46
 7823.0000  3.6571E-46
 7824.0000  3.7402E-46
 7825.0000  3.8372E-46
 7826.0000  3.9342E-46
 7827.0000  4.0173E-46
 7828.0000  4.1143E-46
 7829.0000  4.2251E-46
 7830.0000  4.3221E-46
 7831.0000  4.4190E-46
 7832.0000  4.5299E-46
 7833.0000  4.6407E-46
 7834.0000  4.7515E-46
 7835.0000  4.8623E-46
 7836.0000  4.9731E-46
 7837.0000  5.0840E-46
 7838.0000  5.1948E-46
 7839.0000  5.3195E-46
 7840.0000  5.4441E-46
 7841.0000  5.5550E-46
 7842.0000  5.6796E-46
 7843.0000  5.8043E-46
 7844.0000  5.9290E-46
 7845.0000  6.0675E-46
 7846.0000  6.1922E-46
 7847.0000  6.3169E-46
 7848.0000  6.4554E-46
 7849.0000  6.5801E-46
 7850.0000  6.7186E-46
 7851.0000  6.8571E-46
 7852.0000  6.9956E-46
 7853.0000  7.1342E-46
 7854.0000  7.2866E-46
 7855.0000  7.4251E-46
 7856.0000  7.5775E-46
 7857.0000  7.7298E-46
 7858.0000  7.8822E-46
 7859.0000  8.0485E-46
 7860.0000  8.2147E-46
 7861.0000  8.3809E-46
 7862.0000  8.5610E-46
 7863.0000  8.7550E-46
 7864.0000  8.9350E-46
 7865.0000  9.1290E-46
 7866.0000  9.3368E-46
 7867.0000  9.5446E-46
 7868.0000  9.7524E-46
 7869.0000  9.9740E-46
 7870.0000  1.0196E-45
 7871.0000  1.0417E-45
 7872.0000  1.0639E-45
 7873.0000  1.0861E-45
 7874.0000  1.1068E-45
 7875.0000  1.1276E-45
 7876.0000  1.1470E-45
 7877.0000  1.1650E-45
 7878.0000  1.1830E-45
 7879.0000  1.1996E-45
 7880.0000  1.2149E-45
 7881.0000  1.2287E-45
 7882.0000  1.2412E-45
 7883.0000  1.2523E-45
 7884.0000  1.2606E-45
 7885.0000  1.2675E-45
 7886.0000  1.2731E-45
 7887.0000  1.2772E-45
 7888.0000  1.2814E-45
 7889.0000  1.2828E-45
 7890.0000  1.2828E-45
 7891.0000  1.2814E-45
 7892.0000  1.2786E-45
 7893.0000  1.2758E-45
 7894.0000  1.2717E-45
 7895.0000  1.2661E-45
 7896.0000  1.2606E-45
 7897.0000  1.2551E-45
 7898.0000  1.2495E-45
 7899.0000  1.2426E-45
 7900.0000  1.2371E-45
 7901.0000  1.2301E-45
 7902.0000  1.2246E-45
 7903.0000  1.2177E-45
 7904.0000  1.2107E-45
 7905.0000  1.2038E-45
 7906.0000  1.1969E-45
 7907.0000  1.1886E-45
 7908.0000  1.1816E-45
 7909.0000  1.1733E-45
 7910.0000  1.1636E-45
 7911.0000  1.1553E-45
 7912.0000  1.1456E-45
 7913.0000  1.1359E-45
 7914.0000  1.1248E-45
 7915.0000  1.1151E-45
 7916.0000  1.1041E-45
 7917.0000  1.0930E-45
 7918.0000  1.0805E-45
 7919.0000  1.0680E-45
 7920.0000  1.0556E-45
 7921.0000  1.0431E-45
 7922.0000  1.0293E-45
 7923.0000  1.0168E-45
 7924.0000  1.0029E-45
 7925.0000  9.8909E-46
 7926.0000  9.7524E-46
 7927.0000  9.6138E-46
 7928.0000  9.4753E-46
 7929.0000  9.3368E-46
 7930.0000  9.1982E-46
 7931.0000  9.0597E-46
 7932.0000  8.9212E-46
 7933.0000  8.7827E-46
 7934.0000  8.6303E-46
 7935.0000  8.5056E-46
 7936.0000  8.3671E-46
 7937.0000  8.2285E-46
 7938.0000  8.0900E-46
 7939.0000  7.9653E-46
 7940.0000  7.8407E-46
 7941.0000  7.7160E-46
 7942.0000  7.5913E-46
 7943.0000  7.4666E-46
 7944.0000  7.3420E-46
 7945.0000  7.2173E-46
 7946.0000  7.1065E-46
 7947.0000  6.9956E-46
 7948.0000  6.8848E-46
 7949.0000  6.7740E-46
 7950.0000  6.6632E-46
 7951.0000  6.5524E-46
 7952.0000  6.4554E-46
 7953.0000  6.3584E-46
 7954.0000  6.2476E-46
 7955.0000  6.1506E-46
 7956.0000  6.0537E-46
 7957.0000  5.9705E-46
 7958.0000  5.8736E-46
 7959.0000  5.7766E-46
 7960.0000  5.6935E-46
 7961.0000  5.6104E-46
 7962.0000  5.5273E-46
 7963.0000  5.4441E-46
 7964.0000  5.3610E-46
 7965.0000  5.2779E-46
 7966.0000  5.1948E-46
 7967.0000  5.1255E-46
 7968.0000  5.0424E-46
 7969.0000  4.9731E-46
 7970.0000  4.9039E-46
 7971.0000  4.8208E-46
 7972.0000  4.7515E-46
 7973.0000  4.6822E-46
 7974.0000  4.6130E-46
 7975.0000  4.5437E-46
 7976.0000  4.4744E-46
 7977.0000  4.4190E-46
 7978.0000  4.3498E-46
 7979.0000  4.2944E-46
 7980.0000  4.2251E-46
 7981.0000  4.1697E-46
 7982.0000  4.1004E-46
 7983.0000  4.0450E-46
 7984.0000  3.9896E-46
 7985.0000  3.9342E-46
 7986.0000  3.8788E-46
 7987.0000  3.8234E-46
 7988.0000  3.7680E-46
 7989.0000  3.7125E-46
 7990.0000  3.6571E-46
 7991.0000  3.6017E-46
 7992.0000  3.5602E-46
 7993.0000  3.5048E-46
 7994.0000  3.4493E-46
 7995.0000  3.4078E-46
 7996.0000  3.3524E-46
 7997.0000  3.3108E-46
 7998.0000  3.2693E-46
 7999.0000  3.2138E-46
 8000.0000  3.1723E-46
 8001.0000  3.1307E-46
 8002.0000  3.0892E-46
 8003.0000  3.0476E-46
 8004.0000  3.0061E-46
 8005.0000  2.9645E-46
 8006.0000  2.9229E-46
 8007.0000  2.8814E-46
 8008.0000  2.8398E-46
 8009.0000  2.7983E-46
 8010.0000  2.7706E-46
 8011.0000  2.7290E-46
 8012.0000  2.6874E-46
 8013.0000  2.6597E-46
 8014.0000  2.6182E-46
 8015.0000  2.5905E-46
 8016.0000  2.5489E-46
 8017.0000  2.5212E-46
 8018.0000  2.4796E-46
 8019.0000  2.4519E-46
 8020.0000  2.4242E-46
 8021.0000  2.3827E-46
 8022.0000  2.3550E-46
 8023.0000  2.3273E-46
 8024.0000  2.2996E-46
 8025.0000  2.2719E-46
 8026.0000  2.2303E-46
 8027.0000  2.2026E-46
 8028.0000  2.1749E-46
 8029.0000  2.1472E-46
 8030.0000  2.1195E-46
 8031.0000  2.0918E-46
 8032.0000  2.0641E-46
 8033.0000  2.0502E-46
 8034.0000  2.0225E-46
 8035.0000  1.9948E-46
 8036.0000  1.9671E-46
 8037.0000  1.9394E-46
 8038.0000  1.9117E-46
 8039.0000  1.8978E-46
 8040.0000  1.8701E-46
 8041.0000  1.8424E-46
 8042.0000  1.8286E-46
 8043.0000  1.8009E-46
 8044.0000  1.7732E-46
 8045.0000  1.7593E-46
 8046.0000  1.7316E-46
 8047.0000  1.7177E-46
 8048.0000  1.6900E-46
 8049.0000  1.6623E-46
 8050.0000  1.6485E-46
 8051.0000  1.6208E-46
 8052.0000  1.6069E-46
 8053.0000  1.5931E-46
 8054.0000  1.5654E-46
 8055.0000  1.5515E-46
 8056.0000  1.5238E-46
 8057.0000  1.5100E-46
 8058.0000  1.4961E-46
 8059.0000  1.4684E-46
 8060.0000  1.4545E-46
 8061.0000  1.4407E-46
 8062.0000  1.4130E-46
 8063.0000  1.3991E-46
 8064.0000  1.3825E-46
 8065.0000  1.3659E-46
 8066.0000  1.3493E-46
 8067.0000  1.3326E-46
 8068.0000  1.3160E-46
 8069.0000  1.2994E-46
 8070.0000  1.2828E-46
 8071.0000  1.2675E-46
 8072.0000  1.2509E-46
 8073.0000  1.2357E-46
 8074.0000  1.2204E-46
 8075.0000  1.2052E-46
 8076.0000  1.1900E-46
 8077.0000  1.1747E-46
 8078.0000  1.1609E-46
 8079.0000  1.1456E-46
 8080.0000  1.1318E-46
 8081.0000  1.1179E-46
 8082.0000  1.1041E-46
 8083.0000  1.0902E-46
 8084.0000  1.0764E-46
 8085.0000  1.0625E-46
 8086.0000  1.0500E-46
 8087.0000  1.0362E-46
 8088.0000  1.0237E-46
 8089.0000  1.0099E-46
 8090.0000  9.9740E-47
 8091.0000  9.8493E-47
 8092.0000  9.7246E-47
 8093.0000  9.6000E-47
 8094.0000  9.4891E-47
 8095.0000  9.3645E-47
 8096.0000  9.2537E-47
 8097.0000  9.1290E-47
 8098.0000  9.0182E-47
 8099.0000  8.9073E-47
 8100.0000  8.7827E-47
 8101.0000  8.6718E-47
 8102.0000  8.5610E-47
 8103.0000  8.4640E-47
 8104.0000  8.3532E-47
 8105.0000  8.2424E-47
 8106.0000  8.1454E-47
 8107.0000  8.0346E-47
 8108.0000  7.9376E-47
 8109.0000  7.8407E-47
 8110.0000  7.7298E-47
 8111.0000  7.6329E-47
 8112.0000  7.5359E-47
 8113.0000  7.4389E-47
 8114.0000  7.3420E-47
 8115.0000  7.2589E-47
 8116.0000  7.1619E-47
 8117.0000  7.0649E-47
 8118.0000  6.9818E-47
 8119.0000  6.8848E-47
 8120.0000  6.8017E-47
 8121.0000  6.7186E-47
 8122.0000  6.6216E-47
 8123.0000  6.5385E-47
 8124.0000  6.4554E-47
 8125.0000  6.3723E-47
 8126.0000  6.2892E-47
 8127.0000  6.2060E-47
 8128.0000  6.1229E-47
 8129.0000  6.0537E-47
 8130.0000  5.9705E-47
 8131.0000  5.9013E-47
 8132.0000  5.8182E-47
 8133.0000  5.7489E-47
 8134.0000  5.6658E-47
 8135.0000  5.5965E-47
 8136.0000  5.5273E-47
 8137.0000  5.4441E-47
 8138.0000  5.3749E-47
 8139.0000  5.3056E-47
 8140.0000  5.2363E-47
 8141.0000  5.1671E-47
 8142.0000  5.0978E-47
 8143.0000  5.0424E-47
 8144.0000  4.9731E-47
 8145.0000  4.9039E-47
 8146.0000  4.8485E-47
 8147.0000  4.7792E-47
 8148.0000  4.7238E-47
 8149.0000  4.6545E-47
 8150.0000  4.5991E-47
 8151.0000  4.5299E-47
 8152.0000  4.4744E-47
 8153.0000  4.4190E-47
 8154.0000  4.3498E-47
 8155.0000  4.2944E-47
 8156.0000  4.2389E-47
 8157.0000  4.1835E-47
 8158.0000  4.1281E-47
 8159.0000  4.0727E-47
 8160.0000  4.0173E-47
 8161.0000  3.9757E-47
 8162.0000  3.9203E-47
 8163.0000  3.8649E-47
 8164.0000  3.8095E-47
 8165.0000  3.7680E-47
 8166.0000  3.7125E-47
 8167.0000  3.6710E-47
 8168.0000  3.6156E-47
 8169.0000  3.5740E-47
 8170.0000  3.5186E-47
 8171.0000  3.4770E-47
 8172.0000  3.4216E-47
 8173.0000  3.3801E-47
 8174.0000  3.3385E-47
 8175.0000  3.2970E-47
 8176.0000  3.2415E-47
 8177.0000  3.2000E-47
 8178.0000  3.1584E-47
 8179.0000  3.1169E-47
 8180.0000  3.0753E-47
 8181.0000  3.0338E-47
 8182.0000  2.9922E-47
 8183.0000  2.9506E-47
 8184.0000  2.9922E-47
 8185.0000  2.9506E-47
 8186.0000  2.9229E-47
 8187.0000  2.8814E-47
 8188.0000  2.8398E-47
 8189.0000  2.8121E-47
 8190.0000  2.7706E-47
 8191.0000  2.7428E-47
 8192.0000  2.7013E-47
 8193.0000  2.6736E-47
 8194.0000  2.6459E-47
 8195.0000  2.6043E-47
 8196.0000  2.5766E-47
 8197.0000  2.5351E-47
 8198.0000  2.5074E-47
 8199.0000  2.4796E-47
 8200.0000  2.4519E-47
 8201.0000  2.4242E-47
 8202.0000  2.3827E-47
 8203.0000  2.3550E-47
 8204.0000  2.3273E-47
 8205.0000  2.2996E-47
 8206.0000  2.2719E-47
 8207.0000  2.2441E-47
 8208.0000  2.2164E-47
 8209.0000  2.1887E-47
 8210.0000  2.1610E-47
 8211.0000  2.1333E-47
 8212.0000  2.1056E-47
 8213.0000  2.0779E-47
 8214.0000  2.0502E-47
 8215.0000  2.0364E-47
 8216.0000  2.0087E-47
 8217.0000  1.9809E-47
 8218.0000  1.9532E-47
 8219.0000  1.9255E-47
 8220.0000  1.9117E-47
 8221.0000  1.8840E-47
 8222.0000  1.8563E-47
 8223.0000  1.8424E-47
 8224.0000  1.8147E-47
 8225.0000  1.7870E-47
 8226.0000  1.7732E-47
 8227.0000  1.7454E-47
 8228.0000  1.7316E-47
 8229.0000  1.7039E-47
 8230.0000  1.6900E-47
 8231.0000  1.6623E-47
 8232.0000  1.6485E-47
 8233.0000  1.6208E-47
 8234.0000  1.6069E-47
 8235.0000  1.5792E-47
 8236.0000  1.5654E-47
 8237.0000  1.5377E-47
 8238.0000  1.5238E-47
 8239.0000  1.5100E-47
 8240.0000  1.4822E-47
 8241.0000  1.4684E-47
 8242.0000  1.4545E-47
 8243.0000  1.4268E-47
 8244.0000  1.4130E-47
 8245.0000  1.3991E-47
 8246.0000  1.3797E-47
 8247.0000  1.3631E-47
 8248.0000  1.3465E-47
 8249.0000  1.3299E-47
 8250.0000  1.3132E-47
 8251.0000  1.2966E-47
 8252.0000  1.2814E-47
 8253.0000  1.2648E-47
 8254.0000  1.2495E-47
 8255.0000  1.2343E-47
 8256.0000  1.2190E-47
 8257.0000  1.2038E-47
 8258.0000  1.1886E-47
 8259.0000  1.1747E-47
 8260.0000  1.1595E-47
 8261.0000  1.1456E-47
 8262.0000  1.1318E-47
 8263.0000  1.1179E-47
 8264.0000  1.1041E-47
 8265.0000  1.0902E-47
 8266.0000  1.0764E-47
 8267.0000  1.0639E-47
 8268.0000  1.0500E-47
 8269.0000  1.0376E-47
 8270.0000  1.0237E-47
 8271.0000  1.0113E-47
 8272.0000  9.9878E-48
 8273.0000  9.8632E-48
 8274.0000  9.7524E-48
 8275.0000  9.6277E-48
 8276.0000  9.5030E-48
 8277.0000  9.3922E-48
 8278.0000  9.2814E-48
 8279.0000  9.1567E-48
 8280.0000  9.0459E-48
 8281.0000  8.9350E-48
 8282.0000  8.8242E-48
 8283.0000  8.7134E-48
 8284.0000  8.6164E-48
 8285.0000  8.5056E-48
 8286.0000  8.3948E-48
 8287.0000  8.2978E-48
 8288.0000  8.1870E-48
 8289.0000  8.0900E-48
 8290.0000  7.9930E-48
 8291.0000  7.8961E-48
 8292.0000  7.7991E-48
 8293.0000  7.7021E-48
 8294.0000  7.6052E-48
 8295.0000  7.5082E-48
 8296.0000  7.4251E-48
 8297.0000  7.3281E-48
 8298.0000  7.2311E-48
 8299.0000  7.1480E-48
 8300.0000  7.0649E-48
 8301.0000  6.9679E-48
 8302.0000  6.8848E-48
 8303.0000  6.8017E-48
 8304.0000  6.7186E-48
 8305.0000  6.6355E-48
 8306.0000  6.5524E-48
 8307.0000  6.4692E-48
 8308.0000  6.3861E-48
 8309.0000  6.3169E-48
 8310.0000  6.2337E-48
 8311.0000  6.1645E-48
 8312.0000  6.0814E-48
 8313.0000  6.0121E-48
 8314.0000  5.9290E-48
 8315.0000  5.8597E-48
 8316.0000  5.7905E-48
 8317.0000  5.7212E-48
 8318.0000  5.6519E-48
 8319.0000  5.5827E-48
 8320.0000  5.5134E-48
 8321.0000  5.4441E-48
 8322.0000  5.3749E-48
 8323.0000  5.3056E-48
 8324.0000  5.2363E-48
 8325.0000  5.1809E-48
 8326.0000  5.1117E-48
 8327.0000  5.0563E-48
 8328.0000  4.9870E-48
 8329.0000  4.9316E-48
 8330.0000  4.8623E-48
 8331.0000  4.8069E-48
 8332.0000  4.7515E-48
 8333.0000  4.6822E-48
 8334.0000  4.6268E-48
 8335.0000  4.5714E-48
 8336.0000  4.5160E-48
 8337.0000  4.4606E-48
 8338.0000  4.4052E-48
 8339.0000  4.3498E-48
 8340.0000  4.2944E-48
 8341.0000  4.2389E-48
 8342.0000  4.1974E-48
 8343.0000  4.1420E-48
 8344.0000  4.0866E-48
 8345.0000  4.0450E-48
 8346.0000  3.9896E-48
 8347.0000  3.9342E-48
 8348.0000  3.8926E-48
 8349.0000  3.8511E-48
 8350.0000  3.7957E-48
 8351.0000  3.7541E-48
 8352.0000  3.6987E-48
 8353.0000  3.6571E-48
 8354.0000  3.6156E-48
 8355.0000  3.5740E-48
              O2-Air      7583      8355    773    236 1.244E-45 1.000                            58
 7583.0000  2.7706E-48
 7584.0000  2.8260E-48
 7585.0000  2.8814E-48
 7586.0000  2.9368E-48
 7587.0000  3.0061E-48
 7588.0000  3.0615E-48
 7589.0000  3.1307E-48
 7590.0000  3.1861E-48
 7591.0000  3.2554E-48
 7592.0000  3.3247E-48
 7593.0000  3.3939E-48
 7594.0000  3.4632E-48
 7595.0000  3.5325E-48
 7596.0000  3.6156E-48
 7597.0000  3.6848E-48
 7598.0000  3.7680E-48
 7599.0000  3.8372E-48
 7600.0000  3.9203E-48
 7601.0000  4.0035E-48
 7602.0000  4.0866E-48
 7603.0000  4.1697E-48
 7604.0000  4.2528E-48
 7605.0000  4.3359E-48
 7606.0000  4.4329E-48
 7607.0000  4.5299E-48
 7608.0000  4.6130E-48
 7609.0000  4.7099E-48
 7610.0000  4.8069E-48
 7611.0000  4.9039E-48
 7612.0000  5.0147E-48
 7613.0000  5.1117E-48
 7614.0000  5.2225E-48
 7615.0000  5.3195E-48
 7616.0000  5.4303E-48
 7617.0000  5.5411E-48
 7618.0000  5.6658E-48
 7619.0000  5.7766E-48
 7620.0000  5.9013E-48
 7621.0000  6.0121E-48
 7622.0000  6.1368E-48
 7623.0000  6.2615E-48
 7624.0000  6.4000E-48
 7625.0000  6.5247E-48
 7626.0000  6.6632E-48
 7627.0000  6.7879E-48
 7628.0000  6.9264E-48
 7629.0000  7.0788E-48
 7630.0000  7.2173E-48
 7631.0000  7.3697E-48
 7632.0000  7.5221E-48
 7633.0000  7.6744E-48
 7634.0000  7.8268E-48
 7635.0000  7.9930E-48
 7636.0000  8.1454E-48
 7637.0000  8.3117E-48
 7638.0000  8.4779E-48
 7639.0000  8.6580E-48
 7640.0000  8.8381E-48
 7641.0000  9.0182E-48
 7642.0000  9.1982E-48
 7643.0000  9.3783E-48
 7644.0000  9.5723E-48
 7645.0000  9.7662E-48
 7646.0000  9.9601E-48
 7647.0000  1.0168E-47
 7648.0000  1.0376E-47
 7649.0000  1.0584E-47
 7650.0000  1.0791E-47
 7651.0000  1.1013E-47
 7652.0000  1.1235E-47
 7653.0000  1.1456E-47
 7654.0000  1.1692E-47
 7655.0000  1.1927E-47
 7656.0000  1.2163E-47
 7657.0000  1.2412E-47
 7658.0000  1.2661E-47
 7659.0000  1.2925E-47
 7660.0000  1.3174E-47
 7661.0000  1.3451E-47
 7662.0000  1.3714E-47
 7663.0000  1.3991E-47
 7664.0000  1.4268E-47
 7665.0000  1.4545E-47
 7666.0000  1.4822E-47
 7667.0000  1.5100E-47
 7668.0000  1.5515E-47
 7669.0000  1.5792E-47
 7670.0000  1.6069E-47
 7671.0000  1.6346E-47
 7672.0000  1.6762E-47
 7673.0000  1.7039E-47
 7674.0000  1.7454E-47
 7675.0000  1.7732E-47
 7676.0000  1.8147E-47
 7677.0000  1.8424E-47
 7678.0000  1.8840E-47
 7679.0000  1.9255E-47
 7680.0000  1.9532E-47
 7681.0000  1.9948E-47
 7682.0000  2.0364E-47
 7683.0000  2.0779E-47
 7684.0000  2.1195E-47
 7685.0000  2.1610E-47
 7686.0000  2.2026E-47
 7687.0000  2.2441E-47
 7688.0000  2.2996E-47
 7689.0000  2.3411E-47
 7690.0000  2.3827E-47
 7691.0000  2.4381E-47
 7692.0000  2.4796E-47
 7693.0000  2.5351E-47
 7694.0000  2.5766E-47
 7695.0000  2.6320E-47
 7696.0000  2.6874E-47
 7697.0000  2.7428E-47
 7698.0000  2.7844E-47
 7699.0000  2.8398E-47
 7700.0000  2.9091E-47
 7701.0000  2.9645E-47
 7702.0000  3.0199E-47
 7703.0000  3.0753E-47
 7704.0000  3.1446E-47
 7705.0000  3.2000E-47
 7706.0000  3.2693E-47
 7707.0000  3.3247E-47
 7708.0000  3.3939E-47
 7709.0000  3.4632E-47
 7710.0000  3.5325E-47
 7711.0000  3.6017E-47
 7712.0000  3.6710E-47
 7713.0000  3.7402E-47
 7714.0000  3.8234E-47
 7715.0000  3.8926E-47
 7716.0000  3.9757E-47
 7717.0000  4.0589E-47
 7718.0000  4.1281E-47
 7719.0000  4.2112E-47
 7720.0000  4.2944E-47
 7721.0000  4.3775E-47
 7722.0000  4.4744E-47
 7723.0000  4.5576E-47
 7724.0000  4.6545E-47
 7725.0000  4.7376E-47
 7726.0000  4.8346E-47
 7727.0000  4.9316E-47
 7728.0000  5.0286E-47
 7729.0000  5.1394E-47
 7730.0000  5.2363E-47
 7731.0000  5.3472E-47
 7732.0000  5.4441E-47
 7733.0000  5.5550E-47
 7734.0000  5.6658E-47
 7735.0000  5.7766E-47
 7736.0000  5.9013E-47
 7737.0000  6.0121E-47
 7738.0000  6.1368E-47
 7739.0000  6.2615E-47
 7740.0000  6.3861E-47
 7741.0000  6.5108E-47
 7742.0000  6.6493E-47
 7743.0000  6.7740E-47
 7744.0000  6.9125E-47
 7745.0000  7.0511E-47
 7746.0000  7.2034E-47
 7747.0000  7.3420E-47
 7748.0000  7.4943E-47
 7749.0000  7.6467E-47
 7750.0000  7.7991E-47
 7751.0000  7.9653E-47
 7752.0000  8.1177E-47
 7753.0000  8.2840E-47
 7754.0000  8.4502E-47
 7755.0000  8.6303E-47
 7756.0000  8.7965E-47
 7757.0000  8.9766E-47
 7758.0000  9.1567E-47
 7759.0000  9.3506E-47
 7760.0000  9.5446E-47
 7761.0000  9.7385E-47
 7762.0000  9.9324E-47
 7763.0000  1.0140E-46
 7764.0000  1.0348E-46
 7765.0000  1.0556E-46
 7766.0000  1.0777E-46
 7767.0000  1.0999E-46
 7768.0000  1.1235E-46
 7769.0000  1.1456E-46
 7770.0000  1.1706E-46
 7771.0000  1.1941E-46
 7772.0000  1.2190E-46
 7773.0000  1.2440E-46
 7774.0000  1.2703E-46
 7775.0000  1.2966E-46
 7776.0000  1.3229E-46
 7777.0000  1.3506E-46
 7778.0000  1.3784E-46
 7779.0000  1.4130E-46
 7780.0000  1.4407E-46
 7781.0000  1.4684E-46
 7782.0000  1.4961E-46
 7783.0000  1.5238E-46
 7784.0000  1.5654E-46
 7785.0000  1.5931E-46
 7786.0000  1.6346E-46
 7787.0000  1.6623E-46
 7788.0000  1.7039E-46
 7789.0000  1.7316E-46
 7790.0000  1.7732E-46
 7791.0000  1.8147E-46
 7792.0000  1.8424E-46
 7793.0000  1.8840E-46
 7794.0000  1.9255E-46
 7795.0000  1.9671E-46
 7796.0000  2.0087E-46
 7797.0000  2.0502E-46
 7798.0000  2.1056E-46
 7799.0000  2.1472E-46
 7800.0000  2.1887E-46
 7801.0000  2.2441E-46
 7802.0000  2.2857E-46
 7803.0000  2.3411E-46
 7804.0000  2.3965E-46
 7805.0000  2.4519E-46
 7806.0000  2.5074E-46
 7807.0000  2.5628E-46
 7808.0000  2.6182E-46
 7809.0000  2.6736E-46
 7810.0000  2.7428E-46
 7811.0000  2.7983E-46
 7812.0000  2.8675E-46
 7813.0000  2.9368E-46
 7814.0000  3.0061E-46
 7815.0000  3.0753E-46
 7816.0000  3.1446E-46
 7817.0000  3.2138E-46
 7818.0000  3.2970E-46
 7819.0000  3.3662E-46
 7820.0000  3.4493E-46
 7821.0000  3.5325E-46
 7822.0000  3.6156E-46
 7823.0000  3.6987E-46
 7824.0000  3.7818E-46
 7825.0000  3.8649E-46
 7826.0000  3.9619E-46
 7827.0000  4.0589E-46
 7828.0000  4.1420E-46
 7829.0000  4.2389E-46
 7830.0000  4.3498E-46
 7831.0000  4.4467E-46
 7832.0000  4.5437E-46
 7833.0000  4.6545E-46
 7834.0000  4.7515E-46
 7835.0000  4.8623E-46
 7836.0000  4.9731E-46
 7837.0000  5.0840E-46
 7838.0000  5.1948E-46
 7839.0000  5.3056E-46
 7840.0000  5.4303E-46
 7841.0000  5.5411E-46
 7842.0000  5.6658E-46
 7843.0000  5.7766E-46
 7844.0000  5.9013E-46
 7845.0000  6.0260E-46
 7846.0000  6.1506E-46
 7847.0000  6.2753E-46
 7848.0000  6.4000E-46
 7849.0000  6.5247E-46
 7850.0000  6.6493E-46
 7851.0000  6.7879E-46
 7852.0000  6.9125E-46
 7853.0000  7.0511E-46
 7854.0000  7.1896E-46
 7855.0000  7.3281E-46
 7856.0000  7.4805E-46
 7857.0000  7.6190E-46
 7858.0000  7.7714E-46
 7859.0000  7.9238E-46
 7860.0000  8.0900E-46
 7861.0000  8.2424E-46
 7862.0000  8.4225E-46
 7863.0000  8.6026E-46
 7864.0000  8.7827E-46
 7865.0000  8.9627E-46
 7866.0000  9.1567E-46
 7867.0000  9.3506E-46
 7868.0000  9.5584E-46
 7869.0000  9.7662E-46
 7870.0000  9.9740E-46
 7871.0000  1.0196E-45
 7872.0000  1.0403E-45
 7873.0000  1.0597E-45
 7874.0000  1.0805E-45
 7875.0000  1.0999E-45
 7876.0000  1.1179E-45
 7877.0000  1.1359E-45
 7878.0000  1.1526E-45
 7879.0000  1.1678E-45
 7880.0000  1.1816E-45
 7881.0000  1.1955E-45
 7882.0000  1.2066E-45
 7883.0000  1.2163E-45
 7884.0000  1.2246E-45
 7885.0000  1.2315E-45
 7886.0000  1.2357E-45
 7887.0000  1.2398E-45
 7888.0000  1.2426E-45
 7889.0000  1.2440E-45
 7890.0000  1.2440E-45
 7891.0000  1.2426E-45
 7892.0000  1.2398E-45
 7893.0000  1.2371E-45
 7894.0000  1.2329E-45
 7895.0000  1.2274E-45
 7896.0000  1.2232E-45
 7897.0000  1.2177E-45
 7898.0000  1.2121E-45
 7899.0000  1.2052E-45
 7900.0000  1.1996E-45
 7901.0000  1.1941E-45
 7902.0000  1.1886E-45
 7903.0000  1.1816E-45
 7904.0000  1.1747E-45
 7905.0000  1.1692E-45
 7906.0000  1.1622E-45
 7907.0000  1.1553E-45
 7908.0000  1.1470E-45
 7909.0000  1.1401E-45
 7910.0000  1.1318E-45
 7911.0000  1.1235E-45
 7912.0000  1.1151E-45
 7913.0000  1.1055E-45
 7914.0000  1.0958E-45
 7915.0000  1.0861E-45
 7916.0000  1.0764E-45
 7917.0000  1.0653E-45
 7918.0000  1.0542E-45
 7919.0000  1.0431E-45
 7920.0000  1.0320E-45
 7921.0000  1.0196E-45
 7922.0000  1.0071E-45
 7923.0000  9.9463E-46
 7924.0000  9.8216E-46
 7925.0000  9.6831E-46
 7926.0000  9.5584E-46
 7927.0000  9.4337E-46
 7928.0000  9.2952E-46
 7929.0000  9.1705E-46
 7930.0000  9.0320E-46
 7931.0000  8.9073E-46
 7932.0000  8.7688E-46
 7933.0000  8.6303E-46
 7934.0000  8.5056E-46
 7935.0000  8.3671E-46
 7936.0000  8.2424E-46
 7937.0000  8.1177E-46
 7938.0000  7.9792E-46
 7939.0000  7.8545E-46
 7940.0000  7.7298E-46
 7941.0000  7.6190E-46
 7942.0000  7.4943E-46
 7943.0000  7.3697E-46
 7944.0000  7.2589E-46
 7945.0000  7.1480E-46
 7946.0000  7.0234E-46
 7947.0000  6.9125E-46
 7948.0000  6.8156E-46
 7949.0000  6.7047E-46
 7950.0000  6.5939E-46
 7951.0000  6.4969E-46
 7952.0000  6.4000E-46
 7953.0000  6.3030E-46
 7954.0000  6.2060E-46
 7955.0000  6.1091E-46
 7956.0000  6.0121E-46
 7957.0000  5.9151E-46
 7958.0000  5.8320E-46
 7959.0000  5.7489E-46
 7960.0000  5.6519E-46
 7961.0000  5.5688E-46
 7962.0000  5.4857E-46
 7963.0000  5.4164E-46
 7964.0000  5.3333E-46
 7965.0000  5.2502E-46
 7966.0000  5.1809E-46
 7967.0000  5.0978E-46
 7968.0000  5.0286E-46
 7969.0000  4.9593E-46
 7970.0000  4.8762E-46
 7971.0000  4.8069E-46
 7972.0000  4.7376E-46
 7973.0000  4.6684E-46
 7974.0000  4.6130E-46
 7975.0000  4.5437E-46
 7976.0000  4.4744E-46
 7977.0000  4.4052E-46
 7978.0000  4.3498E-46
 7979.0000  4.2805E-46
 7980.0000  4.2251E-46
 7981.0000  4.1697E-46
 7982.0000  4.1143E-46
 7983.0000  4.0450E-46
 7984.0000  3.9896E-46
 7985.0000  3.9342E-46
 7986.0000  3.8788E-46
 7987.0000  3.8234E-46
 7988.0000  3.7680E-46
 7989.0000  3.7264E-46
 7990.0000  3.6710E-46
 7991.0000  3.6156E-46
 7992.0000  3.5602E-46
 7993.0000  3.5186E-46
 7994.0000  3.4632E-46
 7995.0000  3.4216E-46
 7996.0000  3.3801E-46
 7997.0000  3.3247E-46
 7998.0000  3.2831E-46
 7999.0000  3.2415E-46
 8000.0000  3.2000E-46
 8001.0000  3.1446E-46
 8002.0000  3.1030E-46
 8003.0000  3.0615E-46
 8004.0000  3.0199E-46
 8005.0000  2.9783E-46
 8006.0000  2.9368E-46
 8007.0000  2.9091E-46
 8008.0000  2.8675E-46
 8009.0000  2.8260E-46
 8010.0000  2.7844E-46
 8011.0000  2.7567E-46
 8012.0000  2.7151E-46
 8013.0000  2.6736E-46
 8014.0000  2.6459E-46
 8015.0000  2.6043E-46
 8016.0000  2.5766E-46
 8017.0000  2.5489E-46
 8018.0000  2.5074E-46
 8019.0000  2.4796E-46
 8020.0000  2.4381E-46
 8021.0000  2.4104E-46
 8022.0000  2.3827E-46
 8023.0000  2.3550E-46
 8024.0000  2.3273E-46
 8025.0000  2.2857E-46
 8026.0000  2.2580E-46
 8027.0000  2.2303E-46
 8028.0000  2.2026E-46
 8029.0000  2.1749E-46
 8030.0000  2.1472E-46
 8031.0000  2.1195E-46
 8032.0000  2.0918E-46
 8033.0000  2.0641E-46
 8034.0000  2.0502E-46
 8035.0000  2.0225E-46
 8036.0000  1.9948E-46
 8037.0000  1.9671E-46
 8038.0000  1.9394E-46
 8039.0000  1.9255E-46
 8040.0000  1.8978E-46
 8041.0000  1.8701E-46
 8042.0000  1.8563E-46
 8043.0000  1.8286E-46
 8044.0000  1.8009E-46
 8045.0000  1.7870E-46
 8046.0000  1.7593E-46
 8047.0000  1.7454E-46
 8048.0000  1.7177E-46
 8049.0000  1.6900E-46
 8050.0000  1.6762E-46
 8051.0000  1.6623E-46
 8052.0000  1.6346E-46
 8053.0000  1.6208E-46
 8054.0000  1.5931E-46
 8055.0000  1.5792E-46
 8056.0000  1.5515E-46
 8057.0000  1.5377E-46
 8058.0000  1.5238E-46
 8059.0000  1.4961E-46
 8060.0000  1.4822E-46
 8061.0000  1.4684E-46
 8062.0000  1.4407E-46
 8063.0000  1.4268E-46
 8064.0000  1.4130E-46
 8065.0000  1.3991E-46
 8066.0000  1.3770E-46
 8067.0000  1.3603E-46
 8068.0000  1.3437E-46
 8069.0000  1.3285E-46
 8070.0000  1.3119E-46
 8071.0000  1.2952E-46
 8072.0000  1.2800E-46
 8073.0000  1.2648E-46
 8074.0000  1.2495E-46
 8075.0000  1.2343E-46
 8076.0000  1.2190E-46
 8077.0000  1.2038E-46
 8078.0000  1.1886E-46
 8079.0000  1.1747E-46
 8080.0000  1.1609E-46
 8081.0000  1.1456E-46
 8082.0000  1.1318E-46
 8083.0000  1.1179E-46
 8084.0000  1.1041E-46
 8085.0000  1.0916E-46
 8086.0000  1.0777E-46
 8087.0000  1.0639E-46
 8088.0000  1.0514E-46
 8089.0000  1.0390E-46
 8090.0000  1.0265E-46
 8091.0000  1.0126E-46
 8092.0000  1.0002E-46
 8093.0000  9.8909E-47
 8094.0000  9.7662E-47
 8095.0000  9.6415E-47
 8096.0000  9.5307E-47
 8097.0000  9.4060E-47
 8098.0000  9.2952E-47
 8099.0000  9.1705E-47
 8100.0000  9.0597E-47
 8101.0000  8.9489E-47
 8102.0000  8.8381E-47
 8103.0000  8.7272E-47
 8104.0000  8.6164E-47
 8105.0000  8.5195E-47
 8106.0000  8.4086E-47
 8107.0000  8.3117E-47
 8108.0000  8.2008E-47
 8109.0000  8.1039E-47
 8110.0000  7.9930E-47
 8111.0000  7.8961E-47
 8112.0000  7.7991E-47
 8113.0000  7.7021E-47
 8114.0000  7.6052E-47
 8115.0000  7.5082E-47
 8116.0000  7.4251E-47
 8117.0000  7.3281E-47
 8118.0000  7.2311E-47
 8119.0000  7.1480E-47
 8120.0000  7.0511E-47
 8121.0000  6.9679E-47
 8122.0000  6.8848E-47
 8123.0000  6.7879E-47
 8124.0000  6.7047E-47
 8125.0000  6.6216E-47
 8126.0000  6.5385E-47
 8127.0000  6.4554E-47
 8128.0000  6.3723E-47
 8129.0000  6.2892E-47
 8130.0000  6.2199E-47
 8131.0000  6.1368E-47
 8132.0000  6.0537E-47
 8133.0000  5.9844E-47
 8134.0000  5.9013E-47
 8135.0000  5.8320E-47
 8136.0000  5.7628E-47
 8137.0000  5.6796E-47
 8138.0000  5.6104E-47
 8139.0000  5.5411E-47
 8140.0000  5.4718E-47
 8141.0000  5.4026E-47
 8142.0000  5.3333E-47
 8143.0000  5.2641E-47
 8144.0000  5.1948E-47
 8145.0000  5.1255E-47
 8146.0000  5.0701E-47
 8147.0000  5.0008E-47
 8148.0000  4.9316E-47
 8149.0000  4.8762E-47
 8150.0000  4.8069E-47
 8151.0000  4.7515E-47
 8152.0000  4.6822E-47
 8153.0000  4.6268E-47
 8154.0000  4.5714E-47
 8155.0000  4.5022E-47
 8156.0000  4.4467E-47
 8157.0000  4.3913E-47
 8158.0000  4.3359E-47
 8159.0000  4.2805E-47
 8160.0000  4.2251E-47
 8161.0000  4.1697E-47
 8162.0000  4.1143E-47
 8163.0000  4.0589E-47
 8164.0000  4.0173E-47
 8165.0000  3.9619E-47
 8166.0000  3.9065E-47
 8167.0000  3.8511E-47
 8168.0000  3.8095E-47
 8169.0000  3.7541E-47
 8170.0000  3.7125E-47
 8171.0000  3.6571E-47
 8172.0000  3.6156E-47
 8173.0000  3.5602E-47
 8174.0000  3.5186E-47
 8175.0000  3.4770E-47
 8176.0000  3.4216E-47
 8177.0000  3.3801E-47
 8178.0000  3.3385E-47
 8179.0000  3.2970E-47
 8180.0000  3.2554E-47
 8181.0000  3.2138E-47
 8182.0000  3.1723E-47
 8183.0000  3.1307E-47
 8184.0000  3.1723E-47
 8185.0000  3.1307E-47
 8186.0000  3.0892E-47
 8187.0000  3.0476E-47
 8188.0000  3.0199E-47
 8189.0000  2.9783E-47
 8190.0000  2.9368E-47
 8191.0000  2.9091E-47
 8192.0000  2.8675E-47
 8193.0000  2.8398E-47
 8194.0000  2.7983E-47
 8195.0000  2.7706E-47
 8196.0000  2.7290E-47
 8197.0000  2.7013E-47
 8198.0000  2.6736E-47
 8199.0000  2.6320E-47
 8200.0000  2.6043E-47
 8201.0000  2.5766E-47
 8202.0000  2.5489E-47
 8203.0000  2.5074E-47
 8204.0000  2.4796E-47
 8205.0000  2.4519E-47
 8206.0000  2.4242E-47
 8207.0000  2.3965E-47
 8208.0000  2.3688E-47
 8209.0000  2.3411E-47
 8210.0000  2.3134E-47
 8211.0000  2.2857E-47
 8212.0000  2.2580E-47
 8213.0000  2.2303E-47
 8214.0000  2.2026E-47
 8215.0000  2.1749E-47
 8216.0000  2.1472E-47
 8217.0000  2.1195E-47
 8218.0000  2.0918E-47
 8219.0000  2.0641E-47
 8220.0000  2.0502E-47
 8221.0000  2.0225E-47
 8222.0000  1.9948E-47
 8223.0000  1.9671E-47
 8224.0000  1.9532E-47
 8225.0000  1.9255E-47
 8226.0000  1.8978E-47
 8227.0000  1.8840E-47
 8228.0000  1.8563E-47
 8229.0000  1.8286E-47
 8230.0000  1.8147E-47
 8231.0000  1.7870E-47
 8232.0000  1.7732E-47
 8233.0000  1.7454E-47
 8234.0000  1.7177E-47
 8235.0000  1.7039E-47
 8236.0000  1.6900E-47
 8237.0000  1.6623E-47
 8238.0000  1.6485E-47
 8239.0000  1.6208E-47
 8240.0000  1.6069E-47
 8241.0000  1.5792E-47
 8242.0000  1.5654E-47
 8243.0000  1.5515E-47
 8244.0000  1.5238E-47
 8245.0000  1.5100E-47
 8246.0000  1.4961E-47
 8247.0000  1.4684E-47
 8248.0000  1.4545E-47
 8249.0000  1.4407E-47
 8250.0000  1.4268E-47
 8251.0000  1.3991E-47
 8252.0000  1.3853E-47
 8253.0000  1.3700E-47
 8254.0000  1.3534E-47
 8255.0000  1.3382E-47
 8256.0000  1.3216E-47
 8257.0000  1.3063E-47
 8258.0000  1.2897E-47
 8259.0000  1.2745E-47
 8260.0000  1.2592E-47
 8261.0000  1.2440E-47
 8262.0000  1.2287E-47
 8263.0000  1.2149E-47
 8264.0000  1.1996E-47
 8265.0000  1.1858E-47
 8266.0000  1.1719E-47
 8267.0000  1.1567E-47
 8268.0000  1.1429E-47
 8269.0000  1.1290E-47
 8270.0000  1.1165E-47
 8271.0000  1.1027E-47
 8272.0000  1.0888E-47
 8273.0000  1.0764E-47
 8274.0000  1.0639E-47
 8275.0000  1.0500E-47
 8276.0000  1.0376E-47
 8277.0000  1.0251E-47
 8278.0000  1.0126E-47
 8279.0000  1.0016E-47
 8280.0000  9.8909E-48
 8281.0000  9.7662E-48
 8282.0000  9.6554E-48
 8283.0000  9.5446E-48
 8284.0000  9.4199E-48
 8285.0000  9.3091E-48
 8286.0000  9.1982E-48
 8287.0000  9.0874E-48
 8288.0000  8.9766E-48
 8289.0000  8.8658E-48
 8290.0000  8.7688E-48
 8291.0000  8.6580E-48
 8292.0000  8.5610E-48
 8293.0000  8.4502E-48
 8294.0000  8.3532E-48
 8295.0000  8.2563E-48
 8296.0000  8.1593E-48
 8297.0000  8.0623E-48
 8298.0000  7.9653E-48
 8299.0000  7.8684E-48
 8300.0000  7.7714E-48
 8301.0000  7.6744E-48
 8302.0000  7.5775E-48
 8303.0000  7.4943E-48
 8304.0000  7.3974E-48
 8305.0000  7.3143E-48
 8306.0000  7.2311E-48
 8307.0000  7.1342E-48
 8308.0000  7.0511E-48
 8309.0000  6.9679E-48
 8310.0000  6.8848E-48
 8311.0000  6.8017E-48
 8312.0000  6.7186E-48
 8313.0000  6.6355E-48
 8314.0000  6.5662E-48
 8315.0000  6.4831E-48
 8316.0000  6.4000E-48
 8317.0000  6.3307E-48
 8318.0000  6.2476E-48
 8319.0000  6.1783E-48
 8320.0000  6.1091E-48
 8321.0000  6.0260E-48
 8322.0000  5.9567E-48
 8323.0000  5.8874E-48
 8324.0000  5.8182E-48
 8325.0000  5.7489E-48
 8326.0000  5.6796E-48
 8327.0000  5.6104E-48
 8328.0000  5.5411E-48
 8329.0000  5.4718E-48
 8330.0000  5.4164E-48
 8331.0000  5.3472E-48
 8332.0000  5.2779E-48
 8333.0000  5.2225E-48
 8334.0000  5.1532E-48
 8335.0000  5.0978E-48
 8336.0000  5.0286E-48
 8337.0000  4.9731E-48
 8338.0000  4.9177E-48
 8339.0000  4.8485E-48
 8340.0000  4.7931E-48
 8341.0000  4.7376E-48
 8342.0000  4.6822E-48
 8343.0000  4.6268E-48
 8344.0000  4.5714E-48
 8345.0000  4.5160E-48
 8346.0000  4.4606E-48
 8347.0000  4.4052E-48
 8348.0000  4.3498E-48
 8349.0000  4.3082E-48
 8350.0000  4.2528E-48
 8351.0000  4.1974E-48
 8352.0000  4.1558E-48
 8353.0000  4.1004E-48
 8354.0000  4.0450E-48
 8355.0000  4.0035E-48
              O2-Air      7545      8355    811    246 1.159E-45 1.000                            53
 7545.0000  2.0779E-48
 7546.0000  2.1887E-48
 7547.0000  2.1333E-48
 7548.0000  2.2441E-48
 7549.0000  2.2026E-48
 7550.0000  2.2996E-48
 7551.0000  2.2580E-48
 7552.0000  2.3550E-48
 7553.0000  2.4658E-48
 7554.0000  2.4104E-48
 7555.0000  2.5212E-48
 7556.0000  2.4658E-48
 7557.0000  2.5905E-48
 7558.0000  2.6874E-48
 7559.0000  2.6459E-48
 7560.0000  2.7428E-48
 7561.0000  2.8398E-48
 7562.0000  2.9506E-48
 7563.0000  2.9091E-48
 7564.0000  3.0061E-48
 7565.0000  3.1030E-48
 7566.0000  3.2000E-48
 7567.0000  3.1446E-48
 7568.0000  3.2415E-48
 7569.0000  3.3524E-48
 7570.0000  3.4493E-48
 7571.0000  3.3939E-48
 7572.0000  3.5048E-48
 7573.0000  3.5879E-48
 7574.0000  3.6848E-48
 7575.0000  3.7818E-48
 7576.0000  3.8926E-48
 7577.0000  3.9757E-48
 7578.0000  4.0727E-48
 7579.0000  4.1697E-48
 7580.0000  4.2528E-48
 7581.0000  4.3498E-48
 7582.0000  4.5991E-48
 7583.0000  4.6961E-48
 7584.0000  4.9316E-48
 7585.0000  5.0147E-48
 7586.0000  5.1117E-48
 7587.0000  5.3610E-48
 7588.0000  5.4441E-48
 7589.0000  5.5411E-48
 7590.0000  5.6104E-48
 7591.0000  5.8597E-48
 7592.0000  5.9428E-48
 7593.0000  6.1922E-48
 7594.0000  6.2615E-48
 7595.0000  6.4969E-48
 7596.0000  6.7324E-48
 7597.0000  6.9818E-48
 7598.0000  7.0649E-48
 7599.0000  7.1480E-48
 7600.0000  7.2173E-48
 7601.0000  7.3004E-48
 7602.0000  7.3974E-48
 7603.0000  7.4666E-48
 7604.0000  7.5498E-48
 7605.0000  7.6329E-48
 7606.0000  7.8684E-48
 7607.0000  7.9515E-48
 7608.0000  8.0208E-48
 7609.0000  7.9653E-48
 7610.0000  8.1870E-48
 7611.0000  8.4225E-48
 7612.0000  8.6441E-48
 7613.0000  9.0182E-48
 7614.0000  9.2398E-48
 7615.0000  9.4753E-48
 7616.0000  9.6969E-48
 7617.0000  9.9463E-48
 7618.0000  1.0002E-47
 7619.0000  1.0085E-47
 7620.0000  1.0140E-47
 7621.0000  1.0237E-47
 7622.0000  1.0459E-47
 7623.0000  1.0833E-47
 7624.0000  1.1055E-47
 7625.0000  1.1442E-47
 7626.0000  1.1650E-47
 7627.0000  1.1872E-47
 7628.0000  1.2107E-47
 7629.0000  1.2329E-47
 7630.0000  1.2551E-47
 7631.0000  1.2772E-47
 7632.0000  1.2994E-47
 7633.0000  1.3368E-47
 7634.0000  1.3590E-47
 7635.0000  1.3811E-47
 7636.0000  1.4033E-47
 7637.0000  1.4255E-47
 7638.0000  1.4462E-47
 7639.0000  1.4684E-47
 7640.0000  1.4919E-47
 7641.0000  1.5280E-47
 7642.0000  1.5501E-47
 7643.0000  1.5889E-47
 7644.0000  1.6083E-47
 7645.0000  1.6291E-47
 7646.0000  1.6665E-47
 7647.0000  1.6887E-47
 7648.0000  1.7108E-47
 7649.0000  1.7330E-47
 7650.0000  1.7676E-47
 7651.0000  1.8050E-47
 7652.0000  1.8258E-47
 7653.0000  1.8618E-47
 7654.0000  1.8992E-47
 7655.0000  1.9366E-47
 7656.0000  1.9726E-47
 7657.0000  2.0073E-47
 7658.0000  2.0585E-47
 7659.0000  2.0959E-47
 7660.0000  2.1458E-47
 7661.0000  2.1970E-47
 7662.0000  2.2331E-47
 7663.0000  2.2843E-47
 7664.0000  2.3190E-47
 7665.0000  2.3411E-47
 7666.0000  2.3785E-47
 7667.0000  2.4132E-47
 7668.0000  2.4644E-47
 7669.0000  2.4977E-47
 7670.0000  2.5489E-47
 7671.0000  2.6002E-47
 7672.0000  2.6348E-47
 7673.0000  2.6861E-47
 7674.0000  2.7373E-47
 7675.0000  2.7719E-47
 7676.0000  2.8218E-47
 7677.0000  2.8578E-47
 7678.0000  2.9091E-47
 7679.0000  2.9437E-47
 7680.0000  2.9797E-47
 7681.0000  3.0144E-47
 7682.0000  3.0476E-47
 7683.0000  3.0989E-47
 7684.0000  3.1487E-47
 7685.0000  3.0241E-47
 7686.0000  3.1196E-47
 7687.0000  3.2166E-47
 7688.0000  3.3122E-47
 7689.0000  3.4106E-47
 7690.0000  3.4909E-47
 7691.0000  3.5629E-47
 7692.0000  3.6170E-47
 7693.0000  3.6710E-47
 7694.0000  3.7389E-47
 7695.0000  3.7846E-47
 7696.0000  3.8317E-47
 7697.0000  3.8899E-47
 7698.0000  3.9647E-47
 7699.0000  4.0187E-47
 7700.0000  4.0866E-47
 7701.0000  4.1406E-47
 7702.0000  4.2015E-47
 7703.0000  4.2611E-47
 7704.0000  4.3207E-47
 7705.0000  4.3595E-47
 7706.0000  4.4149E-47
 7707.0000  4.4828E-47
 7708.0000  4.5506E-47
 7709.0000  4.6060E-47
 7710.0000  4.6767E-47
 7711.0000  4.7293E-47
 7712.0000  4.7986E-47
 7713.0000  4.8512E-47
 7714.0000  4.9247E-47
 7715.0000  4.9953E-47
 7716.0000  5.0646E-47
 7717.0000  5.1366E-47
 7718.0000  5.2073E-47
 7719.0000  5.2793E-47
 7720.0000  5.3361E-47
 7721.0000  5.3943E-47
 7722.0000  5.4538E-47
 7723.0000  5.5300E-47
 7724.0000  5.6187E-47
 7725.0000  5.7212E-47
 7726.0000  5.8279E-47
 7727.0000  5.9345E-47
 7728.0000  6.0592E-47
 7729.0000  6.1659E-47
 7730.0000  6.2753E-47
 7731.0000  6.3820E-47
 7732.0000  6.4914E-47
 7733.0000  6.6022E-47
 7734.0000  6.7131E-47
 7735.0000  6.8266E-47
 7736.0000  6.9389E-47
 7737.0000  7.0621E-47
 7738.0000  7.1743E-47
 7739.0000  7.3032E-47
 7740.0000  7.4320E-47
 7741.0000  7.5733E-47
 7742.0000  7.7188E-47
 7743.0000  7.8628E-47
 7744.0000  8.0041E-47
 7745.0000  8.1621E-47
 7746.0000  8.3241E-47
 7747.0000  8.4987E-47
 7748.0000  8.6427E-47
 7749.0000  8.7979E-47
 7750.0000  8.9586E-47
 7751.0000  9.1179E-47
 7752.0000  9.3077E-47
 7753.0000  9.4933E-47
 7754.0000  9.6997E-47
 7755.0000  9.9033E-47
 7756.0000  1.0103E-46
 7757.0000  1.0269E-46
 7758.0000  1.0446E-46
 7759.0000  1.0606E-46
 7760.0000  1.0773E-46
 7761.0000  1.0955E-46
 7762.0000  1.1142E-46
 7763.0000  1.1352E-46
 7764.0000  1.1563E-46
 7765.0000  1.1807E-46
 7766.0000  1.2052E-46
 7767.0000  1.2305E-46
 7768.0000  1.2540E-46
 7769.0000  1.2760E-46
 7770.0000  1.2986E-46
 7771.0000  1.3222E-46
 7772.0000  1.3455E-46
 7773.0000  1.3706E-46
 7774.0000  1.3969E-46
 7775.0000  1.4213E-46
 7776.0000  1.4468E-46
 7777.0000  1.4730E-46
 7778.0000  1.5005E-46
 7779.0000  1.5307E-46
 7780.0000  1.5620E-46
 7781.0000  1.5943E-46
 7782.0000  1.6283E-46
 7783.0000  1.6630E-46
 7784.0000  1.7017E-46
 7785.0000  1.7382E-46
 7786.0000  1.7748E-46
 7787.0000  1.8100E-46
 7788.0000  1.8414E-46
 7789.0000  1.8716E-46
 7790.0000  1.8992E-46
 7791.0000  1.9268E-46
 7792.0000  1.9549E-46
 7793.0000  1.9854E-46
 7794.0000  2.0192E-46
 7795.0000  2.0587E-46
 7796.0000  2.0986E-46
 7797.0000  2.1412E-46
 7798.0000  2.1869E-46
 7799.0000  2.2345E-46
 7800.0000  2.2821E-46
 7801.0000  2.3338E-46
 7802.0000  2.3914E-46
 7803.0000  2.4396E-46
 7804.0000  2.4877E-46
 7805.0000  2.5392E-46
 7806.0000  2.5914E-46
 7807.0000  2.6463E-46
 7808.0000  2.7014E-46
 7809.0000  2.7584E-46
 7810.0000  2.8181E-46
 7811.0000  2.8778E-46
 7812.0000  2.9412E-46
 7813.0000  3.0045E-46
 7814.0000  3.0698E-46
 7815.0000  3.1357E-46
 7816.0000  3.2032E-46
 7817.0000  3.2709E-46
 7818.0000  3.3409E-46
 7819.0000  3.4140E-46
 7820.0000  3.4881E-46
 7821.0000  3.5640E-46
 7822.0000  3.6405E-46
 7823.0000  3.7202E-46
 7824.0000  3.8026E-46
 7825.0000  3.8863E-46
 7826.0000  3.9709E-46
 7827.0000  4.0572E-46
 7828.0000  4.1467E-46
 7829.0000  4.2355E-46
 7830.0000  4.3271E-46
 7831.0000  4.4221E-46
 7832.0000  4.5161E-46
 7833.0000  4.6105E-46
 7834.0000  4.7052E-46
 7835.0000  4.8036E-46
 7836.0000  4.9051E-46
 7837.0000  5.0063E-46
 7838.0000  5.1089E-46
 7839.0000  5.2163E-46
 7840.0000  5.3247E-46
 7841.0000  5.4335E-46
 7842.0000  5.5437E-46
 7843.0000  5.6590E-46
 7844.0000  5.7740E-46
 7845.0000  5.8909E-46
 7846.0000  6.0100E-46
 7847.0000  6.1348E-46
 7848.0000  6.2623E-46
 7849.0000  6.3911E-46
 7850.0000  6.5230E-46
 7851.0000  6.6409E-46
 7852.0000  6.7505E-46
 7853.0000  6.8681E-46
 7854.0000  6.9898E-46
 7855.0000  7.1141E-46
 7856.0000  7.2422E-46
 7857.0000  7.3765E-46
 7858.0000  7.5157E-46
 7859.0000  7.6647E-46
 7860.0000  7.8167E-46
 7861.0000  7.9713E-46
 7862.0000  8.1277E-46
 7863.0000  8.2877E-46
 7864.0000  8.4498E-46
 7865.0000  8.6121E-46
 7866.0000  8.7741E-46
 7867.0000  8.9357E-46
 7868.0000  9.0978E-46
 7869.0000  9.2548E-46
 7870.0000  9.4116E-46
 7871.0000  9.5674E-46
 7872.0000  9.7183E-46
 7873.0000  9.8690E-46
 7874.0000  1.0017E-45
 7875.0000  1.0163E-45
 7876.0000  1.0307E-45
 7877.0000  1.0449E-45
 7878.0000  1.0592E-45
 7879.0000  1.0729E-45
 7880.0000  1.0861E-45
 7881.0000  1.0982E-45
 7882.0000  1.1096E-45
 7883.0000  1.1200E-45
 7884.0000  1.1296E-45
 7885.0000  1.1359E-45
 7886.0000  1.1416E-45
 7887.0000  1.1465E-45
 7888.0000  1.1505E-45
 7889.0000  1.1538E-45
 7890.0000  1.1563E-45
 7891.0000  1.1578E-45
 7892.0000  1.1585E-45
 7893.0000  1.1584E-45
 7894.0000  1.1574E-45
 7895.0000  1.1557E-45
 7896.0000  1.1535E-45
 7897.0000  1.1509E-45
 7898.0000  1.1481E-45
 7899.0000  1.1451E-45
 7900.0000  1.1413E-45
 7901.0000  1.1372E-45
 7902.0000  1.1327E-45
 7903.0000  1.1280E-45
 7904.0000  1.1230E-45
 7905.0000  1.1181E-45
 7906.0000  1.1131E-45
 7907.0000  1.1079E-45
 7908.0000  1.1024E-45
 7909.0000  1.0963E-45
 7910.0000  1.0895E-45
 7911.0000  1.0819E-45
 7912.0000  1.0737E-45
 7913.0000  1.0649E-45
 7914.0000  1.0506E-45
 7915.0000  1.0347E-45
 7916.0000  1.0213E-45
 7917.0000  1.0084E-45
 7918.0000  9.9561E-46
 7919.0000  9.8274E-46
 7920.0000  9.7010E-46
 7921.0000  9.5628E-46
 7922.0000  9.4095E-46
 7923.0000  9.2552E-46
 7924.0000  9.1103E-46
 7925.0000  8.9698E-46
 7926.0000  8.8365E-46
 7927.0000  8.7038E-46
 7928.0000  8.5738E-46
 7929.0000  8.4428E-46
 7930.0000  8.3136E-46
 7931.0000  8.1814E-46
 7932.0000  8.0437E-46
 7933.0000  7.9133E-46
 7934.0000  7.7853E-46
 7935.0000  7.6595E-46
 7936.0000  7.5348E-46
 7937.0000  7.4071E-46
 7938.0000  7.2832E-46
 7939.0000  7.1649E-46
 7940.0000  7.0447E-46
 7941.0000  6.9258E-46
 7942.0000  6.8068E-46
 7943.0000  6.6899E-46
 7944.0000  6.5798E-46
 7945.0000  6.4654E-46
 7946.0000  6.3525E-46
 7947.0000  6.2425E-46
 7948.0000  6.1366E-46
 7949.0000  6.0337E-46
 7950.0000  5.9356E-46
 7951.0000  5.8405E-46
 7952.0000  5.7483E-46
 7953.0000  5.6532E-46
 7954.0000  5.5595E-46
 7955.0000  5.4720E-46
 7956.0000  5.3854E-46
 7957.0000  5.3003E-46
 7958.0000  5.2201E-46
 7959.0000  5.1394E-46
 7960.0000  5.0626E-46
 7961.0000  4.9956E-46
 7962.0000  4.9291E-46
 7963.0000  4.8640E-46
 7964.0000  4.7960E-46
 7965.0000  4.7288E-46
 7966.0000  4.6631E-46
 7967.0000  4.5988E-46
 7968.0000  4.5346E-46
 7969.0000  4.4718E-46
 7970.0000  4.4091E-46
 7971.0000  4.3474E-46
 7972.0000  4.2872E-46
 7973.0000  4.2268E-46
 7974.0000  4.1738E-46
 7975.0000  4.1227E-46
 7976.0000  4.0716E-46
 7977.0000  4.0173E-46
 7978.0000  3.9648E-46
 7979.0000  3.9122E-46
 7980.0000  3.8619E-46
 7981.0000  3.8103E-46
 7982.0000  3.7585E-46
 7983.0000  3.7106E-46
 7984.0000  3.6616E-46
 7985.0000  3.6120E-46
 7986.0000  3.5597E-46
 7987.0000  3.5090E-46
 7988.0000  3.4628E-46
 7989.0000  3.4178E-46
 7990.0000  3.3750E-46
 7991.0000  3.3348E-46
 7992.0000  3.2938E-46
 7993.0000  3.2517E-46
 7994.0000  3.2119E-46
 7995.0000  3.1731E-46
 7996.0000  3.1377E-46
 7997.0000  3.1007E-46
 7998.0000  3.0663E-46
 7999.0000  3.0365E-46
 8000.0000  3.0099E-46
 8001.0000  2.9677E-46
 8002.0000  2.9235E-46
 8003.0000  2.8804E-46
 8004.0000  2.8368E-46
 8005.0000  2.8031E-46
 8006.0000  2.7751E-46
 8007.0000  2.7463E-46
 8008.0000  2.7175E-46
 8009.0000  2.6885E-46
 8010.0000  2.6619E-46
 8011.0000  2.6352E-46
 8012.0000  2.6097E-46
 8013.0000  2.5823E-46
 8014.0000  2.5564E-46
 8015.0000  2.5291E-46
 8016.0000  2.5047E-46
 8017.0000  2.4805E-46
 8018.0000  2.4553E-46
 8019.0000  2.4294E-46
 8020.0000  2.4048E-46
 8021.0000  2.3825E-46
 8022.0000  2.3612E-46
 8023.0000  2.3393E-46
 8024.0000  2.3176E-46
 8025.0000  2.2962E-46
 8026.0000  2.2748E-46
 8027.0000  2.2556E-46
 8028.0000  2.2369E-46
 8029.0000  2.2170E-46
 8030.0000  2.1969E-46
 8031.0000  2.1783E-46
 8032.0000  2.1585E-46
 8033.0000  2.1394E-46
 8034.0000  2.1186E-46
 8035.0000  2.0986E-46
 8036.0000  2.0783E-46
 8037.0000  2.0569E-46
 8038.0000  2.0373E-46
 8039.0000  2.0165E-46
 8040.0000  1.9965E-46
 8041.0000  1.9761E-46
 8042.0000  1.9560E-46
 8043.0000  1.9373E-46
 8044.0000  1.9178E-46
 8045.0000  1.9009E-46
 8046.0000  1.8820E-46
 8047.0000  1.8661E-46
 8048.0000  1.8487E-46
 8049.0000  1.8345E-46
 8050.0000  1.8193E-46
 8051.0000  1.8046E-46
 8052.0000  1.7917E-46
 8053.0000  1.7784E-46
 8054.0000  1.7655E-46
 8055.0000  1.7529E-46
 8056.0000  1.7400E-46
 8057.0000  1.7267E-46
 8058.0000  1.7133E-46
 8059.0000  1.7000E-46
 8060.0000  1.6885E-46
 8061.0000  1.6756E-46
 8062.0000  1.6618E-46
 8063.0000  1.6497E-46
 8064.0000  1.6360E-46
 8065.0000  1.6226E-46
 8066.0000  1.6109E-46
 8067.0000  1.5987E-46
 8068.0000  1.5864E-46
 8069.0000  1.5728E-46
 8070.0000  1.5605E-46
 8071.0000  1.5485E-46
 8072.0000  1.5361E-46
 8073.0000  1.5233E-46
 8074.0000  1.5109E-46
 8075.0000  1.4985E-46
 8076.0000  1.4860E-46
 8077.0000  1.4719E-46
 8078.0000  1.4593E-46
 8079.0000  1.4453E-46
 8080.0000  1.4311E-46
 8081.0000  1.4187E-46
 8082.0000  1.4045E-46
 8083.0000  1.3904E-46
 8084.0000  1.3763E-46
 8085.0000  1.3620E-46
 8086.0000  1.3494E-46
 8087.0000  1.3354E-46
 8088.0000  1.3228E-46
 8089.0000  1.3105E-46
 8090.0000  1.2979E-46
 8091.0000  1.2871E-46
 8092.0000  1.2763E-46
 8093.0000  1.2656E-46
 8094.0000  1.2566E-46
 8095.0000  1.2474E-46
 8096.0000  1.2390E-46
 8097.0000  1.2323E-46
 8098.0000  1.2257E-46
 8099.0000  1.2210E-46
 8100.0000  1.2132E-46
 8101.0000  1.2051E-46
 8102.0000  1.1970E-46
 8103.0000  1.1877E-46
 8104.0000  1.1785E-46
 8105.0000  1.1692E-46
 8106.0000  1.1584E-46
 8107.0000  1.1476E-46
 8108.0000  1.1352E-46
 8109.0000  1.1230E-46
 8110.0000  1.1096E-46
 8111.0000  1.0974E-46
 8112.0000  1.0837E-46
 8113.0000  1.0703E-46
 8114.0000  1.0567E-46
 8115.0000  1.0448E-46
 8116.0000  1.0330E-46
 8117.0000  1.0212E-46
 8118.0000  1.0111E-46
 8119.0000  1.0010E-46
 8120.0000  9.9227E-47
 8121.0000  9.8369E-47
 8122.0000  9.7524E-47
 8123.0000  9.6692E-47
 8124.0000  9.6014E-47
 8125.0000  9.5335E-47
 8126.0000  9.4504E-47
 8127.0000  9.3853E-47
 8128.0000  9.3063E-47
 8129.0000  9.2273E-47
 8130.0000  9.1331E-47
 8131.0000  9.0403E-47
 8132.0000  8.9489E-47
 8133.0000  8.8450E-47
 8134.0000  8.7563E-47
 8135.0000  8.6538E-47
 8136.0000  8.5499E-47
 8137.0000  8.4460E-47
 8138.0000  8.3643E-47
 8139.0000  8.2812E-47
 8140.0000  8.1995E-47
 8141.0000  8.1330E-47
 8142.0000  8.0665E-47
 8143.0000  8.0014E-47
 8144.0000  7.9584E-47
 8145.0000  7.9141E-47
 8146.0000  7.8684E-47
 8147.0000  7.8240E-47
 8148.0000  7.7783E-47
 8149.0000  7.7298E-47
 8150.0000  7.6827E-47
 8151.0000  7.2755E-47
 8152.0000  7.1882E-47
 8153.0000  7.1023E-47
 8154.0000  7.0317E-47
 8155.0000  6.9444E-47
 8156.0000  6.8585E-47
 8157.0000  6.7740E-47
 8158.0000  6.6867E-47
 8159.0000  6.6161E-47
 8160.0000  6.5454E-47
 8161.0000  6.4762E-47
 8162.0000  6.4055E-47
 8163.0000  6.3515E-47
 8164.0000  6.2822E-47
 8165.0000  6.2254E-47
 8166.0000  6.1700E-47
 8167.0000  6.1326E-47
 8168.0000  6.0786E-47
 8169.0000  6.0246E-47
 8170.0000  5.9858E-47
 8171.0000  5.9304E-47
 8172.0000  5.8763E-47
 8173.0000  5.8223E-47
 8174.0000  5.7711E-47
 8175.0000  5.7170E-47
 8176.0000  5.6644E-47
 8177.0000  5.5965E-47
 8178.0000  5.5286E-47
 8179.0000  5.4760E-47
 8180.0000  5.4067E-47
 8181.0000  5.3416E-47
 8182.0000  5.2904E-47
 8183.0000  5.2253E-47
 8184.0000  5.1560E-47
 8185.0000  5.1061E-47
 8186.0000  5.0383E-47
 8187.0000  4.9884E-47
 8188.0000  4.9385E-47
 8189.0000  4.9025E-47
 8190.0000  4.8499E-47
 8191.0000  4.8152E-47
 8192.0000  4.7806E-47
 8193.0000  4.7460E-47
 8194.0000  4.7113E-47
 8195.0000  4.6767E-47
 8196.0000  4.6434E-47
 8197.0000  4.6088E-47
 8198.0000  4.5603E-47
 8199.0000  4.5105E-47
 8200.0000  4.4606E-47
 8201.0000  4.3899E-47
 8202.0000  4.3165E-47
 8203.0000  4.2417E-47
 8204.0000  4.1697E-47
 8205.0000  4.1184E-47
 8206.0000  4.0519E-47
 8207.0000  4.0021E-47
 8208.0000  3.9508E-47
 8209.0000  3.8982E-47
 8210.0000  3.8622E-47
 8211.0000  3.8234E-47
 8212.0000  3.7887E-47
 8213.0000  3.7527E-47
 8214.0000  3.7306E-47
 8215.0000  3.6945E-47
 8216.0000  3.6571E-47
 8217.0000  3.6225E-47
 8218.0000  3.5851E-47
 8219.0000  3.5491E-47
 8220.0000  3.5131E-47
 8221.0000  3.4923E-47
 8222.0000  3.4549E-47
 8223.0000  3.4327E-47
 8224.0000  3.4119E-47
 8225.0000  3.3912E-47
 8226.0000  3.3690E-47
 8227.0000  3.3482E-47
 8228.0000  3.3427E-47
 8229.0000  3.3205E-47
 8230.0000  3.2983E-47
 8231.0000  3.2776E-47
 8232.0000  3.2568E-47
 8233.0000  3.2346E-47
 8234.0000  3.2000E-47
 8235.0000  3.1626E-47
 8236.0000  3.1266E-47
 8237.0000  3.0892E-47
 8238.0000  3.0518E-47
 8239.0000  3.0005E-47
 8240.0000  2.9659E-47
 8241.0000  2.9132E-47
 8242.0000  2.8772E-47
 8243.0000  2.8398E-47
 8244.0000  2.8038E-47
 8245.0000  2.7664E-47
 8246.0000  2.7456E-47
 8247.0000  2.7235E-47
 8248.0000  2.7027E-47
 8249.0000  2.6805E-47
 8250.0000  2.6570E-47
 8251.0000  2.6500E-47
 8252.0000  2.6445E-47
 8253.0000  2.6390E-47
 8254.0000  2.6320E-47
 8255.0000  2.6237E-47
 8256.0000  2.6154E-47
 8257.0000  2.6085E-47
 8258.0000  2.6016E-47
 8259.0000  2.5946E-47
 8260.0000  2.5725E-47
 8261.0000  2.5655E-47
 8262.0000  2.5434E-47
 8263.0000  2.5198E-47
 8264.0000  2.4977E-47
 8265.0000  2.4755E-47
 8266.0000  2.4533E-47
 8267.0000  2.4298E-47
 8268.0000  2.3924E-47
 8269.0000  2.3702E-47
 8270.0000  2.3467E-47
 8271.0000  2.3079E-47
 8272.0000  2.2871E-47
 8273.0000  2.2483E-47
 8274.0000  2.2248E-47
 8275.0000  2.2012E-47
 8276.0000  2.1790E-47
 8277.0000  2.1555E-47
 8278.0000  2.1333E-47
 8279.0000  2.1084E-47
 8280.0000  2.0848E-47
 8281.0000  2.0613E-47
 8282.0000  2.0225E-47
 8283.0000  1.9990E-47
 8284.0000  1.9754E-47
 8285.0000  1.9380E-47
 8286.0000  1.9131E-47
 8287.0000  1.8757E-47
 8288.0000  1.8355E-47
 8289.0000  1.7967E-47
 8290.0000  1.7732E-47
 8291.0000  1.7344E-47
 8292.0000  1.7094E-47
 8293.0000  1.6845E-47
 8294.0000  1.6609E-47
 8295.0000  1.6360E-47
 8296.0000  1.6277E-47
 8297.0000  1.6180E-47
 8298.0000  1.6222E-47
 8299.0000  1.6291E-47
 8300.0000  1.6485E-47
 8301.0000  1.6540E-47
 8302.0000  1.6734E-47
 8303.0000  1.6942E-47
 8304.0000  1.7136E-47
 8305.0000  1.7330E-47
 8306.0000  1.7524E-47
 8307.0000  1.7732E-47
 8308.0000  1.7773E-47
 8309.0000  1.8119E-47
 8310.0000  1.8189E-47
 8311.0000  1.8064E-47
 8312.0000  1.7815E-47
 8313.0000  1.7399E-47
 8314.0000  1.6859E-47
 8315.0000  1.6305E-47
 8316.0000  1.5598E-47
 8317.0000  1.4892E-47
 8318.0000  1.4019E-47
 8319.0000  1.3313E-47
 8320.0000  1.2454E-47
 8321.0000  1.1886E-47
 8322.0000  1.1207E-47
 8323.0000  1.0653E-47
 8324.0000  1.0223E-47
 8325.0000  9.9601E-48
 8326.0000  9.6969E-48
 8327.0000  9.5861E-48
 8328.0000  9.6277E-48
 8329.0000  9.8216E-48
 8330.0000  9.6969E-48
 8331.0000  9.5723E-48
 8332.0000  9.4753E-48
 8333.0000  9.3506E-48
 8334.0000  9.2398E-48
 8335.0000  9.1151E-48
 8336.0000  9.0182E-48
 8337.0000  9.0459E-48
 8338.0000  8.9350E-48
 8339.0000  8.8104E-48
 8340.0000  8.6857E-48
 8341.0000  8.5749E-48
 8342.0000  8.4640E-48
 8343.0000  8.3394E-48
 8344.0000  8.2285E-48
 8345.0000  8.1039E-48
 8346.0000  7.9792E-48
 8347.0000  7.8545E-48
 8348.0000  7.7437E-48
 8349.0000  7.6329E-48
 8350.0000  7.6467E-48
 8351.0000  7.5359E-48
 8352.0000  7.4112E-48
 8353.0000  7.3004E-48
 8354.0000  7.3281E-48
 8355.0000  7.2173E-48
              O2-Air      7545      8355    811    256 1.145E-45 1.000                            53
 7545.0000  2.6182E-48
 7546.0000  2.7290E-48
 7547.0000  2.6874E-48
 7548.0000  2.8121E-48
 7549.0000  2.7706E-48
 7550.0000  2.8814E-48
 7551.0000  2.8398E-48
 7552.0000  2.9506E-48
 7553.0000  3.0753E-48
 7554.0000  3.0338E-48
 7555.0000  3.1446E-48
 7556.0000  3.1030E-48
 7557.0000  3.2277E-48
 7558.0000  3.3247E-48
 7559.0000  3.2970E-48
 7560.0000  3.3939E-48
 7561.0000  3.5048E-48
 7562.0000  3.6156E-48
 7563.0000  3.5879E-48
 7564.0000  3.6848E-48
 7565.0000  3.8095E-48
 7566.0000  3.9065E-48
 7567.0000  3.8649E-48
 7568.0000  3.9619E-48
 7569.0000  4.0727E-48
 7570.0000  4.1835E-48
 7571.0000  4.1420E-48
 7572.0000  4.2528E-48
 7573.0000  4.3498E-48
 7574.0000  4.4606E-48
 7575.0000  4.5576E-48
 7576.0000  4.6822E-48
 7577.0000  4.7654E-48
 7578.0000  4.8762E-48
 7579.0000  4.9870E-48
 7580.0000  5.0840E-48
 7581.0000  5.1809E-48
 7582.0000  5.4441E-48
 7583.0000  5.5411E-48
 7584.0000  5.7905E-48
 7585.0000  5.8736E-48
 7586.0000  5.9844E-48
 7587.0000  6.2337E-48
 7588.0000  6.3307E-48
 7589.0000  6.4277E-48
 7590.0000  6.5247E-48
 7591.0000  6.7740E-48
 7592.0000  6.8571E-48
 7593.0000  7.1203E-48
 7594.0000  7.2173E-48
 7595.0000  7.4528E-48
 7596.0000  7.7021E-48
 7597.0000  7.9376E-48
 7598.0000  8.0485E-48
 7599.0000  8.1316E-48
 7600.0000  8.2285E-48
 7601.0000  8.3117E-48
 7602.0000  8.4086E-48
 7603.0000  8.5056E-48
 7604.0000  8.5887E-48
 7605.0000  8.6857E-48
 7606.0000  8.9350E-48
 7607.0000  9.0320E-48
 7608.0000  9.1151E-48
 7609.0000  9.0597E-48
 7610.0000  9.2952E-48
 7611.0000  9.5307E-48
 7612.0000  9.7662E-48
 7613.0000  1.0154E-47
 7614.0000  1.0390E-47
 7615.0000  1.0625E-47
 7616.0000  1.0861E-47
 7617.0000  1.1110E-47
 7618.0000  1.1193E-47
 7619.0000  1.1276E-47
 7620.0000  1.1359E-47
 7621.0000  1.1456E-47
 7622.0000  1.1692E-47
 7623.0000  1.2080E-47
 7624.0000  1.2315E-47
 7625.0000  1.2703E-47
 7626.0000  1.2925E-47
 7627.0000  1.3160E-47
 7628.0000  1.3396E-47
 7629.0000  1.3631E-47
 7630.0000  1.3867E-47
 7631.0000  1.4102E-47
 7632.0000  1.4324E-47
 7633.0000  1.4712E-47
 7634.0000  1.4947E-47
 7635.0000  1.5183E-47
 7636.0000  1.5418E-47
 7637.0000  1.5640E-47
 7638.0000  1.5861E-47
 7639.0000  1.6097E-47
 7640.0000  1.6346E-47
 7641.0000  1.6706E-47
 7642.0000  1.6942E-47
 7643.0000  1.7330E-47
 7644.0000  1.7551E-47
 7645.0000  1.7773E-47
 7646.0000  1.8147E-47
 7647.0000  1.8383E-47
 7648.0000  1.8618E-47
 7649.0000  1.8840E-47
 7650.0000  1.9214E-47
 7651.0000  1.9588E-47
 7652.0000  1.9809E-47
 7653.0000  2.0183E-47
 7654.0000  2.0558E-47
 7655.0000  2.0945E-47
 7656.0000  2.1306E-47
 7657.0000  2.1680E-47
 7658.0000  2.2206E-47
 7659.0000  2.2580E-47
 7660.0000  2.3093E-47
 7661.0000  2.3619E-47
 7662.0000  2.3979E-47
 7663.0000  2.4492E-47
 7664.0000  2.4866E-47
 7665.0000  2.5087E-47
 7666.0000  2.5475E-47
 7667.0000  2.5835E-47
 7668.0000  2.6348E-47
 7669.0000  2.6708E-47
 7670.0000  2.7221E-47
 7671.0000  2.7747E-47
 7672.0000  2.8107E-47
 7673.0000  2.8634E-47
 7674.0000  2.9146E-47
 7675.0000  2.9506E-47
 7676.0000  3.0019E-47
 7677.0000  3.0393E-47
 7678.0000  3.0906E-47
 7679.0000  3.1280E-47
 7680.0000  3.1640E-47
 7681.0000  3.2000E-47
 7682.0000  3.2360E-47
 7683.0000  3.2873E-47
 7684.0000  3.3385E-47
 7685.0000  3.2512E-47
 7686.0000  3.3441E-47
 7687.0000  3.4383E-47
 7688.0000  3.5311E-47
 7689.0000  3.6267E-47
 7690.0000  3.7056E-47
 7691.0000  3.7763E-47
 7692.0000  3.8317E-47
 7693.0000  3.8857E-47
 7694.0000  3.9536E-47
 7695.0000  4.0021E-47
 7696.0000  4.0492E-47
 7697.0000  4.1101E-47
 7698.0000  4.1877E-47
 7699.0000  4.2431E-47
 7700.0000  4.3138E-47
 7701.0000  4.3719E-47
 7702.0000  4.4343E-47
 7703.0000  4.4952E-47
 7704.0000  4.5603E-47
 7705.0000  4.6047E-47
 7706.0000  4.6656E-47
 7707.0000  4.7390E-47
 7708.0000  4.8125E-47
 7709.0000  4.8734E-47
 7710.0000  4.9496E-47
 7711.0000  5.0078E-47
 7712.0000  5.0826E-47
 7713.0000  5.1408E-47
 7714.0000  5.2197E-47
 7715.0000  5.2945E-47
 7716.0000  5.3693E-47
 7717.0000  5.4469E-47
 7718.0000  5.5231E-47
 7719.0000  5.5993E-47
 7720.0000  5.6602E-47
 7721.0000  5.7240E-47
 7722.0000  5.7891E-47
 7723.0000  5.8680E-47
 7724.0000  5.9622E-47
 7725.0000  6.0689E-47
 7726.0000  6.1797E-47
 7727.0000  6.2892E-47
 7728.0000  6.4166E-47
 7729.0000  6.5274E-47
 7730.0000  6.6396E-47
 7731.0000  6.7505E-47
 7732.0000  6.8613E-47
 7733.0000  6.9749E-47
 7734.0000  7.0898E-47
 7735.0000  7.2048E-47
 7736.0000  7.3184E-47
 7737.0000  7.4459E-47
 7738.0000  7.5595E-47
 7739.0000  7.6911E-47
 7740.0000  7.8213E-47
 7741.0000  7.9653E-47
 7742.0000  8.1122E-47
 7743.0000  8.2576E-47
 7744.0000  8.4017E-47
 7745.0000  8.5610E-47
 7746.0000  8.7231E-47
 7747.0000  8.8990E-47
 7748.0000  9.0445E-47
 7749.0000  9.2024E-47
 7750.0000  9.3645E-47
 7751.0000  9.5252E-47
 7752.0000  9.7149E-47
 7753.0000  9.9033E-47
 7754.0000  1.0110E-46
 7755.0000  1.0315E-46
 7756.0000  1.0514E-46
 7757.0000  1.0683E-46
 7758.0000  1.0862E-46
 7759.0000  1.1023E-46
 7760.0000  1.1192E-46
 7761.0000  1.1376E-46
 7762.0000  1.1566E-46
 7763.0000  1.1778E-46
 7764.0000  1.1991E-46
 7765.0000  1.2235E-46
 7766.0000  1.2481E-46
 7767.0000  1.2736E-46
 7768.0000  1.2973E-46
 7769.0000  1.3196E-46
 7770.0000  1.3425E-46
 7771.0000  1.3664E-46
 7772.0000  1.3900E-46
 7773.0000  1.4153E-46
 7774.0000  1.4418E-46
 7775.0000  1.4666E-46
 7776.0000  1.4926E-46
 7777.0000  1.5191E-46
 7778.0000  1.5469E-46
 7779.0000  1.5774E-46
 7780.0000  1.6091E-46
 7781.0000  1.6418E-46
 7782.0000  1.6763E-46
 7783.0000  1.7112E-46
 7784.0000  1.7503E-46
 7785.0000  1.7871E-46
 7786.0000  1.8243E-46
 7787.0000  1.8599E-46
 7788.0000  1.8919E-46
 7789.0000  1.9226E-46
 7790.0000  1.9509E-46
 7791.0000  1.9790E-46
 7792.0000  2.0078E-46
 7793.0000  2.0391E-46
 7794.0000  2.0736E-46
 7795.0000  2.1135E-46
 7796.0000  2.1540E-46
 7797.0000  2.1972E-46
 7798.0000  2.2435E-46
 7799.0000  2.2915E-46
 7800.0000  2.3399E-46
 7801.0000  2.3915E-46
 7802.0000  2.4481E-46
 7803.0000  2.4972E-46
 7804.0000  2.5464E-46
 7805.0000  2.5986E-46
 7806.0000  2.6516E-46
 7807.0000  2.7068E-46
 7808.0000  2.7622E-46
 7809.0000  2.8195E-46
 7810.0000  2.8792E-46
 7811.0000  2.9389E-46
 7812.0000  3.0020E-46
 7813.0000  3.0652E-46
 7814.0000  3.1302E-46
 7815.0000  3.1956E-46
 7816.0000  3.2626E-46
 7817.0000  3.3298E-46
 7818.0000  3.3993E-46
 7819.0000  3.4718E-46
 7820.0000  3.5452E-46
 7821.0000  3.6203E-46
 7822.0000  3.6962E-46
 7823.0000  3.7749E-46
 7824.0000  3.8563E-46
 7825.0000  3.9392E-46
 7826.0000  4.0230E-46
 7827.0000  4.1080E-46
 7828.0000  4.1963E-46
 7829.0000  4.2840E-46
 7830.0000  4.3744E-46
 7831.0000  4.4679E-46
 7832.0000  4.5603E-46
 7833.0000  4.6533E-46
 7834.0000  4.7467E-46
 7835.0000  4.8431E-46
 7836.0000  4.9427E-46
 7837.0000  5.0419E-46
 7838.0000  5.1426E-46
 7839.0000  5.2474E-46
 7840.0000  5.3534E-46
 7841.0000  5.4595E-46
 7842.0000  5.5672E-46
 7843.0000  5.6791E-46
 7844.0000  5.7907E-46
 7845.0000  5.9043E-46
 7846.0000  6.0199E-46
 7847.0000  6.1407E-46
 7848.0000  6.2638E-46
 7849.0000  6.3883E-46
 7850.0000  6.5155E-46
 7851.0000  6.6313E-46
 7852.0000  6.7409E-46
 7853.0000  6.8567E-46
 7854.0000  6.9763E-46
 7855.0000  7.0983E-46
 7856.0000  7.2235E-46
 7857.0000  7.3547E-46
 7858.0000  7.4912E-46
 7859.0000  7.6368E-46
 7860.0000  7.7850E-46
 7861.0000  7.9360E-46
 7862.0000  8.0888E-46
 7863.0000  8.2449E-46
 7864.0000  8.4028E-46
 7865.0000  8.5610E-46
 7866.0000  8.7191E-46
 7867.0000  8.8767E-46
 7868.0000  9.0344E-46
 7869.0000  9.1872E-46
 7870.0000  9.3397E-46
 7871.0000  9.4909E-46
 7872.0000  9.6375E-46
 7873.0000  9.7837E-46
 7874.0000  9.9269E-46
 7875.0000  1.0068E-45
 7876.0000  1.0207E-45
 7877.0000  1.0345E-45
 7878.0000  1.0483E-45
 7879.0000  1.0615E-45
 7880.0000  1.0741E-45
 7881.0000  1.0858E-45
 7882.0000  1.0966E-45
 7883.0000  1.1066E-45
 7884.0000  1.1157E-45
 7885.0000  1.1221E-45
 7886.0000  1.1278E-45
 7887.0000  1.1326E-45
 7888.0000  1.1366E-45
 7889.0000  1.1399E-45
 7890.0000  1.1424E-45
 7891.0000  1.1440E-45
 7892.0000  1.1447E-45
 7893.0000  1.1445E-45
 7894.0000  1.1435E-45
 7895.0000  1.1419E-45
 7896.0000  1.1397E-45
 7897.0000  1.1370E-45
 7898.0000  1.1343E-45
 7899.0000  1.1312E-45
 7900.0000  1.1275E-45
 7901.0000  1.1233E-45
 7902.0000  1.1189E-45
 7903.0000  1.1142E-45
 7904.0000  1.1092E-45
 7905.0000  1.1042E-45
 7906.0000  1.0992E-45
 7907.0000  1.0941E-45
 7908.0000  1.0886E-45
 7909.0000  1.0825E-45
 7910.0000  1.0757E-45
 7911.0000  1.0680E-45
 7912.0000  1.0599E-45
 7913.0000  1.0510E-45
 7914.0000  1.0378E-45
 7915.0000  1.0230E-45
 7916.0000  1.0103E-45
 7917.0000  9.9798E-46
 7918.0000  9.8567E-46
 7919.0000  9.7323E-46
 7920.0000  9.6098E-46
 7921.0000  9.4772E-46
 7922.0000  9.3325E-46
 7923.0000  9.1867E-46
 7924.0000  9.0485E-46
 7925.0000  8.9144E-46
 7926.0000  8.7853E-46
 7927.0000  8.6566E-46
 7928.0000  8.5297E-46
 7929.0000  8.4017E-46
 7930.0000  8.2750E-46
 7931.0000  8.1458E-46
 7932.0000  8.0122E-46
 7933.0000  7.8840E-46
 7934.0000  7.7584E-46
 7935.0000  7.6347E-46
 7936.0000  7.5122E-46
 7937.0000  7.3878E-46
 7938.0000  7.2667E-46
 7939.0000  7.1505E-46
 7940.0000  7.0329E-46
 7941.0000  6.9167E-46
 7942.0000  6.8005E-46
 7943.0000  6.6858E-46
 7944.0000  6.5769E-46
 7945.0000  6.4645E-46
 7946.0000  6.3540E-46
 7947.0000  6.2462E-46
 7948.0000  6.1420E-46
 7949.0000  6.0406E-46
 7950.0000  5.9434E-46
 7951.0000  5.8489E-46
 7952.0000  5.7575E-46
 7953.0000  5.6636E-46
 7954.0000  5.5714E-46
 7955.0000  5.4847E-46
 7956.0000  5.3997E-46
 7957.0000  5.3160E-46
 7958.0000  5.2372E-46
 7959.0000  5.1582E-46
 7960.0000  5.0829E-46
 7961.0000  5.0159E-46
 7962.0000  4.9495E-46
 7963.0000  4.8843E-46
 7964.0000  4.8169E-46
 7965.0000  4.7504E-46
 7966.0000  4.6850E-46
 7967.0000  4.6211E-46
 7968.0000  4.5573E-46
 7969.0000  4.4949E-46
 7970.0000  4.4327E-46
 7971.0000  4.3718E-46
 7972.0000  4.3122E-46
 7973.0000  4.2525E-46
 7974.0000  4.1993E-46
 7975.0000  4.1478E-46
 7976.0000  4.0960E-46
 7977.0000  4.0421E-46
 7978.0000  3.9897E-46
 7979.0000  3.9374E-46
 7980.0000  3.8872E-46
 7981.0000  3.8360E-46
 7982.0000  3.7846E-46
 7983.0000  3.7365E-46
 7984.0000  3.6876E-46
 7985.0000  3.6386E-46
 7986.0000  3.5873E-46
 7987.0000  3.5376E-46
 7988.0000  3.4920E-46
 7989.0000  3.4473E-46
 7990.0000  3.4045E-46
 7991.0000  3.3643E-46
 7992.0000  3.3234E-46
 7993.0000  3.2817E-46
 7994.0000  3.2418E-46
 7995.0000  3.2029E-46
 7996.0000  3.1666E-46
 7997.0000  3.1293E-46
 7998.0000  3.0942E-46
 7999.0000  3.0630E-46
 8000.0000  3.0344E-46
 8001.0000  2.9934E-46
 8002.0000  2.9511E-46
 8003.0000  2.9099E-46
 8004.0000  2.8684E-46
 8005.0000  2.8352E-46
 8006.0000  2.8068E-46
 8007.0000  2.7778E-46
 8008.0000  2.7488E-46
 8009.0000  2.7199E-46
 8010.0000  2.6930E-46
 8011.0000  2.6658E-46
 8012.0000  2.6399E-46
 8013.0000  2.6125E-46
 8014.0000  2.5865E-46
 8015.0000  2.5590E-46
 8016.0000  2.5344E-46
 8017.0000  2.5097E-46
 8018.0000  2.4842E-46
 8019.0000  2.4583E-46
 8020.0000  2.4337E-46
 8021.0000  2.4111E-46
 8022.0000  2.3893E-46
 8023.0000  2.3672E-46
 8024.0000  2.3453E-46
 8025.0000  2.3238E-46
 8026.0000  2.3022E-46
 8027.0000  2.2828E-46
 8028.0000  2.2635E-46
 8029.0000  2.2435E-46
 8030.0000  2.2232E-46
 8031.0000  2.2045E-46
 8032.0000  2.1846E-46
 8033.0000  2.1652E-46
 8034.0000  2.1441E-46
 8035.0000  2.1239E-46
 8036.0000  2.1035E-46
 8037.0000  2.0819E-46
 8038.0000  2.0621E-46
 8039.0000  2.0411E-46
 8040.0000  2.0208E-46
 8041.0000  2.0005E-46
 8042.0000  1.9803E-46
 8043.0000  1.9614E-46
 8044.0000  1.9416E-46
 8045.0000  1.9244E-46
 8046.0000  1.9054E-46
 8047.0000  1.8895E-46
 8048.0000  1.8718E-46
 8049.0000  1.8575E-46
 8050.0000  1.8420E-46
 8051.0000  1.8272E-46
 8052.0000  1.8142E-46
 8053.0000  1.8007E-46
 8054.0000  1.7876E-46
 8055.0000  1.7748E-46
 8056.0000  1.7618E-46
 8057.0000  1.7484E-46
 8058.0000  1.7348E-46
 8059.0000  1.7215E-46
 8060.0000  1.7097E-46
 8061.0000  1.6967E-46
 8062.0000  1.6828E-46
 8063.0000  1.6706E-46
 8064.0000  1.6569E-46
 8065.0000  1.6434E-46
 8066.0000  1.6316E-46
 8067.0000  1.6194E-46
 8068.0000  1.6069E-46
 8069.0000  1.5933E-46
 8070.0000  1.5810E-46
 8071.0000  1.5690E-46
 8072.0000  1.5565E-46
 8073.0000  1.5438E-46
 8074.0000  1.5313E-46
 8075.0000  1.5190E-46
 8076.0000  1.5064E-46
 8077.0000  1.4924E-46
 8078.0000  1.4798E-46
 8079.0000  1.4658E-46
 8080.0000  1.4518E-46
 8081.0000  1.4393E-46
 8082.0000  1.4252E-46
 8083.0000  1.4110E-46
 8084.0000  1.3971E-46
 8085.0000  1.3829E-46
 8086.0000  1.3703E-46
 8087.0000  1.3563E-46
 8088.0000  1.3437E-46
 8089.0000  1.3314E-46
 8090.0000  1.3188E-46
 8091.0000  1.3080E-46
 8092.0000  1.2972E-46
 8093.0000  1.2862E-46
 8094.0000  1.2772E-46
 8095.0000  1.2679E-46
 8096.0000  1.2594E-46
 8097.0000  1.2523E-46
 8098.0000  1.2454E-46
 8099.0000  1.2402E-46
 8100.0000  1.2323E-46
 8101.0000  1.2243E-46
 8102.0000  1.2166E-46
 8103.0000  1.2075E-46
 8104.0000  1.1984E-46
 8105.0000  1.1893E-46
 8106.0000  1.1787E-46
 8107.0000  1.1681E-46
 8108.0000  1.1560E-46
 8109.0000  1.1440E-46
 8110.0000  1.1308E-46
 8111.0000  1.1189E-46
 8112.0000  1.1055E-46
 8113.0000  1.0920E-46
 8114.0000  1.0787E-46
 8115.0000  1.0671E-46
 8116.0000  1.0553E-46
 8117.0000  1.0437E-46
 8118.0000  1.0337E-46
 8119.0000  1.0236E-46
 8120.0000  1.0150E-46
 8121.0000  1.0064E-46
 8122.0000  9.9809E-47
 8123.0000  9.8978E-47
 8124.0000  9.8299E-47
 8125.0000  9.7607E-47
 8126.0000  9.6775E-47
 8127.0000  9.6111E-47
 8128.0000  9.5321E-47
 8129.0000  9.4517E-47
 8130.0000  9.3575E-47
 8131.0000  9.2633E-47
 8132.0000  9.1719E-47
 8133.0000  9.0653E-47
 8134.0000  8.9752E-47
 8135.0000  8.8713E-47
 8136.0000  8.7674E-47
 8137.0000  8.6621E-47
 8138.0000  8.5762E-47
 8139.0000  8.4917E-47
 8140.0000  8.4059E-47
 8141.0000  8.3366E-47
 8142.0000  8.2659E-47
 8143.0000  8.1981E-47
 8144.0000  8.1496E-47
 8145.0000  8.0997E-47
 8146.0000  8.0498E-47
 8147.0000  8.0014E-47
 8148.0000  7.9501E-47
 8149.0000  7.8988E-47
 8150.0000  7.8462E-47
 8151.0000  7.5054E-47
 8152.0000  7.4195E-47
 8153.0000  7.3337E-47
 8154.0000  7.2630E-47
 8155.0000  7.1771E-47
 8156.0000  7.0926E-47
 8157.0000  7.0081E-47
 8158.0000  6.9208E-47
 8159.0000  6.8502E-47
 8160.0000  6.7795E-47
 8161.0000  6.7103E-47
 8162.0000  6.6410E-47
 8163.0000  6.5870E-47
 8164.0000  6.5163E-47
 8165.0000  6.4609E-47
 8166.0000  6.4041E-47
 8167.0000  6.3667E-47
 8168.0000  6.3127E-47
 8169.0000  6.2587E-47
 8170.0000  6.2185E-47
 8171.0000  6.1631E-47
 8172.0000  6.1091E-47
 8173.0000  6.0550E-47
 8174.0000  6.0024E-47
 8175.0000  5.9484E-47
 8176.0000  5.8957E-47
 8177.0000  5.8279E-47
 8178.0000  5.7600E-47
 8179.0000  5.7060E-47
 8180.0000  5.6367E-47
 8181.0000  5.5702E-47
 8182.0000  5.5189E-47
 8183.0000  5.4525E-47
 8184.0000  5.3832E-47
 8185.0000  5.3319E-47
 8186.0000  5.2641E-47
 8187.0000  5.2128E-47
 8188.0000  5.1629E-47
 8189.0000  5.1255E-47
 8190.0000  5.0729E-47
 8191.0000  5.0369E-47
 8192.0000  4.9995E-47
 8193.0000  4.9648E-47
 8194.0000  4.9288E-47
 8195.0000  4.8928E-47
 8196.0000  4.8568E-47
 8197.0000  4.8208E-47
 8198.0000  4.7709E-47
 8199.0000  4.7210E-47
 8200.0000  4.6698E-47
 8201.0000  4.5991E-47
 8202.0000  4.5271E-47
 8203.0000  4.4523E-47
 8204.0000  4.3816E-47
 8205.0000  4.3304E-47
 8206.0000  4.2625E-47
 8207.0000  4.2112E-47
 8208.0000  4.1600E-47
 8209.0000  4.1060E-47
 8210.0000  4.0686E-47
 8211.0000  4.0298E-47
 8212.0000  3.9938E-47
 8213.0000  3.9564E-47
 8214.0000  3.9328E-47
 8215.0000  3.8968E-47
 8216.0000  3.8580E-47
 8217.0000  3.8220E-47
 8218.0000  3.7832E-47
 8219.0000  3.7472E-47
 8220.0000  3.7098E-47
 8221.0000  3.6876E-47
 8222.0000  3.6488E-47
 8223.0000  3.6267E-47
 8224.0000  3.6031E-47
 8225.0000  3.5809E-47
 8226.0000  3.5588E-47
 8227.0000  3.5366E-47
 8228.0000  3.5283E-47
 8229.0000  3.5061E-47
 8230.0000  3.4826E-47
 8231.0000  3.4604E-47
 8232.0000  3.4383E-47
 8233.0000  3.4161E-47
 8234.0000  3.3787E-47
 8235.0000  3.3413E-47
 8236.0000  3.3039E-47
 8237.0000  3.2651E-47
 8238.0000  3.2277E-47
 8239.0000  3.1764E-47
 8240.0000  3.1390E-47
 8241.0000  3.0864E-47
 8242.0000  3.0490E-47
 8243.0000  3.0116E-47
 8244.0000  2.9742E-47
 8245.0000  2.9354E-47
 8246.0000  2.9132E-47
 8247.0000  2.8897E-47
 8248.0000  2.8675E-47
 8249.0000  2.8454E-47
 8250.0000  2.8204E-47
 8251.0000  2.8121E-47
 8252.0000  2.8052E-47
 8253.0000  2.7969E-47
 8254.0000  2.7886E-47
 8255.0000  2.7803E-47
 8256.0000  2.7706E-47
 8257.0000  2.7622E-47
 8258.0000  2.7539E-47
 8259.0000  2.7456E-47
 8260.0000  2.7235E-47
 8261.0000  2.7138E-47
 8262.0000  2.6916E-47
 8263.0000  2.6667E-47
 8264.0000  2.6431E-47
 8265.0000  2.6209E-47
 8266.0000  2.5960E-47
 8267.0000  2.5725E-47
 8268.0000  2.5337E-47
 8269.0000  2.5115E-47
 8270.0000  2.4866E-47
 8271.0000  2.4478E-47
 8272.0000  2.4256E-47
 8273.0000  2.3854E-47
 8274.0000  2.3619E-47
 8275.0000  2.3370E-47
 8276.0000  2.3134E-47
 8277.0000  2.2899E-47
 8278.0000  2.2663E-47
 8279.0000  2.2414E-47
 8280.0000  2.2164E-47
 8281.0000  2.1929E-47
 8282.0000  2.1527E-47
 8283.0000  2.1292E-47
 8284.0000  2.1042E-47
 8285.0000  2.0654E-47
 8286.0000  2.0405E-47
 8287.0000  2.0017E-47
 8288.0000  1.9616E-47
 8289.0000  1.9228E-47
 8290.0000  1.8978E-47
 8291.0000  1.8590E-47
 8292.0000  1.8341E-47
 8293.0000  1.8078E-47
 8294.0000  1.7829E-47
 8295.0000  1.7579E-47
 8296.0000  1.7482E-47
 8297.0000  1.7385E-47
 8298.0000  1.7413E-47
 8299.0000  1.7468E-47
 8300.0000  1.7648E-47
 8301.0000  1.7690E-47
 8302.0000  1.7884E-47
 8303.0000  1.8078E-47
 8304.0000  1.8258E-47
 8305.0000  1.8438E-47
 8306.0000  1.8632E-47
 8307.0000  1.8812E-47
 8308.0000  1.8854E-47
 8309.0000  1.9186E-47
 8310.0000  1.9241E-47
 8311.0000  1.9117E-47
 8312.0000  1.8854E-47
 8313.0000  1.8452E-47
 8314.0000  1.7898E-47
 8315.0000  1.7344E-47
 8316.0000  1.6637E-47
 8317.0000  1.5931E-47
 8318.0000  1.5072E-47
 8319.0000  1.4379E-47
 8320.0000  1.3520E-47
 8321.0000  1.2952E-47
 8322.0000  1.2260E-47
 8323.0000  1.1706E-47
 8324.0000  1.1290E-47
 8325.0000  1.1013E-47
 8326.0000  1.0750E-47
 8327.0000  1.0639E-47
 8328.0000  1.0667E-47
 8329.0000  1.0847E-47
 8330.0000  1.0736E-47
 8331.0000  1.0597E-47
 8332.0000  1.0487E-47
 8333.0000  1.0376E-47
 8334.0000  1.0251E-47
 8335.0000  1.0126E-47
 8336.0000  1.0016E-47
 8337.0000  1.0043E-47
 8338.0000  9.9186E-48
 8339.0000  9.7939E-48
 8340.0000  9.6692E-48
 8341.0000  9.5584E-48
 8342.0000  9.4337E-48
 8343.0000  9.3091E-48
 8344.0000  9.1982E-48
 8345.0000  9.0597E-48
 8346.0000  8.9489E-48
 8347.0000  8.8104E-48
 8348.0000  8.6995E-48
 8349.0000  8.5749E-48
 8350.0000  8.6026E-48
 8351.0000  8.4779E-48
 8352.0000  8.3532E-48
 8353.0000  8.2285E-48
 8354.0000  8.2563E-48
 8355.0000  8.1316E-48
              O2-Air      7545      8355    811    266 1.131E-45 1.000                            53
 7545.0000  3.1584E-48
 7546.0000  3.2831E-48
 7547.0000  3.2554E-48
 7548.0000  3.3662E-48
 7549.0000  3.3524E-48
 7550.0000  3.4632E-48
 7551.0000  3.4355E-48
 7552.0000  3.5602E-48
 7553.0000  3.6710E-48
 7554.0000  3.6433E-48
 7555.0000  3.7680E-48
 7556.0000  3.7264E-48
 7557.0000  3.8511E-48
 7558.0000  3.9619E-48
 7559.0000  3.9480E-48
 7560.0000  4.0589E-48
 7561.0000  4.1697E-48
 7562.0000  4.2944E-48
 7563.0000  4.2667E-48
 7564.0000  4.3775E-48
 7565.0000  4.5022E-48
 7566.0000  4.6130E-48
 7567.0000  4.5714E-48
 7568.0000  4.6822E-48
 7569.0000  4.8069E-48
 7570.0000  4.9177E-48
 7571.0000  4.8900E-48
 7572.0000  5.0147E-48
 7573.0000  5.1117E-48
 7574.0000  5.2225E-48
 7575.0000  5.3333E-48
 7576.0000  5.4580E-48
 7577.0000  5.5688E-48
 7578.0000  5.6796E-48
 7579.0000  5.7905E-48
 7580.0000  5.9013E-48
 7581.0000  6.0121E-48
 7582.0000  6.2753E-48
 7583.0000  6.3861E-48
 7584.0000  6.6355E-48
 7585.0000  6.7463E-48
 7586.0000  6.8571E-48
 7587.0000  7.1203E-48
 7588.0000  7.2173E-48
 7589.0000  7.3281E-48
 7590.0000  7.4389E-48
 7591.0000  7.6883E-48
 7592.0000  7.7853E-48
 7593.0000  8.0485E-48
 7594.0000  8.1593E-48
 7595.0000  8.4086E-48
 7596.0000  8.6580E-48
 7597.0000  8.9073E-48
 7598.0000  9.0182E-48
 7599.0000  9.1290E-48
 7600.0000  9.2259E-48
 7601.0000  9.3229E-48
 7602.0000  9.4337E-48
 7603.0000  9.5446E-48
 7604.0000  9.6415E-48
 7605.0000  9.7524E-48
 7606.0000  9.9878E-48
 7607.0000  1.0099E-47
 7608.0000  1.0209E-47
 7609.0000  1.0168E-47
 7610.0000  1.0417E-47
 7611.0000  1.0653E-47
 7612.0000  1.0902E-47
 7613.0000  1.1290E-47
 7614.0000  1.1539E-47
 7615.0000  1.1789E-47
 7616.0000  1.2024E-47
 7617.0000  1.2287E-47
 7618.0000  1.2384E-47
 7619.0000  1.2481E-47
 7620.0000  1.2578E-47
 7621.0000  1.2689E-47
 7622.0000  1.2938E-47
 7623.0000  1.3326E-47
 7624.0000  1.3562E-47
 7625.0000  1.3964E-47
 7626.0000  1.4199E-47
 7627.0000  1.4448E-47
 7628.0000  1.4698E-47
 7629.0000  1.4933E-47
 7630.0000  1.5183E-47
 7631.0000  1.5418E-47
 7632.0000  1.5667E-47
 7633.0000  1.6055E-47
 7634.0000  1.6305E-47
 7635.0000  1.6540E-47
 7636.0000  1.6790E-47
 7637.0000  1.7025E-47
 7638.0000  1.7274E-47
 7639.0000  1.7510E-47
 7640.0000  1.7759E-47
 7641.0000  1.8147E-47
 7642.0000  1.8383E-47
 7643.0000  1.8784E-47
 7644.0000  1.9020E-47
 7645.0000  1.9255E-47
 7646.0000  1.9643E-47
 7647.0000  1.9879E-47
 7648.0000  2.0114E-47
 7649.0000  2.0364E-47
 7650.0000  2.0738E-47
 7651.0000  2.1139E-47
 7652.0000  2.1361E-47
 7653.0000  2.1749E-47
 7654.0000  2.2137E-47
 7655.0000  2.2525E-47
 7656.0000  2.2912E-47
 7657.0000  2.3287E-47
 7658.0000  2.3813E-47
 7659.0000  2.4201E-47
 7660.0000  2.4727E-47
 7661.0000  2.5254E-47
 7662.0000  2.5628E-47
 7663.0000  2.6154E-47
 7664.0000  2.6542E-47
 7665.0000  2.6777E-47
 7666.0000  2.7165E-47
 7667.0000  2.7539E-47
 7668.0000  2.8066E-47
 7669.0000  2.8440E-47
 7670.0000  2.8966E-47
 7671.0000  2.9493E-47
 7672.0000  2.9867E-47
 7673.0000  3.0393E-47
 7674.0000  3.0933E-47
 7675.0000  3.1293E-47
 7676.0000  3.1820E-47
 7677.0000  3.2208E-47
 7678.0000  3.2734E-47
 7679.0000  3.3108E-47
 7680.0000  3.3482E-47
 7681.0000  3.3856E-47
 7682.0000  3.4230E-47
 7683.0000  3.4757E-47
 7684.0000  3.5283E-47
 7685.0000  3.4784E-47
 7686.0000  3.5699E-47
 7687.0000  3.6613E-47
 7688.0000  3.7513E-47
 7689.0000  3.8441E-47
 7690.0000  3.9203E-47
 7691.0000  3.9910E-47
 7692.0000  4.0450E-47
 7693.0000  4.1004E-47
 7694.0000  4.1683E-47
 7695.0000  4.2182E-47
 7696.0000  4.2680E-47
 7697.0000  4.3304E-47
 7698.0000  4.4093E-47
 7699.0000  4.4689E-47
 7700.0000  4.5423E-47
 7701.0000  4.6033E-47
 7702.0000  4.6670E-47
 7703.0000  4.7307E-47
 7704.0000  4.7986E-47
 7705.0000  4.8499E-47
 7706.0000  4.9163E-47
 7707.0000  4.9953E-47
 7708.0000  5.0743E-47
 7709.0000  5.1408E-47
 7710.0000  5.2225E-47
 7711.0000  5.2876E-47
 7712.0000  5.3666E-47
 7713.0000  5.4317E-47
 7714.0000  5.5134E-47
 7715.0000  5.5951E-47
 7716.0000  5.6755E-47
 7717.0000  5.7572E-47
 7718.0000  5.8376E-47
 7719.0000  5.9193E-47
 7720.0000  5.9872E-47
 7721.0000  6.0550E-47
 7722.0000  6.1229E-47
 7723.0000  6.2074E-47
 7724.0000  6.3058E-47
 7725.0000  6.4166E-47
 7726.0000  6.5302E-47
 7727.0000  6.6438E-47
 7728.0000  6.7740E-47
 7729.0000  6.8876E-47
 7730.0000  7.0040E-47
 7731.0000  7.1176E-47
 7732.0000  7.2325E-47
 7733.0000  7.3489E-47
 7734.0000  7.4653E-47
 7735.0000  7.5830E-47
 7736.0000  7.6994E-47
 7737.0000  7.8296E-47
 7738.0000  7.9459E-47
 7739.0000  8.0789E-47
 7740.0000  8.2119E-47
 7741.0000  8.3574E-47
 7742.0000  8.5056E-47
 7743.0000  8.6524E-47
 7744.0000  8.7993E-47
 7745.0000  8.9600E-47
 7746.0000  9.1234E-47
 7747.0000  9.2994E-47
 7748.0000  9.4476E-47
 7749.0000  9.6069E-47
 7750.0000  9.7704E-47
 7751.0000  9.9324E-47
 7752.0000  1.0122E-46
 7753.0000  1.0312E-46
 7754.0000  1.0518E-46
 7755.0000  1.0725E-46
 7756.0000  1.0927E-46
 7757.0000  1.1099E-46
 7758.0000  1.1278E-46
 7759.0000  1.1440E-46
 7760.0000  1.1611E-46
 7761.0000  1.1798E-46
 7762.0000  1.1988E-46
 7763.0000  1.2203E-46
 7764.0000  1.2418E-46
 7765.0000  1.2663E-46
 7766.0000  1.2911E-46
 7767.0000  1.3167E-46
 7768.0000  1.3407E-46
 7769.0000  1.3634E-46
 7770.0000  1.3864E-46
 7771.0000  1.4105E-46
 7772.0000  1.4345E-46
 7773.0000  1.4599E-46
 7774.0000  1.4868E-46
 7775.0000  1.5120E-46
 7776.0000  1.5384E-46
 7777.0000  1.5651E-46
 7778.0000  1.5933E-46
 7779.0000  1.6241E-46
 7780.0000  1.6562E-46
 7781.0000  1.6895E-46
 7782.0000  1.7243E-46
 7783.0000  1.7594E-46
 7784.0000  1.7988E-46
 7785.0000  1.8362E-46
 7786.0000  1.8736E-46
 7787.0000  1.9096E-46
 7788.0000  1.9423E-46
 7789.0000  1.9737E-46
 7790.0000  2.0024E-46
 7791.0000  2.0311E-46
 7792.0000  2.0607E-46
 7793.0000  2.0929E-46
 7794.0000  2.1281E-46
 7795.0000  2.1684E-46
 7796.0000  2.2094E-46
 7797.0000  2.2533E-46
 7798.0000  2.3001E-46
 7799.0000  2.3486E-46
 7800.0000  2.3976E-46
 7801.0000  2.4492E-46
 7802.0000  2.5047E-46
 7803.0000  2.5547E-46
 7804.0000  2.6052E-46
 7805.0000  2.6582E-46
 7806.0000  2.7117E-46
 7807.0000  2.7674E-46
 7808.0000  2.8231E-46
 7809.0000  2.8805E-46
 7810.0000  2.9401E-46
 7811.0000  2.9998E-46
 7812.0000  3.0627E-46
 7813.0000  3.1257E-46
 7814.0000  3.1904E-46
 7815.0000  3.2554E-46
 7816.0000  3.3220E-46
 7817.0000  3.3887E-46
 7818.0000  3.4578E-46
 7819.0000  3.5295E-46
 7820.0000  3.6021E-46
 7821.0000  3.6765E-46
 7822.0000  3.7519E-46
 7823.0000  3.8296E-46
 7824.0000  3.9102E-46
 7825.0000  3.9920E-46
 7826.0000  4.0749E-46
 7827.0000  4.1589E-46
 7828.0000  4.2459E-46
 7829.0000  4.3325E-46
 7830.0000  4.4218E-46
 7831.0000  4.5138E-46
 7832.0000  4.6047E-46
 7833.0000  4.6962E-46
 7834.0000  4.7879E-46
 7835.0000  4.8825E-46
 7836.0000  4.9802E-46
 7837.0000  5.0775E-46
 7838.0000  5.1762E-46
 7839.0000  5.2785E-46
 7840.0000  5.3819E-46
 7841.0000  5.4854E-46
 7842.0000  5.5906E-46
 7843.0000  5.6992E-46
 7844.0000  5.8076E-46
 7845.0000  5.9178E-46
 7846.0000  6.0298E-46
 7847.0000  6.1465E-46
 7848.0000  6.2652E-46
 7849.0000  6.3854E-46
 7850.0000  6.5079E-46
 7851.0000  6.6219E-46
 7852.0000  6.7315E-46
 7853.0000  6.8453E-46
 7854.0000  6.9627E-46
 7855.0000  7.0824E-46
 7856.0000  7.2047E-46
 7857.0000  7.3330E-46
 7858.0000  7.4666E-46
 7859.0000  7.6088E-46
 7860.0000  7.7533E-46
 7861.0000  7.9005E-46
 7862.0000  8.0498E-46
 7863.0000  8.2021E-46
 7864.0000  8.3560E-46
 7865.0000  8.5100E-46
 7866.0000  8.6639E-46
 7867.0000  8.8176E-46
 7868.0000  8.9709E-46
 7869.0000  9.1196E-46
 7870.0000  9.2676E-46
 7871.0000  9.4145E-46
 7872.0000  9.5567E-46
 7873.0000  9.6983E-46
 7874.0000  9.8371E-46
 7875.0000  9.9732E-46
 7876.0000  1.0107E-45
 7877.0000  1.0240E-45
 7878.0000  1.0373E-45
 7879.0000  1.0500E-45
 7880.0000  1.0621E-45
 7881.0000  1.0734E-45
 7882.0000  1.0837E-45
 7883.0000  1.0932E-45
 7884.0000  1.1018E-45
 7885.0000  1.1082E-45
 7886.0000  1.1139E-45
 7887.0000  1.1187E-45
 7888.0000  1.1228E-45
 7889.0000  1.1261E-45
 7890.0000  1.1286E-45
 7891.0000  1.1301E-45
 7892.0000  1.1308E-45
 7893.0000  1.1307E-45
 7894.0000  1.1297E-45
 7895.0000  1.1280E-45
 7896.0000  1.1258E-45
 7897.0000  1.1232E-45
 7898.0000  1.1204E-45
 7899.0000  1.1174E-45
 7900.0000  1.1136E-45
 7901.0000  1.1095E-45
 7902.0000  1.1050E-45
 7903.0000  1.1003E-45
 7904.0000  1.0953E-45
 7905.0000  1.0904E-45
 7906.0000  1.0854E-45
 7907.0000  1.0802E-45
 7908.0000  1.0747E-45
 7909.0000  1.0686E-45
 7910.0000  1.0618E-45
 7911.0000  1.0542E-45
 7912.0000  1.0460E-45
 7913.0000  1.0372E-45
 7914.0000  1.0249E-45
 7915.0000  1.0114E-45
 7916.0000  9.9934E-46
 7917.0000  9.8754E-46
 7918.0000  9.7572E-46
 7919.0000  9.6371E-46
 7920.0000  9.5185E-46
 7921.0000  9.3916E-46
 7922.0000  9.2555E-46
 7923.0000  9.1182E-46
 7924.0000  8.9867E-46
 7925.0000  8.8590E-46
 7926.0000  8.7339E-46
 7927.0000  8.6092E-46
 7928.0000  8.4857E-46
 7929.0000  8.3604E-46
 7930.0000  8.2363E-46
 7931.0000  8.1102E-46
 7932.0000  7.9804E-46
 7933.0000  7.8549E-46
 7934.0000  7.7315E-46
 7935.0000  7.6099E-46
 7936.0000  7.4896E-46
 7937.0000  7.3686E-46
 7938.0000  7.2504E-46
 7939.0000  7.1361E-46
 7940.0000  7.0211E-46
 7941.0000  6.9075E-46
 7942.0000  6.7940E-46
 7943.0000  6.6816E-46
 7944.0000  6.5740E-46
 7945.0000  6.4637E-46
 7946.0000  6.3554E-46
 7947.0000  6.2500E-46
 7948.0000  6.1476E-46
 7949.0000  6.0474E-46
 7950.0000  5.9510E-46
 7951.0000  5.8572E-46
 7952.0000  5.7665E-46
 7953.0000  5.6738E-46
 7954.0000  5.5834E-46
 7955.0000  5.4975E-46
 7956.0000  5.4139E-46
 7957.0000  5.3318E-46
 7958.0000  5.2542E-46
 7959.0000  5.1769E-46
 7960.0000  5.1031E-46
 7961.0000  5.0363E-46
 7962.0000  4.9697E-46
 7963.0000  4.9047E-46
 7964.0000  4.8378E-46
 7965.0000  4.7720E-46
 7966.0000  4.7070E-46
 7967.0000  4.6434E-46
 7968.0000  4.5800E-46
 7969.0000  4.5179E-46
 7970.0000  4.4564E-46
 7971.0000  4.3962E-46
 7972.0000  4.3373E-46
 7973.0000  4.2783E-46
 7974.0000  4.2250E-46
 7975.0000  4.1727E-46
 7976.0000  4.1204E-46
 7977.0000  4.0668E-46
 7978.0000  4.0147E-46
 7979.0000  3.9626E-46
 7980.0000  3.9126E-46
 7981.0000  3.8616E-46
 7982.0000  3.8106E-46
 7983.0000  3.7624E-46
 7984.0000  3.7137E-46
 7985.0000  3.6650E-46
 7986.0000  3.6147E-46
 7987.0000  3.5660E-46
 7988.0000  3.5211E-46
 7989.0000  3.4769E-46
 7990.0000  3.4340E-46
 7991.0000  3.3938E-46
 7992.0000  3.3532E-46
 7993.0000  3.3118E-46
 7994.0000  3.2719E-46
 7995.0000  3.2325E-46
 7996.0000  3.1957E-46
 7997.0000  3.1580E-46
 7998.0000  3.1220E-46
 7999.0000  3.0893E-46
 8000.0000  3.0590E-46
 8001.0000  3.0191E-46
 8002.0000  2.9786E-46
 8003.0000  2.9394E-46
 8004.0000  2.8999E-46
 8005.0000  2.8675E-46
 8006.0000  2.8386E-46
 8007.0000  2.8091E-46
 8008.0000  2.7801E-46
 8009.0000  2.7512E-46
 8010.0000  2.7240E-46
 8011.0000  2.6964E-46
 8012.0000  2.6701E-46
 8013.0000  2.6426E-46
 8014.0000  2.6165E-46
 8015.0000  2.5889E-46
 8016.0000  2.5639E-46
 8017.0000  2.5388E-46
 8018.0000  2.5132E-46
 8019.0000  2.4871E-46
 8020.0000  2.4625E-46
 8021.0000  2.4396E-46
 8022.0000  2.4174E-46
 8023.0000  2.3949E-46
 8024.0000  2.3730E-46
 8025.0000  2.3512E-46
 8026.0000  2.3296E-46
 8027.0000  2.3098E-46
 8028.0000  2.2903E-46
 8029.0000  2.2701E-46
 8030.0000  2.2497E-46
 8031.0000  2.2307E-46
 8032.0000  2.2106E-46
 8033.0000  2.1908E-46
 8034.0000  2.1695E-46
 8035.0000  2.1491E-46
 8036.0000  2.1288E-46
 8037.0000  2.1070E-46
 8038.0000  2.0869E-46
 8039.0000  2.0656E-46
 8040.0000  2.0452E-46
 8041.0000  2.0247E-46
 8042.0000  2.0044E-46
 8043.0000  1.9854E-46
 8044.0000  1.9654E-46
 8045.0000  1.9480E-46
 8046.0000  1.9290E-46
 8047.0000  1.9128E-46
 8048.0000  1.8951E-46
 8049.0000  1.8805E-46
 8050.0000  1.8647E-46
 8051.0000  1.8499E-46
 8052.0000  1.8366E-46
 8053.0000  1.8232E-46
 8054.0000  1.8097E-46
 8055.0000  1.7967E-46
 8056.0000  1.7834E-46
 8057.0000  1.7700E-46
 8058.0000  1.7564E-46
 8059.0000  1.7428E-46
 8060.0000  1.7309E-46
 8061.0000  1.7176E-46
 8062.0000  1.7039E-46
 8063.0000  1.6916E-46
 8064.0000  1.6778E-46
 8065.0000  1.6643E-46
 8066.0000  1.6522E-46
 8067.0000  1.6400E-46
 8068.0000  1.6276E-46
 8069.0000  1.6138E-46
 8070.0000  1.6015E-46
 8071.0000  1.5893E-46
 8072.0000  1.5769E-46
 8073.0000  1.5643E-46
 8074.0000  1.5518E-46
 8075.0000  1.5393E-46
 8076.0000  1.5269E-46
 8077.0000  1.5129E-46
 8078.0000  1.5004E-46
 8079.0000  1.4864E-46
 8080.0000  1.4724E-46
 8081.0000  1.4598E-46
 8082.0000  1.4458E-46
 8083.0000  1.4318E-46
 8084.0000  1.4178E-46
 8085.0000  1.4037E-46
 8086.0000  1.3912E-46
 8087.0000  1.3772E-46
 8088.0000  1.3646E-46
 8089.0000  1.3523E-46
 8090.0000  1.3398E-46
 8091.0000  1.3289E-46
 8092.0000  1.3180E-46
 8093.0000  1.3070E-46
 8094.0000  1.2977E-46
 8095.0000  1.2884E-46
 8096.0000  1.2796E-46
 8097.0000  1.2722E-46
 8098.0000  1.2649E-46
 8099.0000  1.2594E-46
 8100.0000  1.2513E-46
 8101.0000  1.2437E-46
 8102.0000  1.2361E-46
 8103.0000  1.2272E-46
 8104.0000  1.2184E-46
 8105.0000  1.2093E-46
 8106.0000  1.1990E-46
 8107.0000  1.1886E-46
 8108.0000  1.1768E-46
 8109.0000  1.1650E-46
 8110.0000  1.1520E-46
 8111.0000  1.1402E-46
 8112.0000  1.1271E-46
 8113.0000  1.1139E-46
 8114.0000  1.1007E-46
 8115.0000  1.0892E-46
 8116.0000  1.0777E-46
 8117.0000  1.0662E-46
 8118.0000  1.0563E-46
 8119.0000  1.0463E-46
 8120.0000  1.0377E-46
 8121.0000  1.0293E-46
 8122.0000  1.0208E-46
 8123.0000  1.0125E-46
 8124.0000  1.0057E-46
 8125.0000  9.9892E-47
 8126.0000  9.9047E-47
 8127.0000  9.8382E-47
 8128.0000  9.7579E-47
 8129.0000  9.6775E-47
 8130.0000  9.5820E-47
 8131.0000  9.4878E-47
 8132.0000  9.3949E-47
 8133.0000  9.2869E-47
 8134.0000  9.1955E-47
 8135.0000  9.0902E-47
 8136.0000  8.9835E-47
 8137.0000  8.8769E-47
 8138.0000  8.7896E-47
 8139.0000  8.7009E-47
 8140.0000  8.6123E-47
 8141.0000  8.5402E-47
 8142.0000  8.4668E-47
 8143.0000  8.3948E-47
 8144.0000  8.3408E-47
 8145.0000  8.2867E-47
 8146.0000  8.2327E-47
 8147.0000  8.1787E-47
 8148.0000  8.1233E-47
 8149.0000  8.0665E-47
 8150.0000  8.0111E-47
 8151.0000  7.7354E-47
 8152.0000  7.6509E-47
 8153.0000  7.5650E-47
 8154.0000  7.4957E-47
 8155.0000  7.4098E-47
 8156.0000  7.3253E-47
 8157.0000  7.2408E-47
 8158.0000  7.1550E-47
 8159.0000  7.0857E-47
 8160.0000  7.0150E-47
 8161.0000  6.9458E-47
 8162.0000  6.8765E-47
 8163.0000  6.8211E-47
 8164.0000  6.7518E-47
 8165.0000  6.6964E-47
 8166.0000  6.6396E-47
 8167.0000  6.6008E-47
 8168.0000  6.5468E-47
 8169.0000  6.4914E-47
 8170.0000  6.4526E-47
 8171.0000  6.3972E-47
 8172.0000  6.3432E-47
 8173.0000  6.2878E-47
 8174.0000  6.2351E-47
 8175.0000  6.1797E-47
 8176.0000  6.1271E-47
 8177.0000  6.0592E-47
 8178.0000  5.9899E-47
 8179.0000  5.9359E-47
 8180.0000  5.8666E-47
 8181.0000  5.8002E-47
 8182.0000  5.7475E-47
 8183.0000  5.6796E-47
 8184.0000  5.6118E-47
 8185.0000  5.5591E-47
 8186.0000  5.4899E-47
 8187.0000  5.4386E-47
 8188.0000  5.3860E-47
 8189.0000  5.3486E-47
 8190.0000  5.2945E-47
 8191.0000  5.2571E-47
 8192.0000  5.2197E-47
 8193.0000  5.1823E-47
 8194.0000  5.1449E-47
 8195.0000  5.1075E-47
 8196.0000  5.0715E-47
 8197.0000  5.0341E-47
 8198.0000  4.9828E-47
 8199.0000  4.9316E-47
 8200.0000  4.8789E-47
 8201.0000  4.8083E-47
 8202.0000  4.7376E-47
 8203.0000  4.6642E-47
 8204.0000  4.5936E-47
 8205.0000  4.5409E-47
 8206.0000  4.4731E-47
 8207.0000  4.4204E-47
 8208.0000  4.3678E-47
 8209.0000  4.3138E-47
 8210.0000  4.2764E-47
 8211.0000  4.2362E-47
 8212.0000  4.1988E-47
 8213.0000  4.1600E-47
 8214.0000  4.1364E-47
 8215.0000  4.0976E-47
 8216.0000  4.0589E-47
 8217.0000  4.0215E-47
 8218.0000  3.9827E-47
 8219.0000  3.9439E-47
 8220.0000  3.9065E-47
 8221.0000  3.8829E-47
 8222.0000  3.8441E-47
 8223.0000  3.8192E-47
 8224.0000  3.7957E-47
 8225.0000  3.7721E-47
 8226.0000  3.7486E-47
 8227.0000  3.7250E-47
 8228.0000  3.7153E-47
 8229.0000  3.6918E-47
 8230.0000  3.6668E-47
 8231.0000  3.6433E-47
 8232.0000  3.6197E-47
 8233.0000  3.5962E-47
 8234.0000  3.5588E-47
 8235.0000  3.5200E-47
 8236.0000  3.4812E-47
 8237.0000  3.4424E-47
 8238.0000  3.4036E-47
 8239.0000  3.3510E-47
 8240.0000  3.3136E-47
 8241.0000  3.2596E-47
 8242.0000  3.2208E-47
 8243.0000  3.1820E-47
 8244.0000  3.1432E-47
 8245.0000  3.1044E-47
 8246.0000  3.0822E-47
 8247.0000  3.0573E-47
 8248.0000  3.0338E-47
 8249.0000  3.0088E-47
 8250.0000  2.9839E-47
 8251.0000  2.9742E-47
 8252.0000  2.9659E-47
 8253.0000  2.9562E-47
 8254.0000  2.9465E-47
 8255.0000  2.9368E-47
 8256.0000  2.9257E-47
 8257.0000  2.9174E-47
 8258.0000  2.9063E-47
 8259.0000  2.8966E-47
 8260.0000  2.8731E-47
 8261.0000  2.8634E-47
 8262.0000  2.8384E-47
 8263.0000  2.8135E-47
 8264.0000  2.7899E-47
 8265.0000  2.7650E-47
 8266.0000  2.7401E-47
 8267.0000  2.7151E-47
 8268.0000  2.6764E-47
 8269.0000  2.6514E-47
 8270.0000  2.6265E-47
 8271.0000  2.5877E-47
 8272.0000  2.5641E-47
 8273.0000  2.5240E-47
 8274.0000  2.4990E-47
 8275.0000  2.4727E-47
 8276.0000  2.4492E-47
 8277.0000  2.4242E-47
 8278.0000  2.3993E-47
 8279.0000  2.3730E-47
 8280.0000  2.3480E-47
 8281.0000  2.3231E-47
 8282.0000  2.2843E-47
 8283.0000  2.2580E-47
 8284.0000  2.2331E-47
 8285.0000  2.1929E-47
 8286.0000  2.1680E-47
 8287.0000  2.1292E-47
 8288.0000  2.0876E-47
 8289.0000  2.0488E-47
 8290.0000  2.0225E-47
 8291.0000  1.9837E-47
 8292.0000  1.9574E-47
 8293.0000  1.9311E-47
 8294.0000  1.9061E-47
 8295.0000  1.8798E-47
 8296.0000  1.8687E-47
 8297.0000  1.8590E-47
 8298.0000  1.8604E-47
 8299.0000  1.8646E-47
 8300.0000  1.8826E-47
 8301.0000  1.8854E-47
 8302.0000  1.9020E-47
 8303.0000  1.9214E-47
 8304.0000  1.9380E-47
 8305.0000  1.9546E-47
 8306.0000  1.9726E-47
 8307.0000  1.9906E-47
 8308.0000  1.9934E-47
 8309.0000  2.0253E-47
 8310.0000  2.0294E-47
 8311.0000  2.0170E-47
 8312.0000  1.9906E-47
 8313.0000  1.9491E-47
 8314.0000  1.8937E-47
 8315.0000  1.8383E-47
 8316.0000  1.7690E-47
 8317.0000  1.6983E-47
 8318.0000  1.6125E-47
 8319.0000  1.5432E-47
 8320.0000  1.4573E-47
 8321.0000  1.4019E-47
 8322.0000  1.3326E-47
 8323.0000  1.2772E-47
 8324.0000  1.2357E-47
 8325.0000  1.2080E-47
 8326.0000  1.1816E-47
 8327.0000  1.1692E-47
 8328.0000  1.1719E-47
 8329.0000  1.1886E-47
 8330.0000  1.1761E-47
 8331.0000  1.1636E-47
 8332.0000  1.1512E-47
 8333.0000  1.1387E-47
 8334.0000  1.1262E-47
 8335.0000  1.1138E-47
 8336.0000  1.1027E-47
 8337.0000  1.1041E-47
 8338.0000  1.0916E-47
 8339.0000  1.0777E-47
 8340.0000  1.0653E-47
 8341.0000  1.0528E-47
 8342.0000  1.0417E-47
 8343.0000  1.0279E-47
 8344.0000  1.0168E-47
 8345.0000  1.0029E-47
 8346.0000  9.9047E-48
 8347.0000  9.7662E-48
 8348.0000  9.6554E-48
 8349.0000  9.5307E-48
 8350.0000  9.5446E-48
 8351.0000  9.4199E-48
 8352.0000  9.2952E-48
 8353.0000  9.1567E-48
 8354.0000  9.1844E-48
 8355.0000  9.0597E-48
              O2-Air      7545      8355    811    276 1.117E-45 1.000                            53
 7545.0000  3.7125E-48
 7546.0000  3.8372E-48
 7547.0000  3.8095E-48
 7548.0000  3.9342E-48
 7549.0000  3.9203E-48
 7550.0000  4.0450E-48
 7551.0000  4.0312E-48
 7552.0000  4.1558E-48
 7553.0000  4.2805E-48
 7554.0000  4.2528E-48
 7555.0000  4.3775E-48
 7556.0000  4.3636E-48
 7557.0000  4.4883E-48
 7558.0000  4.6130E-48
 7559.0000  4.5853E-48
 7560.0000  4.7099E-48
 7561.0000  4.8346E-48
 7562.0000  4.9593E-48
 7563.0000  4.9454E-48
 7564.0000  5.0701E-48
 7565.0000  5.1948E-48
 7566.0000  5.3056E-48
 7567.0000  5.2918E-48
 7568.0000  5.4164E-48
 7569.0000  5.5411E-48
 7570.0000  5.6519E-48
 7571.0000  5.6381E-48
 7572.0000  5.7628E-48
 7573.0000  5.8736E-48
 7574.0000  5.9982E-48
 7575.0000  6.1229E-48
 7576.0000  6.2476E-48
 7577.0000  6.3584E-48
 7578.0000  6.4831E-48
 7579.0000  6.6078E-48
 7580.0000  6.7186E-48
 7581.0000  6.8433E-48
 7582.0000  7.1065E-48
 7583.0000  7.2311E-48
 7584.0000  7.4943E-48
 7585.0000  7.6052E-48
 7586.0000  7.7298E-48
 7587.0000  7.9930E-48
 7588.0000  8.1039E-48
 7589.0000  8.2285E-48
 7590.0000  8.3394E-48
 7591.0000  8.6026E-48
 7592.0000  8.7134E-48
 7593.0000  8.9904E-48
 7594.0000  9.1013E-48
 7595.0000  9.3506E-48
 7596.0000  9.6138E-48
 7597.0000  9.8770E-48
 7598.0000  1.0002E-47
 7599.0000  1.0113E-47
 7600.0000  1.0223E-47
 7601.0000  1.0334E-47
 7602.0000  1.0459E-47
 7603.0000  1.0570E-47
 7604.0000  1.0680E-47
 7605.0000  1.0805E-47
 7606.0000  1.1055E-47
 7607.0000  1.1179E-47
 7608.0000  1.1290E-47
 7609.0000  1.1262E-47
 7610.0000  1.1526E-47
 7611.0000  1.1775E-47
 7612.0000  1.2038E-47
 7613.0000  1.2426E-47
 7614.0000  1.2689E-47
 7615.0000  1.2938E-47
 7616.0000  1.3202E-47
 7617.0000  1.3465E-47
 7618.0000  1.3576E-47
 7619.0000  1.3687E-47
 7620.0000  1.3797E-47
 7621.0000  1.3908E-47
 7622.0000  1.4171E-47
 7623.0000  1.4559E-47
 7624.0000  1.4822E-47
 7625.0000  1.5224E-47
 7626.0000  1.5474E-47
 7627.0000  1.5723E-47
 7628.0000  1.5986E-47
 7629.0000  1.6235E-47
 7630.0000  1.6499E-47
 7631.0000  1.6748E-47
 7632.0000  1.6997E-47
 7633.0000  1.7399E-47
 7634.0000  1.7662E-47
 7635.0000  1.7912E-47
 7636.0000  1.8161E-47
 7637.0000  1.8424E-47
 7638.0000  1.8674E-47
 7639.0000  1.8923E-47
 7640.0000  1.9186E-47
 7641.0000  1.9574E-47
 7642.0000  1.9823E-47
 7643.0000  2.0225E-47
 7644.0000  2.0474E-47
 7645.0000  2.0724E-47
 7646.0000  2.1125E-47
 7647.0000  2.1375E-47
 7648.0000  2.1624E-47
 7649.0000  2.1887E-47
 7650.0000  2.2275E-47
 7651.0000  2.2677E-47
 7652.0000  2.2912E-47
 7653.0000  2.3314E-47
 7654.0000  2.3702E-47
 7655.0000  2.4104E-47
 7656.0000  2.4492E-47
 7657.0000  2.4893E-47
 7658.0000  2.5434E-47
 7659.0000  2.5822E-47
 7660.0000  2.6362E-47
 7661.0000  2.6888E-47
 7662.0000  2.7290E-47
 7663.0000  2.7816E-47
 7664.0000  2.8218E-47
 7665.0000  2.8467E-47
 7666.0000  2.8855E-47
 7667.0000  2.9243E-47
 7668.0000  2.9783E-47
 7669.0000  3.0171E-47
 7670.0000  3.0698E-47
 7671.0000  3.1238E-47
 7672.0000  3.1626E-47
 7673.0000  3.2166E-47
 7674.0000  3.2706E-47
 7675.0000  3.3094E-47
 7676.0000  3.3621E-47
 7677.0000  3.4009E-47
 7678.0000  3.4549E-47
 7679.0000  3.4937E-47
 7680.0000  3.5325E-47
 7681.0000  3.5712E-47
 7682.0000  3.6100E-47
 7683.0000  3.6641E-47
 7684.0000  3.7167E-47
 7685.0000  3.7056E-47
 7686.0000  3.7943E-47
 7687.0000  3.8829E-47
 7688.0000  3.9716E-47
 7689.0000  4.0602E-47
 7690.0000  4.1351E-47
 7691.0000  4.2043E-47
 7692.0000  4.2597E-47
 7693.0000  4.3151E-47
 7694.0000  4.3830E-47
 7695.0000  4.4357E-47
 7696.0000  4.4869E-47
 7697.0000  4.5520E-47
 7698.0000  4.6310E-47
 7699.0000  4.6947E-47
 7700.0000  4.7709E-47
 7701.0000  4.8346E-47
 7702.0000  4.8997E-47
 7703.0000  4.9648E-47
 7704.0000  5.0383E-47
 7705.0000  5.0950E-47
 7706.0000  5.1671E-47
 7707.0000  5.2516E-47
 7708.0000  5.3375E-47
 7709.0000  5.4081E-47
 7710.0000  5.4954E-47
 7711.0000  5.5660E-47
 7712.0000  5.6505E-47
 7713.0000  5.7212E-47
 7714.0000  5.8085E-47
 7715.0000  5.8944E-47
 7716.0000  5.9802E-47
 7717.0000  6.0675E-47
 7718.0000  6.1534E-47
 7719.0000  6.2393E-47
 7720.0000  6.3127E-47
 7721.0000  6.3847E-47
 7722.0000  6.4582E-47
 7723.0000  6.5468E-47
 7724.0000  6.6493E-47
 7725.0000  6.7643E-47
 7726.0000  6.8821E-47
 7727.0000  6.9984E-47
 7728.0000  7.1314E-47
 7729.0000  7.2492E-47
 7730.0000  7.3669E-47
 7731.0000  7.4847E-47
 7732.0000  7.6024E-47
 7733.0000  7.7215E-47
 7734.0000  7.8407E-47
 7735.0000  7.9612E-47
 7736.0000  8.0803E-47
 7737.0000  8.2133E-47
 7738.0000  8.3324E-47
 7739.0000  8.4668E-47
 7740.0000  8.6012E-47
 7741.0000  8.7494E-47
 7742.0000  8.8990E-47
 7743.0000  9.0472E-47
 7744.0000  9.1955E-47
 7745.0000  9.3575E-47
 7746.0000  9.5224E-47
 7747.0000  9.7011E-47
 7748.0000  9.8493E-47
 7749.0000  1.0011E-46
 7750.0000  1.0175E-46
 7751.0000  1.0338E-46
 7752.0000  1.0531E-46
 7753.0000  1.0722E-46
 7754.0000  1.0928E-46
 7755.0000  1.1135E-46
 7756.0000  1.1338E-46
 7757.0000  1.1513E-46
 7758.0000  1.1692E-46
 7759.0000  1.1855E-46
 7760.0000  1.2031E-46
 7761.0000  1.2220E-46
 7762.0000  1.2411E-46
 7763.0000  1.2628E-46
 7764.0000  1.2844E-46
 7765.0000  1.3091E-46
 7766.0000  1.3339E-46
 7767.0000  1.3598E-46
 7768.0000  1.3842E-46
 7769.0000  1.4070E-46
 7770.0000  1.4303E-46
 7771.0000  1.4547E-46
 7772.0000  1.4789E-46
 7773.0000  1.5047E-46
 7774.0000  1.5318E-46
 7775.0000  1.5573E-46
 7776.0000  1.5842E-46
 7777.0000  1.6112E-46
 7778.0000  1.6398E-46
 7779.0000  1.6709E-46
 7780.0000  1.7033E-46
 7781.0000  1.7370E-46
 7782.0000  1.7722E-46
 7783.0000  1.8076E-46
 7784.0000  1.8473E-46
 7785.0000  1.8851E-46
 7786.0000  1.9230E-46
 7787.0000  1.9595E-46
 7788.0000  1.9927E-46
 7789.0000  2.0247E-46
 7790.0000  2.0541E-46
 7791.0000  2.0833E-46
 7792.0000  2.1137E-46
 7793.0000  2.1466E-46
 7794.0000  2.1825E-46
 7795.0000  2.2232E-46
 7796.0000  2.2649E-46
 7797.0000  2.3093E-46
 7798.0000  2.3566E-46
 7799.0000  2.4055E-46
 7800.0000  2.4554E-46
 7801.0000  2.5068E-46
 7802.0000  2.5614E-46
 7803.0000  2.6124E-46
 7804.0000  2.6639E-46
 7805.0000  2.7176E-46
 7806.0000  2.7718E-46
 7807.0000  2.8278E-46
 7808.0000  2.8839E-46
 7809.0000  2.9415E-46
 7810.0000  3.0012E-46
 7811.0000  3.0608E-46
 7812.0000  3.1235E-46
 7813.0000  3.1863E-46
 7814.0000  3.2507E-46
 7815.0000  3.3154E-46
 7816.0000  3.3815E-46
 7817.0000  3.4475E-46
 7818.0000  3.5164E-46
 7819.0000  3.5872E-46
 7820.0000  3.6592E-46
 7821.0000  3.7329E-46
 7822.0000  3.8076E-46
 7823.0000  3.8843E-46
 7824.0000  3.9640E-46
 7825.0000  4.0449E-46
 7826.0000  4.1270E-46
 7827.0000  4.2097E-46
 7828.0000  4.2955E-46
 7829.0000  4.3809E-46
 7830.0000  4.4692E-46
 7831.0000  4.5596E-46
 7832.0000  4.6489E-46
 7833.0000  4.7390E-46
 7834.0000  4.8294E-46
 7835.0000  4.9220E-46
 7836.0000  5.0176E-46
 7837.0000  5.1131E-46
 7838.0000  5.2099E-46
 7839.0000  5.3096E-46
 7840.0000  5.4105E-46
 7841.0000  5.5115E-46
 7842.0000  5.6140E-46
 7843.0000  5.7193E-46
 7844.0000  5.8244E-46
 7845.0000  5.9312E-46
 7846.0000  6.0398E-46
 7847.0000  6.1523E-46
 7848.0000  6.2667E-46
 7849.0000  6.3825E-46
 7850.0000  6.5004E-46
 7851.0000  6.6125E-46
 7852.0000  6.7219E-46
 7853.0000  6.8340E-46
 7854.0000  6.9492E-46
 7855.0000  7.0664E-46
 7856.0000  7.1860E-46
 7857.0000  7.3114E-46
 7858.0000  7.4420E-46
 7859.0000  7.5808E-46
 7860.0000  7.7215E-46
 7861.0000  7.8652E-46
 7862.0000  8.0109E-46
 7863.0000  8.1593E-46
 7864.0000  8.3090E-46
 7865.0000  8.4591E-46
 7866.0000  8.6088E-46
 7867.0000  8.7586E-46
 7868.0000  8.9076E-46
 7869.0000  9.0520E-46
 7870.0000  9.1956E-46
 7871.0000  9.3380E-46
 7872.0000  9.4760E-46
 7873.0000  9.6130E-46
 7874.0000  9.7472E-46
 7875.0000  9.8783E-46
 7876.0000  1.0008E-45
 7877.0000  1.0136E-45
 7878.0000  1.0264E-45
 7879.0000  1.0386E-45
 7880.0000  1.0502E-45
 7881.0000  1.0609E-45
 7882.0000  1.0708E-45
 7883.0000  1.0798E-45
 7884.0000  1.0880E-45
 7885.0000  1.0944E-45
 7886.0000  1.1000E-45
 7887.0000  1.1049E-45
 7888.0000  1.1089E-45
 7889.0000  1.1122E-45
 7890.0000  1.1147E-45
 7891.0000  1.1163E-45
 7892.0000  1.1169E-45
 7893.0000  1.1168E-45
 7894.0000  1.1158E-45
 7895.0000  1.1142E-45
 7896.0000  1.1120E-45
 7897.0000  1.1093E-45
 7898.0000  1.1066E-45
 7899.0000  1.1035E-45
 7900.0000  1.0998E-45
 7901.0000  1.0956E-45
 7902.0000  1.0912E-45
 7903.0000  1.0865E-45
 7904.0000  1.0815E-45
 7905.0000  1.0765E-45
 7906.0000  1.0715E-45
 7907.0000  1.0664E-45
 7908.0000  1.0608E-45
 7909.0000  1.0547E-45
 7910.0000  1.0480E-45
 7911.0000  1.0403E-45
 7912.0000  1.0322E-45
 7913.0000  1.0233E-45
 7914.0000  1.0120E-45
 7915.0000  9.9973E-46
 7916.0000  9.8835E-46
 7917.0000  9.7709E-46
 7918.0000  9.6577E-46
 7919.0000  9.5421E-46
 7920.0000  9.4272E-46
 7921.0000  9.3060E-46
 7922.0000  9.1784E-46
 7923.0000  9.0497E-46
 7924.0000  8.9249E-46
 7925.0000  8.8034E-46
 7926.0000  8.6826E-46
 7927.0000  8.5620E-46
 7928.0000  8.4416E-46
 7929.0000  8.3193E-46
 7930.0000  8.1977E-46
 7931.0000  8.0746E-46
 7932.0000  7.9487E-46
 7933.0000  7.8257E-46
 7934.0000  7.7046E-46
 7935.0000  7.5851E-46
 7936.0000  7.4671E-46
 7937.0000  7.3493E-46
 7938.0000  7.2339E-46
 7939.0000  7.1216E-46
 7940.0000  7.0094E-46
 7941.0000  6.8984E-46
 7942.0000  6.7876E-46
 7943.0000  6.6775E-46
 7944.0000  6.5709E-46
 7945.0000  6.4627E-46
 7946.0000  6.3568E-46
 7947.0000  6.2537E-46
 7948.0000  6.1530E-46
 7949.0000  6.0544E-46
 7950.0000  5.9586E-46
 7951.0000  5.8657E-46
 7952.0000  5.7756E-46
 7953.0000  5.6842E-46
 7954.0000  5.5951E-46
 7955.0000  5.5102E-46
 7956.0000  5.4281E-46
 7957.0000  5.3474E-46
 7958.0000  5.2713E-46
 7959.0000  5.1956E-46
 7960.0000  5.1233E-46
 7961.0000  5.0565E-46
 7962.0000  4.9900E-46
 7963.0000  4.9249E-46
 7964.0000  4.8586E-46
 7965.0000  4.7935E-46
 7966.0000  4.7289E-46
 7967.0000  4.6658E-46
 7968.0000  4.6027E-46
 7969.0000  4.5411E-46
 7970.0000  4.4801E-46
 7971.0000  4.4206E-46
 7972.0000  4.3622E-46
 7973.0000  4.3041E-46
 7974.0000  4.2504E-46
 7975.0000  4.1977E-46
 7976.0000  4.1447E-46
 7977.0000  4.0914E-46
 7978.0000  4.0397E-46
 7979.0000  3.9878E-46
 7980.0000  3.9378E-46
 7981.0000  3.8872E-46
 7982.0000  3.8367E-46
 7983.0000  3.7883E-46
 7984.0000  3.7397E-46
 7985.0000  3.6915E-46
 7986.0000  3.6423E-46
 7987.0000  3.5945E-46
 7988.0000  3.5502E-46
 7989.0000  3.5064E-46
 7990.0000  3.4635E-46
 7991.0000  3.4233E-46
 7992.0000  3.3828E-46
 7993.0000  3.3418E-46
 7994.0000  3.3018E-46
 7995.0000  3.2623E-46
 7996.0000  3.2248E-46
 7997.0000  3.1868E-46
 7998.0000  3.1498E-46
 7999.0000  3.1156E-46
 8000.0000  3.0835E-46
 8001.0000  3.0448E-46
 8002.0000  3.0062E-46
 8003.0000  2.9689E-46
 8004.0000  2.9315E-46
 8005.0000  2.8997E-46
 8006.0000  2.8703E-46
 8007.0000  2.8405E-46
 8008.0000  2.8114E-46
 8009.0000  2.7825E-46
 8010.0000  2.7552E-46
 8011.0000  2.7271E-46
 8012.0000  2.7003E-46
 8013.0000  2.6726E-46
 8014.0000  2.6466E-46
 8015.0000  2.6190E-46
 8016.0000  2.5935E-46
 8017.0000  2.5680E-46
 8018.0000  2.5421E-46
 8019.0000  2.5159E-46
 8020.0000  2.4913E-46
 8021.0000  2.4681E-46
 8022.0000  2.4456E-46
 8023.0000  2.4227E-46
 8024.0000  2.4007E-46
 8025.0000  2.3788E-46
 8026.0000  2.3570E-46
 8027.0000  2.3370E-46
 8028.0000  2.3170E-46
 8029.0000  2.2965E-46
 8030.0000  2.2760E-46
 8031.0000  2.2570E-46
 8032.0000  2.2367E-46
 8033.0000  2.2166E-46
 8034.0000  2.1950E-46
 8035.0000  2.1745E-46
 8036.0000  2.1538E-46
 8037.0000  2.1319E-46
 8038.0000  2.1117E-46
 8039.0000  2.0901E-46
 8040.0000  2.0696E-46
 8041.0000  2.0491E-46
 8042.0000  2.0286E-46
 8043.0000  2.0095E-46
 8044.0000  1.9891E-46
 8045.0000  1.9717E-46
 8046.0000  1.9524E-46
 8047.0000  1.9361E-46
 8048.0000  1.9183E-46
 8049.0000  1.9035E-46
 8050.0000  1.8874E-46
 8051.0000  1.8725E-46
 8052.0000  1.8590E-46
 8053.0000  1.8455E-46
 8054.0000  1.8319E-46
 8055.0000  1.8186E-46
 8056.0000  1.8052E-46
 8057.0000  1.7916E-46
 8058.0000  1.7779E-46
 8059.0000  1.7643E-46
 8060.0000  1.7521E-46
 8061.0000  1.7387E-46
 8062.0000  1.7248E-46
 8063.0000  1.7125E-46
 8064.0000  1.6988E-46
 8065.0000  1.6851E-46
 8066.0000  1.6729E-46
 8067.0000  1.6607E-46
 8068.0000  1.6482E-46
 8069.0000  1.6345E-46
 8070.0000  1.6220E-46
 8071.0000  1.6097E-46
 8072.0000  1.5974E-46
 8073.0000  1.5848E-46
 8074.0000  1.5723E-46
 8075.0000  1.5598E-46
 8076.0000  1.5474E-46
 8077.0000  1.5334E-46
 8078.0000  1.5209E-46
 8079.0000  1.5069E-46
 8080.0000  1.4931E-46
 8081.0000  1.4804E-46
 8082.0000  1.4666E-46
 8083.0000  1.4526E-46
 8084.0000  1.4386E-46
 8085.0000  1.4246E-46
 8086.0000  1.4122E-46
 8087.0000  1.3982E-46
 8088.0000  1.3856E-46
 8089.0000  1.3732E-46
 8090.0000  1.3608E-46
 8091.0000  1.3497E-46
 8092.0000  1.3387E-46
 8093.0000  1.3278E-46
 8094.0000  1.3184E-46
 8095.0000  1.3089E-46
 8096.0000  1.2998E-46
 8097.0000  1.2922E-46
 8098.0000  1.2846E-46
 8099.0000  1.2785E-46
 8100.0000  1.2704E-46
 8101.0000  1.2630E-46
 8102.0000  1.2556E-46
 8103.0000  1.2469E-46
 8104.0000  1.2382E-46
 8105.0000  1.2294E-46
 8106.0000  1.2193E-46
 8107.0000  1.2092E-46
 8108.0000  1.1976E-46
 8109.0000  1.1861E-46
 8110.0000  1.1732E-46
 8111.0000  1.1617E-46
 8112.0000  1.1487E-46
 8113.0000  1.1358E-46
 8114.0000  1.1229E-46
 8115.0000  1.1114E-46
 8116.0000  1.1000E-46
 8117.0000  1.0887E-46
 8118.0000  1.0789E-46
 8119.0000  1.0689E-46
 8120.0000  1.0604E-46
 8121.0000  1.0520E-46
 8122.0000  1.0437E-46
 8123.0000  1.0354E-46
 8124.0000  1.0286E-46
 8125.0000  1.0216E-46
 8126.0000  1.0133E-46
 8127.0000  1.0065E-46
 8128.0000  9.9837E-47
 8129.0000  9.9033E-47
 8130.0000  9.8064E-47
 8131.0000  9.7122E-47
 8132.0000  9.6166E-47
 8133.0000  9.5085E-47
 8134.0000  9.4157E-47
 8135.0000  9.3077E-47
 8136.0000  9.2010E-47
 8137.0000  9.0930E-47
 8138.0000  9.0015E-47
 8139.0000  8.9101E-47
 8140.0000  8.8187E-47
 8141.0000  8.7439E-47
 8142.0000  8.6663E-47
 8143.0000  8.5915E-47
 8144.0000  8.5333E-47
 8145.0000  8.4737E-47
 8146.0000  8.4142E-47
 8147.0000  8.3560E-47
 8148.0000  8.2950E-47
 8149.0000  8.2355E-47
 8150.0000  8.1745E-47
 8151.0000  7.9667E-47
 8152.0000  7.8822E-47
 8153.0000  7.7977E-47
 8154.0000  7.7271E-47
 8155.0000  7.6426E-47
 8156.0000  7.5581E-47
 8157.0000  7.4750E-47
 8158.0000  7.3905E-47
 8159.0000  7.3198E-47
 8160.0000  7.2505E-47
 8161.0000  7.1813E-47
 8162.0000  7.1106E-47
 8163.0000  7.0566E-47
 8164.0000  6.9873E-47
 8165.0000  6.9305E-47
 8166.0000  6.8751E-47
 8167.0000  6.8350E-47
 8168.0000  6.7809E-47
 8169.0000  6.7255E-47
 8170.0000  6.6853E-47
 8171.0000  6.6299E-47
 8172.0000  6.5759E-47
 8173.0000  6.5205E-47
 8174.0000  6.4665E-47
 8175.0000  6.4124E-47
 8176.0000  6.3584E-47
 8177.0000  6.2892E-47
 8178.0000  6.2213E-47
 8179.0000  6.1659E-47
 8180.0000  6.0966E-47
 8181.0000  6.0287E-47
 8182.0000  5.9761E-47
 8183.0000  5.9082E-47
 8184.0000  5.8389E-47
 8185.0000  5.7849E-47
 8186.0000  5.7170E-47
 8187.0000  5.6644E-47
 8188.0000  5.6104E-47
 8189.0000  5.5716E-47
 8190.0000  5.5176E-47
 8191.0000  5.4788E-47
 8192.0000  5.4400E-47
 8193.0000  5.4012E-47
 8194.0000  5.3624E-47
 8195.0000  5.3236E-47
 8196.0000  5.2848E-47
 8197.0000  5.2460E-47
 8198.0000  5.1948E-47
 8199.0000  5.1408E-47
 8200.0000  5.0881E-47
 8201.0000  5.0175E-47
 8202.0000  4.9468E-47
 8203.0000  4.8762E-47
 8204.0000  4.8055E-47
 8205.0000  4.7515E-47
 8206.0000  4.6836E-47
 8207.0000  4.6296E-47
 8208.0000  4.5770E-47
 8209.0000  4.5229E-47
 8210.0000  4.4828E-47
 8211.0000  4.4426E-47
 8212.0000  4.4038E-47
 8213.0000  4.3650E-47
 8214.0000  4.3387E-47
 8215.0000  4.2999E-47
 8216.0000  4.2597E-47
 8217.0000  4.2209E-47
 8218.0000  4.1808E-47
 8219.0000  4.1420E-47
 8220.0000  4.1032E-47
 8221.0000  4.0783E-47
 8222.0000  4.0381E-47
 8223.0000  4.0131E-47
 8224.0000  3.9882E-47
 8225.0000  3.9633E-47
 8226.0000  3.9383E-47
 8227.0000  3.9134E-47
 8228.0000  3.9023E-47
 8229.0000  3.8774E-47
 8230.0000  3.8511E-47
 8231.0000  3.8261E-47
 8232.0000  3.8012E-47
 8233.0000  3.7763E-47
 8234.0000  3.7375E-47
 8235.0000  3.6987E-47
 8236.0000  3.6585E-47
 8237.0000  3.6183E-47
 8238.0000  3.5796E-47
 8239.0000  3.5255E-47
 8240.0000  3.4867E-47
 8241.0000  3.4327E-47
 8242.0000  3.3925E-47
 8243.0000  3.3538E-47
 8244.0000  3.3136E-47
 8245.0000  3.2748E-47
 8246.0000  3.2499E-47
 8247.0000  3.2235E-47
 8248.0000  3.1986E-47
 8249.0000  3.1737E-47
 8250.0000  3.1473E-47
 8251.0000  3.1363E-47
 8252.0000  3.1266E-47
 8253.0000  3.1155E-47
 8254.0000  3.1044E-47
 8255.0000  3.0933E-47
 8256.0000  3.0822E-47
 8257.0000  3.0712E-47
 8258.0000  3.0601E-47
 8259.0000  3.0490E-47
 8260.0000  3.0227E-47
 8261.0000  3.0116E-47
 8262.0000  2.9867E-47
 8263.0000  2.9603E-47
 8264.0000  2.9354E-47
 8265.0000  2.9105E-47
 8266.0000  2.8841E-47
 8267.0000  2.8578E-47
 8268.0000  2.8190E-47
 8269.0000  2.7927E-47
 8270.0000  2.7664E-47
 8271.0000  2.7276E-47
 8272.0000  2.7027E-47
 8273.0000  2.6611E-47
 8274.0000  2.6348E-47
 8275.0000  2.6099E-47
 8276.0000  2.5835E-47
 8277.0000  2.5586E-47
 8278.0000  2.5323E-47
 8279.0000  2.5060E-47
 8280.0000  2.4796E-47
 8281.0000  2.4547E-47
 8282.0000  2.4145E-47
 8283.0000  2.3882E-47
 8284.0000  2.3619E-47
 8285.0000  2.3217E-47
 8286.0000  2.2954E-47
 8287.0000  2.2552E-47
 8288.0000  2.2151E-47
 8289.0000  2.1735E-47
 8290.0000  2.1486E-47
 8291.0000  2.1070E-47
 8292.0000  2.0807E-47
 8293.0000  2.0544E-47
 8294.0000  2.0280E-47
 8295.0000  2.0017E-47
 8296.0000  1.9906E-47
 8297.0000  1.9782E-47
 8298.0000  1.9796E-47
 8299.0000  1.9823E-47
 8300.0000  1.9990E-47
 8301.0000  2.0003E-47
 8302.0000  2.0170E-47
 8303.0000  2.0336E-47
 8304.0000  2.0502E-47
 8305.0000  2.0668E-47
 8306.0000  2.0821E-47
 8307.0000  2.0987E-47
 8308.0000  2.1015E-47
 8309.0000  2.1319E-47
 8310.0000  2.1333E-47
 8311.0000  2.1209E-47
 8312.0000  2.0945E-47
 8313.0000  2.0530E-47
 8314.0000  1.9976E-47
 8315.0000  1.9422E-47
 8316.0000  1.8729E-47
 8317.0000  1.8022E-47
 8318.0000  1.7177E-47
 8319.0000  1.6485E-47
 8320.0000  1.5640E-47
 8321.0000  1.5086E-47
 8322.0000  1.4393E-47
 8323.0000  1.3839E-47
 8324.0000  1.3423E-47
 8325.0000  1.3146E-47
 8326.0000  1.2869E-47
 8327.0000  1.2745E-47
 8328.0000  1.2758E-47
 8329.0000  1.2925E-47
 8330.0000  1.2800E-47
 8331.0000  1.2661E-47
 8332.0000  1.2537E-47
 8333.0000  1.2412E-47
 8334.0000  1.2274E-47
 8335.0000  1.2149E-47
 8336.0000  1.2024E-47
 8337.0000  1.2038E-47
 8338.0000  1.1913E-47
 8339.0000  1.1775E-47
 8340.0000  1.1650E-47
 8341.0000  1.1512E-47
 8342.0000  1.1387E-47
 8343.0000  1.1248E-47
 8344.0000  1.1124E-47
 8345.0000  1.0999E-47
 8346.0000  1.0861E-47
 8347.0000  1.0736E-47
 8348.0000  1.0611E-47
 8349.0000  1.0473E-47
 8350.0000  1.0487E-47
 8351.0000  1.0348E-47
 8352.0000  1.0223E-47
 8353.0000  1.0099E-47
 8354.0000  1.0113E-47
 8355.0000  9.9740E-48
              O2-Air      7545      8355    811    286 1.103E-45 1.000                            53
 7545.0000  4.2528E-48
 7546.0000  4.3775E-48
 7547.0000  4.3775E-48
 7548.0000  4.5022E-48
 7549.0000  4.4883E-48
 7550.0000  4.6268E-48
 7551.0000  4.6130E-48
 7552.0000  4.7515E-48
 7553.0000  4.8762E-48
 7554.0000  4.8623E-48
 7555.0000  5.0008E-48
 7556.0000  4.9870E-48
 7557.0000  5.1255E-48
 7558.0000  5.2502E-48
 7559.0000  5.2363E-48
 7560.0000  5.3749E-48
 7561.0000  5.4995E-48
 7562.0000  5.6381E-48
 7563.0000  5.6242E-48
 7564.0000  5.7489E-48
 7565.0000  5.8874E-48
 7566.0000  6.0121E-48
 7567.0000  5.9982E-48
 7568.0000  6.1368E-48
 7569.0000  6.2615E-48
 7570.0000  6.3861E-48
 7571.0000  6.3861E-48
 7572.0000  6.5108E-48
 7573.0000  6.6355E-48
 7574.0000  6.7740E-48
 7575.0000  6.8987E-48
 7576.0000  7.0372E-48
 7577.0000  7.1619E-48
 7578.0000  7.2866E-48
 7579.0000  7.4251E-48
 7580.0000  7.5498E-48
 7581.0000  7.6744E-48
 7582.0000  7.9515E-48
 7583.0000  8.0762E-48
 7584.0000  8.3394E-48
 7585.0000  8.4640E-48
 7586.0000  8.6026E-48
 7587.0000  8.8658E-48
 7588.0000  8.9904E-48
 7589.0000  9.1290E-48
 7590.0000  9.2537E-48
 7591.0000  9.5169E-48
 7592.0000  9.6415E-48
 7593.0000  9.9186E-48
 7594.0000  1.0043E-47
 7595.0000  1.0306E-47
 7596.0000  1.0584E-47
 7597.0000  1.0847E-47
 7598.0000  1.0971E-47
 7599.0000  1.1096E-47
 7600.0000  1.1235E-47
 7601.0000  1.1359E-47
 7602.0000  1.1484E-47
 7603.0000  1.1609E-47
 7604.0000  1.1733E-47
 7605.0000  1.1858E-47
 7606.0000  1.2121E-47
 7607.0000  1.2260E-47
 7608.0000  1.2384E-47
 7609.0000  1.2371E-47
 7610.0000  1.2634E-47
 7611.0000  1.2897E-47
 7612.0000  1.3160E-47
 7613.0000  1.3576E-47
 7614.0000  1.3839E-47
 7615.0000  1.4102E-47
 7616.0000  1.4365E-47
 7617.0000  1.4642E-47
 7618.0000  1.4767E-47
 7619.0000  1.4892E-47
 7620.0000  1.5003E-47
 7621.0000  1.5141E-47
 7622.0000  1.5404E-47
 7623.0000  1.5806E-47
 7624.0000  1.6069E-47
 7625.0000  1.6485E-47
 7626.0000  1.6748E-47
 7627.0000  1.7011E-47
 7628.0000  1.7274E-47
 7629.0000  1.7538E-47
 7630.0000  1.7815E-47
 7631.0000  1.8078E-47
 7632.0000  1.8341E-47
 7633.0000  1.8743E-47
 7634.0000  1.9006E-47
 7635.0000  1.9283E-47
 7636.0000  1.9546E-47
 7637.0000  1.9809E-47
 7638.0000  2.0073E-47
 7639.0000  2.0336E-47
 7640.0000  2.0599E-47
 7641.0000  2.1001E-47
 7642.0000  2.1264E-47
 7643.0000  2.1680E-47
 7644.0000  2.1943E-47
 7645.0000  2.2206E-47
 7646.0000  2.2608E-47
 7647.0000  2.2871E-47
 7648.0000  2.3134E-47
 7649.0000  2.3397E-47
 7650.0000  2.3799E-47
 7651.0000  2.4215E-47
 7652.0000  2.4478E-47
 7653.0000  2.4880E-47
 7654.0000  2.5281E-47
 7655.0000  2.5683E-47
 7656.0000  2.6099E-47
 7657.0000  2.6500E-47
 7658.0000  2.7041E-47
 7659.0000  2.7442E-47
 7660.0000  2.7983E-47
 7661.0000  2.8537E-47
 7662.0000  2.8938E-47
 7663.0000  2.9479E-47
 7664.0000  2.9880E-47
 7665.0000  3.0144E-47
 7666.0000  3.0559E-47
 7667.0000  3.0947E-47
 7668.0000  3.1501E-47
 7669.0000  3.1903E-47
 7670.0000  3.2443E-47
 7671.0000  3.2983E-47
 7672.0000  3.3385E-47
 7673.0000  3.3939E-47
 7674.0000  3.4480E-47
 7675.0000  3.4881E-47
 7676.0000  3.5422E-47
 7677.0000  3.5823E-47
 7678.0000  3.6364E-47
 7679.0000  3.6765E-47
 7680.0000  3.7167E-47
 7681.0000  3.7569E-47
 7682.0000  3.7970E-47
 7683.0000  3.8525E-47
 7684.0000  3.9065E-47
 7685.0000  3.9328E-47
 7686.0000  4.0187E-47
 7687.0000  4.1060E-47
 7688.0000  4.1905E-47
 7689.0000  4.2777E-47
 7690.0000  4.3498E-47
 7691.0000  4.4190E-47
 7692.0000  4.4744E-47
 7693.0000  4.5299E-47
 7694.0000  4.5977E-47
 7695.0000  4.6518E-47
 7696.0000  4.7058E-47
 7697.0000  4.7723E-47
 7698.0000  4.8540E-47
 7699.0000  4.9191E-47
 7700.0000  4.9995E-47
 7701.0000  5.0660E-47
 7702.0000  5.1325E-47
 7703.0000  5.2003E-47
 7704.0000  5.2779E-47
 7705.0000  5.3402E-47
 7706.0000  5.4178E-47
 7707.0000  5.5079E-47
 7708.0000  5.5993E-47
 7709.0000  5.6755E-47
 7710.0000  5.7669E-47
 7711.0000  5.8445E-47
 7712.0000  5.9345E-47
 7713.0000  6.0121E-47
 7714.0000  6.1035E-47
 7715.0000  6.1950E-47
 7716.0000  6.2864E-47
 7717.0000  6.3778E-47
 7718.0000  6.4692E-47
 7719.0000  6.5607E-47
 7720.0000  6.6382E-47
 7721.0000  6.7158E-47
 7722.0000  6.7934E-47
 7723.0000  6.8862E-47
 7724.0000  6.9915E-47
 7725.0000  7.1120E-47
 7726.0000  7.2325E-47
 7727.0000  7.3531E-47
 7728.0000  7.4888E-47
 7729.0000  7.6093E-47
 7730.0000  7.7312E-47
 7731.0000  7.8518E-47
 7732.0000  7.9737E-47
 7733.0000  8.0956E-47
 7734.0000  8.2175E-47
 7735.0000  8.3394E-47
 7736.0000  8.4613E-47
 7737.0000  8.5956E-47
 7738.0000  8.7175E-47
 7739.0000  8.8547E-47
 7740.0000  8.9904E-47
 7741.0000  9.1414E-47
 7742.0000  9.2924E-47
 7743.0000  9.4420E-47
 7744.0000  9.5930E-47
 7745.0000  9.7565E-47
 7746.0000  9.9227E-47
 7747.0000  1.0101E-46
 7748.0000  1.0252E-46
 7749.0000  1.0416E-46
 7750.0000  1.0581E-46
 7751.0000  1.0746E-46
 7752.0000  1.0938E-46
 7753.0000  1.1131E-46
 7754.0000  1.1338E-46
 7755.0000  1.1545E-46
 7756.0000  1.1751E-46
 7757.0000  1.1929E-46
 7758.0000  1.2107E-46
 7759.0000  1.2272E-46
 7760.0000  1.2449E-46
 7761.0000  1.2641E-46
 7762.0000  1.2833E-46
 7763.0000  1.3052E-46
 7764.0000  1.3272E-46
 7765.0000  1.3520E-46
 7766.0000  1.3768E-46
 7767.0000  1.4030E-46
 7768.0000  1.4275E-46
 7769.0000  1.4508E-46
 7770.0000  1.4742E-46
 7771.0000  1.4989E-46
 7772.0000  1.5234E-46
 7773.0000  1.5494E-46
 7774.0000  1.5769E-46
 7775.0000  1.6028E-46
 7776.0000  1.6299E-46
 7777.0000  1.6573E-46
 7778.0000  1.6862E-46
 7779.0000  1.7176E-46
 7780.0000  1.7504E-46
 7781.0000  1.7845E-46
 7782.0000  1.8201E-46
 7783.0000  1.8559E-46
 7784.0000  1.8958E-46
 7785.0000  1.9340E-46
 7786.0000  1.9724E-46
 7787.0000  2.0092E-46
 7788.0000  2.0431E-46
 7789.0000  2.0758E-46
 7790.0000  2.1056E-46
 7791.0000  2.1355E-46
 7792.0000  2.1666E-46
 7793.0000  2.2002E-46
 7794.0000  2.2369E-46
 7795.0000  2.2781E-46
 7796.0000  2.3203E-46
 7797.0000  2.3654E-46
 7798.0000  2.4133E-46
 7799.0000  2.4626E-46
 7800.0000  2.5130E-46
 7801.0000  2.5644E-46
 7802.0000  2.6182E-46
 7803.0000  2.6698E-46
 7804.0000  2.7226E-46
 7805.0000  2.7772E-46
 7806.0000  2.8319E-46
 7807.0000  2.8883E-46
 7808.0000  2.9447E-46
 7809.0000  3.0026E-46
 7810.0000  3.0622E-46
 7811.0000  3.1219E-46
 7812.0000  3.1843E-46
 7813.0000  3.2470E-46
 7814.0000  3.3110E-46
 7815.0000  3.3752E-46
 7816.0000  3.4408E-46
 7817.0000  3.5064E-46
 7818.0000  3.5748E-46
 7819.0000  3.6449E-46
 7820.0000  3.7163E-46
 7821.0000  3.7891E-46
 7822.0000  3.8633E-46
 7823.0000  3.9390E-46
 7824.0000  4.0177E-46
 7825.0000  4.0976E-46
 7826.0000  4.1790E-46
 7827.0000  4.2606E-46
 7828.0000  4.3451E-46
 7829.0000  4.4294E-46
 7830.0000  4.5166E-46
 7831.0000  4.6055E-46
 7832.0000  4.6932E-46
 7833.0000  4.7820E-46
 7834.0000  4.8708E-46
 7835.0000  4.9615E-46
 7836.0000  5.0552E-46
 7837.0000  5.1487E-46
 7838.0000  5.2437E-46
 7839.0000  5.3407E-46
 7840.0000  5.4390E-46
 7841.0000  5.5375E-46
 7842.0000  5.6372E-46
 7843.0000  5.7393E-46
 7844.0000  5.8412E-46
 7845.0000  5.9446E-46
 7846.0000  6.0496E-46
 7847.0000  6.1581E-46
 7848.0000  6.2681E-46
 7849.0000  6.3796E-46
 7850.0000  6.4928E-46
 7851.0000  6.6029E-46
 7852.0000  6.7124E-46
 7853.0000  6.8225E-46
 7854.0000  6.9357E-46
 7855.0000  7.0505E-46
 7856.0000  7.1673E-46
 7857.0000  7.2896E-46
 7858.0000  7.4175E-46
 7859.0000  7.5528E-46
 7860.0000  7.6899E-46
 7861.0000  7.8297E-46
 7862.0000  7.9721E-46
 7863.0000  8.1163E-46
 7864.0000  8.2621E-46
 7865.0000  8.4079E-46
 7866.0000  8.5537E-46
 7867.0000  8.6994E-46
 7868.0000  8.8442E-46
 7869.0000  8.9845E-46
 7870.0000  9.1237E-46
 7871.0000  9.2615E-46
 7872.0000  9.3951E-46
 7873.0000  9.5277E-46
 7874.0000  9.6573E-46
 7875.0000  9.7834E-46
 7876.0000  9.9078E-46
 7877.0000  1.0032E-45
 7878.0000  1.0154E-45
 7879.0000  1.0272E-45
 7880.0000  1.0383E-45
 7881.0000  1.0485E-45
 7882.0000  1.0579E-45
 7883.0000  1.0664E-45
 7884.0000  1.0741E-45
 7885.0000  1.0805E-45
 7886.0000  1.0862E-45
 7887.0000  1.0910E-45
 7888.0000  1.0951E-45
 7889.0000  1.0984E-45
 7890.0000  1.1009E-45
 7891.0000  1.1024E-45
 7892.0000  1.1031E-45
 7893.0000  1.1030E-45
 7894.0000  1.1020E-45
 7895.0000  1.1003E-45
 7896.0000  1.0981E-45
 7897.0000  1.0955E-45
 7898.0000  1.0927E-45
 7899.0000  1.0897E-45
 7900.0000  1.0859E-45
 7901.0000  1.0818E-45
 7902.0000  1.0773E-45
 7903.0000  1.0726E-45
 7904.0000  1.0676E-45
 7905.0000  1.0626E-45
 7906.0000  1.0577E-45
 7907.0000  1.0525E-45
 7908.0000  1.0470E-45
 7909.0000  1.0409E-45
 7910.0000  1.0341E-45
 7911.0000  1.0265E-45
 7912.0000  1.0183E-45
 7913.0000  1.0095E-45
 7914.0000  9.9910E-46
 7915.0000  9.8806E-46
 7916.0000  9.7735E-46
 7917.0000  9.6665E-46
 7918.0000  9.5584E-46
 7919.0000  9.4469E-46
 7920.0000  9.3361E-46
 7921.0000  9.2204E-46
 7922.0000  9.1014E-46
 7923.0000  8.9813E-46
 7924.0000  8.8631E-46
 7925.0000  8.7480E-46
 7926.0000  8.6312E-46
 7927.0000  8.5147E-46
 7928.0000  8.3975E-46
 7929.0000  8.2780E-46
 7930.0000  8.1589E-46
 7931.0000  8.0392E-46
 7932.0000  7.9171E-46
 7933.0000  7.7966E-46
 7934.0000  7.6778E-46
 7935.0000  7.5604E-46
 7936.0000  7.4445E-46
 7937.0000  7.3299E-46
 7938.0000  7.2174E-46
 7939.0000  7.1072E-46
 7940.0000  6.9976E-46
 7941.0000  6.8893E-46
 7942.0000  6.7811E-46
 7943.0000  6.6733E-46
 7944.0000  6.5680E-46
 7945.0000  6.4619E-46
 7946.0000  6.3583E-46
 7947.0000  6.2573E-46
 7948.0000  6.1585E-46
 7949.0000  6.0613E-46
 7950.0000  5.9662E-46
 7951.0000  5.8740E-46
 7952.0000  5.7846E-46
 7953.0000  5.6946E-46
 7954.0000  5.6070E-46
 7955.0000  5.5230E-46
 7956.0000  5.4423E-46
 7957.0000  5.3631E-46
 7958.0000  5.2883E-46
 7959.0000  5.2143E-46
 7960.0000  5.1435E-46
 7961.0000  5.0769E-46
 7962.0000  5.0104E-46
 7963.0000  4.9453E-46
 7964.0000  4.8795E-46
 7965.0000  4.8151E-46
 7966.0000  4.7509E-46
 7967.0000  4.6882E-46
 7968.0000  4.6254E-46
 7969.0000  4.5641E-46
 7970.0000  4.5038E-46
 7971.0000  4.4449E-46
 7972.0000  4.3873E-46
 7973.0000  4.3298E-46
 7974.0000  4.2759E-46
 7975.0000  4.2226E-46
 7976.0000  4.1691E-46
 7977.0000  4.1162E-46
 7978.0000  4.0647E-46
 7979.0000  4.0131E-46
 7980.0000  3.9631E-46
 7981.0000  3.9129E-46
 7982.0000  3.8626E-46
 7983.0000  3.8142E-46
 7984.0000  3.7656E-46
 7985.0000  3.7181E-46
 7986.0000  3.6699E-46
 7987.0000  3.6231E-46
 7988.0000  3.5794E-46
 7989.0000  3.5359E-46
 7990.0000  3.4931E-46
 7991.0000  3.4529E-46
 7992.0000  3.4125E-46
 7993.0000  3.3719E-46
 7994.0000  3.3319E-46
 7995.0000  3.2920E-46
 7996.0000  3.2539E-46
 7997.0000  3.2155E-46
 7998.0000  3.1777E-46
 7999.0000  3.1419E-46
 8000.0000  3.1079E-46
 8001.0000  3.0706E-46
 8002.0000  3.0339E-46
 8003.0000  2.9984E-46
 8004.0000  2.9630E-46
 8005.0000  2.9318E-46
 8006.0000  2.9019E-46
 8007.0000  2.8718E-46
 8008.0000  2.8427E-46
 8009.0000  2.8138E-46
 8010.0000  2.7862E-46
 8011.0000  2.7577E-46
 8012.0000  2.7304E-46
 8013.0000  2.7028E-46
 8014.0000  2.6765E-46
 8015.0000  2.6489E-46
 8016.0000  2.6230E-46
 8017.0000  2.5971E-46
 8018.0000  2.5711E-46
 8019.0000  2.5449E-46
 8020.0000  2.5200E-46
 8021.0000  2.4967E-46
 8022.0000  2.4737E-46
 8023.0000  2.4504E-46
 8024.0000  2.4284E-46
 8025.0000  2.4064E-46
 8026.0000  2.3843E-46
 8027.0000  2.3640E-46
 8028.0000  2.3436E-46
 8029.0000  2.3230E-46
 8030.0000  2.3025E-46
 8031.0000  2.2832E-46
 8032.0000  2.2626E-46
 8033.0000  2.2422E-46
 8034.0000  2.2203E-46
 8035.0000  2.1997E-46
 8036.0000  2.1790E-46
 8037.0000  2.1570E-46
 8038.0000  2.1365E-46
 8039.0000  2.1146E-46
 8040.0000  2.0940E-46
 8041.0000  2.0733E-46
 8042.0000  2.0527E-46
 8043.0000  2.0334E-46
 8044.0000  2.0129E-46
 8045.0000  1.9952E-46
 8046.0000  1.9760E-46
 8047.0000  1.9595E-46
 8048.0000  1.9416E-46
 8049.0000  1.9265E-46
 8050.0000  1.9102E-46
 8051.0000  1.8951E-46
 8052.0000  1.8815E-46
 8053.0000  1.8678E-46
 8054.0000  1.8541E-46
 8055.0000  1.8405E-46
 8056.0000  1.8269E-46
 8057.0000  1.8132E-46
 8058.0000  1.7993E-46
 8059.0000  1.7856E-46
 8060.0000  1.7733E-46
 8061.0000  1.7597E-46
 8062.0000  1.7459E-46
 8063.0000  1.7335E-46
 8064.0000  1.7197E-46
 8065.0000  1.7060E-46
 8066.0000  1.6936E-46
 8067.0000  1.6812E-46
 8068.0000  1.6687E-46
 8069.0000  1.6550E-46
 8070.0000  1.6425E-46
 8071.0000  1.6302E-46
 8072.0000  1.6177E-46
 8073.0000  1.6051E-46
 8074.0000  1.5928E-46
 8075.0000  1.5803E-46
 8076.0000  1.5679E-46
 8077.0000  1.5539E-46
 8078.0000  1.5414E-46
 8079.0000  1.5275E-46
 8080.0000  1.5136E-46
 8081.0000  1.5011E-46
 8082.0000  1.4872E-46
 8083.0000  1.4732E-46
 8084.0000  1.4594E-46
 8085.0000  1.4454E-46
 8086.0000  1.4329E-46
 8087.0000  1.4191E-46
 8088.0000  1.4066E-46
 8089.0000  1.3941E-46
 8090.0000  1.3817E-46
 8091.0000  1.3706E-46
 8092.0000  1.3596E-46
 8093.0000  1.3486E-46
 8094.0000  1.3390E-46
 8095.0000  1.3295E-46
 8096.0000  1.3200E-46
 8097.0000  1.3121E-46
 8098.0000  1.3041E-46
 8099.0000  1.2977E-46
 8100.0000  1.2896E-46
 8101.0000  1.2824E-46
 8102.0000  1.2751E-46
 8103.0000  1.2666E-46
 8104.0000  1.2581E-46
 8105.0000  1.2495E-46
 8106.0000  1.2397E-46
 8107.0000  1.2297E-46
 8108.0000  1.2184E-46
 8109.0000  1.2070E-46
 8110.0000  1.1944E-46
 8111.0000  1.1830E-46
 8112.0000  1.1703E-46
 8113.0000  1.1577E-46
 8114.0000  1.1449E-46
 8115.0000  1.1337E-46
 8116.0000  1.1224E-46
 8117.0000  1.1111E-46
 8118.0000  1.1014E-46
 8119.0000  1.0916E-46
 8120.0000  1.0831E-46
 8121.0000  1.0748E-46
 8122.0000  1.0665E-46
 8123.0000  1.0582E-46
 8124.0000  1.0513E-46
 8125.0000  1.0444E-46
 8126.0000  1.0360E-46
 8127.0000  1.0293E-46
 8128.0000  1.0211E-46
 8129.0000  1.0128E-46
 8130.0000  1.0032E-46
 8131.0000  9.9352E-47
 8132.0000  9.8396E-47
 8133.0000  9.7302E-47
 8134.0000  9.6346E-47
 8135.0000  9.5265E-47
 8136.0000  9.4171E-47
 8137.0000  9.3077E-47
 8138.0000  9.2135E-47
 8139.0000  9.1207E-47
 8140.0000  9.0265E-47
 8141.0000  8.9461E-47
 8142.0000  8.8672E-47
 8143.0000  8.7882E-47
 8144.0000  8.7245E-47
 8145.0000  8.6608E-47
 8146.0000  8.5956E-47
 8147.0000  8.5319E-47
 8148.0000  8.4682E-47
 8149.0000  8.4031E-47
 8150.0000  8.3394E-47
 8151.0000  8.1967E-47
 8152.0000  8.1136E-47
 8153.0000  8.0291E-47
 8154.0000  7.9598E-47
 8155.0000  7.8753E-47
 8156.0000  7.7922E-47
 8157.0000  7.7091E-47
 8158.0000  7.6246E-47
 8159.0000  7.5553E-47
 8160.0000  7.4847E-47
 8161.0000  7.4154E-47
 8162.0000  7.3461E-47
 8163.0000  7.2907E-47
 8164.0000  7.2214E-47
 8165.0000  7.1660E-47
 8166.0000  7.1106E-47
 8167.0000  7.0705E-47
 8168.0000  7.0150E-47
 8169.0000  6.9596E-47
 8170.0000  6.9195E-47
 8171.0000  6.8640E-47
 8172.0000  6.8086E-47
 8173.0000  6.7532E-47
 8174.0000  6.6992E-47
 8175.0000  6.6438E-47
 8176.0000  6.5884E-47
 8177.0000  6.5205E-47
 8178.0000  6.4512E-47
 8179.0000  6.3958E-47
 8180.0000  6.3266E-47
 8181.0000  6.2587E-47
 8182.0000  6.2047E-47
 8183.0000  6.1354E-47
 8184.0000  6.0661E-47
 8185.0000  6.0121E-47
 8186.0000  5.9428E-47
 8187.0000  5.8888E-47
 8188.0000  5.8348E-47
 8189.0000  5.7946E-47
 8190.0000  5.7392E-47
 8191.0000  5.6990E-47
 8192.0000  5.6589E-47
 8193.0000  5.6201E-47
 8194.0000  5.5799E-47
 8195.0000  5.5397E-47
 8196.0000  5.4995E-47
 8197.0000  5.4594E-47
 8198.0000  5.4054E-47
 8199.0000  5.3513E-47
 8200.0000  5.2973E-47
 8201.0000  5.2280E-47
 8202.0000  5.1574E-47
 8203.0000  5.0867E-47
 8204.0000  5.0175E-47
 8205.0000  4.9621E-47
 8206.0000  4.8942E-47
 8207.0000  4.8402E-47
 8208.0000  4.7847E-47
 8209.0000  4.7307E-47
 8210.0000  4.6905E-47
 8211.0000  4.6490E-47
 8212.0000  4.6088E-47
 8213.0000  4.5686E-47
 8214.0000  4.5423E-47
 8215.0000  4.5022E-47
 8216.0000  4.4606E-47
 8217.0000  4.4204E-47
 8218.0000  4.3802E-47
 8219.0000  4.3401E-47
 8220.0000  4.2999E-47
 8221.0000  4.2736E-47
 8222.0000  4.2334E-47
 8223.0000  4.2057E-47
 8224.0000  4.1794E-47
 8225.0000  4.1544E-47
 8226.0000  4.1267E-47
 8227.0000  4.1018E-47
 8228.0000  4.0893E-47
 8229.0000  4.0630E-47
 8230.0000  4.0353E-47
 8231.0000  4.0104E-47
 8232.0000  3.9841E-47
 8233.0000  3.9577E-47
 8234.0000  3.9176E-47
 8235.0000  3.8760E-47
 8236.0000  3.8358E-47
 8237.0000  3.7957E-47
 8238.0000  3.7555E-47
 8239.0000  3.7001E-47
 8240.0000  3.6599E-47
 8241.0000  3.6059E-47
 8242.0000  3.5643E-47
 8243.0000  3.5241E-47
 8244.0000  3.4840E-47
 8245.0000  3.4438E-47
 8246.0000  3.4175E-47
 8247.0000  3.3912E-47
 8248.0000  3.3648E-47
 8249.0000  3.3385E-47
 8250.0000  3.3108E-47
 8251.0000  3.2983E-47
 8252.0000  3.2873E-47
 8253.0000  3.2748E-47
 8254.0000  3.2623E-47
 8255.0000  3.2499E-47
 8256.0000  3.2374E-47
 8257.0000  3.2249E-47
 8258.0000  3.2125E-47
 8259.0000  3.2000E-47
 8260.0000  3.1737E-47
 8261.0000  3.1612E-47
 8262.0000  3.1349E-47
 8263.0000  3.1072E-47
 8264.0000  3.0809E-47
 8265.0000  3.0545E-47
 8266.0000  3.0282E-47
 8267.0000  3.0005E-47
 8268.0000  2.9603E-47
 8269.0000  2.9340E-47
 8270.0000  2.9077E-47
 8271.0000  2.8661E-47
 8272.0000  2.8398E-47
 8273.0000  2.7996E-47
 8274.0000  2.7719E-47
 8275.0000  2.7456E-47
 8276.0000  2.7193E-47
 8277.0000  2.6916E-47
 8278.0000  2.6653E-47
 8279.0000  2.6390E-47
 8280.0000  2.6112E-47
 8281.0000  2.5849E-47
 8282.0000  2.5448E-47
 8283.0000  2.5170E-47
 8284.0000  2.4907E-47
 8285.0000  2.4492E-47
 8286.0000  2.4228E-47
 8287.0000  2.3813E-47
 8288.0000  2.3411E-47
 8289.0000  2.2996E-47
 8290.0000  2.2732E-47
 8291.0000  2.2317E-47
 8292.0000  2.2054E-47
 8293.0000  2.1777E-47
 8294.0000  2.1513E-47
 8295.0000  2.1236E-47
 8296.0000  2.1112E-47
 8297.0000  2.0987E-47
 8298.0000  2.0987E-47
 8299.0000  2.1001E-47
 8300.0000  2.1153E-47
 8301.0000  2.1167E-47
 8302.0000  2.1319E-47
 8303.0000  2.1472E-47
 8304.0000  2.1624E-47
 8305.0000  2.1777E-47
 8306.0000  2.1929E-47
 8307.0000  2.2081E-47
 8308.0000  2.2081E-47
 8309.0000  2.2386E-47
 8310.0000  2.2386E-47
 8311.0000  2.2261E-47
 8312.0000  2.1984E-47
 8313.0000  2.1569E-47
 8314.0000  2.1015E-47
 8315.0000  2.0461E-47
 8316.0000  1.9768E-47
 8317.0000  1.9075E-47
 8318.0000  1.8230E-47
 8319.0000  1.7538E-47
 8320.0000  1.6706E-47
 8321.0000  1.6152E-47
 8322.0000  1.5460E-47
 8323.0000  1.4906E-47
 8324.0000  1.4476E-47
 8325.0000  1.4213E-47
 8326.0000  1.3936E-47
 8327.0000  1.3797E-47
 8328.0000  1.3811E-47
 8329.0000  1.3964E-47
 8330.0000  1.3825E-47
 8331.0000  1.3687E-47
 8332.0000  1.3562E-47
 8333.0000  1.3423E-47
 8334.0000  1.3299E-47
 8335.0000  1.3160E-47
 8336.0000  1.3022E-47
 8337.0000  1.3035E-47
 8338.0000  1.2897E-47
 8339.0000  1.2758E-47
 8340.0000  1.2634E-47
 8341.0000  1.2495E-47
 8342.0000  1.2371E-47
 8343.0000  1.2232E-47
 8344.0000  1.2093E-47
 8345.0000  1.1955E-47
 8346.0000  1.1830E-47
 8347.0000  1.1692E-47
 8348.0000  1.1553E-47
 8349.0000  1.1429E-47
 8350.0000  1.1429E-47
 8351.0000  1.1290E-47
 8352.0000  1.1165E-47
 8353.0000  1.1027E-47
 8354.0000  1.1027E-47
 8355.0000  1.0902E-47
              O2-Air      7545      8355    811    296 1.089E-45 1.000                            53
 7545.0000  4.7931E-48
 7546.0000  4.9316E-48
 7547.0000  4.9316E-48
 7548.0000  5.0701E-48
 7549.0000  5.0701E-48
 7550.0000  5.2086E-48
 7551.0000  5.2086E-48
 7552.0000  5.3472E-48
 7553.0000  5.4857E-48
 7554.0000  5.4857E-48
 7555.0000  5.6242E-48
 7556.0000  5.6104E-48
 7557.0000  5.7489E-48
 7558.0000  5.8874E-48
 7559.0000  5.8874E-48
 7560.0000  6.0260E-48
 7561.0000  6.1645E-48
 7562.0000  6.3030E-48
 7563.0000  6.3030E-48
 7564.0000  6.4415E-48
 7565.0000  6.5801E-48
 7566.0000  6.7186E-48
 7567.0000  6.7186E-48
 7568.0000  6.8571E-48
 7569.0000  6.9956E-48
 7570.0000  7.1342E-48
 7571.0000  7.1342E-48
 7572.0000  7.2727E-48
 7573.0000  7.3974E-48
 7574.0000  7.5359E-48
 7575.0000  7.6744E-48
 7576.0000  7.8130E-48
 7577.0000  7.9515E-48
 7578.0000  8.0900E-48
 7579.0000  8.2285E-48
 7580.0000  8.3671E-48
 7581.0000  8.5056E-48
 7582.0000  8.7827E-48
 7583.0000  8.9212E-48
 7584.0000  9.1982E-48
 7585.0000  9.3368E-48
 7586.0000  9.4753E-48
 7587.0000  9.7524E-48
 7588.0000  9.8909E-48
 7589.0000  1.0029E-47
 7590.0000  1.0154E-47
 7591.0000  1.0431E-47
 7592.0000  1.0570E-47
 7593.0000  1.0847E-47
 7594.0000  1.0985E-47
 7595.0000  1.1262E-47
 7596.0000  1.1539E-47
 7597.0000  1.1816E-47
 7598.0000  1.1955E-47
 7599.0000  1.2093E-47
 7600.0000  1.2232E-47
 7601.0000  1.2371E-47
 7602.0000  1.2509E-47
 7603.0000  1.2648E-47
 7604.0000  1.2772E-47
 7605.0000  1.2911E-47
 7606.0000  1.3188E-47
 7607.0000  1.3326E-47
 7608.0000  1.3465E-47
 7609.0000  1.3465E-47
 7610.0000  1.3742E-47
 7611.0000  1.4019E-47
 7612.0000  1.4296E-47
 7613.0000  1.4712E-47
 7614.0000  1.4989E-47
 7615.0000  1.5266E-47
 7616.0000  1.5543E-47
 7617.0000  1.5820E-47
 7618.0000  1.5945E-47
 7619.0000  1.6083E-47
 7620.0000  1.6222E-47
 7621.0000  1.6360E-47
 7622.0000  1.6637E-47
 7623.0000  1.7053E-47
 7624.0000  1.7330E-47
 7625.0000  1.7745E-47
 7626.0000  1.8022E-47
 7627.0000  1.8300E-47
 7628.0000  1.8577E-47
 7629.0000  1.8854E-47
 7630.0000  1.9131E-47
 7631.0000  1.9394E-47
 7632.0000  1.9671E-47
 7633.0000  2.0087E-47
 7634.0000  2.0364E-47
 7635.0000  2.0641E-47
 7636.0000  2.0918E-47
 7637.0000  2.1195E-47
 7638.0000  2.1472E-47
 7639.0000  2.1749E-47
 7640.0000  2.2026E-47
 7641.0000  2.2441E-47
 7642.0000  2.2719E-47
 7643.0000  2.3134E-47
 7644.0000  2.3397E-47
 7645.0000  2.3674E-47
 7646.0000  2.4090E-47
 7647.0000  2.4367E-47
 7648.0000  2.4644E-47
 7649.0000  2.4921E-47
 7650.0000  2.5337E-47
 7651.0000  2.5752E-47
 7652.0000  2.6029E-47
 7653.0000  2.6445E-47
 7654.0000  2.6861E-47
 7655.0000  2.7276E-47
 7656.0000  2.7678E-47
 7657.0000  2.8093E-47
 7658.0000  2.8648E-47
 7659.0000  2.9063E-47
 7660.0000  2.9617E-47
 7661.0000  3.0171E-47
 7662.0000  3.0587E-47
 7663.0000  3.1141E-47
 7664.0000  3.1557E-47
 7665.0000  3.1834E-47
 7666.0000  3.2249E-47
 7667.0000  3.2665E-47
 7668.0000  3.3219E-47
 7669.0000  3.3635E-47
 7670.0000  3.4175E-47
 7671.0000  3.4729E-47
 7672.0000  3.5144E-47
 7673.0000  3.5699E-47
 7674.0000  3.6253E-47
 7675.0000  3.6668E-47
 7676.0000  3.7222E-47
 7677.0000  3.7638E-47
 7678.0000  3.8192E-47
 7679.0000  3.8608E-47
 7680.0000  3.9023E-47
 7681.0000  3.9439E-47
 7682.0000  3.9841E-47
 7683.0000  4.0395E-47
 7684.0000  4.0949E-47
 7685.0000  4.1614E-47
 7686.0000  4.2445E-47
 7687.0000  4.3276E-47
 7688.0000  4.4107E-47
 7689.0000  4.4938E-47
 7690.0000  4.5645E-47
 7691.0000  4.6338E-47
 7692.0000  4.6892E-47
 7693.0000  4.7446E-47
 7694.0000  4.8125E-47
 7695.0000  4.8679E-47
 7696.0000  4.9233E-47
 7697.0000  4.9925E-47
 7698.0000  5.0757E-47
 7699.0000  5.1449E-47
 7700.0000  5.2280E-47
 7701.0000  5.2959E-47
 7702.0000  5.3652E-47
 7703.0000  5.4344E-47
 7704.0000  5.5176E-47
 7705.0000  5.5854E-47
 7706.0000  5.6686E-47
 7707.0000  5.7641E-47
 7708.0000  5.8611E-47
 7709.0000  5.9442E-47
 7710.0000  6.0398E-47
 7711.0000  6.1229E-47
 7712.0000  6.2185E-47
 7713.0000  6.3016E-47
 7714.0000  6.3986E-47
 7715.0000  6.4942E-47
 7716.0000  6.5911E-47
 7717.0000  6.6881E-47
 7718.0000  6.7837E-47
 7719.0000  6.8807E-47
 7720.0000  6.9638E-47
 7721.0000  7.0455E-47
 7722.0000  7.1286E-47
 7723.0000  7.2256E-47
 7724.0000  7.3350E-47
 7725.0000  7.4597E-47
 7726.0000  7.5844E-47
 7727.0000  7.7077E-47
 7728.0000  7.8462E-47
 7729.0000  7.9709E-47
 7730.0000  8.0956E-47
 7731.0000  8.2188E-47
 7732.0000  8.3435E-47
 7733.0000  8.4682E-47
 7734.0000  8.5929E-47
 7735.0000  8.7175E-47
 7736.0000  8.8422E-47
 7737.0000  8.9794E-47
 7738.0000  9.1040E-47
 7739.0000  9.2426E-47
 7740.0000  9.3811E-47
 7741.0000  9.5335E-47
 7742.0000  9.6859E-47
 7743.0000  9.8369E-47
 7744.0000  9.9892E-47
 7745.0000  1.0155E-46
 7746.0000  1.0322E-46
 7747.0000  1.0502E-46
 7748.0000  1.0654E-46
 7749.0000  1.0820E-46
 7750.0000  1.0987E-46
 7751.0000  1.1153E-46
 7752.0000  1.1347E-46
 7753.0000  1.1539E-46
 7754.0000  1.1747E-46
 7755.0000  1.1955E-46
 7756.0000  1.2163E-46
 7757.0000  1.2343E-46
 7758.0000  1.2523E-46
 7759.0000  1.2689E-46
 7760.0000  1.2869E-46
 7761.0000  1.3063E-46
 7762.0000  1.3256E-46
 7763.0000  1.3477E-46
 7764.0000  1.3699E-46
 7765.0000  1.3948E-46
 7766.0000  1.4198E-46
 7767.0000  1.4461E-46
 7768.0000  1.4710E-46
 7769.0000  1.4944E-46
 7770.0000  1.5180E-46
 7771.0000  1.5429E-46
 7772.0000  1.5679E-46
 7773.0000  1.5942E-46
 7774.0000  1.6219E-46
 7775.0000  1.6481E-46
 7776.0000  1.6758E-46
 7777.0000  1.7035E-46
 7778.0000  1.7326E-46
 7779.0000  1.7643E-46
 7780.0000  1.7975E-46
 7781.0000  1.8322E-46
 7782.0000  1.8680E-46
 7783.0000  1.9041E-46
 7784.0000  1.9442E-46
 7785.0000  1.9830E-46
 7786.0000  2.0217E-46
 7787.0000  2.0591E-46
 7788.0000  2.0937E-46
 7789.0000  2.1268E-46
 7790.0000  2.1573E-46
 7791.0000  2.1876E-46
 7792.0000  2.2195E-46
 7793.0000  2.2540E-46
 7794.0000  2.2914E-46
 7795.0000  2.3328E-46
 7796.0000  2.3758E-46
 7797.0000  2.4215E-46
 7798.0000  2.4698E-46
 7799.0000  2.5197E-46
 7800.0000  2.5708E-46
 7801.0000  2.6221E-46
 7802.0000  2.6748E-46
 7803.0000  2.7273E-46
 7804.0000  2.7814E-46
 7805.0000  2.8366E-46
 7806.0000  2.8920E-46
 7807.0000  2.9487E-46
 7808.0000  3.0055E-46
 7809.0000  3.0637E-46
 7810.0000  3.1232E-46
 7811.0000  3.1828E-46
 7812.0000  3.2451E-46
 7813.0000  3.3075E-46
 7814.0000  3.3712E-46
 7815.0000  3.4351E-46
 7816.0000  3.5002E-46
 7817.0000  3.5653E-46
 7818.0000  3.6333E-46
 7819.0000  3.7026E-46
 7820.0000  3.7734E-46
 7821.0000  3.8454E-46
 7822.0000  3.9189E-46
 7823.0000  3.9938E-46
 7824.0000  4.0715E-46
 7825.0000  4.1506E-46
 7826.0000  4.2309E-46
 7827.0000  4.3114E-46
 7828.0000  4.3947E-46
 7829.0000  4.4779E-46
 7830.0000  4.5639E-46
 7831.0000  4.6513E-46
 7832.0000  4.7374E-46
 7833.0000  4.8248E-46
 7834.0000  4.9122E-46
 7835.0000  5.0010E-46
 7836.0000  5.0927E-46
 7837.0000  5.1843E-46
 7838.0000  5.2774E-46
 7839.0000  5.3718E-46
 7840.0000  5.4675E-46
 7841.0000  5.5634E-46
 7842.0000  5.6607E-46
 7843.0000  5.7594E-46
 7844.0000  5.8581E-46
 7845.0000  5.9581E-46
 7846.0000  6.0596E-46
 7847.0000  6.1639E-46
 7848.0000  6.2696E-46
 7849.0000  6.3767E-46
 7850.0000  6.4852E-46
 7851.0000  6.5935E-46
 7852.0000  6.7029E-46
 7853.0000  6.8111E-46
 7854.0000  6.9222E-46
 7855.0000  7.0346E-46
 7856.0000  7.1486E-46
 7857.0000  7.2680E-46
 7858.0000  7.3929E-46
 7859.0000  7.5248E-46
 7860.0000  7.6582E-46
 7861.0000  7.7944E-46
 7862.0000  7.9332E-46
 7863.0000  8.0735E-46
 7864.0000  8.2152E-46
 7865.0000  8.3570E-46
 7866.0000  8.4987E-46
 7867.0000  8.6404E-46
 7868.0000  8.7807E-46
 7869.0000  8.9169E-46
 7870.0000  9.0517E-46
 7871.0000  9.1851E-46
 7872.0000  9.3143E-46
 7873.0000  9.4423E-46
 7874.0000  9.5674E-46
 7875.0000  9.6885E-46
 7876.0000  9.8080E-46
 7877.0000  9.9276E-46
 7878.0000  1.0045E-45
 7879.0000  1.0157E-45
 7880.0000  1.0263E-45
 7881.0000  1.0360E-45
 7882.0000  1.0450E-45
 7883.0000  1.0530E-45
 7884.0000  1.0603E-45
 7885.0000  1.0667E-45
 7886.0000  1.0723E-45
 7887.0000  1.0772E-45
 7888.0000  1.0812E-45
 7889.0000  1.0845E-45
 7890.0000  1.0870E-45
 7891.0000  1.0886E-45
 7892.0000  1.0892E-45
 7893.0000  1.0891E-45
 7894.0000  1.0881E-45
 7895.0000  1.0865E-45
 7896.0000  1.0843E-45
 7897.0000  1.0816E-45
 7898.0000  1.0789E-45
 7899.0000  1.0758E-45
 7900.0000  1.0721E-45
 7901.0000  1.0679E-45
 7902.0000  1.0635E-45
 7903.0000  1.0588E-45
 7904.0000  1.0538E-45
 7905.0000  1.0488E-45
 7906.0000  1.0438E-45
 7907.0000  1.0387E-45
 7908.0000  1.0331E-45
 7909.0000  1.0270E-45
 7910.0000  1.0203E-45
 7911.0000  1.0126E-45
 7912.0000  1.0045E-45
 7913.0000  9.9560E-46
 7914.0000  9.8622E-46
 7915.0000  9.7640E-46
 7916.0000  9.6636E-46
 7917.0000  9.5619E-46
 7918.0000  9.4589E-46
 7919.0000  9.3519E-46
 7920.0000  9.2448E-46
 7921.0000  9.1348E-46
 7922.0000  9.0245E-46
 7923.0000  8.9127E-46
 7924.0000  8.8014E-46
 7925.0000  8.6926E-46
 7926.0000  8.5800E-46
 7927.0000  8.4674E-46
 7928.0000  8.3535E-46
 7929.0000  8.2369E-46
 7930.0000  8.1202E-46
 7931.0000  8.0036E-46
 7932.0000  7.8854E-46
 7933.0000  7.7674E-46
 7934.0000  7.6507E-46
 7935.0000  7.5356E-46
 7936.0000  7.4218E-46
 7937.0000  7.3107E-46
 7938.0000  7.2009E-46
 7939.0000  7.0926E-46
 7940.0000  6.9858E-46
 7941.0000  6.8803E-46
 7942.0000  6.7747E-46
 7943.0000  6.6691E-46
 7944.0000  6.5651E-46
 7945.0000  6.4611E-46
 7946.0000  6.3597E-46
 7947.0000  6.2610E-46
 7948.0000  6.1639E-46
 7949.0000  6.0682E-46
 7950.0000  5.9739E-46
 7951.0000  5.8824E-46
 7952.0000  5.7936E-46
 7953.0000  5.7050E-46
 7954.0000  5.6188E-46
 7955.0000  5.5357E-46
 7956.0000  5.4566E-46
 7957.0000  5.3789E-46
 7958.0000  5.3053E-46
 7959.0000  5.2330E-46
 7960.0000  5.1636E-46
 7961.0000  5.0971E-46
 7962.0000  5.0306E-46
 7963.0000  4.9655E-46
 7964.0000  4.9004E-46
 7965.0000  4.8366E-46
 7966.0000  4.7728E-46
 7967.0000  4.7105E-46
 7968.0000  4.6482E-46
 7969.0000  4.5871E-46
 7970.0000  4.5275E-46
 7971.0000  4.4692E-46
 7972.0000  4.4124E-46
 7973.0000  4.3554E-46
 7974.0000  4.3016E-46
 7975.0000  4.2475E-46
 7976.0000  4.1935E-46
 7977.0000  4.1409E-46
 7978.0000  4.0896E-46
 7979.0000  4.0384E-46
 7980.0000  3.9885E-46
 7981.0000  3.9385E-46
 7982.0000  3.8886E-46
 7983.0000  3.8401E-46
 7984.0000  3.7916E-46
 7985.0000  3.7445E-46
 7986.0000  3.6973E-46
 7987.0000  3.6515E-46
 7988.0000  3.6085E-46
 7989.0000  3.5656E-46
 7990.0000  3.5226E-46
 7991.0000  3.4824E-46
 7992.0000  3.4423E-46
 7993.0000  3.4020E-46
 7994.0000  3.3618E-46
 7995.0000  3.3218E-46
 7996.0000  3.2830E-46
 7997.0000  3.2442E-46
 7998.0000  3.2055E-46
 7999.0000  3.1683E-46
 8000.0000  3.1324E-46
 8001.0000  3.0962E-46
 8002.0000  3.0615E-46
 8003.0000  3.0281E-46
 8004.0000  2.9946E-46
 8005.0000  2.9641E-46
 8006.0000  2.9336E-46
 8007.0000  2.9031E-46
 8008.0000  2.8740E-46
 8009.0000  2.8449E-46
 8010.0000  2.8174E-46
 8011.0000  2.7883E-46
 8012.0000  2.7606E-46
 8013.0000  2.7329E-46
 8014.0000  2.7066E-46
 8015.0000  2.6788E-46
 8016.0000  2.6527E-46
 8017.0000  2.6263E-46
 8018.0000  2.6000E-46
 8019.0000  2.5737E-46
 8020.0000  2.5488E-46
 8021.0000  2.5252E-46
 8022.0000  2.5018E-46
 8023.0000  2.4783E-46
 8024.0000  2.4561E-46
 8025.0000  2.4339E-46
 8026.0000  2.4118E-46
 8027.0000  2.3910E-46
 8028.0000  2.3703E-46
 8029.0000  2.3496E-46
 8030.0000  2.3288E-46
 8031.0000  2.3094E-46
 8032.0000  2.2886E-46
 8033.0000  2.2678E-46
 8034.0000  2.2458E-46
 8035.0000  2.2250E-46
 8036.0000  2.2043E-46
 8037.0000  2.1821E-46
 8038.0000  2.1613E-46
 8039.0000  2.1391E-46
 8040.0000  2.1184E-46
 8041.0000  2.0976E-46
 8042.0000  2.0769E-46
 8043.0000  2.0576E-46
 8044.0000  2.0368E-46
 8045.0000  2.0188E-46
 8046.0000  1.9994E-46
 8047.0000  1.9827E-46
 8048.0000  1.9647E-46
 8049.0000  1.9495E-46
 8050.0000  1.9330E-46
 8051.0000  1.9178E-46
 8052.0000  1.9039E-46
 8053.0000  1.8901E-46
 8054.0000  1.8762E-46
 8055.0000  1.8624E-46
 8056.0000  1.8485E-46
 8057.0000  1.8347E-46
 8058.0000  1.8208E-46
 8059.0000  1.8071E-46
 8060.0000  1.7946E-46
 8061.0000  1.7808E-46
 8062.0000  1.7669E-46
 8063.0000  1.7545E-46
 8064.0000  1.7406E-46
 8065.0000  1.7267E-46
 8066.0000  1.7143E-46
 8067.0000  1.7018E-46
 8068.0000  1.6893E-46
 8069.0000  1.6755E-46
 8070.0000  1.6630E-46
 8071.0000  1.6506E-46
 8072.0000  1.6381E-46
 8073.0000  1.6256E-46
 8074.0000  1.6132E-46
 8075.0000  1.6007E-46
 8076.0000  1.5882E-46
 8077.0000  1.5744E-46
 8078.0000  1.5619E-46
 8079.0000  1.5480E-46
 8080.0000  1.5342E-46
 8081.0000  1.5217E-46
 8082.0000  1.5079E-46
 8083.0000  1.4940E-46
 8084.0000  1.4802E-46
 8085.0000  1.4663E-46
 8086.0000  1.4538E-46
 8087.0000  1.4400E-46
 8088.0000  1.4275E-46
 8089.0000  1.4151E-46
 8090.0000  1.4026E-46
 8091.0000  1.3915E-46
 8092.0000  1.3804E-46
 8093.0000  1.3693E-46
 8094.0000  1.3596E-46
 8095.0000  1.3500E-46
 8096.0000  1.3403E-46
 8097.0000  1.3321E-46
 8098.0000  1.3238E-46
 8099.0000  1.3168E-46
 8100.0000  1.3085E-46
 8101.0000  1.3016E-46
 8102.0000  1.2947E-46
 8103.0000  1.2864E-46
 8104.0000  1.2781E-46
 8105.0000  1.2696E-46
 8106.0000  1.2599E-46
 8107.0000  1.2502E-46
 8108.0000  1.2391E-46
 8109.0000  1.2280E-46
 8110.0000  1.2156E-46
 8111.0000  1.2045E-46
 8112.0000  1.1919E-46
 8113.0000  1.1794E-46
 8114.0000  1.1670E-46
 8115.0000  1.1559E-46
 8116.0000  1.1448E-46
 8117.0000  1.1337E-46
 8118.0000  1.1240E-46
 8119.0000  1.1143E-46
 8120.0000  1.1060E-46
 8121.0000  1.0977E-46
 8122.0000  1.0894E-46
 8123.0000  1.0811E-46
 8124.0000  1.0741E-46
 8125.0000  1.0672E-46
 8126.0000  1.0589E-46
 8127.0000  1.0520E-46
 8128.0000  1.0437E-46
 8129.0000  1.0354E-46
 8130.0000  1.0257E-46
 8131.0000  1.0160E-46
 8132.0000  1.0063E-46
 8133.0000  9.9518E-47
 8134.0000  9.8549E-47
 8135.0000  9.7440E-47
 8136.0000  9.6332E-47
 8137.0000  9.5224E-47
 8138.0000  9.4268E-47
 8139.0000  9.3298E-47
 8140.0000  9.2329E-47
 8141.0000  9.1498E-47
 8142.0000  9.0680E-47
 8143.0000  8.9849E-47
 8144.0000  8.9156E-47
 8145.0000  8.8478E-47
 8146.0000  8.7785E-47
 8147.0000  8.7092E-47
 8148.0000  8.6414E-47
 8149.0000  8.5721E-47
 8150.0000  8.5028E-47
 8151.0000  8.4266E-47
 8152.0000  8.3435E-47
 8153.0000  8.2604E-47
 8154.0000  8.1911E-47
 8155.0000  8.1080E-47
 8156.0000  8.0249E-47
 8157.0000  7.9418E-47
 8158.0000  7.8587E-47
 8159.0000  7.7894E-47
 8160.0000  7.7201E-47
 8161.0000  7.6509E-47
 8162.0000  7.5816E-47
 8163.0000  7.5262E-47
 8164.0000  7.4569E-47
 8165.0000  7.4015E-47
 8166.0000  7.3461E-47
 8167.0000  7.3046E-47
 8168.0000  7.2492E-47
 8169.0000  7.1937E-47
 8170.0000  7.1522E-47
 8171.0000  7.0968E-47
 8172.0000  7.0414E-47
 8173.0000  6.9860E-47
 8174.0000  6.9305E-47
 8175.0000  6.8751E-47
 8176.0000  6.8197E-47
 8177.0000  6.7505E-47
 8178.0000  6.6812E-47
 8179.0000  6.6258E-47
 8180.0000  6.5565E-47
 8181.0000  6.4873E-47
 8182.0000  6.4332E-47
 8183.0000  6.3640E-47
 8184.0000  6.2947E-47
 8185.0000  6.2393E-47
 8186.0000  6.1700E-47
 8187.0000  6.1146E-47
 8188.0000  6.0592E-47
 8189.0000  6.0176E-47
 8190.0000  5.9622E-47
 8191.0000  5.9207E-47
 8192.0000  5.8791E-47
 8193.0000  5.8376E-47
 8194.0000  5.7960E-47
 8195.0000  5.7544E-47
 8196.0000  5.7143E-47
 8197.0000  5.6727E-47
 8198.0000  5.6173E-47
 8199.0000  5.5619E-47
 8200.0000  5.5065E-47
 8201.0000  5.4372E-47
 8202.0000  5.3679E-47
 8203.0000  5.2987E-47
 8204.0000  5.2294E-47
 8205.0000  5.1740E-47
 8206.0000  5.1047E-47
 8207.0000  5.0493E-47
 8208.0000  4.9939E-47
 8209.0000  4.9385E-47
 8210.0000  4.8970E-47
 8211.0000  4.8554E-47
 8212.0000  4.8138E-47
 8213.0000  4.7723E-47
 8214.0000  4.7446E-47
 8215.0000  4.7030E-47
 8216.0000  4.6615E-47
 8217.0000  4.6213E-47
 8218.0000  4.5797E-47
 8219.0000  4.5382E-47
 8220.0000  4.4966E-47
 8221.0000  4.4689E-47
 8222.0000  4.4273E-47
 8223.0000  4.3996E-47
 8224.0000  4.3719E-47
 8225.0000  4.3442E-47
 8226.0000  4.3165E-47
 8227.0000  4.2888E-47
 8228.0000  4.2764E-47
 8229.0000  4.2486E-47
 8230.0000  4.2209E-47
 8231.0000  4.1932E-47
 8232.0000  4.1655E-47
 8233.0000  4.1378E-47
 8234.0000  4.0963E-47
 8235.0000  4.0547E-47
 8236.0000  4.0131E-47
 8237.0000  3.9716E-47
 8238.0000  3.9300E-47
 8239.0000  3.8746E-47
 8240.0000  3.8331E-47
 8241.0000  3.7790E-47
 8242.0000  3.7375E-47
 8243.0000  3.6959E-47
 8244.0000  3.6544E-47
 8245.0000  3.6128E-47
 8246.0000  3.5851E-47
 8247.0000  3.5574E-47
 8248.0000  3.5297E-47
 8249.0000  3.5020E-47
 8250.0000  3.4743E-47
 8251.0000  3.4604E-47
 8252.0000  3.4466E-47
 8253.0000  3.4341E-47
 8254.0000  3.4202E-47
 8255.0000  3.4064E-47
 8256.0000  3.3925E-47
 8257.0000  3.3787E-47
 8258.0000  3.3648E-47
 8259.0000  3.3510E-47
 8260.0000  3.3233E-47
 8261.0000  3.3094E-47
 8262.0000  3.2817E-47
 8263.0000  3.2540E-47
 8264.0000  3.2263E-47
 8265.0000  3.2000E-47
 8266.0000  3.1723E-47
 8267.0000  3.1446E-47
 8268.0000  3.1030E-47
 8269.0000  3.0753E-47
 8270.0000  3.0476E-47
 8271.0000  3.0061E-47
 8272.0000  2.9783E-47
 8273.0000  2.9368E-47
 8274.0000  2.9091E-47
 8275.0000  2.8814E-47
 8276.0000  2.8537E-47
 8277.0000  2.8260E-47
 8278.0000  2.7983E-47
 8279.0000  2.7706E-47
 8280.0000  2.7428E-47
 8281.0000  2.7165E-47
 8282.0000  2.6750E-47
 8283.0000  2.6473E-47
 8284.0000  2.6196E-47
 8285.0000  2.5780E-47
 8286.0000  2.5503E-47
 8287.0000  2.5087E-47
 8288.0000  2.4672E-47
 8289.0000  2.4256E-47
 8290.0000  2.3979E-47
 8291.0000  2.3564E-47
 8292.0000  2.3287E-47
 8293.0000  2.3009E-47
 8294.0000  2.2732E-47
 8295.0000  2.2455E-47
 8296.0000  2.2317E-47
 8297.0000  2.2178E-47
 8298.0000  2.2178E-47
 8299.0000  2.2178E-47
 8300.0000  2.2331E-47
 8301.0000  2.2331E-47
 8302.0000  2.2469E-47
 8303.0000  2.2608E-47
 8304.0000  2.2746E-47
 8305.0000  2.2885E-47
 8306.0000  2.3023E-47
 8307.0000  2.3162E-47
 8308.0000  2.3162E-47
 8309.0000  2.3439E-47
 8310.0000  2.3439E-47
 8311.0000  2.3300E-47
 8312.0000  2.3023E-47
 8313.0000  2.2608E-47
 8314.0000  2.2054E-47
 8315.0000  2.1499E-47
 8316.0000  2.0807E-47
 8317.0000  2.0114E-47
 8318.0000  1.9283E-47
 8319.0000  1.8590E-47
 8320.0000  1.7759E-47
 8321.0000  1.7205E-47
 8322.0000  1.6513E-47
 8323.0000  1.5958E-47
 8324.0000  1.5543E-47
 8325.0000  1.5266E-47
 8326.0000  1.4989E-47
 8327.0000  1.4850E-47
 8328.0000  1.4850E-47
 8329.0000  1.5003E-47
 8330.0000  1.4864E-47
 8331.0000  1.4725E-47
 8332.0000  1.4587E-47
 8333.0000  1.4448E-47
 8334.0000  1.4310E-47
 8335.0000  1.4171E-47
 8336.0000  1.4033E-47
 8337.0000  1.4033E-47
 8338.0000  1.3894E-47
 8339.0000  1.3756E-47
 8340.0000  1.3617E-47
 8341.0000  1.3479E-47
 8342.0000  1.3340E-47
 8343.0000  1.3202E-47
 8344.0000  1.3063E-47
 8345.0000  1.2925E-47
 8346.0000  1.2786E-47
 8347.0000  1.2648E-47
 8348.0000  1.2509E-47
 8349.0000  1.2371E-47
 8350.0000  1.2371E-47
 8351.0000  1.2232E-47
 8352.0000  1.2093E-47
 8353.0000  1.1955E-47
 8354.0000  1.1955E-47
 8355.0000  1.1816E-47
              O2-Air      7545      8355    811    306 1.075E-45 1.000                            53
 7545.0000  5.3333E-48
 7546.0000  5.4857E-48
 7547.0000  5.4857E-48
 7548.0000  5.6381E-48
 7549.0000  5.6381E-48
 7550.0000  5.7905E-48
 7551.0000  5.7905E-48
 7552.0000  5.9428E-48
 7553.0000  6.0814E-48
 7554.0000  6.0952E-48
 7555.0000  6.2337E-48
 7556.0000  6.2476E-48
 7557.0000  6.3861E-48
 7558.0000  6.5385E-48
 7559.0000  6.5385E-48
 7560.0000  6.6909E-48
 7561.0000  6.8294E-48
 7562.0000  6.9818E-48
 7563.0000  6.9818E-48
 7564.0000  7.1342E-48
 7565.0000  7.2727E-48
 7566.0000  7.4251E-48
 7567.0000  7.4251E-48
 7568.0000  7.5775E-48
 7569.0000  7.7160E-48
 7570.0000  7.8684E-48
 7571.0000  7.8684E-48
 7572.0000  8.0208E-48
 7573.0000  8.1731E-48
 7574.0000  8.3117E-48
 7575.0000  8.4640E-48
 7576.0000  8.6026E-48
 7577.0000  8.7550E-48
 7578.0000  8.8935E-48
 7579.0000  9.0459E-48
 7580.0000  9.1844E-48
 7581.0000  9.3368E-48
 7582.0000  9.6138E-48
 7583.0000  9.7662E-48
 7584.0000  1.0043E-47
 7585.0000  1.0196E-47
 7586.0000  1.0348E-47
 7587.0000  1.0625E-47
 7588.0000  1.0777E-47
 7589.0000  1.0916E-47
 7590.0000  1.1068E-47
 7591.0000  1.1359E-47
 7592.0000  1.1498E-47
 7593.0000  1.1789E-47
 7594.0000  1.1927E-47
 7595.0000  1.2218E-47
 7596.0000  1.2495E-47
 7597.0000  1.2786E-47
 7598.0000  1.2938E-47
 7599.0000  1.3077E-47
 7600.0000  1.3229E-47
 7601.0000  1.3382E-47
 7602.0000  1.3520E-47
 7603.0000  1.3673E-47
 7604.0000  1.3825E-47
 7605.0000  1.3977E-47
 7606.0000  1.4255E-47
 7607.0000  1.4407E-47
 7608.0000  1.4559E-47
 7609.0000  1.4559E-47
 7610.0000  1.4850E-47
 7611.0000  1.5141E-47
 7612.0000  1.5418E-47
 7613.0000  1.5848E-47
 7614.0000  1.6138E-47
 7615.0000  1.6416E-47
 7616.0000  1.6706E-47
 7617.0000  1.6983E-47
 7618.0000  1.7136E-47
 7619.0000  1.7288E-47
 7620.0000  1.7441E-47
 7621.0000  1.7593E-47
 7622.0000  1.7870E-47
 7623.0000  1.8300E-47
 7624.0000  1.8577E-47
 7625.0000  1.9006E-47
 7626.0000  1.9297E-47
 7627.0000  1.9574E-47
 7628.0000  1.9865E-47
 7629.0000  2.0156E-47
 7630.0000  2.0433E-47
 7631.0000  2.0724E-47
 7632.0000  2.1015E-47
 7633.0000  2.1430E-47
 7634.0000  2.1721E-47
 7635.0000  2.2012E-47
 7636.0000  2.2289E-47
 7637.0000  2.2580E-47
 7638.0000  2.2871E-47
 7639.0000  2.3162E-47
 7640.0000  2.3439E-47
 7641.0000  2.3868E-47
 7642.0000  2.4159E-47
 7643.0000  2.4575E-47
 7644.0000  2.4866E-47
 7645.0000  2.5157E-47
 7646.0000  2.5572E-47
 7647.0000  2.5863E-47
 7648.0000  2.6154E-47
 7649.0000  2.6445E-47
 7650.0000  2.6874E-47
 7651.0000  2.7290E-47
 7652.0000  2.7581E-47
 7653.0000  2.8010E-47
 7654.0000  2.8426E-47
 7655.0000  2.8855E-47
 7656.0000  2.9285E-47
 7657.0000  2.9700E-47
 7658.0000  3.0268E-47
 7659.0000  3.0684E-47
 7660.0000  3.1252E-47
 7661.0000  3.1820E-47
 7662.0000  3.2235E-47
 7663.0000  3.2803E-47
 7664.0000  3.3233E-47
 7665.0000  3.3510E-47
 7666.0000  3.3939E-47
 7667.0000  3.4369E-47
 7668.0000  3.4923E-47
 7669.0000  3.5352E-47
 7670.0000  3.5920E-47
 7671.0000  3.6474E-47
 7672.0000  3.6904E-47
 7673.0000  3.7472E-47
 7674.0000  3.8026E-47
 7675.0000  3.8455E-47
 7676.0000  3.9023E-47
 7677.0000  3.9453E-47
 7678.0000  4.0007E-47
 7679.0000  4.0436E-47
 7680.0000  4.0866E-47
 7681.0000  4.1295E-47
 7682.0000  4.1725E-47
 7683.0000  4.2279E-47
 7684.0000  4.2847E-47
 7685.0000  4.3886E-47
 7686.0000  4.4689E-47
 7687.0000  4.5492E-47
 7688.0000  4.6310E-47
 7689.0000  4.7113E-47
 7690.0000  4.7778E-47
 7691.0000  4.8471E-47
 7692.0000  4.9025E-47
 7693.0000  4.9579E-47
 7694.0000  5.0286E-47
 7695.0000  5.0854E-47
 7696.0000  5.1421E-47
 7697.0000  5.2128E-47
 7698.0000  5.2973E-47
 7699.0000  5.3693E-47
 7700.0000  5.4552E-47
 7701.0000  5.5273E-47
 7702.0000  5.5979E-47
 7703.0000  5.6699E-47
 7704.0000  5.7572E-47
 7705.0000  5.8306E-47
 7706.0000  5.9193E-47
 7707.0000  6.0218E-47
 7708.0000  6.1229E-47
 7709.0000  6.2116E-47
 7710.0000  6.3127E-47
 7711.0000  6.4014E-47
 7712.0000  6.5039E-47
 7713.0000  6.5911E-47
 7714.0000  6.6937E-47
 7715.0000  6.7948E-47
 7716.0000  6.8959E-47
 7717.0000  6.9984E-47
 7718.0000  7.0995E-47
 7719.0000  7.2007E-47
 7720.0000  7.2893E-47
 7721.0000  7.3766E-47
 7722.0000  7.4639E-47
 7723.0000  7.5636E-47
 7724.0000  7.6786E-47
 7725.0000  7.8074E-47
 7726.0000  7.9349E-47
 7727.0000  8.0623E-47
 7728.0000  8.2036E-47
 7729.0000  8.3311E-47
 7730.0000  8.4585E-47
 7731.0000  8.5873E-47
 7732.0000  8.7148E-47
 7733.0000  8.8422E-47
 7734.0000  8.9683E-47
 7735.0000  9.0957E-47
 7736.0000  9.2218E-47
 7737.0000  9.3631E-47
 7738.0000  9.4905E-47
 7739.0000  9.6304E-47
 7740.0000  9.7704E-47
 7741.0000  9.9255E-47
 7742.0000  1.0079E-46
 7743.0000  1.0233E-46
 7744.0000  1.0387E-46
 7745.0000  1.0554E-46
 7746.0000  1.0722E-46
 7747.0000  1.0902E-46
 7748.0000  1.1056E-46
 7749.0000  1.1225E-46
 7750.0000  1.1391E-46
 7751.0000  1.1559E-46
 7752.0000  1.1754E-46
 7753.0000  1.1949E-46
 7754.0000  1.2157E-46
 7755.0000  1.2366E-46
 7756.0000  1.2576E-46
 7757.0000  1.2757E-46
 7758.0000  1.2938E-46
 7759.0000  1.3106E-46
 7760.0000  1.3288E-46
 7761.0000  1.3484E-46
 7762.0000  1.3680E-46
 7763.0000  1.3903E-46
 7764.0000  1.4127E-46
 7765.0000  1.4376E-46
 7766.0000  1.4627E-46
 7767.0000  1.4892E-46
 7768.0000  1.5144E-46
 7769.0000  1.5382E-46
 7770.0000  1.5619E-46
 7771.0000  1.5871E-46
 7772.0000  1.6123E-46
 7773.0000  1.6389E-46
 7774.0000  1.6668E-46
 7775.0000  1.6935E-46
 7776.0000  1.7215E-46
 7777.0000  1.7496E-46
 7778.0000  1.7790E-46
 7779.0000  1.8111E-46
 7780.0000  1.8446E-46
 7781.0000  1.8797E-46
 7782.0000  1.9161E-46
 7783.0000  1.9523E-46
 7784.0000  1.9927E-46
 7785.0000  2.0319E-46
 7786.0000  2.0711E-46
 7787.0000  2.1089E-46
 7788.0000  2.1441E-46
 7789.0000  2.1779E-46
 7790.0000  2.2088E-46
 7791.0000  2.2399E-46
 7792.0000  2.2724E-46
 7793.0000  2.3077E-46
 7794.0000  2.3458E-46
 7795.0000  2.3877E-46
 7796.0000  2.4312E-46
 7797.0000  2.4774E-46
 7798.0000  2.5265E-46
 7799.0000  2.5768E-46
 7800.0000  2.6286E-46
 7801.0000  2.6798E-46
 7802.0000  2.7315E-46
 7803.0000  2.7850E-46
 7804.0000  2.8401E-46
 7805.0000  2.8962E-46
 7806.0000  2.9522E-46
 7807.0000  3.0092E-46
 7808.0000  3.0663E-46
 7809.0000  3.1248E-46
 7810.0000  3.1843E-46
 7811.0000  3.2438E-46
 7812.0000  3.3060E-46
 7813.0000  3.3682E-46
 7814.0000  3.4316E-46
 7815.0000  3.4949E-46
 7816.0000  3.5596E-46
 7817.0000  3.6243E-46
 7818.0000  3.6918E-46
 7819.0000  3.7603E-46
 7820.0000  3.8304E-46
 7821.0000  3.9018E-46
 7822.0000  3.9746E-46
 7823.0000  4.0486E-46
 7824.0000  4.1252E-46
 7825.0000  4.2033E-46
 7826.0000  4.2830E-46
 7827.0000  4.3622E-46
 7828.0000  4.4442E-46
 7829.0000  4.5264E-46
 7830.0000  4.6113E-46
 7831.0000  4.6972E-46
 7832.0000  4.7817E-46
 7833.0000  4.8676E-46
 7834.0000  4.9536E-46
 7835.0000  5.0406E-46
 7836.0000  5.1302E-46
 7837.0000  5.2199E-46
 7838.0000  5.3110E-46
 7839.0000  5.4029E-46
 7840.0000  5.4962E-46
 7841.0000  5.5895E-46
 7842.0000  5.6841E-46
 7843.0000  5.7794E-46
 7844.0000  5.8748E-46
 7845.0000  5.9715E-46
 7846.0000  6.0695E-46
 7847.0000  6.1697E-46
 7848.0000  6.2711E-46
 7849.0000  6.3738E-46
 7850.0000  6.4777E-46
 7851.0000  6.5839E-46
 7852.0000  6.6934E-46
 7853.0000  6.7998E-46
 7854.0000  6.9087E-46
 7855.0000  7.0188E-46
 7856.0000  7.1297E-46
 7857.0000  7.2462E-46
 7858.0000  7.3683E-46
 7859.0000  7.4968E-46
 7860.0000  7.6265E-46
 7861.0000  7.7589E-46
 7862.0000  7.8943E-46
 7863.0000  8.0307E-46
 7864.0000  8.1683E-46
 7865.0000  8.3058E-46
 7866.0000  8.4435E-46
 7867.0000  8.5812E-46
 7868.0000  8.7173E-46
 7869.0000  8.8493E-46
 7870.0000  8.9796E-46
 7871.0000  9.1086E-46
 7872.0000  9.2336E-46
 7873.0000  9.3570E-46
 7874.0000  9.4775E-46
 7875.0000  9.5935E-46
 7876.0000  9.7083E-46
 7877.0000  9.8234E-46
 7878.0000  9.9349E-46
 7879.0000  1.0043E-45
 7880.0000  1.0144E-45
 7881.0000  1.0236E-45
 7882.0000  1.0320E-45
 7883.0000  1.0397E-45
 7884.0000  1.0464E-45
 7885.0000  1.0528E-45
 7886.0000  1.0585E-45
 7887.0000  1.0633E-45
 7888.0000  1.0674E-45
 7889.0000  1.0707E-45
 7890.0000  1.0732E-45
 7891.0000  1.0747E-45
 7892.0000  1.0754E-45
 7893.0000  1.0753E-45
 7894.0000  1.0743E-45
 7895.0000  1.0726E-45
 7896.0000  1.0704E-45
 7897.0000  1.0678E-45
 7898.0000  1.0650E-45
 7899.0000  1.0620E-45
 7900.0000  1.0582E-45
 7901.0000  1.0541E-45
 7902.0000  1.0496E-45
 7903.0000  1.0449E-45
 7904.0000  1.0399E-45
 7905.0000  1.0349E-45
 7906.0000  1.0300E-45
 7907.0000  1.0248E-45
 7908.0000  1.0193E-45
 7909.0000  1.0132E-45
 7910.0000  1.0064E-45
 7911.0000  9.9878E-46
 7912.0000  9.9061E-46
 7913.0000  9.8175E-46
 7914.0000  9.7334E-46
 7915.0000  9.6473E-46
 7916.0000  9.5537E-46
 7917.0000  9.4574E-46
 7918.0000  9.3595E-46
 7919.0000  9.2567E-46
 7920.0000  9.1535E-46
 7921.0000  9.0492E-46
 7922.0000  8.9475E-46
 7923.0000  8.8443E-46
 7924.0000  8.7396E-46
 7925.0000  8.6372E-46
 7926.0000  8.5287E-46
 7927.0000  8.4201E-46
 7928.0000  8.3094E-46
 7929.0000  8.1956E-46
 7930.0000  8.0816E-46
 7931.0000  7.9680E-46
 7932.0000  7.8537E-46
 7933.0000  7.7382E-46
 7934.0000  7.6239E-46
 7935.0000  7.5108E-46
 7936.0000  7.3992E-46
 7937.0000  7.2914E-46
 7938.0000  7.1845E-46
 7939.0000  7.0782E-46
 7940.0000  6.9739E-46
 7941.0000  6.8711E-46
 7942.0000  6.7682E-46
 7943.0000  6.6650E-46
 7944.0000  6.5622E-46
 7945.0000  6.4601E-46
 7946.0000  6.3611E-46
 7947.0000  6.2648E-46
 7948.0000  6.1693E-46
 7949.0000  6.0751E-46
 7950.0000  5.9816E-46
 7951.0000  5.8909E-46
 7952.0000  5.8028E-46
 7953.0000  5.7152E-46
 7954.0000  5.6307E-46
 7955.0000  5.5484E-46
 7956.0000  5.4707E-46
 7957.0000  5.3945E-46
 7958.0000  5.3224E-46
 7959.0000  5.2519E-46
 7960.0000  5.1838E-46
 7961.0000  5.1175E-46
 7962.0000  5.0510E-46
 7963.0000  4.9859E-46
 7964.0000  4.9213E-46
 7965.0000  4.8582E-46
 7966.0000  4.7949E-46
 7967.0000  4.7328E-46
 7968.0000  4.6709E-46
 7969.0000  4.6102E-46
 7970.0000  4.5512E-46
 7971.0000  4.4936E-46
 7972.0000  4.4375E-46
 7973.0000  4.3812E-46
 7974.0000  4.3271E-46
 7975.0000  4.2725E-46
 7976.0000  4.2179E-46
 7977.0000  4.1657E-46
 7978.0000  4.1145E-46
 7979.0000  4.0636E-46
 7980.0000  4.0137E-46
 7981.0000  3.9642E-46
 7982.0000  3.9147E-46
 7983.0000  3.8660E-46
 7984.0000  3.8177E-46
 7985.0000  3.7710E-46
 7986.0000  3.7249E-46
 7987.0000  3.6800E-46
 7988.0000  3.6376E-46
 7989.0000  3.5951E-46
 7990.0000  3.5521E-46
 7991.0000  3.5120E-46
 7992.0000  3.4719E-46
 7993.0000  3.4320E-46
 7994.0000  3.3919E-46
 7995.0000  3.3514E-46
 7996.0000  3.3121E-46
 7997.0000  3.2730E-46
 7998.0000  3.2334E-46
 7999.0000  3.1946E-46
 8000.0000  3.1569E-46
 8001.0000  3.1220E-46
 8002.0000  3.0890E-46
 8003.0000  3.0576E-46
 8004.0000  3.0261E-46
 8005.0000  2.9962E-46
 8006.0000  2.9653E-46
 8007.0000  2.9346E-46
 8008.0000  2.9053E-46
 8009.0000  2.8763E-46
 8010.0000  2.8484E-46
 8011.0000  2.8189E-46
 8012.0000  2.7908E-46
 8013.0000  2.7631E-46
 8014.0000  2.7366E-46
 8015.0000  2.7089E-46
 8016.0000  2.6822E-46
 8017.0000  2.6554E-46
 8018.0000  2.6290E-46
 8019.0000  2.6027E-46
 8020.0000  2.5776E-46
 8021.0000  2.5538E-46
 8022.0000  2.5299E-46
 8023.0000  2.5060E-46
 8024.0000  2.4838E-46
 8025.0000  2.4615E-46
 8026.0000  2.4392E-46
 8027.0000  2.4181E-46
 8028.0000  2.3969E-46
 8029.0000  2.3760E-46
 8030.0000  2.3551E-46
 8031.0000  2.3356E-46
 8032.0000  2.3147E-46
 8033.0000  2.2936E-46
 8034.0000  2.2712E-46
 8035.0000  2.2502E-46
 8036.0000  2.2295E-46
 8037.0000  2.2072E-46
 8038.0000  2.1861E-46
 8039.0000  2.1637E-46
 8040.0000  2.1427E-46
 8041.0000  2.1220E-46
 8042.0000  2.1010E-46
 8043.0000  2.0815E-46
 8044.0000  2.0606E-46
 8045.0000  2.0423E-46
 8046.0000  2.0228E-46
 8047.0000  2.0062E-46
 8048.0000  1.9880E-46
 8049.0000  1.9725E-46
 8050.0000  1.9557E-46
 8051.0000  1.9404E-46
 8052.0000  1.9264E-46
 8053.0000  1.9124E-46
 8054.0000  1.8984E-46
 8055.0000  1.8843E-46
 8056.0000  1.8703E-46
 8057.0000  1.8563E-46
 8058.0000  1.8424E-46
 8059.0000  1.8284E-46
 8060.0000  1.8158E-46
 8061.0000  1.8018E-46
 8062.0000  1.7880E-46
 8063.0000  1.7754E-46
 8064.0000  1.7615E-46
 8065.0000  1.7475E-46
 8066.0000  1.7349E-46
 8067.0000  1.7225E-46
 8068.0000  1.7100E-46
 8069.0000  1.6960E-46
 8070.0000  1.6835E-46
 8071.0000  1.6711E-46
 8072.0000  1.6586E-46
 8073.0000  1.6461E-46
 8074.0000  1.6337E-46
 8075.0000  1.6212E-46
 8076.0000  1.6087E-46
 8077.0000  1.5949E-46
 8078.0000  1.5824E-46
 8079.0000  1.5687E-46
 8080.0000  1.5548E-46
 8081.0000  1.5424E-46
 8082.0000  1.5285E-46
 8083.0000  1.5148E-46
 8084.0000  1.5009E-46
 8085.0000  1.4871E-46
 8086.0000  1.4748E-46
 8087.0000  1.4609E-46
 8088.0000  1.4484E-46
 8089.0000  1.4360E-46
 8090.0000  1.4235E-46
 8091.0000  1.4124E-46
 8092.0000  1.4012E-46
 8093.0000  1.3901E-46
 8094.0000  1.3803E-46
 8095.0000  1.3705E-46
 8096.0000  1.3606E-46
 8097.0000  1.3520E-46
 8098.0000  1.3433E-46
 8099.0000  1.3361E-46
 8100.0000  1.3276E-46
 8101.0000  1.3209E-46
 8102.0000  1.3142E-46
 8103.0000  1.3060E-46
 8104.0000  1.2979E-46
 8105.0000  1.2898E-46
 8106.0000  1.2803E-46
 8107.0000  1.2707E-46
 8108.0000  1.2599E-46
 8109.0000  1.2490E-46
 8110.0000  1.2368E-46
 8111.0000  1.2258E-46
 8112.0000  1.2136E-46
 8113.0000  1.2013E-46
 8114.0000  1.1890E-46
 8115.0000  1.1780E-46
 8116.0000  1.1671E-46
 8117.0000  1.1562E-46
 8118.0000  1.1466E-46
 8119.0000  1.1369E-46
 8120.0000  1.1287E-46
 8121.0000  1.1204E-46
 8122.0000  1.1121E-46
 8123.0000  1.1038E-46
 8124.0000  1.0969E-46
 8125.0000  1.0899E-46
 8126.0000  1.0816E-46
 8127.0000  1.0746E-46
 8128.0000  1.0662E-46
 8129.0000  1.0578E-46
 8130.0000  1.0481E-46
 8131.0000  1.0383E-46
 8132.0000  1.0286E-46
 8133.0000  1.0173E-46
 8134.0000  1.0075E-46
 8135.0000  9.9629E-47
 8136.0000  9.8507E-47
 8137.0000  9.7385E-47
 8138.0000  9.6388E-47
 8139.0000  9.5390E-47
 8140.0000  9.4393E-47
 8141.0000  9.3534E-47
 8142.0000  9.2675E-47
 8143.0000  9.1816E-47
 8144.0000  9.1068E-47
 8145.0000  9.0334E-47
 8146.0000  8.9600E-47
 8147.0000  8.8866E-47
 8148.0000  8.8131E-47
 8149.0000  8.7397E-47
 8150.0000  8.6677E-47
 8151.0000  8.6580E-47
 8152.0000  8.5749E-47
 8153.0000  8.4931E-47
 8154.0000  8.4239E-47
 8155.0000  8.3408E-47
 8156.0000  8.2590E-47
 8157.0000  8.1759E-47
 8158.0000  8.0928E-47
 8159.0000  8.0235E-47
 8160.0000  7.9556E-47
 8161.0000  7.8864E-47
 8162.0000  7.8171E-47
 8163.0000  7.7617E-47
 8164.0000  7.6924E-47
 8165.0000  7.6370E-47
 8166.0000  7.5816E-47
 8167.0000  7.5387E-47
 8168.0000  7.4833E-47
 8169.0000  7.4279E-47
 8170.0000  7.3863E-47
 8171.0000  7.3309E-47
 8172.0000  7.2741E-47
 8173.0000  7.2187E-47
 8174.0000  7.1633E-47
 8175.0000  7.1079E-47
 8176.0000  7.0511E-47
 8177.0000  6.9818E-47
 8178.0000  6.9125E-47
 8179.0000  6.8557E-47
 8180.0000  6.7865E-47
 8181.0000  6.7172E-47
 8182.0000  6.6604E-47
 8183.0000  6.5911E-47
 8184.0000  6.5219E-47
 8185.0000  6.4651E-47
 8186.0000  6.3958E-47
 8187.0000  6.3390E-47
 8188.0000  6.2836E-47
 8189.0000  6.2407E-47
 8190.0000  6.1839E-47
 8191.0000  6.1423E-47
 8192.0000  6.0994E-47
 8193.0000  6.0564E-47
 8194.0000  6.0135E-47
 8195.0000  5.9705E-47
 8196.0000  5.9276E-47
 8197.0000  5.8847E-47
 8198.0000  5.8279E-47
 8199.0000  5.7724E-47
 8200.0000  5.7157E-47
 8201.0000  5.6464E-47
 8202.0000  5.5785E-47
 8203.0000  5.5092E-47
 8204.0000  5.4414E-47
 8205.0000  5.3846E-47
 8206.0000  5.3153E-47
 8207.0000  5.2585E-47
 8208.0000  5.2017E-47
 8209.0000  5.1463E-47
 8210.0000  5.1047E-47
 8211.0000  5.0618E-47
 8212.0000  5.0189E-47
 8213.0000  4.9773E-47
 8214.0000  4.9482E-47
 8215.0000  4.9053E-47
 8216.0000  4.8623E-47
 8217.0000  4.8208E-47
 8218.0000  4.7778E-47
 8219.0000  4.7363E-47
 8220.0000  4.6933E-47
 8221.0000  4.6642E-47
 8222.0000  4.6213E-47
 8223.0000  4.5936E-47
 8224.0000  4.5645E-47
 8225.0000  4.5354E-47
 8226.0000  4.5063E-47
 8227.0000  4.4772E-47
 8228.0000  4.4620E-47
 8229.0000  4.4343E-47
 8230.0000  4.4052E-47
 8231.0000  4.3761E-47
 8232.0000  4.3470E-47
 8233.0000  4.3179E-47
 8234.0000  4.2750E-47
 8235.0000  4.2334E-47
 8236.0000  4.1905E-47
 8237.0000  4.1489E-47
 8238.0000  4.1060E-47
 8239.0000  4.0505E-47
 8240.0000  4.0076E-47
 8241.0000  3.9508E-47
 8242.0000  3.9093E-47
 8243.0000  3.8663E-47
 8244.0000  3.8247E-47
 8245.0000  3.7818E-47
 8246.0000  3.7527E-47
 8247.0000  3.7236E-47
 8248.0000  3.6959E-47
 8249.0000  3.6668E-47
 8250.0000  3.6377E-47
 8251.0000  3.6225E-47
 8252.0000  3.6073E-47
 8253.0000  3.5920E-47
 8254.0000  3.5768E-47
 8255.0000  3.5629E-47
 8256.0000  3.5477E-47
 8257.0000  3.5325E-47
 8258.0000  3.5172E-47
 8259.0000  3.5020E-47
 8260.0000  3.4743E-47
 8261.0000  3.4590E-47
 8262.0000  3.4299E-47
 8263.0000  3.4009E-47
 8264.0000  3.3731E-47
 8265.0000  3.3441E-47
 8266.0000  3.3150E-47
 8267.0000  3.2873E-47
 8268.0000  3.2443E-47
 8269.0000  3.2166E-47
 8270.0000  3.1875E-47
 8271.0000  3.1460E-47
 8272.0000  3.1169E-47
 8273.0000  3.0753E-47
 8274.0000  3.0462E-47
 8275.0000  3.0171E-47
 8276.0000  2.9894E-47
 8277.0000  2.9603E-47
 8278.0000  2.9312E-47
 8279.0000  2.9035E-47
 8280.0000  2.8758E-47
 8281.0000  2.8467E-47
 8282.0000  2.8052E-47
 8283.0000  2.7761E-47
 8284.0000  2.7484E-47
 8285.0000  2.7054E-47
 8286.0000  2.6777E-47
 8287.0000  2.6348E-47
 8288.0000  2.5932E-47
 8289.0000  2.5517E-47
 8290.0000  2.5226E-47
 8291.0000  2.4810E-47
 8292.0000  2.4519E-47
 8293.0000  2.4242E-47
 8294.0000  2.3965E-47
 8295.0000  2.3674E-47
 8296.0000  2.3536E-47
 8297.0000  2.3383E-47
 8298.0000  2.3370E-47
 8299.0000  2.3370E-47
 8300.0000  2.3494E-47
 8301.0000  2.3480E-47
 8302.0000  2.3605E-47
 8303.0000  2.3744E-47
 8304.0000  2.3868E-47
 8305.0000  2.3993E-47
 8306.0000  2.4118E-47
 8307.0000  2.4256E-47
 8308.0000  2.4242E-47
 8309.0000  2.4506E-47
 8310.0000  2.4492E-47
 8311.0000  2.4353E-47
 8312.0000  2.4076E-47
 8313.0000  2.3661E-47
 8314.0000  2.3106E-47
 8315.0000  2.2552E-47
 8316.0000  2.1860E-47
 8317.0000  2.1167E-47
 8318.0000  2.0336E-47
 8319.0000  1.9657E-47
 8320.0000  1.8826E-47
 8321.0000  1.8272E-47
 8322.0000  1.7579E-47
 8323.0000  1.7025E-47
 8324.0000  1.6609E-47
 8325.0000  1.6332E-47
 8326.0000  1.6055E-47
 8327.0000  1.5903E-47
 8328.0000  1.5903E-47
 8329.0000  1.6028E-47
 8330.0000  1.5889E-47
 8331.0000  1.5751E-47
 8332.0000  1.5598E-47
 8333.0000  1.5460E-47
 8334.0000  1.5321E-47
 8335.0000  1.5183E-47
 8336.0000  1.5030E-47
 8337.0000  1.5030E-47
 8338.0000  1.4878E-47
 8339.0000  1.4739E-47
 8340.0000  1.4601E-47
 8341.0000  1.4462E-47
 8342.0000  1.4310E-47
 8343.0000  1.4171E-47
 8344.0000  1.4033E-47
 8345.0000  1.3894E-47
 8346.0000  1.3742E-47
 8347.0000  1.3603E-47
 8348.0000  1.3465E-47
 8349.0000  1.3326E-47
 8350.0000  1.3313E-47
 8351.0000  1.3174E-47
 8352.0000  1.3035E-47
 8353.0000  1.2897E-47
 8354.0000  1.2883E-47
 8355.0000  1.2745E-47
              O2-Air      7545      8355    811    316 1.062E-45 1.000                            53
 7545.0000  5.8874E-48
 7546.0000  6.0260E-48
 7547.0000  6.0537E-48
 7548.0000  6.2060E-48
 7549.0000  6.2199E-48
 7550.0000  6.3723E-48
 7551.0000  6.3861E-48
 7552.0000  6.5385E-48
 7553.0000  6.6909E-48
 7554.0000  6.7047E-48
 7555.0000  6.8571E-48
 7556.0000  6.8710E-48
 7557.0000  7.0234E-48
 7558.0000  7.1757E-48
 7559.0000  7.1896E-48
 7560.0000  7.3420E-48
 7561.0000  7.4943E-48
 7562.0000  7.6467E-48
 7563.0000  7.6606E-48
 7564.0000  7.8130E-48
 7565.0000  7.9653E-48
 7566.0000  8.1177E-48
 7567.0000  8.1454E-48
 7568.0000  8.2978E-48
 7569.0000  8.4502E-48
 7570.0000  8.6026E-48
 7571.0000  8.6164E-48
 7572.0000  8.7688E-48
 7573.0000  8.9350E-48
 7574.0000  9.0874E-48
 7575.0000  9.2398E-48
 7576.0000  9.3922E-48
 7577.0000  9.5446E-48
 7578.0000  9.6969E-48
 7579.0000  9.8493E-48
 7580.0000  1.0016E-47
 7581.0000  1.0168E-47
 7582.0000  1.0459E-47
 7583.0000  1.0611E-47
 7584.0000  1.0902E-47
 7585.0000  1.1055E-47
 7586.0000  1.1221E-47
 7587.0000  1.1498E-47
 7588.0000  1.1664E-47
 7589.0000  1.1816E-47
 7590.0000  1.1983E-47
 7591.0000  1.2274E-47
 7592.0000  1.2426E-47
 7593.0000  1.2717E-47
 7594.0000  1.2869E-47
 7595.0000  1.3174E-47
 7596.0000  1.3465E-47
 7597.0000  1.3756E-47
 7598.0000  1.3908E-47
 7599.0000  1.4074E-47
 7600.0000  1.4227E-47
 7601.0000  1.4393E-47
 7602.0000  1.4545E-47
 7603.0000  1.4712E-47
 7604.0000  1.4878E-47
 7605.0000  1.5030E-47
 7606.0000  1.5321E-47
 7607.0000  1.5487E-47
 7608.0000  1.5640E-47
 7609.0000  1.5667E-47
 7610.0000  1.5958E-47
 7611.0000  1.6263E-47
 7612.0000  1.6554E-47
 7613.0000  1.6983E-47
 7614.0000  1.7274E-47
 7615.0000  1.7579E-47
 7616.0000  1.7870E-47
 7617.0000  1.8161E-47
 7618.0000  1.8327E-47
 7619.0000  1.8493E-47
 7620.0000  1.8660E-47
 7621.0000  1.8812E-47
 7622.0000  1.9103E-47
 7623.0000  1.9546E-47
 7624.0000  1.9837E-47
 7625.0000  2.0267E-47
 7626.0000  2.0571E-47
 7627.0000  2.0862E-47
 7628.0000  2.1153E-47
 7629.0000  2.1458E-47
 7630.0000  2.1749E-47
 7631.0000  2.2054E-47
 7632.0000  2.2345E-47
 7633.0000  2.2774E-47
 7634.0000  2.3079E-47
 7635.0000  2.3370E-47
 7636.0000  2.3674E-47
 7637.0000  2.3965E-47
 7638.0000  2.4270E-47
 7639.0000  2.4575E-47
 7640.0000  2.4866E-47
 7641.0000  2.5295E-47
 7642.0000  2.5600E-47
 7643.0000  2.6029E-47
 7644.0000  2.6334E-47
 7645.0000  2.6639E-47
 7646.0000  2.7068E-47
 7647.0000  2.7359E-47
 7648.0000  2.7664E-47
 7649.0000  2.7955E-47
 7650.0000  2.8398E-47
 7651.0000  2.8828E-47
 7652.0000  2.9132E-47
 7653.0000  2.9576E-47
 7654.0000  3.0005E-47
 7655.0000  3.0435E-47
 7656.0000  3.0864E-47
 7657.0000  3.1307E-47
 7658.0000  3.1875E-47
 7659.0000  3.2305E-47
 7660.0000  3.2886E-47
 7661.0000  3.3454E-47
 7662.0000  3.3884E-47
 7663.0000  3.4466E-47
 7664.0000  3.4895E-47
 7665.0000  3.5200E-47
 7666.0000  3.5629E-47
 7667.0000  3.6073E-47
 7668.0000  3.6641E-47
 7669.0000  3.7084E-47
 7670.0000  3.7652E-47
 7671.0000  3.8234E-47
 7672.0000  3.8663E-47
 7673.0000  3.9231E-47
 7674.0000  3.9813E-47
 7675.0000  4.0242E-47
 7676.0000  4.0824E-47
 7677.0000  4.1267E-47
 7678.0000  4.1835E-47
 7679.0000  4.2265E-47
 7680.0000  4.2708E-47
 7681.0000  4.3151E-47
 7682.0000  4.3595E-47
 7683.0000  4.4163E-47
 7684.0000  4.4744E-47
 7685.0000  4.6157E-47
 7686.0000  4.6947E-47
 7687.0000  4.7723E-47
 7688.0000  4.8512E-47
 7689.0000  4.9274E-47
 7690.0000  4.9925E-47
 7691.0000  5.0618E-47
 7692.0000  5.1172E-47
 7693.0000  5.1726E-47
 7694.0000  5.2433E-47
 7695.0000  5.3015E-47
 7696.0000  5.3610E-47
 7697.0000  5.4331E-47
 7698.0000  5.5203E-47
 7699.0000  5.5951E-47
 7700.0000  5.6838E-47
 7701.0000  5.7586E-47
 7702.0000  5.8306E-47
 7703.0000  5.9041E-47
 7704.0000  5.9955E-47
 7705.0000  6.0758E-47
 7706.0000  6.1700E-47
 7707.0000  6.2781E-47
 7708.0000  6.3847E-47
 7709.0000  6.4789E-47
 7710.0000  6.5856E-47
 7711.0000  6.6798E-47
 7712.0000  6.7879E-47
 7713.0000  6.8821E-47
 7714.0000  6.9873E-47
 7715.0000  7.0940E-47
 7716.0000  7.2021E-47
 7717.0000  7.3087E-47
 7718.0000  7.4140E-47
 7719.0000  7.5207E-47
 7720.0000  7.6149E-47
 7721.0000  7.7063E-47
 7722.0000  7.7977E-47
 7723.0000  7.9030E-47
 7724.0000  8.0221E-47
 7725.0000  8.1551E-47
 7726.0000  8.2867E-47
 7727.0000  8.4169E-47
 7728.0000  8.5610E-47
 7729.0000  8.6926E-47
 7730.0000  8.8228E-47
 7731.0000  8.9544E-47
 7732.0000  9.0846E-47
 7733.0000  9.2149E-47
 7734.0000  9.3437E-47
 7735.0000  9.4739E-47
 7736.0000  9.6027E-47
 7737.0000  9.7468E-47
 7738.0000  9.8770E-47
 7739.0000  1.0018E-46
 7740.0000  1.0161E-46
 7741.0000  1.0318E-46
 7742.0000  1.0471E-46
 7743.0000  1.0628E-46
 7744.0000  1.0784E-46
 7745.0000  1.0953E-46
 7746.0000  1.1121E-46
 7747.0000  1.1302E-46
 7748.0000  1.1459E-46
 7749.0000  1.1629E-46
 7750.0000  1.1797E-46
 7751.0000  1.1966E-46
 7752.0000  1.2161E-46
 7753.0000  1.2358E-46
 7754.0000  1.2567E-46
 7755.0000  1.2776E-46
 7756.0000  1.2987E-46
 7757.0000  1.3173E-46
 7758.0000  1.3354E-46
 7759.0000  1.3523E-46
 7760.0000  1.3707E-46
 7761.0000  1.3905E-46
 7762.0000  1.4102E-46
 7763.0000  1.4328E-46
 7764.0000  1.4554E-46
 7765.0000  1.4806E-46
 7766.0000  1.5057E-46
 7767.0000  1.5323E-46
 7768.0000  1.5577E-46
 7769.0000  1.5818E-46
 7770.0000  1.6058E-46
 7771.0000  1.6312E-46
 7772.0000  1.6568E-46
 7773.0000  1.6835E-46
 7774.0000  1.7118E-46
 7775.0000  1.7388E-46
 7776.0000  1.7673E-46
 7777.0000  1.7956E-46
 7778.0000  1.8254E-46
 7779.0000  1.8578E-46
 7780.0000  1.8917E-46
 7781.0000  1.9272E-46
 7782.0000  1.9640E-46
 7783.0000  2.0005E-46
 7784.0000  2.0412E-46
 7785.0000  2.0808E-46
 7786.0000  2.1204E-46
 7787.0000  2.1587E-46
 7788.0000  2.1946E-46
 7789.0000  2.2289E-46
 7790.0000  2.2605E-46
 7791.0000  2.2921E-46
 7792.0000  2.3253E-46
 7793.0000  2.3615E-46
 7794.0000  2.4003E-46
 7795.0000  2.4425E-46
 7796.0000  2.4866E-46
 7797.0000  2.5335E-46
 7798.0000  2.5830E-46
 7799.0000  2.6337E-46
 7800.0000  2.6863E-46
 7801.0000  2.7374E-46
 7802.0000  2.7883E-46
 7803.0000  2.8424E-46
 7804.0000  2.8987E-46
 7805.0000  2.9556E-46
 7806.0000  3.0123E-46
 7807.0000  3.0698E-46
 7808.0000  3.1271E-46
 7809.0000  3.1859E-46
 7810.0000  3.2453E-46
 7811.0000  3.3049E-46
 7812.0000  3.3668E-46
 7813.0000  3.4287E-46
 7814.0000  3.4919E-46
 7815.0000  3.5548E-46
 7816.0000  3.6190E-46
 7817.0000  3.6832E-46
 7818.0000  3.7502E-46
 7819.0000  3.8181E-46
 7820.0000  3.8874E-46
 7821.0000  3.9580E-46
 7822.0000  4.0303E-46
 7823.0000  4.1033E-46
 7824.0000  4.1791E-46
 7825.0000  4.2563E-46
 7826.0000  4.3349E-46
 7827.0000  4.4131E-46
 7828.0000  4.4938E-46
 7829.0000  4.5749E-46
 7830.0000  4.6587E-46
 7831.0000  4.7430E-46
 7832.0000  4.8259E-46
 7833.0000  4.9105E-46
 7834.0000  4.9950E-46
 7835.0000  5.0801E-46
 7836.0000  5.1678E-46
 7837.0000  5.2555E-46
 7838.0000  5.3447E-46
 7839.0000  5.4340E-46
 7840.0000  5.5248E-46
 7841.0000  5.6154E-46
 7842.0000  5.7075E-46
 7843.0000  5.7995E-46
 7844.0000  5.8917E-46
 7845.0000  5.9850E-46
 7846.0000  6.0794E-46
 7847.0000  6.1756E-46
 7848.0000  6.2725E-46
 7849.0000  6.3709E-46
 7850.0000  6.4701E-46
 7851.0000  6.5745E-46
 7852.0000  6.6840E-46
 7853.0000  6.7884E-46
 7854.0000  6.8952E-46
 7855.0000  7.0029E-46
 7856.0000  7.1110E-46
 7857.0000  7.2245E-46
 7858.0000  7.3438E-46
 7859.0000  7.4689E-46
 7860.0000  7.5948E-46
 7861.0000  7.7236E-46
 7862.0000  7.8555E-46
 7863.0000  7.9878E-46
 7864.0000  8.1215E-46
 7865.0000  8.2549E-46
 7866.0000  8.3884E-46
 7867.0000  8.5222E-46
 7868.0000  8.6538E-46
 7869.0000  8.7817E-46
 7870.0000  8.9077E-46
 7871.0000  9.0321E-46
 7872.0000  9.1528E-46
 7873.0000  9.2715E-46
 7874.0000  9.3876E-46
 7875.0000  9.4986E-46
 7876.0000  9.6084E-46
 7877.0000  9.7191E-46
 7878.0000  9.8255E-46
 7879.0000  9.9286E-46
 7880.0000  1.0024E-45
 7881.0000  1.0112E-45
 7882.0000  1.0191E-45
 7883.0000  1.0262E-45
 7884.0000  1.0326E-45
 7885.0000  1.0390E-45
 7886.0000  1.0446E-45
 7887.0000  1.0495E-45
 7888.0000  1.0535E-45
 7889.0000  1.0568E-45
 7890.0000  1.0593E-45
 7891.0000  1.0608E-45
 7892.0000  1.0615E-45
 7893.0000  1.0614E-45
 7894.0000  1.0604E-45
 7895.0000  1.0588E-45
 7896.0000  1.0566E-45
 7897.0000  1.0539E-45
 7898.0000  1.0511E-45
 7899.0000  1.0481E-45
 7900.0000  1.0444E-45
 7901.0000  1.0402E-45
 7902.0000  1.0358E-45
 7903.0000  1.0311E-45
 7904.0000  1.0261E-45
 7905.0000  1.0211E-45
 7906.0000  1.0161E-45
 7907.0000  1.0110E-45
 7908.0000  1.0054E-45
 7909.0000  9.9934E-46
 7910.0000  9.9255E-46
 7911.0000  9.8493E-46
 7912.0000  9.7676E-46
 7913.0000  9.6789E-46
 7914.0000  9.6045E-46
 7915.0000  9.5308E-46
 7916.0000  9.4437E-46
 7917.0000  9.3530E-46
 7918.0000  9.2600E-46
 7919.0000  9.1615E-46
 7920.0000  9.0622E-46
 7921.0000  8.9636E-46
 7922.0000  8.8705E-46
 7923.0000  8.7759E-46
 7924.0000  8.6778E-46
 7925.0000  8.5818E-46
 7926.0000  8.4773E-46
 7927.0000  8.3728E-46
 7928.0000  8.2654E-46
 7929.0000  8.1544E-46
 7930.0000  8.0428E-46
 7931.0000  7.9324E-46
 7932.0000  7.8220E-46
 7933.0000  7.7091E-46
 7934.0000  7.5970E-46
 7935.0000  7.4860E-46
 7936.0000  7.3766E-46
 7937.0000  7.2720E-46
 7938.0000  7.1680E-46
 7939.0000  7.0638E-46
 7940.0000  6.9621E-46
 7941.0000  6.8620E-46
 7942.0000  6.7618E-46
 7943.0000  6.6608E-46
 7944.0000  6.5593E-46
 7945.0000  6.4593E-46
 7946.0000  6.3626E-46
 7947.0000  6.2685E-46
 7948.0000  6.1749E-46
 7949.0000  6.0821E-46
 7950.0000  5.9892E-46
 7951.0000  5.8992E-46
 7952.0000  5.8118E-46
 7953.0000  5.7256E-46
 7954.0000  5.6426E-46
 7955.0000  5.5612E-46
 7956.0000  5.4850E-46
 7957.0000  5.4102E-46
 7958.0000  5.3394E-46
 7959.0000  5.2706E-46
 7960.0000  5.2041E-46
 7961.0000  5.1379E-46
 7962.0000  5.0714E-46
 7963.0000  5.0063E-46
 7964.0000  4.9423E-46
 7965.0000  4.8798E-46
 7966.0000  4.8167E-46
 7967.0000  4.7551E-46
 7968.0000  4.6935E-46
 7969.0000  4.6332E-46
 7970.0000  4.5749E-46
 7971.0000  4.5179E-46
 7972.0000  4.4625E-46
 7973.0000  4.4070E-46
 7974.0000  4.3525E-46
 7975.0000  4.2974E-46
 7976.0000  4.2423E-46
 7977.0000  4.1903E-46
 7978.0000  4.1395E-46
 7979.0000  4.0888E-46
 7980.0000  4.0391E-46
 7981.0000  3.9897E-46
 7982.0000  3.9407E-46
 7983.0000  3.8919E-46
 7984.0000  3.8437E-46
 7985.0000  3.7975E-46
 7986.0000  3.7523E-46
 7987.0000  3.7085E-46
 7988.0000  3.6668E-46
 7989.0000  3.6246E-46
 7990.0000  3.5816E-46
 7991.0000  3.5415E-46
 7992.0000  3.5016E-46
 7993.0000  3.4621E-46
 7994.0000  3.4218E-46
 7995.0000  3.3812E-46
 7996.0000  3.3411E-46
 7997.0000  3.3017E-46
 7998.0000  3.2612E-46
 7999.0000  3.2209E-46
 8000.0000  3.1814E-46
 8001.0000  3.1478E-46
 8002.0000  3.1167E-46
 8003.0000  3.0871E-46
 8004.0000  3.0577E-46
 8005.0000  3.0285E-46
 8006.0000  2.9970E-46
 8007.0000  2.9659E-46
 8008.0000  2.9366E-46
 8009.0000  2.9076E-46
 8010.0000  2.8794E-46
 8011.0000  2.8495E-46
 8012.0000  2.8210E-46
 8013.0000  2.7931E-46
 8014.0000  2.7667E-46
 8015.0000  2.7388E-46
 8016.0000  2.7118E-46
 8017.0000  2.6847E-46
 8018.0000  2.6579E-46
 8019.0000  2.6315E-46
 8020.0000  2.6064E-46
 8021.0000  2.5823E-46
 8022.0000  2.5581E-46
 8023.0000  2.5338E-46
 8024.0000  2.5115E-46
 8025.0000  2.4891E-46
 8026.0000  2.4666E-46
 8027.0000  2.4452E-46
 8028.0000  2.4237E-46
 8029.0000  2.4026E-46
 8030.0000  2.3816E-46
 8031.0000  2.3618E-46
 8032.0000  2.3407E-46
 8033.0000  2.3192E-46
 8034.0000  2.2967E-46
 8035.0000  2.2756E-46
 8036.0000  2.2545E-46
 8037.0000  2.2322E-46
 8038.0000  2.2109E-46
 8039.0000  2.1882E-46
 8040.0000  2.1673E-46
 8041.0000  2.1462E-46
 8042.0000  2.1253E-46
 8043.0000  2.1056E-46
 8044.0000  2.0843E-46
 8045.0000  2.0659E-46
 8046.0000  2.0463E-46
 8047.0000  2.0294E-46
 8048.0000  2.0113E-46
 8049.0000  1.9955E-46
 8050.0000  1.9785E-46
 8051.0000  1.9629E-46
 8052.0000  1.9488E-46
 8053.0000  1.9347E-46
 8054.0000  1.9205E-46
 8055.0000  1.9061E-46
 8056.0000  1.8920E-46
 8057.0000  1.8779E-46
 8058.0000  1.8639E-46
 8059.0000  1.8499E-46
 8060.0000  1.8370E-46
 8061.0000  1.8227E-46
 8062.0000  1.8089E-46
 8063.0000  1.7963E-46
 8064.0000  1.7824E-46
 8065.0000  1.7684E-46
 8066.0000  1.7557E-46
 8067.0000  1.7431E-46
 8068.0000  1.7306E-46
 8069.0000  1.7166E-46
 8070.0000  1.7040E-46
 8071.0000  1.6914E-46
 8072.0000  1.6790E-46
 8073.0000  1.6666E-46
 8074.0000  1.6542E-46
 8075.0000  1.6416E-46
 8076.0000  1.6292E-46
 8077.0000  1.6154E-46
 8078.0000  1.6030E-46
 8079.0000  1.5892E-46
 8080.0000  1.5755E-46
 8081.0000  1.5630E-46
 8082.0000  1.5492E-46
 8083.0000  1.5354E-46
 8084.0000  1.5217E-46
 8085.0000  1.5080E-46
 8086.0000  1.4955E-46
 8087.0000  1.4818E-46
 8088.0000  1.4694E-46
 8089.0000  1.4569E-46
 8090.0000  1.4444E-46
 8091.0000  1.4333E-46
 8092.0000  1.4221E-46
 8093.0000  1.4109E-46
 8094.0000  1.4009E-46
 8095.0000  1.3910E-46
 8096.0000  1.3808E-46
 8097.0000  1.3718E-46
 8098.0000  1.3630E-46
 8099.0000  1.3552E-46
 8100.0000  1.3466E-46
 8101.0000  1.3403E-46
 8102.0000  1.3337E-46
 8103.0000  1.3257E-46
 8104.0000  1.3178E-46
 8105.0000  1.3099E-46
 8106.0000  1.3006E-46
 8107.0000  1.2914E-46
 8108.0000  1.2807E-46
 8109.0000  1.2700E-46
 8110.0000  1.2580E-46
 8111.0000  1.2473E-46
 8112.0000  1.2353E-46
 8113.0000  1.2232E-46
 8114.0000  1.2110E-46
 8115.0000  1.2003E-46
 8116.0000  1.1895E-46
 8117.0000  1.1787E-46
 8118.0000  1.1692E-46
 8119.0000  1.1596E-46
 8120.0000  1.1514E-46
 8121.0000  1.1433E-46
 8122.0000  1.1350E-46
 8123.0000  1.1266E-46
 8124.0000  1.1197E-46
 8125.0000  1.1127E-46
 8126.0000  1.1043E-46
 8127.0000  1.0973E-46
 8128.0000  1.0888E-46
 8129.0000  1.0804E-46
 8130.0000  1.0705E-46
 8131.0000  1.0607E-46
 8132.0000  1.0509E-46
 8133.0000  1.0395E-46
 8134.0000  1.0295E-46
 8135.0000  1.0180E-46
 8136.0000  1.0067E-46
 8137.0000  9.9532E-47
 8138.0000  9.8507E-47
 8139.0000  9.7482E-47
 8140.0000  9.6471E-47
 8141.0000  9.5570E-47
 8142.0000  9.4684E-47
 8143.0000  9.3783E-47
 8144.0000  9.2994E-47
 8145.0000  9.2204E-47
 8146.0000  9.1428E-47
 8147.0000  9.0639E-47
 8148.0000  8.9863E-47
 8149.0000  8.9087E-47
 8150.0000  8.8311E-47
 8151.0000  8.8879E-47
 8152.0000  8.8062E-47
 8153.0000  8.7245E-47
 8154.0000  8.6552E-47
 8155.0000  8.5735E-47
 8156.0000  8.4917E-47
 8157.0000  8.4086E-47
 8158.0000  8.3269E-47
 8159.0000  8.2590E-47
 8160.0000  8.1898E-47
 8161.0000  8.1205E-47
 8162.0000  8.0526E-47
 8163.0000  7.9958E-47
 8164.0000  7.9266E-47
 8165.0000  7.8725E-47
 8166.0000  7.8171E-47
 8167.0000  7.7742E-47
 8168.0000  7.7174E-47
 8169.0000  7.6620E-47
 8170.0000  7.6190E-47
 8171.0000  7.5636E-47
 8172.0000  7.5082E-47
 8173.0000  7.4514E-47
 8174.0000  7.3946E-47
 8175.0000  7.3392E-47
 8176.0000  7.2824E-47
 8177.0000  7.2131E-47
 8178.0000  7.1425E-47
 8179.0000  7.0857E-47
 8180.0000  7.0164E-47
 8181.0000  6.9458E-47
 8182.0000  6.8890E-47
 8183.0000  6.8183E-47
 8184.0000  6.7491E-47
 8185.0000  6.6923E-47
 8186.0000  6.6216E-47
 8187.0000  6.5648E-47
 8188.0000  6.5066E-47
 8189.0000  6.4637E-47
 8190.0000  6.4069E-47
 8191.0000  6.3626E-47
 8192.0000  6.3196E-47
 8193.0000  6.2739E-47
 8194.0000  6.2310E-47
 8195.0000  6.1866E-47
 8196.0000  6.1423E-47
 8197.0000  6.0980E-47
 8198.0000  6.0398E-47
 8199.0000  5.9816E-47
 8200.0000  5.9248E-47
 8201.0000  5.8556E-47
 8202.0000  5.7877E-47
 8203.0000  5.7212E-47
 8204.0000  5.6533E-47
 8205.0000  5.5951E-47
 8206.0000  5.5259E-47
 8207.0000  5.4677E-47
 8208.0000  5.4109E-47
 8209.0000  5.3541E-47
 8210.0000  5.3112E-47
 8211.0000  5.2682E-47
 8212.0000  5.2239E-47
 8213.0000  5.1809E-47
 8214.0000  5.1505E-47
 8215.0000  5.1075E-47
 8216.0000  5.0632E-47
 8217.0000  5.0202E-47
 8218.0000  4.9773E-47
 8219.0000  4.9330E-47
 8220.0000  4.8900E-47
 8221.0000  4.8596E-47
 8222.0000  4.8166E-47
 8223.0000  4.7861E-47
 8224.0000  4.7570E-47
 8225.0000  4.7266E-47
 8226.0000  4.6961E-47
 8227.0000  4.6656E-47
 8228.0000  4.6490E-47
 8229.0000  4.6199E-47
 8230.0000  4.5894E-47
 8231.0000  4.5589E-47
 8232.0000  4.5285E-47
 8233.0000  4.4994E-47
 8234.0000  4.4551E-47
 8235.0000  4.4121E-47
 8236.0000  4.3678E-47
 8237.0000  4.3248E-47
 8238.0000  4.2819E-47
 8239.0000  4.2251E-47
 8240.0000  4.1808E-47
 8241.0000  4.1240E-47
 8242.0000  4.0810E-47
 8243.0000  4.0381E-47
 8244.0000  3.9938E-47
 8245.0000  3.9508E-47
 8246.0000  3.9203E-47
 8247.0000  3.8912E-47
 8248.0000  3.8608E-47
 8249.0000  3.8303E-47
 8250.0000  3.8012E-47
 8251.0000  3.7846E-47
 8252.0000  3.7680E-47
 8253.0000  3.7513E-47
 8254.0000  3.7347E-47
 8255.0000  3.7195E-47
 8256.0000  3.7028E-47
 8257.0000  3.6862E-47
 8258.0000  3.6696E-47
 8259.0000  3.6530E-47
 8260.0000  3.6239E-47
 8261.0000  3.6073E-47
 8262.0000  3.5782E-47
 8263.0000  3.5491E-47
 8264.0000  3.5186E-47
 8265.0000  3.4895E-47
 8266.0000  3.4590E-47
 8267.0000  3.4299E-47
 8268.0000  3.3870E-47
 8269.0000  3.3565E-47
 8270.0000  3.3274E-47
 8271.0000  3.2845E-47
 8272.0000  3.2554E-47
 8273.0000  3.2125E-47
 8274.0000  3.1834E-47
 8275.0000  3.1543E-47
 8276.0000  3.1238E-47
 8277.0000  3.0947E-47
 8278.0000  3.0656E-47
 8279.0000  3.0365E-47
 8280.0000  3.0074E-47
 8281.0000  2.9770E-47
 8282.0000  2.9354E-47
 8283.0000  2.9063E-47
 8284.0000  2.8758E-47
 8285.0000  2.8343E-47
 8286.0000  2.8052E-47
 8287.0000  2.7622E-47
 8288.0000  2.7193E-47
 8289.0000  2.6764E-47
 8290.0000  2.6473E-47
 8291.0000  2.6057E-47
 8292.0000  2.5766E-47
 8293.0000  2.5475E-47
 8294.0000  2.5184E-47
 8295.0000  2.4893E-47
 8296.0000  2.4741E-47
 8297.0000  2.4589E-47
 8298.0000  2.4561E-47
 8299.0000  2.4547E-47
 8300.0000  2.4658E-47
 8301.0000  2.4644E-47
 8302.0000  2.4755E-47
 8303.0000  2.4866E-47
 8304.0000  2.4990E-47
 8305.0000  2.5101E-47
 8306.0000  2.5226E-47
 8307.0000  2.5337E-47
 8308.0000  2.5323E-47
 8309.0000  2.5572E-47
 8310.0000  2.5545E-47
 8311.0000  2.5406E-47
 8312.0000  2.5115E-47
 8313.0000  2.4699E-47
 8314.0000  2.4145E-47
 8315.0000  2.3591E-47
 8316.0000  2.2899E-47
 8317.0000  2.2220E-47
 8318.0000  2.1389E-47
 8319.0000  2.0710E-47
 8320.0000  1.9893E-47
 8321.0000  1.9338E-47
 8322.0000  1.8646E-47
 8323.0000  1.8092E-47
 8324.0000  1.7676E-47
 8325.0000  1.7399E-47
 8326.0000  1.7108E-47
 8327.0000  1.6970E-47
 8328.0000  1.6956E-47
 8329.0000  1.7067E-47
 8330.0000  1.6914E-47
 8331.0000  1.6776E-47
 8332.0000  1.6623E-47
 8333.0000  1.6485E-47
 8334.0000  1.6332E-47
 8335.0000  1.6180E-47
 8336.0000  1.6042E-47
 8337.0000  1.6028E-47
 8338.0000  1.5875E-47
 8339.0000  1.5737E-47
 8340.0000  1.5584E-47
 8341.0000  1.5446E-47
 8342.0000  1.5293E-47
 8343.0000  1.5141E-47
 8344.0000  1.5003E-47
 8345.0000  1.4850E-47
 8346.0000  1.4712E-47
 8347.0000  1.4559E-47
 8348.0000  1.4421E-47
 8349.0000  1.4268E-47
 8350.0000  1.4268E-47
 8351.0000  1.4116E-47
 8352.0000  1.3964E-47
 8353.0000  1.3825E-47
 8354.0000  1.3811E-47
 8355.0000  1.3659E-47
              O2-Air      7545      8355    811    326 1.048E-45 1.000                            53
 7545.0000  6.4277E-48
 7546.0000  6.5801E-48
 7547.0000  6.6078E-48
 7548.0000  6.7602E-48
 7549.0000  6.7879E-48
 7550.0000  6.9402E-48
 7551.0000  6.9818E-48
 7552.0000  7.1342E-48
 7553.0000  7.2866E-48
 7554.0000  7.3143E-48
 7555.0000  7.4805E-48
 7556.0000  7.5082E-48
 7557.0000  7.6606E-48
 7558.0000  7.8130E-48
 7559.0000  7.8407E-48
 7560.0000  8.0069E-48
 7561.0000  8.1593E-48
 7562.0000  8.3117E-48
 7563.0000  8.3394E-48
 7564.0000  8.5056E-48
 7565.0000  8.6580E-48
 7566.0000  8.8242E-48
 7567.0000  8.8519E-48
 7568.0000  9.0182E-48
 7569.0000  9.1705E-48
 7570.0000  9.3368E-48
 7571.0000  9.3645E-48
 7572.0000  9.5169E-48
 7573.0000  9.6969E-48
 7574.0000  9.8632E-48
 7575.0000  1.0016E-47
 7576.0000  1.0168E-47
 7577.0000  1.0348E-47
 7578.0000  1.0500E-47
 7579.0000  1.0667E-47
 7580.0000  1.0833E-47
 7581.0000  1.0999E-47
 7582.0000  1.1290E-47
 7583.0000  1.1456E-47
 7584.0000  1.1747E-47
 7585.0000  1.1927E-47
 7586.0000  1.2093E-47
 7587.0000  1.2384E-47
 7588.0000  1.2551E-47
 7589.0000  1.2717E-47
 7590.0000  1.2883E-47
 7591.0000  1.3188E-47
 7592.0000  1.3354E-47
 7593.0000  1.3645E-47
 7594.0000  1.3825E-47
 7595.0000  1.4130E-47
 7596.0000  1.4421E-47
 7597.0000  1.4725E-47
 7598.0000  1.4892E-47
 7599.0000  1.5058E-47
 7600.0000  1.5238E-47
 7601.0000  1.5404E-47
 7602.0000  1.5571E-47
 7603.0000  1.5751E-47
 7604.0000  1.5917E-47
 7605.0000  1.6083E-47
 7606.0000  1.6388E-47
 7607.0000  1.6554E-47
 7608.0000  1.6734E-47
 7609.0000  1.6762E-47
 7610.0000  1.7067E-47
 7611.0000  1.7371E-47
 7612.0000  1.7690E-47
 7613.0000  1.8119E-47
 7614.0000  1.8424E-47
 7615.0000  1.8729E-47
 7616.0000  1.9048E-47
 7617.0000  1.9338E-47
 7618.0000  1.9519E-47
 7619.0000  1.9699E-47
 7620.0000  1.9879E-47
 7621.0000  2.0031E-47
 7622.0000  2.0350E-47
 7623.0000  2.0779E-47
 7624.0000  2.1098E-47
 7625.0000  2.1527E-47
 7626.0000  2.1846E-47
 7627.0000  2.2151E-47
 7628.0000  2.2455E-47
 7629.0000  2.2760E-47
 7630.0000  2.3065E-47
 7631.0000  2.3370E-47
 7632.0000  2.3688E-47
 7633.0000  2.4132E-47
 7634.0000  2.4422E-47
 7635.0000  2.4741E-47
 7636.0000  2.5046E-47
 7637.0000  2.5364E-47
 7638.0000  2.5669E-47
 7639.0000  2.5988E-47
 7640.0000  2.6279E-47
 7641.0000  2.6736E-47
 7642.0000  2.7041E-47
 7643.0000  2.7470E-47
 7644.0000  2.7789E-47
 7645.0000  2.8107E-47
 7646.0000  2.8551E-47
 7647.0000  2.8855E-47
 7648.0000  2.9174E-47
 7649.0000  2.9479E-47
 7650.0000  2.9936E-47
 7651.0000  3.0365E-47
 7652.0000  3.0684E-47
 7653.0000  3.1127E-47
 7654.0000  3.1570E-47
 7655.0000  3.2014E-47
 7656.0000  3.2471E-47
 7657.0000  3.2914E-47
 7658.0000  3.3496E-47
 7659.0000  3.3939E-47
 7660.0000  3.4521E-47
 7661.0000  3.5089E-47
 7662.0000  3.5546E-47
 7663.0000  3.6128E-47
 7664.0000  3.6571E-47
 7665.0000  3.6890E-47
 7666.0000  3.7319E-47
 7667.0000  3.7777E-47
 7668.0000  3.8358E-47
 7669.0000  3.8815E-47
 7670.0000  3.9397E-47
 7671.0000  3.9979E-47
 7672.0000  4.0422E-47
 7673.0000  4.1004E-47
 7674.0000  4.1586E-47
 7675.0000  4.2043E-47
 7676.0000  4.2625E-47
 7677.0000  4.3068E-47
 7678.0000  4.3650E-47
 7679.0000  4.4107E-47
 7680.0000  4.4551E-47
 7681.0000  4.5008E-47
 7682.0000  4.5465E-47
 7683.0000  4.6047E-47
 7684.0000  4.6628E-47
 7685.0000  4.8429E-47
 7686.0000  4.9191E-47
 7687.0000  4.9939E-47
 7688.0000  5.0701E-47
 7689.0000  5.1449E-47
 7690.0000  5.2073E-47
 7691.0000  5.2751E-47
 7692.0000  5.3319E-47
 7693.0000  5.3873E-47
 7694.0000  5.4580E-47
 7695.0000  5.5189E-47
 7696.0000  5.5785E-47
 7697.0000  5.6547E-47
 7698.0000  5.7420E-47
 7699.0000  5.8209E-47
 7700.0000  5.9124E-47
 7701.0000  5.9899E-47
 7702.0000  6.0634E-47
 7703.0000  6.1395E-47
 7704.0000  6.2351E-47
 7705.0000  6.3210E-47
 7706.0000  6.4208E-47
 7707.0000  6.5344E-47
 7708.0000  6.6479E-47
 7709.0000  6.7463E-47
 7710.0000  6.8585E-47
 7711.0000  6.9582E-47
 7712.0000  7.0718E-47
 7713.0000  7.1716E-47
 7714.0000  7.2824E-47
 7715.0000  7.3946E-47
 7716.0000  7.5068E-47
 7717.0000  7.6190E-47
 7718.0000  7.7298E-47
 7719.0000  7.8407E-47
 7720.0000  7.9404E-47
 7721.0000  8.0374E-47
 7722.0000  8.1330E-47
 7723.0000  8.2424E-47
 7724.0000  8.3657E-47
 7725.0000  8.5028E-47
 7726.0000  8.6372E-47
 7727.0000  8.7716E-47
 7728.0000  8.9184E-47
 7729.0000  9.0528E-47
 7730.0000  9.1872E-47
 7731.0000  9.3215E-47
 7732.0000  9.4559E-47
 7733.0000  9.5889E-47
 7734.0000  9.7205E-47
 7735.0000  9.8507E-47
 7736.0000  9.9837E-47
 7737.0000  1.0131E-46
 7738.0000  1.0262E-46
 7739.0000  1.0406E-46
 7740.0000  1.0550E-46
 7741.0000  1.0708E-46
 7742.0000  1.0865E-46
 7743.0000  1.1023E-46
 7744.0000  1.1181E-46
 7745.0000  1.1352E-46
 7746.0000  1.1521E-46
 7747.0000  1.1704E-46
 7748.0000  1.1861E-46
 7749.0000  1.2034E-46
 7750.0000  1.2203E-46
 7751.0000  1.2373E-46
 7752.0000  1.2570E-46
 7753.0000  1.2768E-46
 7754.0000  1.2977E-46
 7755.0000  1.3186E-46
 7756.0000  1.3400E-46
 7757.0000  1.3587E-46
 7758.0000  1.3768E-46
 7759.0000  1.3939E-46
 7760.0000  1.4127E-46
 7761.0000  1.4327E-46
 7762.0000  1.4525E-46
 7763.0000  1.4753E-46
 7764.0000  1.4980E-46
 7765.0000  1.5234E-46
 7766.0000  1.5485E-46
 7767.0000  1.5753E-46
 7768.0000  1.6012E-46
 7769.0000  1.6256E-46
 7770.0000  1.6497E-46
 7771.0000  1.6754E-46
 7772.0000  1.7013E-46
 7773.0000  1.7283E-46
 7774.0000  1.7568E-46
 7775.0000  1.7842E-46
 7776.0000  1.8131E-46
 7777.0000  1.8417E-46
 7778.0000  1.8718E-46
 7779.0000  1.9045E-46
 7780.0000  1.9388E-46
 7781.0000  1.9749E-46
 7782.0000  2.0120E-46
 7783.0000  2.0487E-46
 7784.0000  2.0897E-46
 7785.0000  2.1299E-46
 7786.0000  2.1699E-46
 7787.0000  2.2085E-46
 7788.0000  2.2450E-46
 7789.0000  2.2800E-46
 7790.0000  2.3120E-46
 7791.0000  2.3442E-46
 7792.0000  2.3782E-46
 7793.0000  2.4152E-46
 7794.0000  2.4546E-46
 7795.0000  2.4974E-46
 7796.0000  2.5421E-46
 7797.0000  2.5895E-46
 7798.0000  2.6396E-46
 7799.0000  2.6908E-46
 7800.0000  2.7441E-46
 7801.0000  2.7951E-46
 7802.0000  2.8449E-46
 7803.0000  2.9001E-46
 7804.0000  2.9574E-46
 7805.0000  3.0152E-46
 7806.0000  3.0724E-46
 7807.0000  3.1302E-46
 7808.0000  3.1879E-46
 7809.0000  3.2468E-46
 7810.0000  3.3064E-46
 7811.0000  3.3658E-46
 7812.0000  3.4276E-46
 7813.0000  3.4892E-46
 7814.0000  3.5521E-46
 7815.0000  3.6146E-46
 7816.0000  3.6785E-46
 7817.0000  3.7420E-46
 7818.0000  3.8087E-46
 7819.0000  3.8757E-46
 7820.0000  3.9444E-46
 7821.0000  4.0143E-46
 7822.0000  4.0860E-46
 7823.0000  4.1580E-46
 7824.0000  4.2329E-46
 7825.0000  4.3090E-46
 7826.0000  4.3870E-46
 7827.0000  4.4641E-46
 7828.0000  4.5434E-46
 7829.0000  4.6234E-46
 7830.0000  4.7061E-46
 7831.0000  4.7889E-46
 7832.0000  4.8702E-46
 7833.0000  4.9533E-46
 7834.0000  5.0365E-46
 7835.0000  5.1196E-46
 7836.0000  5.2052E-46
 7837.0000  5.2912E-46
 7838.0000  5.3783E-46
 7839.0000  5.4651E-46
 7840.0000  5.5533E-46
 7841.0000  5.6414E-46
 7842.0000  5.7309E-46
 7843.0000  5.8195E-46
 7844.0000  5.9085E-46
 7845.0000  5.9984E-46
 7846.0000  6.0894E-46
 7847.0000  6.1814E-46
 7848.0000  6.2741E-46
 7849.0000  6.3680E-46
 7850.0000  6.4626E-46
 7851.0000  6.5651E-46
 7852.0000  6.6744E-46
 7853.0000  6.7771E-46
 7854.0000  6.8816E-46
 7855.0000  6.9869E-46
 7856.0000  7.0923E-46
 7857.0000  7.2029E-46
 7858.0000  7.3192E-46
 7859.0000  7.4409E-46
 7860.0000  7.5631E-46
 7861.0000  7.6881E-46
 7862.0000  7.8166E-46
 7863.0000  7.9450E-46
 7864.0000  8.0745E-46
 7865.0000  8.2039E-46
 7866.0000  8.3334E-46
 7867.0000  8.4631E-46
 7868.0000  8.5904E-46
 7869.0000  8.7141E-46
 7870.0000  8.8357E-46
 7871.0000  8.9557E-46
 7872.0000  9.0720E-46
 7873.0000  9.1862E-46
 7874.0000  9.2977E-46
 7875.0000  9.4037E-46
 7876.0000  9.5087E-46
 7877.0000  9.6148E-46
 7878.0000  9.7159E-46
 7879.0000  9.8141E-46
 7880.0000  9.9045E-46
 7881.0000  9.9874E-46
 7882.0000  1.0062E-45
 7883.0000  1.0128E-45
 7884.0000  1.0187E-45
 7885.0000  1.0251E-45
 7886.0000  1.0308E-45
 7887.0000  1.0356E-45
 7888.0000  1.0397E-45
 7889.0000  1.0430E-45
 7890.0000  1.0455E-45
 7891.0000  1.0470E-45
 7892.0000  1.0477E-45
 7893.0000  1.0475E-45
 7894.0000  1.0466E-45
 7895.0000  1.0449E-45
 7896.0000  1.0427E-45
 7897.0000  1.0401E-45
 7898.0000  1.0373E-45
 7899.0000  1.0342E-45
 7900.0000  1.0305E-45
 7901.0000  1.0264E-45
 7902.0000  1.0219E-45
 7903.0000  1.0172E-45
 7904.0000  1.0122E-45
 7905.0000  1.0072E-45
 7906.0000  1.0022E-45
 7907.0000  9.9712E-46
 7908.0000  9.9158E-46
 7909.0000  9.8549E-46
 7910.0000  9.7870E-46
 7911.0000  9.7108E-46
 7912.0000  9.6291E-46
 7913.0000  9.5404E-46
 7914.0000  9.4756E-46
 7915.0000  9.4142E-46
 7916.0000  9.3339E-46
 7917.0000  9.2485E-46
 7918.0000  9.1606E-46
 7919.0000  9.0665E-46
 7920.0000  8.9711E-46
 7921.0000  8.8780E-46
 7922.0000  8.7935E-46
 7923.0000  8.7074E-46
 7924.0000  8.6160E-46
 7925.0000  8.5262E-46
 7926.0000  8.4261E-46
 7927.0000  8.3255E-46
 7928.0000  8.2213E-46
 7929.0000  8.1132E-46
 7930.0000  8.0041E-46
 7931.0000  7.8968E-46
 7932.0000  7.7904E-46
 7933.0000  7.6798E-46
 7934.0000  7.5701E-46
 7935.0000  7.4612E-46
 7936.0000  7.3540E-46
 7937.0000  7.2528E-46
 7938.0000  7.1515E-46
 7939.0000  7.0493E-46
 7940.0000  6.9504E-46
 7941.0000  6.8528E-46
 7942.0000  6.7553E-46
 7943.0000  6.6567E-46
 7944.0000  6.5564E-46
 7945.0000  6.4584E-46
 7946.0000  6.3640E-46
 7947.0000  6.2723E-46
 7948.0000  6.1803E-46
 7949.0000  6.0890E-46
 7950.0000  5.9969E-46
 7951.0000  5.9077E-46
 7952.0000  5.8209E-46
 7953.0000  5.7360E-46
 7954.0000  5.6544E-46
 7955.0000  5.5739E-46
 7956.0000  5.4993E-46
 7957.0000  5.4260E-46
 7958.0000  5.3565E-46
 7959.0000  5.2893E-46
 7960.0000  5.2243E-46
 7961.0000  5.1581E-46
 7962.0000  5.0916E-46
 7963.0000  5.0265E-46
 7964.0000  4.9630E-46
 7965.0000  4.9012E-46
 7966.0000  4.8388E-46
 7967.0000  4.7774E-46
 7968.0000  4.7162E-46
 7969.0000  4.6563E-46
 7970.0000  4.5986E-46
 7971.0000  4.5423E-46
 7972.0000  4.4875E-46
 7973.0000  4.4327E-46
 7974.0000  4.3780E-46
 7975.0000  4.3223E-46
 7976.0000  4.2667E-46
 7977.0000  4.2150E-46
 7978.0000  4.1646E-46
 7979.0000  4.1140E-46
 7980.0000  4.0644E-46
 7981.0000  4.0154E-46
 7982.0000  3.9667E-46
 7983.0000  3.9180E-46
 7984.0000  3.8698E-46
 7985.0000  3.8241E-46
 7986.0000  3.7799E-46
 7987.0000  3.7371E-46
 7988.0000  3.6959E-46
 7989.0000  3.6542E-46
 7990.0000  3.6111E-46
 7991.0000  3.5710E-46
 7992.0000  3.5312E-46
 7993.0000  3.4923E-46
 7994.0000  3.4518E-46
 7995.0000  3.4108E-46
 7996.0000  3.3702E-46
 7997.0000  3.3303E-46
 7998.0000  3.2891E-46
 7999.0000  3.2472E-46
 8000.0000  3.2059E-46
 8001.0000  3.1735E-46
 8002.0000  3.1443E-46
 8003.0000  3.1166E-46
 8004.0000  3.0893E-46
 8005.0000  3.0606E-46
 8006.0000  3.0288E-46
 8007.0000  2.9973E-46
 8008.0000  2.9680E-46
 8009.0000  2.9389E-46
 8010.0000  2.9106E-46
 8011.0000  2.8801E-46
 8012.0000  2.8512E-46
 8013.0000  2.8232E-46
 8014.0000  2.7967E-46
 8015.0000  2.7688E-46
 8016.0000  2.7413E-46
 8017.0000  2.7138E-46
 8018.0000  2.6869E-46
 8019.0000  2.6603E-46
 8020.0000  2.6352E-46
 8021.0000  2.6108E-46
 8022.0000  2.5862E-46
 8023.0000  2.5615E-46
 8024.0000  2.5392E-46
 8025.0000  2.5166E-46
 8026.0000  2.4941E-46
 8027.0000  2.4723E-46
 8028.0000  2.4504E-46
 8029.0000  2.4291E-46
 8030.0000  2.4079E-46
 8031.0000  2.3881E-46
 8032.0000  2.3667E-46
 8033.0000  2.3450E-46
 8034.0000  2.3220E-46
 8035.0000  2.3008E-46
 8036.0000  2.2798E-46
 8037.0000  2.2572E-46
 8038.0000  2.2357E-46
 8039.0000  2.2128E-46
 8040.0000  2.1916E-46
 8041.0000  2.1706E-46
 8042.0000  2.1494E-46
 8043.0000  2.1296E-46
 8044.0000  2.1081E-46
 8045.0000  2.0896E-46
 8046.0000  2.0697E-46
 8047.0000  2.0527E-46
 8048.0000  2.0344E-46
 8049.0000  2.0185E-46
 8050.0000  2.0012E-46
 8051.0000  1.9857E-46
 8052.0000  1.9712E-46
 8053.0000  1.9570E-46
 8054.0000  1.9427E-46
 8055.0000  1.9280E-46
 8056.0000  1.9136E-46
 8057.0000  1.8995E-46
 8058.0000  1.8854E-46
 8059.0000  1.8712E-46
 8060.0000  1.8582E-46
 8061.0000  1.8438E-46
 8062.0000  1.8300E-46
 8063.0000  1.8172E-46
 8064.0000  1.8034E-46
 8065.0000  1.7892E-46
 8066.0000  1.7763E-46
 8067.0000  1.7637E-46
 8068.0000  1.7511E-46
 8069.0000  1.7371E-46
 8070.0000  1.7245E-46
 8071.0000  1.7118E-46
 8072.0000  1.6993E-46
 8073.0000  1.6871E-46
 8074.0000  1.6745E-46
 8075.0000  1.6621E-46
 8076.0000  1.6496E-46
 8077.0000  1.6359E-46
 8078.0000  1.6235E-46
 8079.0000  1.6098E-46
 8080.0000  1.5961E-46
 8081.0000  1.5836E-46
 8082.0000  1.5699E-46
 8083.0000  1.5562E-46
 8084.0000  1.5425E-46
 8085.0000  1.5288E-46
 8086.0000  1.5165E-46
 8087.0000  1.5027E-46
 8088.0000  1.4903E-46
 8089.0000  1.4778E-46
 8090.0000  1.4653E-46
 8091.0000  1.4541E-46
 8092.0000  1.4429E-46
 8093.0000  1.4317E-46
 8094.0000  1.4216E-46
 8095.0000  1.4115E-46
 8096.0000  1.4011E-46
 8097.0000  1.3918E-46
 8098.0000  1.3825E-46
 8099.0000  1.3743E-46
 8100.0000  1.3657E-46
 8101.0000  1.3595E-46
 8102.0000  1.3533E-46
 8103.0000  1.3455E-46
 8104.0000  1.3378E-46
 8105.0000  1.3300E-46
 8106.0000  1.3209E-46
 8107.0000  1.3119E-46
 8108.0000  1.3015E-46
 8109.0000  1.2911E-46
 8110.0000  1.2792E-46
 8111.0000  1.2686E-46
 8112.0000  1.2569E-46
 8113.0000  1.2449E-46
 8114.0000  1.2332E-46
 8115.0000  1.2225E-46
 8116.0000  1.2118E-46
 8117.0000  1.2012E-46
 8118.0000  1.1916E-46
 8119.0000  1.1822E-46
 8120.0000  1.1742E-46
 8121.0000  1.1660E-46
 8122.0000  1.1578E-46
 8123.0000  1.1495E-46
 8124.0000  1.1424E-46
 8125.0000  1.1354E-46
 8126.0000  1.1272E-46
 8127.0000  1.1200E-46
 8128.0000  1.1114E-46
 8129.0000  1.1030E-46
 8130.0000  1.0930E-46
 8131.0000  1.0831E-46
 8132.0000  1.0730E-46
 8133.0000  1.0617E-46
 8134.0000  1.0514E-46
 8135.0000  1.0399E-46
 8136.0000  1.0284E-46
 8137.0000  1.0169E-46
 8138.0000  1.0064E-46
 8139.0000  9.9588E-47
 8140.0000  9.8535E-47
 8141.0000  9.7607E-47
 8142.0000  9.6678E-47
 8143.0000  9.5750E-47
 8144.0000  9.4905E-47
 8145.0000  9.4074E-47
 8146.0000  9.3243E-47
 8147.0000  9.2412E-47
 8148.0000  9.1581E-47
 8149.0000  9.0763E-47
 8150.0000  8.9960E-47
 8151.0000  9.1179E-47
 8152.0000  9.0375E-47
 8153.0000  8.9558E-47
 8154.0000  8.8879E-47
 8155.0000  8.8062E-47
 8156.0000  8.7245E-47
 8157.0000  8.6427E-47
 8158.0000  8.5624E-47
 8159.0000  8.4931E-47
 8160.0000  8.4253E-47
 8161.0000  8.3560E-47
 8162.0000  8.2867E-47
 8163.0000  8.2313E-47
 8164.0000  8.1621E-47
 8165.0000  8.1066E-47
 8166.0000  8.0526E-47
 8167.0000  8.0083E-47
 8168.0000  7.9515E-47
 8169.0000  7.8961E-47
 8170.0000  7.8531E-47
 8171.0000  7.7977E-47
 8172.0000  7.7409E-47
 8173.0000  7.6841E-47
 8174.0000  7.6273E-47
 8175.0000  7.5705E-47
 8176.0000  7.5137E-47
 8177.0000  7.4431E-47
 8178.0000  7.3738E-47
 8179.0000  7.3156E-47
 8180.0000  7.2464E-47
 8181.0000  7.1757E-47
 8182.0000  7.1176E-47
 8183.0000  7.0469E-47
 8184.0000  6.9763E-47
 8185.0000  6.9181E-47
 8186.0000  6.8488E-47
 8187.0000  6.7906E-47
 8188.0000  6.7311E-47
 8189.0000  6.6867E-47
 8190.0000  6.6286E-47
 8191.0000  6.5842E-47
 8192.0000  6.5385E-47
 8193.0000  6.4928E-47
 8194.0000  6.4471E-47
 8195.0000  6.4028E-47
 8196.0000  6.3557E-47
 8197.0000  6.3099E-47
 8198.0000  6.2518E-47
 8199.0000  6.1922E-47
 8200.0000  6.1340E-47
 8201.0000  6.0647E-47
 8202.0000  5.9982E-47
 8203.0000  5.9331E-47
 8204.0000  5.8639E-47
 8205.0000  5.8071E-47
 8206.0000  5.7364E-47
 8207.0000  5.6769E-47
 8208.0000  5.6187E-47
 8209.0000  5.5633E-47
 8210.0000  5.5189E-47
 8211.0000  5.4746E-47
 8212.0000  5.4289E-47
 8213.0000  5.3846E-47
 8214.0000  5.3541E-47
 8215.0000  5.3098E-47
 8216.0000  5.2641E-47
 8217.0000  5.2197E-47
 8218.0000  5.1754E-47
 8219.0000  5.1311E-47
 8220.0000  5.0867E-47
 8221.0000  5.0549E-47
 8222.0000  5.0105E-47
 8223.0000  4.9801E-47
 8224.0000  4.9482E-47
 8225.0000  4.9163E-47
 8226.0000  4.8859E-47
 8227.0000  4.8540E-47
 8228.0000  4.8360E-47
 8229.0000  4.8055E-47
 8230.0000  4.7737E-47
 8231.0000  4.7418E-47
 8232.0000  4.7099E-47
 8233.0000  4.6795E-47
 8234.0000  4.6338E-47
 8235.0000  4.5908E-47
 8236.0000  4.5451E-47
 8237.0000  4.5022E-47
 8238.0000  4.4578E-47
 8239.0000  4.3996E-47
 8240.0000  4.3539E-47
 8241.0000  4.2971E-47
 8242.0000  4.2528E-47
 8243.0000  4.2085E-47
 8244.0000  4.1641E-47
 8245.0000  4.1198E-47
 8246.0000  4.0880E-47
 8247.0000  4.0575E-47
 8248.0000  4.0270E-47
 8249.0000  3.9951E-47
 8250.0000  3.9647E-47
 8251.0000  3.9467E-47
 8252.0000  3.9286E-47
 8253.0000  3.9106E-47
 8254.0000  3.8926E-47
 8255.0000  3.8760E-47
 8256.0000  3.8580E-47
 8257.0000  3.8400E-47
 8258.0000  3.8234E-47
 8259.0000  3.8054E-47
 8260.0000  3.7735E-47
 8261.0000  3.7569E-47
 8262.0000  3.7250E-47
 8263.0000  3.6959E-47
 8264.0000  3.6641E-47
 8265.0000  3.6336E-47
 8266.0000  3.6031E-47
 8267.0000  3.5726E-47
 8268.0000  3.5297E-47
 8269.0000  3.4978E-47
 8270.0000  3.4673E-47
 8271.0000  3.4244E-47
 8272.0000  3.3925E-47
 8273.0000  3.3496E-47
 8274.0000  3.3205E-47
 8275.0000  3.2900E-47
 8276.0000  3.2596E-47
 8277.0000  3.2291E-47
 8278.0000  3.1986E-47
 8279.0000  3.1681E-47
 8280.0000  3.1390E-47
 8281.0000  3.1086E-47
 8282.0000  3.0656E-47
 8283.0000  3.0351E-47
 8284.0000  3.0047E-47
 8285.0000  2.9617E-47
 8286.0000  2.9326E-47
 8287.0000  2.8883E-47
 8288.0000  2.8454E-47
 8289.0000  2.8024E-47
 8290.0000  2.7733E-47
 8291.0000  2.7290E-47
 8292.0000  2.6999E-47
 8293.0000  2.6708E-47
 8294.0000  2.6403E-47
 8295.0000  2.6112E-47
 8296.0000  2.5946E-47
 8297.0000  2.5780E-47
 8298.0000  2.5766E-47
 8299.0000  2.5725E-47
 8300.0000  2.5835E-47
 8301.0000  2.5794E-47
 8302.0000  2.5905E-47
 8303.0000  2.6002E-47
 8304.0000  2.6112E-47
 8305.0000  2.6223E-47
 8306.0000  2.6320E-47
 8307.0000  2.6431E-47
 8308.0000  2.6403E-47
 8309.0000  2.6639E-47
 8310.0000  2.6597E-47
 8311.0000  2.6445E-47
 8312.0000  2.6154E-47
 8313.0000  2.5738E-47
 8314.0000  2.5184E-47
 8315.0000  2.4630E-47
 8316.0000  2.3938E-47
 8317.0000  2.3259E-47
 8318.0000  2.2455E-47
 8319.0000  2.1763E-47
 8320.0000  2.0945E-47
 8321.0000  2.0405E-47
 8322.0000  1.9712E-47
 8323.0000  1.9158E-47
 8324.0000  1.8743E-47
 8325.0000  1.8452E-47
 8326.0000  1.8175E-47
 8327.0000  1.8022E-47
 8328.0000  1.7995E-47
 8329.0000  1.8106E-47
 8330.0000  1.7953E-47
 8331.0000  1.7801E-47
 8332.0000  1.7648E-47
 8333.0000  1.7496E-47
 8334.0000  1.7344E-47
 8335.0000  1.7191E-47
 8336.0000  1.7039E-47
 8337.0000  1.7025E-47
 8338.0000  1.6873E-47
 8339.0000  1.6720E-47
 8340.0000  1.6568E-47
 8341.0000  1.6416E-47
 8342.0000  1.6263E-47
 8343.0000  1.6125E-47
 8344.0000  1.5958E-47
 8345.0000  1.5820E-47
 8346.0000  1.5667E-47
 8347.0000  1.5529E-47
 8348.0000  1.5363E-47
 8349.0000  1.5224E-47
 8350.0000  1.5210E-47
 8351.0000  1.5058E-47
 8352.0000  1.4906E-47
 8353.0000  1.4753E-47
 8354.0000  1.4739E-47
 8355.0000  1.4587E-47
              O2-Air      7545      8355    811    336 1.034E-45 1.000                            53
 7545.0000  6.9679E-48
 7546.0000  7.1342E-48
 7547.0000  7.1757E-48
 7548.0000  7.3281E-48
 7549.0000  7.3697E-48
 7550.0000  7.5221E-48
 7551.0000  7.5636E-48
 7552.0000  7.7298E-48
 7553.0000  7.8961E-48
 7554.0000  7.9376E-48
 7555.0000  8.0900E-48
 7556.0000  8.1316E-48
 7557.0000  8.2840E-48
 7558.0000  8.4640E-48
 7559.0000  8.4917E-48
 7560.0000  8.6580E-48
 7561.0000  8.8242E-48
 7562.0000  8.9904E-48
 7563.0000  9.0182E-48
 7564.0000  9.1982E-48
 7565.0000  9.3506E-48
 7566.0000  9.5307E-48
 7567.0000  9.5723E-48
 7568.0000  9.7385E-48
 7569.0000  9.9047E-48
 7570.0000  1.0071E-47
 7571.0000  1.0113E-47
 7572.0000  1.0279E-47
 7573.0000  1.0459E-47
 7574.0000  1.0625E-47
 7575.0000  1.0805E-47
 7576.0000  1.0958E-47
 7577.0000  1.1138E-47
 7578.0000  1.1318E-47
 7579.0000  1.1470E-47
 7580.0000  1.1664E-47
 7581.0000  1.1830E-47
 7582.0000  1.2121E-47
 7583.0000  1.2301E-47
 7584.0000  1.2606E-47
 7585.0000  1.2786E-47
 7586.0000  1.2966E-47
 7587.0000  1.3257E-47
 7588.0000  1.3437E-47
 7589.0000  1.3617E-47
 7590.0000  1.3797E-47
 7591.0000  1.4102E-47
 7592.0000  1.4282E-47
 7593.0000  1.4587E-47
 7594.0000  1.4767E-47
 7595.0000  1.5072E-47
 7596.0000  1.5377E-47
 7597.0000  1.5695E-47
 7598.0000  1.5861E-47
 7599.0000  1.6042E-47
 7600.0000  1.6235E-47
 7601.0000  1.6416E-47
 7602.0000  1.6596E-47
 7603.0000  1.6776E-47
 7604.0000  1.6970E-47
 7605.0000  1.7136E-47
 7606.0000  1.7454E-47
 7607.0000  1.7635E-47
 7608.0000  1.7815E-47
 7609.0000  1.7870E-47
 7610.0000  1.8189E-47
 7611.0000  1.8493E-47
 7612.0000  1.8812E-47
 7613.0000  1.9255E-47
 7614.0000  1.9574E-47
 7615.0000  1.9893E-47
 7616.0000  2.0211E-47
 7617.0000  2.0516E-47
 7618.0000  2.0710E-47
 7619.0000  2.0890E-47
 7620.0000  2.1098E-47
 7621.0000  2.1264E-47
 7622.0000  2.1583E-47
 7623.0000  2.2026E-47
 7624.0000  2.2345E-47
 7625.0000  2.2788E-47
 7626.0000  2.3106E-47
 7627.0000  2.3439E-47
 7628.0000  2.3744E-47
 7629.0000  2.4062E-47
 7630.0000  2.4381E-47
 7631.0000  2.4699E-47
 7632.0000  2.5018E-47
 7633.0000  2.5475E-47
 7634.0000  2.5780E-47
 7635.0000  2.6099E-47
 7636.0000  2.6431E-47
 7637.0000  2.6750E-47
 7638.0000  2.7068E-47
 7639.0000  2.7401E-47
 7640.0000  2.7706E-47
 7641.0000  2.8163E-47
 7642.0000  2.8481E-47
 7643.0000  2.8925E-47
 7644.0000  2.9257E-47
 7645.0000  2.9590E-47
 7646.0000  3.0033E-47
 7647.0000  3.0351E-47
 7648.0000  3.0684E-47
 7649.0000  3.1002E-47
 7650.0000  3.1460E-47
 7651.0000  3.1903E-47
 7652.0000  3.2249E-47
 7653.0000  3.2693E-47
 7654.0000  3.3150E-47
 7655.0000  3.3593E-47
 7656.0000  3.4050E-47
 7657.0000  3.4521E-47
 7658.0000  3.5103E-47
 7659.0000  3.5560E-47
 7660.0000  3.6142E-47
 7661.0000  3.6738E-47
 7662.0000  3.7195E-47
 7663.0000  3.7790E-47
 7664.0000  3.8247E-47
 7665.0000  3.8566E-47
 7666.0000  3.9023E-47
 7667.0000  3.9480E-47
 7668.0000  4.0076E-47
 7669.0000  4.0547E-47
 7670.0000  4.1129E-47
 7671.0000  4.1725E-47
 7672.0000  4.2182E-47
 7673.0000  4.2777E-47
 7674.0000  4.3359E-47
 7675.0000  4.3830E-47
 7676.0000  4.4426E-47
 7677.0000  4.4883E-47
 7678.0000  4.5465E-47
 7679.0000  4.5936E-47
 7680.0000  4.6393E-47
 7681.0000  4.6864E-47
 7682.0000  4.7335E-47
 7683.0000  4.7931E-47
 7684.0000  4.8526E-47
 7685.0000  5.0701E-47
 7686.0000  5.1435E-47
 7687.0000  5.2170E-47
 7688.0000  5.2904E-47
 7689.0000  5.3610E-47
 7690.0000  5.4220E-47
 7691.0000  5.4899E-47
 7692.0000  5.5453E-47
 7693.0000  5.6021E-47
 7694.0000  5.6727E-47
 7695.0000  5.7350E-47
 7696.0000  5.7974E-47
 7697.0000  5.8750E-47
 7698.0000  5.9636E-47
 7699.0000  6.0453E-47
 7700.0000  6.1409E-47
 7701.0000  6.2213E-47
 7702.0000  6.2961E-47
 7703.0000  6.3737E-47
 7704.0000  6.4748E-47
 7705.0000  6.5662E-47
 7706.0000  6.6715E-47
 7707.0000  6.7906E-47
 7708.0000  6.9098E-47
 7709.0000  7.0137E-47
 7710.0000  7.1314E-47
 7711.0000  7.2367E-47
 7712.0000  7.3558E-47
 7713.0000  7.4625E-47
 7714.0000  7.5775E-47
 7715.0000  7.6938E-47
 7716.0000  7.8130E-47
 7717.0000  7.9293E-47
 7718.0000  8.0457E-47
 7719.0000  8.1621E-47
 7720.0000  8.2659E-47
 7721.0000  8.3671E-47
 7722.0000  8.4682E-47
 7723.0000  8.5818E-47
 7724.0000  8.7079E-47
 7725.0000  8.8505E-47
 7726.0000  8.9891E-47
 7727.0000  9.1262E-47
 7728.0000  9.2772E-47
 7729.0000  9.4143E-47
 7730.0000  9.5515E-47
 7731.0000  9.6886E-47
 7732.0000  9.8258E-47
 7733.0000  9.9615E-47
 7734.0000  1.0096E-46
 7735.0000  1.0229E-46
 7736.0000  1.0365E-46
 7737.0000  1.0514E-46
 7738.0000  1.0649E-46
 7739.0000  1.0794E-46
 7740.0000  1.0940E-46
 7741.0000  1.1100E-46
 7742.0000  1.1258E-46
 7743.0000  1.1417E-46
 7744.0000  1.1578E-46
 7745.0000  1.1751E-46
 7746.0000  1.1920E-46
 7747.0000  1.2105E-46
 7748.0000  1.2264E-46
 7749.0000  1.2437E-46
 7750.0000  1.2609E-46
 7751.0000  1.2779E-46
 7752.0000  1.2977E-46
 7753.0000  1.3177E-46
 7754.0000  1.3386E-46
 7755.0000  1.3596E-46
 7756.0000  1.3811E-46
 7757.0000  1.4002E-46
 7758.0000  1.4184E-46
 7759.0000  1.4356E-46
 7760.0000  1.4545E-46
 7761.0000  1.4749E-46
 7762.0000  1.4947E-46
 7763.0000  1.5178E-46
 7764.0000  1.5408E-46
 7765.0000  1.5662E-46
 7766.0000  1.5914E-46
 7767.0000  1.6186E-46
 7768.0000  1.6446E-46
 7769.0000  1.6693E-46
 7770.0000  1.6936E-46
 7771.0000  1.7195E-46
 7772.0000  1.7457E-46
 7773.0000  1.7730E-46
 7774.0000  1.8018E-46
 7775.0000  1.8295E-46
 7776.0000  1.8589E-46
 7777.0000  1.8879E-46
 7778.0000  1.9182E-46
 7779.0000  1.9512E-46
 7780.0000  1.9859E-46
 7781.0000  2.0224E-46
 7782.0000  2.0599E-46
 7783.0000  2.0969E-46
 7784.0000  2.1382E-46
 7785.0000  2.1788E-46
 7786.0000  2.2192E-46
 7787.0000  2.2583E-46
 7788.0000  2.2954E-46
 7789.0000  2.3310E-46
 7790.0000  2.3637E-46
 7791.0000  2.3964E-46
 7792.0000  2.4310E-46
 7793.0000  2.4688E-46
 7794.0000  2.5090E-46
 7795.0000  2.5522E-46
 7796.0000  2.5975E-46
 7797.0000  2.6456E-46
 7798.0000  2.6962E-46
 7799.0000  2.7478E-46
 7800.0000  2.8019E-46
 7801.0000  2.8527E-46
 7802.0000  2.9016E-46
 7803.0000  2.9576E-46
 7804.0000  3.0162E-46
 7805.0000  3.0746E-46
 7806.0000  3.1325E-46
 7807.0000  3.1907E-46
 7808.0000  3.2488E-46
 7809.0000  3.3079E-46
 7810.0000  3.3673E-46
 7811.0000  3.4268E-46
 7812.0000  3.4884E-46
 7813.0000  3.5499E-46
 7814.0000  3.6124E-46
 7815.0000  3.6744E-46
 7816.0000  3.7378E-46
 7817.0000  3.8009E-46
 7818.0000  3.8671E-46
 7819.0000  3.9335E-46
 7820.0000  4.0015E-46
 7821.0000  4.0706E-46
 7822.0000  4.1417E-46
 7823.0000  4.2128E-46
 7824.0000  4.2866E-46
 7825.0000  4.3620E-46
 7826.0000  4.4390E-46
 7827.0000  4.5149E-46
 7828.0000  4.5930E-46
 7829.0000  4.6718E-46
 7830.0000  4.7533E-46
 7831.0000  4.8348E-46
 7832.0000  4.9144E-46
 7833.0000  4.9963E-46
 7834.0000  5.0779E-46
 7835.0000  5.1590E-46
 7836.0000  5.2427E-46
 7837.0000  5.3268E-46
 7838.0000  5.4120E-46
 7839.0000  5.4962E-46
 7840.0000  5.5818E-46
 7841.0000  5.6674E-46
 7842.0000  5.7542E-46
 7843.0000  5.8396E-46
 7844.0000  5.9252E-46
 7845.0000  6.0118E-46
 7846.0000  6.0992E-46
 7847.0000  6.1872E-46
 7848.0000  6.2754E-46
 7849.0000  6.3652E-46
 7850.0000  6.4550E-46
 7851.0000  6.5555E-46
 7852.0000  6.6648E-46
 7853.0000  6.7656E-46
 7854.0000  6.8681E-46
 7855.0000  6.9710E-46
 7856.0000  7.0735E-46
 7857.0000  7.1811E-46
 7858.0000  7.2947E-46
 7859.0000  7.4129E-46
 7860.0000  7.5315E-46
 7861.0000  7.6528E-46
 7862.0000  7.7776E-46
 7863.0000  7.9022E-46
 7864.0000  8.0275E-46
 7865.0000  8.1528E-46
 7866.0000  8.2783E-46
 7867.0000  8.4041E-46
 7868.0000  8.5269E-46
 7869.0000  8.6466E-46
 7870.0000  8.7637E-46
 7871.0000  8.8792E-46
 7872.0000  8.9913E-46
 7873.0000  9.1009E-46
 7874.0000  9.2078E-46
 7875.0000  9.3086E-46
 7876.0000  9.4089E-46
 7877.0000  9.5105E-46
 7878.0000  9.6063E-46
 7879.0000  9.6998E-46
 7880.0000  9.7849E-46
 7881.0000  9.8630E-46
 7882.0000  9.9327E-46
 7883.0000  9.9945E-46
 7884.0000  1.0049E-45
 7885.0000  1.0113E-45
 7886.0000  1.0169E-45
 7887.0000  1.0218E-45
 7888.0000  1.0258E-45
 7889.0000  1.0291E-45
 7890.0000  1.0316E-45
 7891.0000  1.0331E-45
 7892.0000  1.0338E-45
 7893.0000  1.0337E-45
 7894.0000  1.0327E-45
 7895.0000  1.0311E-45
 7896.0000  1.0288E-45
 7897.0000  1.0262E-45
 7898.0000  1.0234E-45
 7899.0000  1.0204E-45
 7900.0000  1.0167E-45
 7901.0000  1.0125E-45
 7902.0000  1.0081E-45
 7903.0000  1.0034E-45
 7904.0000  9.9837E-46
 7905.0000  9.9338E-46
 7906.0000  9.8840E-46
 7907.0000  9.8327E-46
 7908.0000  9.7773E-46
 7909.0000  9.7163E-46
 7910.0000  9.6485E-46
 7911.0000  9.5723E-46
 7912.0000  9.4905E-46
 7913.0000  9.4019E-46
 7914.0000  9.3467E-46
 7915.0000  9.2976E-46
 7916.0000  9.2239E-46
 7917.0000  9.1441E-46
 7918.0000  9.0612E-46
 7919.0000  8.9713E-46
 7920.0000  8.8798E-46
 7921.0000  8.7924E-46
 7922.0000  8.7164E-46
 7923.0000  8.6389E-46
 7924.0000  8.5542E-46
 7925.0000  8.4708E-46
 7926.0000  8.3747E-46
 7927.0000  8.2783E-46
 7928.0000  8.1772E-46
 7929.0000  8.0720E-46
 7930.0000  7.9655E-46
 7931.0000  7.8612E-46
 7932.0000  7.7587E-46
 7933.0000  7.6507E-46
 7934.0000  7.5432E-46
 7935.0000  7.4366E-46
 7936.0000  7.3314E-46
 7937.0000  7.2335E-46
 7938.0000  7.1350E-46
 7939.0000  7.0349E-46
 7940.0000  6.9386E-46
 7941.0000  6.8437E-46
 7942.0000  6.7488E-46
 7943.0000  6.6525E-46
 7944.0000  6.5535E-46
 7945.0000  6.4575E-46
 7946.0000  6.3653E-46
 7947.0000  6.2760E-46
 7948.0000  6.1858E-46
 7949.0000  6.0958E-46
 7950.0000  6.0045E-46
 7951.0000  5.9160E-46
 7952.0000  5.8299E-46
 7953.0000  5.7463E-46
 7954.0000  5.6663E-46
 7955.0000  5.5865E-46
 7956.0000  5.5135E-46
 7957.0000  5.4416E-46
 7958.0000  5.3735E-46
 7959.0000  5.3080E-46
 7960.0000  5.2445E-46
 7961.0000  5.1784E-46
 7962.0000  5.1119E-46
 7963.0000  5.0468E-46
 7964.0000  4.9839E-46
 7965.0000  4.9229E-46
 7966.0000  4.8607E-46
 7967.0000  4.7998E-46
 7968.0000  4.7389E-46
 7969.0000  4.6793E-46
 7970.0000  4.6223E-46
 7971.0000  4.5667E-46
 7972.0000  4.5125E-46
 7973.0000  4.4585E-46
 7974.0000  4.4037E-46
 7975.0000  4.3473E-46
 7976.0000  4.2910E-46
 7977.0000  4.2398E-46
 7978.0000  4.1895E-46
 7979.0000  4.1393E-46
 7980.0000  4.0898E-46
 7981.0000  4.0411E-46
 7982.0000  3.9926E-46
 7983.0000  3.9439E-46
 7984.0000  3.8957E-46
 7985.0000  3.8505E-46
 7986.0000  3.8074E-46
 7987.0000  3.7655E-46
 7988.0000  3.7250E-46
 7989.0000  3.6837E-46
 7990.0000  3.6406E-46
 7991.0000  3.6005E-46
 7992.0000  3.5610E-46
 7993.0000  3.5223E-46
 7994.0000  3.4818E-46
 7995.0000  3.4406E-46
 7996.0000  3.3993E-46
 7997.0000  3.3590E-46
 7998.0000  3.3169E-46
 7999.0000  3.2735E-46
 8000.0000  3.2305E-46
 8001.0000  3.1992E-46
 8002.0000  3.1719E-46
 8003.0000  3.1461E-46
 8004.0000  3.1208E-46
 8005.0000  3.0928E-46
 8006.0000  3.0604E-46
 8007.0000  3.0286E-46
 8008.0000  2.9993E-46
 8009.0000  2.9702E-46
 8010.0000  2.9416E-46
 8011.0000  2.9107E-46
 8012.0000  2.8812E-46
 8013.0000  2.8534E-46
 8014.0000  2.8268E-46
 8015.0000  2.7988E-46
 8016.0000  2.7710E-46
 8017.0000  2.7430E-46
 8018.0000  2.7158E-46
 8019.0000  2.6892E-46
 8020.0000  2.6639E-46
 8021.0000  2.6394E-46
 8022.0000  2.6143E-46
 8023.0000  2.5894E-46
 8024.0000  2.5669E-46
 8025.0000  2.5442E-46
 8026.0000  2.5213E-46
 8027.0000  2.4993E-46
 8028.0000  2.4770E-46
 8029.0000  2.4555E-46
 8030.0000  2.4343E-46
 8031.0000  2.4143E-46
 8032.0000  2.3927E-46
 8033.0000  2.3706E-46
 8034.0000  2.3475E-46
 8035.0000  2.3262E-46
 8036.0000  2.3050E-46
 8037.0000  2.2822E-46
 8038.0000  2.2605E-46
 8039.0000  2.2374E-46
 8040.0000  2.2160E-46
 8041.0000  2.1948E-46
 8042.0000  2.1736E-46
 8043.0000  2.1537E-46
 8044.0000  2.1319E-46
 8045.0000  2.1131E-46
 8046.0000  2.0933E-46
 8047.0000  2.0761E-46
 8048.0000  2.0577E-46
 8049.0000  2.0415E-46
 8050.0000  2.0239E-46
 8051.0000  2.0082E-46
 8052.0000  1.9937E-46
 8053.0000  1.9793E-46
 8054.0000  1.9649E-46
 8055.0000  1.9499E-46
 8056.0000  1.9354E-46
 8057.0000  1.9211E-46
 8058.0000  1.9070E-46
 8059.0000  1.8927E-46
 8060.0000  1.8794E-46
 8061.0000  1.8649E-46
 8062.0000  1.8510E-46
 8063.0000  1.8383E-46
 8064.0000  1.8243E-46
 8065.0000  1.8101E-46
 8066.0000  1.7970E-46
 8067.0000  1.7842E-46
 8068.0000  1.7718E-46
 8069.0000  1.7576E-46
 8070.0000  1.7450E-46
 8071.0000  1.7323E-46
 8072.0000  1.7197E-46
 8073.0000  1.7075E-46
 8074.0000  1.6950E-46
 8075.0000  1.6826E-46
 8076.0000  1.6701E-46
 8077.0000  1.6564E-46
 8078.0000  1.6440E-46
 8079.0000  1.6303E-46
 8080.0000  1.6166E-46
 8081.0000  1.6043E-46
 8082.0000  1.5906E-46
 8083.0000  1.5770E-46
 8084.0000  1.5633E-46
 8085.0000  1.5497E-46
 8086.0000  1.5374E-46
 8087.0000  1.5237E-46
 8088.0000  1.5113E-46
 8089.0000  1.4987E-46
 8090.0000  1.4863E-46
 8091.0000  1.4750E-46
 8092.0000  1.4637E-46
 8093.0000  1.4525E-46
 8094.0000  1.4422E-46
 8095.0000  1.4320E-46
 8096.0000  1.4213E-46
 8097.0000  1.4117E-46
 8098.0000  1.4022E-46
 8099.0000  1.3936E-46
 8100.0000  1.3849E-46
 8101.0000  1.3789E-46
 8102.0000  1.3728E-46
 8103.0000  1.3652E-46
 8104.0000  1.3576E-46
 8105.0000  1.3501E-46
 8106.0000  1.3412E-46
 8107.0000  1.3324E-46
 8108.0000  1.3222E-46
 8109.0000  1.3120E-46
 8110.0000  1.3004E-46
 8111.0000  1.2901E-46
 8112.0000  1.2785E-46
 8113.0000  1.2668E-46
 8114.0000  1.2552E-46
 8115.0000  1.2447E-46
 8116.0000  1.2341E-46
 8117.0000  1.2236E-46
 8118.0000  1.2142E-46
 8119.0000  1.2049E-46
 8120.0000  1.1969E-46
 8121.0000  1.1888E-46
 8122.0000  1.1805E-46
 8123.0000  1.1722E-46
 8124.0000  1.1653E-46
 8125.0000  1.1582E-46
 8126.0000  1.1499E-46
 8127.0000  1.1427E-46
 8128.0000  1.1340E-46
 8129.0000  1.1254E-46
 8130.0000  1.1156E-46
 8131.0000  1.1055E-46
 8132.0000  1.0953E-46
 8133.0000  1.0838E-46
 8134.0000  1.0735E-46
 8135.0000  1.0617E-46
 8136.0000  1.0500E-46
 8137.0000  1.0384E-46
 8138.0000  1.0276E-46
 8139.0000  1.0168E-46
 8140.0000  1.0060E-46
 8141.0000  9.9643E-47
 8142.0000  9.8687E-47
 8143.0000  9.7717E-47
 8144.0000  9.6817E-47
 8145.0000  9.5944E-47
 8146.0000  9.5058E-47
 8147.0000  9.4171E-47
 8148.0000  9.3312E-47
 8149.0000  9.2453E-47
 8150.0000  9.1595E-47
 8151.0000  9.3492E-47
 8152.0000  9.2689E-47
 8153.0000  9.1872E-47
 8154.0000  9.1193E-47
 8155.0000  9.0403E-47
 8156.0000  8.9586E-47
 8157.0000  8.8769E-47
 8158.0000  8.7965E-47
 8159.0000  8.7286E-47
 8160.0000  8.6608E-47
 8161.0000  8.5915E-47
 8162.0000  8.5222E-47
 8163.0000  8.4654E-47
 8164.0000  8.3975E-47
 8165.0000  8.3421E-47
 8166.0000  8.2881E-47
 8167.0000  8.2424E-47
 8168.0000  8.1856E-47
 8169.0000  8.1302E-47
 8170.0000  8.0859E-47
 8171.0000  8.0305E-47
 8172.0000  7.9737E-47
 8173.0000  7.9169E-47
 8174.0000  7.8587E-47
 8175.0000  7.8019E-47
 8176.0000  7.7451E-47
 8177.0000  7.6744E-47
 8178.0000  7.6038E-47
 8179.0000  7.5456E-47
 8180.0000  7.4763E-47
 8181.0000  7.4043E-47
 8182.0000  7.3461E-47
 8183.0000  7.2741E-47
 8184.0000  7.2048E-47
 8185.0000  7.1453E-47
 8186.0000  7.0746E-47
 8187.0000  7.0150E-47
 8188.0000  6.9555E-47
 8189.0000  6.9098E-47
 8190.0000  6.8516E-47
 8191.0000  6.8045E-47
 8192.0000  6.7588E-47
 8193.0000  6.7117E-47
 8194.0000  6.6646E-47
 8195.0000  6.6175E-47
 8196.0000  6.5704E-47
 8197.0000  6.5233E-47
 8198.0000  6.4623E-47
 8199.0000  6.4028E-47
 8200.0000  6.3432E-47
 8201.0000  6.2753E-47
 8202.0000  6.2088E-47
 8203.0000  6.1437E-47
 8204.0000  6.0758E-47
 8205.0000  6.0176E-47
 8206.0000  5.9456E-47
 8207.0000  5.8874E-47
 8208.0000  5.8279E-47
 8209.0000  5.7711E-47
 8210.0000  5.7253E-47
 8211.0000  5.6810E-47
 8212.0000  5.6339E-47
 8213.0000  5.5882E-47
 8214.0000  5.5563E-47
 8215.0000  5.5106E-47
 8216.0000  5.4649E-47
 8217.0000  5.4192E-47
 8218.0000  5.3749E-47
 8219.0000  5.3292E-47
 8220.0000  5.2834E-47
 8221.0000  5.2502E-47
 8222.0000  5.2059E-47
 8223.0000  5.1726E-47
 8224.0000  5.1408E-47
 8225.0000  5.1075E-47
 8226.0000  5.0757E-47
 8227.0000  5.0424E-47
 8228.0000  5.0230E-47
 8229.0000  4.9912E-47
 8230.0000  4.9579E-47
 8231.0000  4.9260E-47
 8232.0000  4.8928E-47
 8233.0000  4.8596E-47
 8234.0000  4.8138E-47
 8235.0000  4.7681E-47
 8236.0000  4.7238E-47
 8237.0000  4.6781E-47
 8238.0000  4.6338E-47
 8239.0000  4.5742E-47
 8240.0000  4.5285E-47
 8241.0000  4.4703E-47
 8242.0000  4.4246E-47
 8243.0000  4.3802E-47
 8244.0000  4.3345E-47
 8245.0000  4.2888E-47
 8246.0000  4.2556E-47
 8247.0000  4.2251E-47
 8248.0000  4.1918E-47
 8249.0000  4.1600E-47
 8250.0000  4.1281E-47
 8251.0000  4.1087E-47
 8252.0000  4.0893E-47
 8253.0000  4.0699E-47
 8254.0000  4.0505E-47
 8255.0000  4.0325E-47
 8256.0000  4.0131E-47
 8257.0000  3.9938E-47
 8258.0000  3.9757E-47
 8259.0000  3.9564E-47
 8260.0000  3.9245E-47
 8261.0000  3.9051E-47
 8262.0000  3.8732E-47
 8263.0000  3.8428E-47
 8264.0000  3.8109E-47
 8265.0000  3.7790E-47
 8266.0000  3.7472E-47
 8267.0000  3.7153E-47
 8268.0000  3.6710E-47
 8269.0000  3.6391E-47
 8270.0000  3.6086E-47
 8271.0000  3.5643E-47
 8272.0000  3.5311E-47
 8273.0000  3.4881E-47
 8274.0000  3.4563E-47
 8275.0000  3.4258E-47
 8276.0000  3.3939E-47
 8277.0000  3.3635E-47
 8278.0000  3.3316E-47
 8279.0000  3.3011E-47
 8280.0000  3.2706E-47
 8281.0000  3.2388E-47
 8282.0000  3.1958E-47
 8283.0000  3.1640E-47
 8284.0000  3.1335E-47
 8285.0000  3.0892E-47
 8286.0000  3.0601E-47
 8287.0000  3.0157E-47
 8288.0000  2.9728E-47
 8289.0000  2.9285E-47
 8290.0000  2.8980E-47
 8291.0000  2.8537E-47
 8292.0000  2.8246E-47
 8293.0000  2.7941E-47
 8294.0000  2.7636E-47
 8295.0000  2.7332E-47
 8296.0000  2.7165E-47
 8297.0000  2.6985E-47
 8298.0000  2.6957E-47
 8299.0000  2.6902E-47
 8300.0000  2.6999E-47
 8301.0000  2.6957E-47
 8302.0000  2.7054E-47
 8303.0000  2.7138E-47
 8304.0000  2.7221E-47
 8305.0000  2.7332E-47
 8306.0000  2.7415E-47
 8307.0000  2.7512E-47
 8308.0000  2.7470E-47
 8309.0000  2.7706E-47
 8310.0000  2.7650E-47
 8311.0000  2.7498E-47
 8312.0000  2.7193E-47
 8313.0000  2.6777E-47
 8314.0000  2.6223E-47
 8315.0000  2.5669E-47
 8316.0000  2.4990E-47
 8317.0000  2.4312E-47
 8318.0000  2.3508E-47
 8319.0000  2.2816E-47
 8320.0000  2.2012E-47
 8321.0000  2.1458E-47
 8322.0000  2.0765E-47
 8323.0000  2.0211E-47
 8324.0000  1.9809E-47
 8325.0000  1.9519E-47
 8326.0000  1.9241E-47
 8327.0000  1.9075E-47
 8328.0000  1.9048E-47
 8329.0000  1.9145E-47
 8330.0000  1.8978E-47
 8331.0000  1.8840E-47
 8332.0000  1.8674E-47
 8333.0000  1.8521E-47
 8334.0000  1.8355E-47
 8335.0000  1.8203E-47
 8336.0000  1.8036E-47
 8337.0000  1.8009E-47
 8338.0000  1.7856E-47
 8339.0000  1.7718E-47
 8340.0000  1.7565E-47
 8341.0000  1.7399E-47
 8342.0000  1.7233E-47
 8343.0000  1.7094E-47
 8344.0000  1.6928E-47
 8345.0000  1.6790E-47
 8346.0000  1.6623E-47
 8347.0000  1.6485E-47
 8348.0000  1.6319E-47
 8349.0000  1.6166E-47
 8350.0000  1.6152E-47
 8351.0000  1.6000E-47
 8352.0000  1.5848E-47
 8353.0000  1.5681E-47
 8354.0000  1.5667E-47
 8355.0000  1.5515E-47
              O2-Air      7545      8355    811    346 1.020E-45 1.000                            53
 7545.0000  7.5082E-48
 7546.0000  7.6744E-48
 7547.0000  7.7298E-48
 7548.0000  7.8961E-48
 7549.0000  7.9376E-48
 7550.0000  8.1039E-48
 7551.0000  8.1593E-48
 7552.0000  8.3255E-48
 7553.0000  8.4917E-48
 7554.0000  8.5472E-48
 7555.0000  8.7134E-48
 7556.0000  8.7688E-48
 7557.0000  8.9212E-48
 7558.0000  9.1013E-48
 7559.0000  9.1428E-48
 7560.0000  9.3229E-48
 7561.0000  9.4891E-48
 7562.0000  9.6554E-48
 7563.0000  9.6969E-48
 7564.0000  9.8770E-48
 7565.0000  1.0043E-47
 7566.0000  1.0237E-47
 7567.0000  1.0279E-47
 7568.0000  1.0459E-47
 7569.0000  1.0639E-47
 7570.0000  1.0819E-47
 7571.0000  1.0861E-47
 7572.0000  1.1027E-47
 7573.0000  1.1221E-47
 7574.0000  1.1401E-47
 7575.0000  1.1581E-47
 7576.0000  1.1747E-47
 7577.0000  1.1941E-47
 7578.0000  1.2121E-47
 7579.0000  1.2287E-47
 7580.0000  1.2481E-47
 7581.0000  1.2661E-47
 7582.0000  1.2966E-47
 7583.0000  1.3146E-47
 7584.0000  1.3451E-47
 7585.0000  1.3645E-47
 7586.0000  1.3839E-47
 7587.0000  1.4130E-47
 7588.0000  1.4324E-47
 7589.0000  1.4518E-47
 7590.0000  1.4712E-47
 7591.0000  1.5016E-47
 7592.0000  1.5210E-47
 7593.0000  1.5515E-47
 7594.0000  1.5709E-47
 7595.0000  1.6028E-47
 7596.0000  1.6346E-47
 7597.0000  1.6651E-47
 7598.0000  1.6845E-47
 7599.0000  1.7039E-47
 7600.0000  1.7233E-47
 7601.0000  1.7427E-47
 7602.0000  1.7621E-47
 7603.0000  1.7815E-47
 7604.0000  1.8009E-47
 7605.0000  1.8203E-47
 7606.0000  1.8521E-47
 7607.0000  1.8715E-47
 7608.0000  1.8909E-47
 7609.0000  1.8964E-47
 7610.0000  1.9297E-47
 7611.0000  1.9616E-47
 7612.0000  1.9948E-47
 7613.0000  2.0405E-47
 7614.0000  2.0724E-47
 7615.0000  2.1056E-47
 7616.0000  2.1375E-47
 7617.0000  2.1680E-47
 7618.0000  2.1901E-47
 7619.0000  2.2095E-47
 7620.0000  2.2303E-47
 7621.0000  2.2483E-47
 7622.0000  2.2816E-47
 7623.0000  2.3273E-47
 7624.0000  2.3605E-47
 7625.0000  2.4048E-47
 7626.0000  2.4381E-47
 7627.0000  2.4713E-47
 7628.0000  2.5032E-47
 7629.0000  2.5364E-47
 7630.0000  2.5697E-47
 7631.0000  2.6029E-47
 7632.0000  2.6362E-47
 7633.0000  2.6819E-47
 7634.0000  2.7138E-47
 7635.0000  2.7470E-47
 7636.0000  2.7803E-47
 7637.0000  2.8135E-47
 7638.0000  2.8467E-47
 7639.0000  2.8814E-47
 7640.0000  2.9119E-47
 7641.0000  2.9590E-47
 7642.0000  2.9922E-47
 7643.0000  3.0379E-47
 7644.0000  3.0712E-47
 7645.0000  3.1058E-47
 7646.0000  3.1515E-47
 7647.0000  3.1848E-47
 7648.0000  3.2194E-47
 7649.0000  3.2526E-47
 7650.0000  3.2997E-47
 7651.0000  3.3441E-47
 7652.0000  3.3801E-47
 7653.0000  3.4258E-47
 7654.0000  3.4729E-47
 7655.0000  3.5186E-47
 7656.0000  3.5657E-47
 7657.0000  3.6128E-47
 7658.0000  3.6710E-47
 7659.0000  3.7181E-47
 7660.0000  3.7777E-47
 7661.0000  3.8372E-47
 7662.0000  3.8843E-47
 7663.0000  3.9453E-47
 7664.0000  3.9910E-47
 7665.0000  4.0256E-47
 7666.0000  4.0713E-47
 7667.0000  4.1198E-47
 7668.0000  4.1794E-47
 7669.0000  4.2279E-47
 7670.0000  4.2874E-47
 7671.0000  4.3470E-47
 7672.0000  4.3941E-47
 7673.0000  4.4537E-47
 7674.0000  4.5132E-47
 7675.0000  4.5617E-47
 7676.0000  4.6227E-47
 7677.0000  4.6698E-47
 7678.0000  4.7293E-47
 7679.0000  4.7764E-47
 7680.0000  4.8249E-47
 7681.0000  4.8734E-47
 7682.0000  4.9205E-47
 7683.0000  4.9815E-47
 7684.0000  5.0410E-47
 7685.0000  5.2987E-47
 7686.0000  5.3693E-47
 7687.0000  5.4386E-47
 7688.0000  5.5106E-47
 7689.0000  5.5785E-47
 7690.0000  5.6367E-47
 7691.0000  5.7046E-47
 7692.0000  5.7600E-47
 7693.0000  5.8168E-47
 7694.0000  5.8874E-47
 7695.0000  5.9511E-47
 7696.0000  6.0163E-47
 7697.0000  6.0952E-47
 7698.0000  6.1853E-47
 7699.0000  6.2711E-47
 7700.0000  6.3695E-47
 7701.0000  6.4512E-47
 7702.0000  6.5288E-47
 7703.0000  6.6092E-47
 7704.0000  6.7144E-47
 7705.0000  6.8114E-47
 7706.0000  6.9222E-47
 7707.0000  7.0469E-47
 7708.0000  7.1716E-47
 7709.0000  7.2824E-47
 7710.0000  7.4043E-47
 7711.0000  7.5151E-47
 7712.0000  7.6398E-47
 7713.0000  7.7520E-47
 7714.0000  7.8725E-47
 7715.0000  7.9944E-47
 7716.0000  8.1177E-47
 7717.0000  8.2396E-47
 7718.0000  8.3601E-47
 7719.0000  8.4821E-47
 7720.0000  8.5915E-47
 7721.0000  8.6982E-47
 7722.0000  8.8034E-47
 7723.0000  8.9212E-47
 7724.0000  9.0514E-47
 7725.0000  9.1982E-47
 7726.0000  9.3395E-47
 7727.0000  9.4808E-47
 7728.0000  9.6346E-47
 7729.0000  9.7745E-47
 7730.0000  9.9144E-47
 7731.0000  1.0056E-46
 7732.0000  1.0197E-46
 7733.0000  1.0336E-46
 7734.0000  1.0471E-46
 7735.0000  1.0607E-46
 7736.0000  1.0746E-46
 7737.0000  1.0898E-46
 7738.0000  1.1035E-46
 7739.0000  1.1182E-46
 7740.0000  1.1330E-46
 7741.0000  1.1492E-46
 7742.0000  1.1652E-46
 7743.0000  1.1812E-46
 7744.0000  1.1974E-46
 7745.0000  1.2150E-46
 7746.0000  1.2321E-46
 7747.0000  1.2505E-46
 7748.0000  1.2666E-46
 7749.0000  1.2842E-46
 7750.0000  1.3013E-46
 7751.0000  1.3186E-46
 7752.0000  1.3386E-46
 7753.0000  1.3585E-46
 7754.0000  1.3796E-46
 7755.0000  1.4007E-46
 7756.0000  1.4224E-46
 7757.0000  1.4417E-46
 7758.0000  1.4599E-46
 7759.0000  1.4773E-46
 7760.0000  1.4965E-46
 7761.0000  1.5170E-46
 7762.0000  1.5370E-46
 7763.0000  1.5604E-46
 7764.0000  1.5835E-46
 7765.0000  1.6091E-46
 7766.0000  1.6343E-46
 7767.0000  1.6616E-46
 7768.0000  1.6881E-46
 7769.0000  1.7130E-46
 7770.0000  1.7374E-46
 7771.0000  1.7636E-46
 7772.0000  1.7901E-46
 7773.0000  1.8178E-46
 7774.0000  1.8469E-46
 7775.0000  1.8750E-46
 7776.0000  1.9046E-46
 7777.0000  1.9340E-46
 7778.0000  1.9646E-46
 7779.0000  1.9980E-46
 7780.0000  2.0330E-46
 7781.0000  2.0699E-46
 7782.0000  2.1078E-46
 7783.0000  2.1451E-46
 7784.0000  2.1867E-46
 7785.0000  2.2277E-46
 7786.0000  2.2685E-46
 7787.0000  2.3081E-46
 7788.0000  2.3460E-46
 7789.0000  2.3821E-46
 7790.0000  2.4152E-46
 7791.0000  2.4486E-46
 7792.0000  2.4839E-46
 7793.0000  2.5226E-46
 7794.0000  2.5635E-46
 7795.0000  2.6070E-46
 7796.0000  2.6529E-46
 7797.0000  2.7017E-46
 7798.0000  2.7528E-46
 7799.0000  2.8048E-46
 7800.0000  2.8596E-46
 7801.0000  2.9103E-46
 7802.0000  2.9584E-46
 7803.0000  3.0151E-46
 7804.0000  3.0749E-46
 7805.0000  3.1342E-46
 7806.0000  3.1926E-46
 7807.0000  3.2511E-46
 7808.0000  3.3096E-46
 7809.0000  3.3690E-46
 7810.0000  3.4284E-46
 7811.0000  3.4877E-46
 7812.0000  3.5492E-46
 7813.0000  3.6104E-46
 7814.0000  3.6726E-46
 7815.0000  3.7343E-46
 7816.0000  3.7972E-46
 7817.0000  3.8598E-46
 7818.0000  3.9256E-46
 7819.0000  3.9911E-46
 7820.0000  4.0586E-46
 7821.0000  4.1269E-46
 7822.0000  4.1974E-46
 7823.0000  4.2675E-46
 7824.0000  4.3403E-46
 7825.0000  4.4147E-46
 7826.0000  4.4909E-46
 7827.0000  4.5657E-46
 7828.0000  4.6426E-46
 7829.0000  4.7203E-46
 7830.0000  4.8007E-46
 7831.0000  4.8805E-46
 7832.0000  4.9587E-46
 7833.0000  5.0391E-46
 7834.0000  5.1193E-46
 7835.0000  5.1985E-46
 7836.0000  5.2803E-46
 7837.0000  5.3624E-46
 7838.0000  5.4457E-46
 7839.0000  5.5273E-46
 7840.0000  5.6104E-46
 7841.0000  5.6933E-46
 7842.0000  5.7776E-46
 7843.0000  5.8597E-46
 7844.0000  5.9421E-46
 7845.0000  6.0253E-46
 7846.0000  6.1092E-46
 7847.0000  6.1930E-46
 7848.0000  6.2770E-46
 7849.0000  6.3623E-46
 7850.0000  6.4475E-46
 7851.0000  6.5461E-46
 7852.0000  6.6554E-46
 7853.0000  6.7542E-46
 7854.0000  6.8546E-46
 7855.0000  6.9551E-46
 7856.0000  7.0548E-46
 7857.0000  7.1595E-46
 7858.0000  7.2701E-46
 7859.0000  7.3849E-46
 7860.0000  7.4998E-46
 7861.0000  7.6174E-46
 7862.0000  7.7388E-46
 7863.0000  7.8592E-46
 7864.0000  7.9807E-46
 7865.0000  8.1018E-46
 7866.0000  8.2231E-46
 7867.0000  8.3449E-46
 7868.0000  8.4635E-46
 7869.0000  8.5790E-46
 7870.0000  8.6916E-46
 7871.0000  8.8027E-46
 7872.0000  8.9105E-46
 7873.0000  9.0155E-46
 7874.0000  9.1179E-46
 7875.0000  9.2138E-46
 7876.0000  9.3092E-46
 7877.0000  9.4063E-46
 7878.0000  9.4969E-46
 7879.0000  9.5856E-46
 7880.0000  9.6655E-46
 7881.0000  9.7386E-46
 7882.0000  9.8036E-46
 7883.0000  9.8605E-46
 7884.0000  9.9103E-46
 7885.0000  9.9740E-46
 7886.0000  1.0031E-45
 7887.0000  1.0079E-45
 7888.0000  1.0119E-45
 7889.0000  1.0153E-45
 7890.0000  1.0178E-45
 7891.0000  1.0193E-45
 7892.0000  1.0200E-45
 7893.0000  1.0198E-45
 7894.0000  1.0189E-45
 7895.0000  1.0172E-45
 7896.0000  1.0150E-45
 7897.0000  1.0124E-45
 7898.0000  1.0096E-45
 7899.0000  1.0065E-45
 7900.0000  1.0028E-45
 7901.0000  9.9865E-46
 7902.0000  9.9421E-46
 7903.0000  9.8950E-46
 7904.0000  9.8452E-46
 7905.0000  9.7953E-46
 7906.0000  9.7454E-46
 7907.0000  9.6942E-46
 7908.0000  9.6388E-46
 7909.0000  9.5778E-46
 7910.0000  9.5099E-46
 7911.0000  9.4337E-46
 7912.0000  9.3520E-46
 7913.0000  9.2633E-46
 7914.0000  9.2179E-46
 7915.0000  9.1811E-46
 7916.0000  9.1139E-46
 7917.0000  9.0396E-46
 7918.0000  8.9618E-46
 7919.0000  8.8763E-46
 7920.0000  8.7885E-46
 7921.0000  8.7067E-46
 7922.0000  8.6396E-46
 7923.0000  8.5704E-46
 7924.0000  8.4924E-46
 7925.0000  8.4154E-46
 7926.0000  8.3234E-46
 7927.0000  8.2309E-46
 7928.0000  8.1331E-46
 7929.0000  8.0307E-46
 7930.0000  7.9267E-46
 7931.0000  7.8256E-46
 7932.0000  7.7269E-46
 7933.0000  7.6215E-46
 7934.0000  7.5164E-46
 7935.0000  7.4118E-46
 7936.0000  7.3087E-46
 7937.0000  7.2141E-46
 7938.0000  7.1185E-46
 7939.0000  7.0203E-46
 7940.0000  6.9268E-46
 7941.0000  6.8345E-46
 7942.0000  6.7424E-46
 7943.0000  6.6484E-46
 7944.0000  6.5504E-46
 7945.0000  6.4566E-46
 7946.0000  6.3669E-46
 7947.0000  6.2797E-46
 7948.0000  6.1912E-46
 7949.0000  6.1027E-46
 7950.0000  6.0122E-46
 7951.0000  5.9244E-46
 7952.0000  5.8391E-46
 7953.0000  5.7567E-46
 7954.0000  5.6783E-46
 7955.0000  5.5993E-46
 7956.0000  5.5277E-46
 7957.0000  5.4573E-46
 7958.0000  5.3905E-46
 7959.0000  5.3267E-46
 7960.0000  5.2647E-46
 7961.0000  5.1987E-46
 7962.0000  5.1323E-46
 7963.0000  5.0671E-46
 7964.0000  5.0049E-46
 7965.0000  4.9443E-46
 7966.0000  4.8827E-46
 7967.0000  4.8221E-46
 7968.0000  4.7616E-46
 7969.0000  4.7023E-46
 7970.0000  4.6459E-46
 7971.0000  4.5909E-46
 7972.0000  4.5376E-46
 7973.0000  4.4843E-46
 7974.0000  4.4291E-46
 7975.0000  4.3722E-46
 7976.0000  4.3154E-46
 7977.0000  4.2644E-46
 7978.0000  4.2144E-46
 7979.0000  4.1646E-46
 7980.0000  4.1150E-46
 7981.0000  4.0666E-46
 7982.0000  4.0187E-46
 7983.0000  3.9698E-46
 7984.0000  3.9217E-46
 7985.0000  3.8770E-46
 7986.0000  3.8349E-46
 7987.0000  3.7940E-46
 7988.0000  3.7541E-46
 7989.0000  3.7132E-46
 7990.0000  3.6702E-46
 7991.0000  3.6300E-46
 7992.0000  3.5906E-46
 7993.0000  3.5524E-46
 7994.0000  3.5118E-46
 7995.0000  3.4703E-46
 7996.0000  3.4284E-46
 7997.0000  3.3878E-46
 7998.0000  3.3446E-46
 7999.0000  3.2999E-46
 8000.0000  3.2550E-46
 8001.0000  3.2249E-46
 8002.0000  3.1996E-46
 8003.0000  3.1757E-46
 8004.0000  3.1523E-46
 8005.0000  3.1250E-46
 8006.0000  3.0921E-46
 8007.0000  3.0599E-46
 8008.0000  3.0306E-46
 8009.0000  3.0015E-46
 8010.0000  2.9728E-46
 8011.0000  2.9414E-46
 8012.0000  2.9114E-46
 8013.0000  2.8835E-46
 8014.0000  2.8569E-46
 8015.0000  2.8287E-46
 8016.0000  2.8005E-46
 8017.0000  2.7721E-46
 8018.0000  2.7449E-46
 8019.0000  2.7181E-46
 8020.0000  2.6927E-46
 8021.0000  2.6679E-46
 8022.0000  2.6424E-46
 8023.0000  2.6171E-46
 8024.0000  2.5946E-46
 8025.0000  2.5718E-46
 8026.0000  2.5488E-46
 8027.0000  2.5263E-46
 8028.0000  2.5037E-46
 8029.0000  2.4821E-46
 8030.0000  2.4607E-46
 8031.0000  2.4404E-46
 8032.0000  2.4187E-46
 8033.0000  2.3963E-46
 8034.0000  2.3728E-46
 8035.0000  2.3514E-46
 8036.0000  2.3300E-46
 8037.0000  2.3073E-46
 8038.0000  2.2853E-46
 8039.0000  2.2619E-46
 8040.0000  2.2404E-46
 8041.0000  2.2191E-46
 8042.0000  2.1977E-46
 8043.0000  2.1777E-46
 8044.0000  2.1556E-46
 8045.0000  2.1367E-46
 8046.0000  2.1167E-46
 8047.0000  2.0994E-46
 8048.0000  2.0810E-46
 8049.0000  2.0645E-46
 8050.0000  2.0467E-46
 8051.0000  2.0308E-46
 8052.0000  2.0161E-46
 8053.0000  2.0016E-46
 8054.0000  1.9870E-46
 8055.0000  1.9718E-46
 8056.0000  1.9571E-46
 8057.0000  1.9426E-46
 8058.0000  1.9284E-46
 8059.0000  1.9140E-46
 8060.0000  1.9007E-46
 8061.0000  1.8859E-46
 8062.0000  1.8719E-46
 8063.0000  1.8592E-46
 8064.0000  1.8451E-46
 8065.0000  1.8309E-46
 8066.0000  1.8178E-46
 8067.0000  1.8049E-46
 8068.0000  1.7924E-46
 8069.0000  1.7783E-46
 8070.0000  1.7655E-46
 8071.0000  1.7527E-46
 8072.0000  1.7402E-46
 8073.0000  1.7280E-46
 8074.0000  1.7155E-46
 8075.0000  1.7029E-46
 8076.0000  1.6906E-46
 8077.0000  1.6769E-46
 8078.0000  1.6645E-46
 8079.0000  1.6510E-46
 8080.0000  1.6373E-46
 8081.0000  1.6249E-46
 8082.0000  1.6112E-46
 8083.0000  1.5978E-46
 8084.0000  1.5841E-46
 8085.0000  1.5705E-46
 8086.0000  1.5582E-46
 8087.0000  1.5446E-46
 8088.0000  1.5323E-46
 8089.0000  1.5196E-46
 8090.0000  1.5072E-46
 8091.0000  1.4960E-46
 8092.0000  1.4845E-46
 8093.0000  1.4732E-46
 8094.0000  1.4629E-46
 8095.0000  1.4525E-46
 8096.0000  1.4415E-46
 8097.0000  1.4317E-46
 8098.0000  1.4217E-46
 8099.0000  1.4127E-46
 8100.0000  1.4038E-46
 8101.0000  1.3982E-46
 8102.0000  1.3923E-46
 8103.0000  1.3849E-46
 8104.0000  1.3775E-46
 8105.0000  1.3702E-46
 8106.0000  1.3616E-46
 8107.0000  1.3530E-46
 8108.0000  1.3430E-46
 8109.0000  1.3331E-46
 8110.0000  1.3216E-46
 8111.0000  1.3114E-46
 8112.0000  1.3001E-46
 8113.0000  1.2887E-46
 8114.0000  1.2772E-46
 8115.0000  1.2668E-46
 8116.0000  1.2566E-46
 8117.0000  1.2462E-46
 8118.0000  1.2368E-46
 8119.0000  1.2276E-46
 8120.0000  1.2197E-46
 8121.0000  1.2117E-46
 8122.0000  1.2034E-46
 8123.0000  1.1951E-46
 8124.0000  1.1880E-46
 8125.0000  1.1809E-46
 8126.0000  1.1728E-46
 8127.0000  1.1654E-46
 8128.0000  1.1566E-46
 8129.0000  1.1480E-46
 8130.0000  1.1380E-46
 8131.0000  1.1279E-46
 8132.0000  1.1176E-46
 8133.0000  1.1060E-46
 8134.0000  1.0955E-46
 8135.0000  1.0836E-46
 8136.0000  1.0717E-46
 8137.0000  1.0599E-46
 8138.0000  1.0488E-46
 8139.0000  1.0377E-46
 8140.0000  1.0268E-46
 8141.0000  1.0168E-46
 8142.0000  1.0070E-46
 8143.0000  9.9685E-47
 8144.0000  9.8743E-47
 8145.0000  9.7814E-47
 8146.0000  9.6886E-47
 8147.0000  9.5944E-47
 8148.0000  9.5044E-47
 8149.0000  9.4130E-47
 8150.0000  9.3243E-47
 8151.0000  9.5792E-47
 8152.0000  9.4988E-47
 8153.0000  9.4199E-47
 8154.0000  9.3520E-47
 8155.0000  9.2730E-47
 8156.0000  9.1913E-47
 8157.0000  9.1096E-47
 8158.0000  9.0306E-47
 8159.0000  8.9627E-47
 8160.0000  8.8962E-47
 8161.0000  8.8270E-47
 8162.0000  8.7577E-47
 8163.0000  8.7009E-47
 8164.0000  8.6330E-47
 8165.0000  8.5776E-47
 8166.0000  8.5236E-47
 8167.0000  8.4779E-47
 8168.0000  8.4211E-47
 8169.0000  8.3643E-47
 8170.0000  8.3200E-47
 8171.0000  8.2646E-47
 8172.0000  8.2064E-47
 8173.0000  8.1496E-47
 8174.0000  8.0914E-47
 8175.0000  8.0346E-47
 8176.0000  7.9764E-47
 8177.0000  7.9044E-47
 8178.0000  7.8337E-47
 8179.0000  7.7756E-47
 8180.0000  7.7063E-47
 8181.0000  7.6343E-47
 8182.0000  7.5747E-47
 8183.0000  7.5027E-47
 8184.0000  7.4320E-47
 8185.0000  7.3724E-47
 8186.0000  7.3018E-47
 8187.0000  7.2408E-47
 8188.0000  7.1799E-47
 8189.0000  7.1314E-47
 8190.0000  7.0732E-47
 8191.0000  7.0261E-47
 8192.0000  6.9790E-47
 8193.0000  6.9292E-47
 8194.0000  6.8821E-47
 8195.0000  6.8336E-47
 8196.0000  6.7851E-47
 8197.0000  6.7366E-47
 8198.0000  6.6743E-47
 8199.0000  6.6119E-47
 8200.0000  6.5524E-47
 8201.0000  6.4845E-47
 8202.0000  6.4180E-47
 8203.0000  6.3557E-47
 8204.0000  6.2878E-47
 8205.0000  6.2282E-47
 8206.0000  6.1562E-47
 8207.0000  6.0966E-47
 8208.0000  6.0357E-47
 8209.0000  5.9789E-47
 8210.0000  5.9331E-47
 8211.0000  5.8874E-47
 8212.0000  5.8389E-47
 8213.0000  5.7932E-47
 8214.0000  5.7600E-47
 8215.0000  5.7129E-47
 8216.0000  5.6658E-47
 8217.0000  5.6201E-47
 8218.0000  5.5744E-47
 8219.0000  5.5273E-47
 8220.0000  5.4802E-47
 8221.0000  5.4455E-47
 8222.0000  5.3998E-47
 8223.0000  5.3666E-47
 8224.0000  5.3333E-47
 8225.0000  5.2987E-47
 8226.0000  5.2654E-47
 8227.0000  5.2294E-47
 8228.0000  5.2100E-47
 8229.0000  5.1768E-47
 8230.0000  5.1435E-47
 8231.0000  5.1089E-47
 8232.0000  5.0743E-47
 8233.0000  5.0396E-47
 8234.0000  4.9925E-47
 8235.0000  4.9468E-47
 8236.0000  4.9011E-47
 8237.0000  4.8554E-47
 8238.0000  4.8083E-47
 8239.0000  4.7487E-47
 8240.0000  4.7016E-47
 8241.0000  4.6434E-47
 8242.0000  4.5977E-47
 8243.0000  4.5506E-47
 8244.0000  4.5049E-47
 8245.0000  4.4578E-47
 8246.0000  4.4232E-47
 8247.0000  4.3913E-47
 8248.0000  4.3581E-47
 8249.0000  4.3234E-47
 8250.0000  4.2916E-47
 8251.0000  4.2708E-47
 8252.0000  4.2486E-47
 8253.0000  4.2293E-47
 8254.0000  4.2085E-47
 8255.0000  4.1891E-47
 8256.0000  4.1683E-47
 8257.0000  4.1475E-47
 8258.0000  4.1281E-47
 8259.0000  4.1073E-47
 8260.0000  4.0741E-47
 8261.0000  4.0547E-47
 8262.0000  4.0215E-47
 8263.0000  3.9896E-47
 8264.0000  3.9564E-47
 8265.0000  3.9231E-47
 8266.0000  3.8912E-47
 8267.0000  3.8594E-47
 8268.0000  3.8137E-47
 8269.0000  3.7804E-47
 8270.0000  3.7486E-47
 8271.0000  3.7028E-47
 8272.0000  3.6696E-47
 8273.0000  3.6253E-47
 8274.0000  3.5934E-47
 8275.0000  3.5615E-47
 8276.0000  3.5297E-47
 8277.0000  3.4978E-47
 8278.0000  3.4646E-47
 8279.0000  3.4341E-47
 8280.0000  3.4022E-47
 8281.0000  3.3704E-47
 8282.0000  3.3261E-47
 8283.0000  3.2942E-47
 8284.0000  3.2623E-47
 8285.0000  3.2180E-47
 8286.0000  3.1875E-47
 8287.0000  3.1418E-47
 8288.0000  3.0989E-47
 8289.0000  3.0545E-47
 8290.0000  3.0227E-47
 8291.0000  2.9783E-47
 8292.0000  2.9479E-47
 8293.0000  2.9174E-47
 8294.0000  2.8855E-47
 8295.0000  2.8551E-47
 8296.0000  2.8370E-47
 8297.0000  2.8177E-47
 8298.0000  2.8149E-47
 8299.0000  2.8080E-47
 8300.0000  2.8163E-47
 8301.0000  2.8121E-47
 8302.0000  2.8204E-47
 8303.0000  2.8274E-47
 8304.0000  2.8343E-47
 8305.0000  2.8440E-47
 8306.0000  2.8523E-47
 8307.0000  2.8606E-47
 8308.0000  2.8551E-47
 8309.0000  2.8758E-47
 8310.0000  2.8703E-47
 8311.0000  2.8537E-47
 8312.0000  2.8246E-47
 8313.0000  2.7830E-47
 8314.0000  2.7262E-47
 8315.0000  2.6708E-47
 8316.0000  2.6029E-47
 8317.0000  2.5351E-47
 8318.0000  2.4561E-47
 8319.0000  2.3868E-47
 8320.0000  2.3079E-47
 8321.0000  2.2525E-47
 8322.0000  2.1832E-47
 8323.0000  2.1278E-47
 8324.0000  2.0876E-47
 8325.0000  2.0585E-47
 8326.0000  2.0294E-47
 8327.0000  2.0128E-47
 8328.0000  2.0087E-47
 8329.0000  2.0170E-47
 8330.0000  2.0017E-47
 8331.0000  1.9865E-47
 8332.0000  1.9699E-47
 8333.0000  1.9532E-47
 8334.0000  1.9380E-47
 8335.0000  1.9214E-47
 8336.0000  1.9048E-47
 8337.0000  1.9006E-47
 8338.0000  1.8854E-47
 8339.0000  1.8701E-47
 8340.0000  1.8549E-47
 8341.0000  1.8383E-47
 8342.0000  1.8216E-47
 8343.0000  1.8064E-47
 8344.0000  1.7898E-47
 8345.0000  1.7745E-47
 8346.0000  1.7593E-47
 8347.0000  1.7441E-47
 8348.0000  1.7274E-47
 8349.0000  1.7108E-47
 8350.0000  1.7094E-47
 8351.0000  1.6942E-47
 8352.0000  1.6776E-47
 8353.0000  1.6623E-47
 8354.0000  1.6596E-47
 8355.0000  1.6429E-47
             O2-Air  9091.0000 9596.0000    506 293.00 2.863e-46 -.999                 a(1)-X(0)  27
 9091.0000  7.906E-48
 9092.0000  7.994E-48
 9093.0000  8.082E-48
 9094.0000  8.172E-48
 9095.0000  8.262E-48
 9096.0000  8.354E-48
 9097.0000  8.447E-48
 9098.0000  8.541E-48
 9099.0000  8.637E-48
 9100.0000  8.733E-48
 9101.0000  8.831E-48
 9102.0000  8.930E-48
 9103.0000  9.030E-48
 9104.0000  9.132E-48
 9105.0000  9.235E-48
 9106.0000  9.339E-48
 9107.0000  9.444E-48
 9108.0000  9.551E-48
 9109.0000  9.660E-48
 9110.0000  9.769E-48
 9111.0000  9.880E-48
 9112.0000  9.993E-48
 9113.0000  1.011E-47
 9114.0000  1.022E-47
 9115.0000  1.034E-47
 9116.0000  1.046E-47
 9117.0000  1.058E-47
 9118.0000  1.070E-47
 9119.0000  1.082E-47
 9120.0000  1.095E-47
 9121.0000  1.107E-47
 9122.0000  1.120E-47
 9123.0000  1.133E-47
 9124.0000  1.146E-47
 9125.0000  1.160E-47
 9126.0000  1.173E-47
 9127.0000  1.187E-47
 9128.0000  1.201E-47
 9129.0000  1.215E-47
 9130.0000  1.229E-47
 9131.0000  1.243E-47
 9132.0000  1.258E-47
 9133.0000  1.273E-47
 9134.0000  1.288E-47
 9135.0000  1.303E-47
 9136.0000  1.318E-47
 9137.0000  1.334E-47
 9138.0000  1.350E-47
 9139.0000  1.366E-47
 9140.0000  1.382E-47
 9141.0000  1.399E-47
 9142.0000  1.415E-47
 9143.0000  1.432E-47
 9144.0000  1.449E-47
 9145.0000  1.467E-47
 9146.0000  1.484E-47
 9147.0000  1.502E-47
 9148.0000  1.520E-47
 9149.0000  1.539E-47
 9150.0000  1.557E-47
 9151.0000  1.576E-47
 9152.0000  1.596E-47
 9153.0000  1.615E-47
 9154.0000  1.635E-47
 9155.0000  1.655E-47
 9156.0000  1.675E-47
 9157.0000  1.695E-47
 9158.0000  1.716E-47
 9159.0000  1.737E-47
 9160.0000  1.759E-47
 9161.0000  1.780E-47
 9162.0000  1.802E-47
 9163.0000  1.825E-47
 9164.0000  1.847E-47
 9165.0000  1.870E-47
 9166.0000  1.894E-47
 9167.0000  1.917E-47
 9168.0000  1.941E-47
 9169.0000  1.965E-47
 9170.0000  1.990E-47
 9171.0000  2.015E-47
 9172.0000  2.040E-47
 9173.0000  2.066E-47
 9174.0000  2.092E-47
 9175.0000  2.119E-47
 9176.0000  2.145E-47
 9177.0000  2.173E-47
 9178.0000  2.200E-47
 9179.0000  2.228E-47
 9180.0000  2.257E-47
 9181.0000  2.285E-47
 9182.0000  2.315E-47
 9183.0000  2.344E-47
 9184.0000  2.374E-47
 9185.0000  2.405E-47
 9186.0000  2.436E-47
 9187.0000  2.467E-47
 9188.0000  2.499E-47
 9189.0000  2.532E-47
 9190.0000  2.565E-47
 9191.0000  2.598E-47
 9192.0000  2.632E-47
 9193.0000  2.666E-47
 9194.0000  2.701E-47
 9195.0000  2.736E-47
 9196.0000  2.772E-47
 9197.0000  2.809E-47
 9198.0000  2.846E-47
 9199.0000  2.883E-47
 9200.0000  2.921E-47
 9201.0000  2.960E-47
 9202.0000  2.999E-47
 9203.0000  3.039E-47
 9204.0000  3.079E-47
 9205.0000  3.120E-47
 9206.0000  3.162E-47
 9207.0000  3.204E-47
 9208.0000  3.247E-47
 9209.0000  3.290E-47
 9210.0000  3.335E-47
 9211.0000  3.380E-47
 9212.0000  3.425E-47
 9213.0000  3.471E-47
 9214.0000  3.518E-47
 9215.0000  3.566E-47
 9216.0000  3.614E-47
 9217.0000  3.663E-47
 9218.0000  3.713E-47
 9219.0000  3.764E-47
 9220.0000  3.815E-47
 9221.0000  3.867E-47
 9222.0000  3.920E-47
 9223.0000  3.974E-47
 9224.0000  4.029E-47
 9225.0000  4.084E-47
 9226.0000  4.141E-47
 9227.0000  4.198E-47
 9228.0000  4.256E-47
 9229.0000  4.315E-47
 9230.0000  4.375E-47
 9231.0000  4.435E-47
 9232.0000  4.497E-47
 9233.0000  4.560E-47
 9234.0000  4.623E-47
 9235.0000  4.688E-47
 9236.0000  4.754E-47
 9237.0000  4.820E-47
 9238.0000  4.888E-47
 9239.0000  4.957E-47
 9240.0000  5.026E-47
 9241.0000  5.097E-47
 9242.0000  5.169E-47
 9243.0000  5.242E-47
 9244.0000  5.316E-47
 9245.0000  5.392E-47
 9246.0000  5.468E-47
 9247.0000  5.546E-47
 9248.0000  5.625E-47
 9249.0000  5.705E-47
 9250.0000  5.786E-47
 9251.0000  5.868E-47
 9252.0000  5.952E-47
 9253.0000  6.037E-47
 9254.0000  6.124E-47
 9255.0000  6.211E-47
 9256.0000  6.301E-47
 9257.0000  6.391E-47
 9258.0000  6.483E-47
 9259.0000  6.576E-47
 9260.0000  6.671E-47
 9261.0000  6.767E-47
 9262.0000  6.864E-47
 9263.0000  6.963E-47
 9264.0000  7.064E-47
 9265.0000  7.166E-47
 9266.0000  7.269E-47
 9267.0000  7.374E-47
 9268.0000  7.481E-47
 9269.0000  7.589E-47
 9270.0000  7.699E-47
 9271.0000  7.811E-47
 9272.0000  7.924E-47
 9273.0000  8.039E-47
 9274.0000  8.155E-47
 9275.0000  8.274E-47
 9276.0000  8.394E-47
 9277.0000  8.515E-47
 9278.0000  8.639E-47
 9279.0000  8.764E-47
 9280.0000  8.891E-47
 9281.0000  9.020E-47
 9282.0000  9.151E-47
 9283.0000  9.284E-47
 9284.0000  9.418E-47
 9285.0000  9.555E-47
 9286.0000  9.693E-47
 9287.0000  9.833E-47
 9288.0000  9.975E-47
 9289.0000  1.012E-46
 9290.0000  1.027E-46
 9291.0000  1.041E-46
 9292.0000  1.056E-46
 9293.0000  1.072E-46
 9294.0000  1.087E-46
 9295.0000  1.103E-46
 9296.0000  1.118E-46
 9297.0000  1.134E-46
 9298.0000  1.151E-46
 9299.0000  1.167E-46
 9300.0000  1.184E-46
 9301.0000  1.200E-46
 9302.0000  1.217E-46
 9303.0000  1.235E-46
 9304.0000  1.252E-46
 9305.0000  1.270E-46
 9306.0000  1.288E-46
 9307.0000  1.306E-46
 9308.0000  1.324E-46
 9309.0000  1.342E-46
 9310.0000  1.361E-46
 9311.0000  1.380E-46
 9312.0000  1.399E-46
 9313.0000  1.418E-46
 9314.0000  1.437E-46
 9315.0000  1.457E-46
 9316.0000  1.477E-46
 9317.0000  1.497E-46
 9318.0000  1.517E-46
 9319.0000  1.537E-46
 9320.0000  1.558E-46
 9321.0000  1.579E-46
 9322.0000  1.600E-46
 9323.0000  1.621E-46
 9324.0000  1.642E-46
 9325.0000  1.663E-46
 9326.0000  1.685E-46
 9327.0000  1.706E-46
 9328.0000  1.728E-46
 9329.0000  1.750E-46
 9330.0000  1.772E-46
 9331.0000  1.794E-46
 9332.0000  1.817E-46
 9333.0000  1.839E-46
 9334.0000  1.862E-46
 9335.0000  1.884E-46
 9336.0000  1.907E-46
 9337.0000  1.930E-46
 9338.0000  1.953E-46
 9339.0000  1.975E-46
 9340.0000  1.998E-46
 9341.0000  2.021E-46
 9342.0000  2.044E-46
 9343.0000  2.067E-46
 9344.0000  2.091E-46
 9345.0000  2.114E-46
 9346.0000  2.137E-46
 9347.0000  2.160E-46
 9348.0000  2.183E-46
 9349.0000  2.206E-46
 9350.0000  2.229E-46
 9351.0000  2.251E-46
 9352.0000  2.274E-46
 9353.0000  2.297E-46
 9354.0000  2.319E-46
 9355.0000  2.342E-46
 9356.0000  2.364E-46
 9357.0000  2.386E-46
 9358.0000  2.408E-46
 9359.0000  2.430E-46
 9360.0000  2.452E-46
 9361.0000  2.473E-46
 9362.0000  2.494E-46
 9363.0000  2.515E-46
 9364.0000  2.536E-46
 9365.0000  2.557E-46
 9366.0000  2.577E-46
 9367.0000  2.597E-46
 9368.0000  2.617E-46
 9369.0000  2.636E-46
 9370.0000  2.655E-46
 9371.0000  2.674E-46
 9372.0000  2.692E-46
 9373.0000  2.711E-46
 9374.0000  2.728E-46
 9375.0000  2.746E-46
 9376.0000  2.763E-46
 9377.0000  2.779E-46
 9378.0000  2.795E-46
 9379.0000  2.811E-46
 9380.0000  2.827E-46
 9381.0000  2.842E-46
 9382.0000  2.856E-46
 9383.0000  2.863E-46
 9384.0000  2.863E-46
 9385.0000  2.862E-46
 9386.0000  2.860E-46
 9387.0000  2.858E-46
 9388.0000  2.856E-46
 9389.0000  2.853E-46
 9390.0000  2.849E-46
 9391.0000  2.845E-46
 9392.0000  2.840E-46
 9393.0000  2.835E-46
 9394.0000  2.830E-46
 9395.0000  2.824E-46
 9396.0000  2.817E-46
 9397.0000  2.810E-46
 9398.0000  2.803E-46
 9399.0000  2.795E-46
 9400.0000  2.787E-46
 9401.0000  2.778E-46
 9402.0000  2.769E-46
 9403.0000  2.759E-46
 9404.0000  2.749E-46
 9405.0000  2.739E-46
 9406.0000  2.728E-46
 9407.0000  2.717E-46
 9408.0000  2.705E-46
 9409.0000  2.693E-46
 9410.0000  2.681E-46
 9411.0000  2.669E-46
 9412.0000  2.656E-46
 9413.0000  2.642E-46
 9414.0000  2.629E-46
 9415.0000  2.615E-46
 9416.0000  2.601E-46
 9417.0000  2.587E-46
 9418.0000  2.572E-46
 9419.0000  2.557E-46
 9420.0000  2.542E-46
 9421.0000  2.527E-46
 9422.0000  2.511E-46
 9423.0000  2.495E-46
 9424.0000  2.479E-46
 9425.0000  2.463E-46
 9426.0000  2.447E-46
 9427.0000  2.430E-46
 9428.0000  2.414E-46
 9429.0000  2.397E-46
 9430.0000  2.380E-46
 9431.0000  2.363E-46
 9432.0000  2.346E-46
 9433.0000  2.329E-46
 9434.0000  2.312E-46
 9435.0000  2.294E-46
 9436.0000  2.277E-46
 9437.0000  2.260E-46
 9438.0000  2.242E-46
 9439.0000  2.224E-46
 9440.0000  2.207E-46
 9441.0000  2.189E-46
 9442.0000  2.172E-46
 9443.0000  2.154E-46
 9444.0000  2.136E-46
 9445.0000  2.119E-46
 9446.0000  2.101E-46
 9447.0000  2.083E-46
 9448.0000  2.066E-46
 9449.0000  2.048E-46
 9450.0000  2.031E-46
 9451.0000  2.013E-46
 9452.0000  1.996E-46
 9453.0000  1.978E-46
 9454.0000  1.961E-46
 9455.0000  1.944E-46
 9456.0000  1.927E-46
 9457.0000  1.910E-46
 9458.0000  1.893E-46
 9459.0000  1.876E-46
 9460.0000  1.859E-46
 9461.0000  1.842E-46
 9462.0000  1.825E-46
 9463.0000  1.809E-46
 9464.0000  1.792E-46
 9465.0000  1.776E-46
 9466.0000  1.759E-46
 9467.0000  1.743E-46
 9468.0000  1.727E-46
 9469.0000  1.711E-46
 9470.0000  1.695E-46
 9471.0000  1.679E-46
 9472.0000  1.664E-46
 9473.0000  1.648E-46
 9474.0000  1.633E-46
 9475.0000  1.618E-46
 9476.0000  1.602E-46
 9477.0000  1.587E-46
 9478.0000  1.572E-46
 9479.0000  1.558E-46
 9480.0000  1.543E-46
 9481.0000  1.529E-46
 9482.0000  1.514E-46
 9483.0000  1.500E-46
 9484.0000  1.486E-46
 9485.0000  1.472E-46
 9486.0000  1.458E-46
 9487.0000  1.444E-46
 9488.0000  1.430E-46
 9489.0000  1.417E-46
 9490.0000  1.403E-46
 9491.0000  1.390E-46
 9492.0000  1.377E-46
 9493.0000  1.364E-46
 9494.0000  1.351E-46
 9495.0000  1.338E-46
 9496.0000  1.326E-46
 9497.0000  1.313E-46
 9498.0000  1.301E-46
 9499.0000  1.289E-46
 9500.0000  1.277E-46
 9501.0000  1.265E-46
 9502.0000  1.253E-46
 9503.0000  1.241E-46
 9504.0000  1.229E-46
 9505.0000  1.218E-46
 9506.0000  1.207E-46
 9507.0000  1.195E-46
 9508.0000  1.184E-46
 9509.0000  1.173E-46
 9510.0000  1.162E-46
 9511.0000  1.152E-46
 9512.0000  1.141E-46
 9513.0000  1.130E-46
 9514.0000  1.120E-46
 9515.0000  1.110E-46
 9516.0000  1.099E-46
 9517.0000  1.089E-46
 9518.0000  1.079E-46
 9519.0000  1.069E-46
 9520.0000  1.060E-46
 9521.0000  1.050E-46
 9522.0000  1.040E-46
 9523.0000  1.031E-46
 9524.0000  1.022E-46
 9525.0000  1.012E-46
 9526.0000  1.003E-46
 9527.0000  9.943E-47
 9528.0000  9.854E-47
 9529.0000  9.765E-47
 9530.0000  9.678E-47
 9531.0000  9.592E-47
 9532.0000  9.506E-47
 9533.0000  9.422E-47
 9534.0000  9.338E-47
 9535.0000  9.255E-47
 9536.0000  9.174E-47
 9537.0000  9.093E-47
 9538.0000  9.013E-47
 9539.0000  8.934E-47
 9540.0000  8.856E-47
 9541.0000  8.779E-47
 9542.0000  8.702E-47
 9543.0000  8.627E-47
 9544.0000  8.552E-47
 9545.0000  8.478E-47
 9546.0000  8.405E-47
 9547.0000  8.333E-47
 9548.0000  8.261E-47
 9549.0000  8.191E-47
 9550.0000  8.121E-47
 9551.0000  8.052E-47
 9552.0000  7.983E-47
 9553.0000  7.916E-47
 9554.0000  7.849E-47
 9555.0000  7.783E-47
 9556.0000  7.718E-47
 9557.0000  7.653E-47
 9558.0000  7.589E-47
 9559.0000  7.526E-47
 9560.0000  7.463E-47
 9561.0000  7.401E-47
 9562.0000  7.340E-47
 9563.0000  7.280E-47
 9564.0000  7.220E-47
 9565.0000  7.161E-47
 9566.0000  7.102E-47
 9567.0000  7.044E-47
 9568.0000  6.987E-47
 9569.0000  6.930E-47
 9570.0000  6.874E-47
 9571.0000  6.819E-47
 9572.0000  6.764E-47
 9573.0000  6.710E-47
 9574.0000  6.656E-47
 9575.0000  6.603E-47
 9576.0000  6.551E-47
 9577.0000  6.499E-47
 9578.0000  6.447E-47
 9579.0000  6.396E-47
 9580.0000  6.346E-47
 9581.0000  6.296E-47
 9582.0000  6.247E-47
 9583.0000  6.198E-47
 9584.0000  6.150E-47
 9585.0000  6.103E-47
 9586.0000  6.055E-47
 9587.0000  6.009E-47
 9588.0000  5.963E-47
 9589.0000  5.917E-47
 9590.0000  5.872E-47
 9591.0000  5.827E-47
 9592.0000  5.783E-47
 9593.0000  5.739E-47
 9594.0000  5.695E-47
 9595.0000  5.652E-47
 9596.0000  5.610E-47
             O2-Air  10512.000 11228.000    717 293.00 1.489e-47 -.999                 a(2)-X(0)  29
10512.0000  5.845E-49
10513.0000  5.903E-49
10514.0000  5.961E-49
10515.0000  6.021E-49
10516.0000  6.081E-49
10517.0000  6.141E-49
10518.0000  6.202E-49
10519.0000  6.264E-49
10520.0000  6.327E-49
10521.0000  6.390E-49
10522.0000  6.454E-49
10523.0000  6.518E-49
10524.0000  6.584E-49
10525.0000  6.650E-49
10526.0000  6.717E-49
10527.0000  6.784E-49
10528.0000  6.852E-49
10529.0000  6.921E-49
10530.0000  6.991E-49
10531.0000  7.062E-49
10532.0000  7.133E-49
10533.0000  7.205E-49
10534.0000  7.278E-49
10535.0000  7.352E-49
10536.0000  7.426E-49
10537.0000  7.502E-49
10538.0000  7.578E-49
10539.0000  7.655E-49
10540.0000  7.733E-49
10541.0000  7.812E-49
10542.0000  7.891E-49
10543.0000  7.972E-49
10544.0000  8.053E-49
10545.0000  8.136E-49
10546.0000  8.219E-49
10547.0000  8.303E-49
10548.0000  8.388E-49
10549.0000  8.474E-49
10550.0000  8.561E-49
10551.0000  8.649E-49
10552.0000  8.738E-49
10553.0000  8.828E-49
10554.0000  8.920E-49
10555.0000  9.012E-49
10556.0000  9.105E-49
10557.0000  9.199E-49
10558.0000  9.294E-49
10559.0000  9.391E-49
10560.0000  9.488E-49
10561.0000  9.586E-49
10562.0000  9.686E-49
10563.0000  9.787E-49
10564.0000  9.889E-49
10565.0000  9.992E-49
10566.0000  1.010E-48
10567.0000  1.020E-48
10568.0000  1.031E-48
10569.0000  1.042E-48
10570.0000  1.053E-48
10571.0000  1.064E-48
10572.0000  1.075E-48
10573.0000  1.086E-48
10574.0000  1.097E-48
10575.0000  1.109E-48
10576.0000  1.121E-48
10577.0000  1.132E-48
10578.0000  1.144E-48
10579.0000  1.157E-48
10580.0000  1.169E-48
10581.0000  1.181E-48
10582.0000  1.194E-48
10583.0000  1.206E-48
10584.0000  1.219E-48
10585.0000  1.232E-48
10586.0000  1.245E-48
10587.0000  1.258E-48
10588.0000  1.272E-48
10589.0000  1.285E-48
10590.0000  1.299E-48
10591.0000  1.313E-48
10592.0000  1.327E-48
10593.0000  1.341E-48
10594.0000  1.355E-48
10595.0000  1.370E-48
10596.0000  1.385E-48
10597.0000  1.400E-48
10598.0000  1.415E-48
10599.0000  1.430E-48
10600.0000  1.445E-48
10601.0000  1.461E-48
10602.0000  1.477E-48
10603.0000  1.492E-48
10604.0000  1.509E-48
10605.0000  1.525E-48
10606.0000  1.541E-48
10607.0000  1.558E-48
10608.0000  1.575E-48
10609.0000  1.592E-48
10610.0000  1.609E-48
10611.0000  1.627E-48
10612.0000  1.645E-48
10613.0000  1.662E-48
10614.0000  1.681E-48
10615.0000  1.699E-48
10616.0000  1.717E-48
10617.0000  1.736E-48
10618.0000  1.755E-48
10619.0000  1.774E-48
10620.0000  1.794E-48
10621.0000  1.813E-48
10622.0000  1.833E-48
10623.0000  1.853E-48
10624.0000  1.874E-48
10625.0000  1.894E-48
10626.0000  1.915E-48
10627.0000  1.936E-48
10628.0000  1.957E-48
10629.0000  1.979E-48
10630.0000  2.001E-48
10631.0000  2.023E-48
10632.0000  2.045E-48
10633.0000  2.068E-48
10634.0000  2.091E-48
10635.0000  2.114E-48
10636.0000  2.137E-48
10637.0000  2.161E-48
10638.0000  2.185E-48
10639.0000  2.209E-48
10640.0000  2.233E-48
10641.0000  2.258E-48
10642.0000  2.283E-48
10643.0000  2.309E-48
10644.0000  2.334E-48
10645.0000  2.360E-48
10646.0000  2.387E-48
10647.0000  2.413E-48
10648.0000  2.440E-48
10649.0000  2.467E-48
10650.0000  2.495E-48
10651.0000  2.523E-48
10652.0000  2.551E-48
10653.0000  2.579E-48
10654.0000  2.608E-48
10655.0000  2.637E-48
10656.0000  2.667E-48
10657.0000  2.697E-48
10658.0000  2.727E-48
10659.0000  2.757E-48
10660.0000  2.788E-48
10661.0000  2.819E-48
10662.0000  2.851E-48
10663.0000  2.883E-48
10664.0000  2.915E-48
10665.0000  2.948E-48
10666.0000  2.981E-48
10667.0000  3.014E-48
10668.0000  3.048E-48
10669.0000  3.083E-48
10670.0000  3.117E-48
10671.0000  3.152E-48
10672.0000  3.188E-48
10673.0000  3.223E-48
10674.0000  3.260E-48
10675.0000  3.296E-48
10676.0000  3.333E-48
10677.0000  3.371E-48
10678.0000  3.409E-48
10679.0000  3.447E-48
10680.0000  3.486E-48
10681.0000  3.525E-48
10682.0000  3.564E-48
10683.0000  3.604E-48
10684.0000  3.645E-48
10685.0000  3.686E-48
10686.0000  3.727E-48
10687.0000  3.769E-48
10688.0000  3.811E-48
10689.0000  3.854E-48
10690.0000  3.897E-48
10691.0000  3.941E-48
10692.0000  3.985E-48
10693.0000  4.030E-48
10694.0000  4.075E-48
10695.0000  4.121E-48
10696.0000  4.167E-48
10697.0000  4.213E-48
10698.0000  4.261E-48
10699.0000  4.308E-48
10700.0000  4.356E-48
10701.0000  4.405E-48
10702.0000  4.454E-48
10703.0000  4.504E-48
10704.0000  4.554E-48
10705.0000  4.605E-48
10706.0000  4.656E-48
10707.0000  4.708E-48
10708.0000  4.760E-48
10709.0000  4.813E-48
10710.0000  4.866E-48
10711.0000  4.920E-48
10712.0000  4.974E-48
10713.0000  5.029E-48
10714.0000  5.085E-48
10715.0000  5.141E-48
10716.0000  5.197E-48
10717.0000  5.255E-48
10718.0000  5.312E-48
10719.0000  5.371E-48
10720.0000  5.429E-48
10721.0000  5.489E-48
10722.0000  5.549E-48
10723.0000  5.609E-48
10724.0000  5.670E-48
10725.0000  5.732E-48
10726.0000  5.794E-48
10727.0000  5.857E-48
10728.0000  5.920E-48
10729.0000  5.984E-48
10730.0000  6.049E-48
10731.0000  6.114E-48
10732.0000  6.180E-48
10733.0000  6.246E-48
10734.0000  6.313E-48
10735.0000  6.380E-48
10736.0000  6.448E-48
10737.0000  6.517E-48
10738.0000  6.586E-48
10739.0000  6.655E-48
10740.0000  6.725E-48
10741.0000  6.796E-48
10742.0000  6.868E-48
10743.0000  6.939E-48
10744.0000  7.012E-48
10745.0000  7.085E-48
10746.0000  7.158E-48
10747.0000  7.232E-48
10748.0000  7.307E-48
10749.0000  7.382E-48
10750.0000  7.458E-48
10751.0000  7.534E-48
10752.0000  7.611E-48
10753.0000  7.688E-48
10754.0000  7.766E-48
10755.0000  7.844E-48
10756.0000  7.923E-48
10757.0000  8.003E-48
10758.0000  8.082E-48
10759.0000  8.163E-48
10760.0000  8.243E-48
10761.0000  8.325E-48
10762.0000  8.406E-48
10763.0000  8.489E-48
10764.0000  8.571E-48
10765.0000  8.654E-48
10766.0000  8.738E-48
10767.0000  8.822E-48
10768.0000  8.906E-48
10769.0000  8.991E-48
10770.0000  9.076E-48
10771.0000  9.161E-48
10772.0000  9.247E-48
10773.0000  9.334E-48
10774.0000  9.420E-48
10775.0000  9.507E-48
10776.0000  9.594E-48
10777.0000  9.682E-48
10778.0000  9.770E-48
10779.0000  9.858E-48
10780.0000  9.946E-48
10781.0000  1.003E-47
10782.0000  1.012E-47
10783.0000  1.021E-47
10784.0000  1.030E-47
10785.0000  1.039E-47
10786.0000  1.048E-47
10787.0000  1.057E-47
10788.0000  1.066E-47
10789.0000  1.075E-47
10790.0000  1.084E-47
10791.0000  1.093E-47
10792.0000  1.102E-47
10793.0000  1.111E-47
10794.0000  1.120E-47
10795.0000  1.129E-47
10796.0000  1.138E-47
10797.0000  1.148E-47
10798.0000  1.157E-47
10799.0000  1.166E-47
10800.0000  1.175E-47
10801.0000  1.184E-47
10802.0000  1.193E-47
10803.0000  1.202E-47
10804.0000  1.211E-47
10805.0000  1.220E-47
10806.0000  1.229E-47
10807.0000  1.238E-47
10808.0000  1.247E-47
10809.0000  1.255E-47
10810.0000  1.264E-47
10811.0000  1.273E-47
10812.0000  1.282E-47
10813.0000  1.291E-47
10814.0000  1.299E-47
10815.0000  1.308E-47
10816.0000  1.317E-47
10817.0000  1.325E-47
10818.0000  1.334E-47
10819.0000  1.343E-47
10820.0000  1.351E-47
10821.0000  1.359E-47
10822.0000  1.368E-47
10823.0000  1.376E-47
10824.0000  1.384E-47
10825.0000  1.393E-47
10826.0000  1.401E-47
10827.0000  1.409E-47
10828.0000  1.417E-47
10829.0000  1.425E-47
10830.0000  1.433E-47
10831.0000  1.441E-47
10832.0000  1.448E-47
10833.0000  1.456E-47
10834.0000  1.464E-47
10835.0000  1.471E-47
10836.0000  1.479E-47
10837.0000  1.486E-47
10838.0000  1.489E-47
10839.0000  1.489E-47
10840.0000  1.489E-47
10841.0000  1.488E-47
10842.0000  1.488E-47
10843.0000  1.487E-47
10844.0000  1.487E-47
10845.0000  1.486E-47
10846.0000  1.485E-47
10847.0000  1.484E-47
10848.0000  1.483E-47
10849.0000  1.481E-47
10850.0000  1.480E-47
10851.0000  1.479E-47
10852.0000  1.477E-47
10853.0000  1.475E-47
10854.0000  1.473E-47
10855.0000  1.471E-47
10856.0000  1.469E-47
10857.0000  1.467E-47
10858.0000  1.465E-47
10859.0000  1.463E-47
10860.0000  1.460E-47
10861.0000  1.457E-47
10862.0000  1.455E-47
10863.0000  1.452E-47
10864.0000  1.449E-47
10865.0000  1.446E-47
10866.0000  1.443E-47
10867.0000  1.440E-47
10868.0000  1.437E-47
10869.0000  1.433E-47
10870.0000  1.430E-47
10871.0000  1.426E-47
10872.0000  1.423E-47
10873.0000  1.419E-47
10874.0000  1.415E-47
10875.0000  1.411E-47
10876.0000  1.407E-47
10877.0000  1.403E-47
10878.0000  1.399E-47
10879.0000  1.395E-47
10880.0000  1.390E-47
10881.0000  1.386E-47
10882.0000  1.382E-47
10883.0000  1.377E-47
10884.0000  1.372E-47
10885.0000  1.368E-47
10886.0000  1.363E-47
10887.0000  1.358E-47
10888.0000  1.353E-47
10889.0000  1.349E-47
10890.0000  1.344E-47
10891.0000  1.339E-47
10892.0000  1.333E-47
10893.0000  1.328E-47
10894.0000  1.323E-47
10895.0000  1.318E-47
10896.0000  1.313E-47
10897.0000  1.307E-47
10898.0000  1.302E-47
10899.0000  1.296E-47
10900.0000  1.291E-47
10901.0000  1.285E-47
10902.0000  1.280E-47
10903.0000  1.274E-47
10904.0000  1.269E-47
10905.0000  1.263E-47
10906.0000  1.257E-47
10907.0000  1.252E-47
10908.0000  1.246E-47
10909.0000  1.240E-47
10910.0000  1.234E-47
10911.0000  1.228E-47
10912.0000  1.223E-47
10913.0000  1.217E-47
10914.0000  1.211E-47
10915.0000  1.205E-47
10916.0000  1.199E-47
10917.0000  1.193E-47
10918.0000  1.187E-47
10919.0000  1.181E-47
10920.0000  1.175E-47
10921.0000  1.169E-47
10922.0000  1.163E-47
10923.0000  1.157E-47
10924.0000  1.151E-47
10925.0000  1.145E-47
10926.0000  1.139E-47
10927.0000  1.133E-47
10928.0000  1.127E-47
10929.0000  1.121E-47
10930.0000  1.115E-47
10931.0000  1.109E-47
10932.0000  1.102E-47
10933.0000  1.096E-47
10934.0000  1.090E-47
10935.0000  1.084E-47
10936.0000  1.078E-47
10937.0000  1.072E-47
10938.0000  1.066E-47
10939.0000  1.060E-47
10940.0000  1.054E-47
10941.0000  1.048E-47
10942.0000  1.042E-47
10943.0000  1.036E-47
10944.0000  1.030E-47
10945.0000  1.024E-47
10946.0000  1.018E-47
10947.0000  1.012E-47
10948.0000  1.007E-47
10949.0000  1.001E-47
10950.0000  9.947E-48
10951.0000  9.889E-48
10952.0000  9.830E-48
10953.0000  9.772E-48
10954.0000  9.714E-48
10955.0000  9.656E-48
10956.0000  9.599E-48
10957.0000  9.541E-48
10958.0000  9.484E-48
10959.0000  9.427E-48
10960.0000  9.370E-48
10961.0000  9.313E-48
10962.0000  9.257E-48
10963.0000  9.201E-48
10964.0000  9.145E-48
10965.0000  9.089E-48
10966.0000  9.034E-48
10967.0000  8.979E-48
10968.0000  8.924E-48
10969.0000  8.869E-48
10970.0000  8.815E-48
10971.0000  8.761E-48
10972.0000  8.707E-48
10973.0000  8.653E-48
10974.0000  8.600E-48
10975.0000  8.547E-48
10976.0000  8.494E-48
10977.0000  8.442E-48
10978.0000  8.389E-48
10979.0000  8.337E-48
10980.0000  8.286E-48
10981.0000  8.234E-48
10982.0000  8.183E-48
10983.0000  8.132E-48
10984.0000  8.082E-48
10985.0000  8.031E-48
10986.0000  7.981E-48
10987.0000  7.932E-48
10988.0000  7.882E-48
10989.0000  7.833E-48
10990.0000  7.784E-48
10991.0000  7.736E-48
10992.0000  7.687E-48
10993.0000  7.639E-48
10994.0000  7.592E-48
10995.0000  7.544E-48
10996.0000  7.497E-48
10997.0000  7.450E-48
10998.0000  7.404E-48
10999.0000  7.358E-48
11000.0000  7.312E-48
11001.0000  7.266E-48
11002.0000  7.221E-48
11003.0000  7.176E-48
11004.0000  7.131E-48
11005.0000  7.086E-48
11006.0000  7.042E-48
11007.0000  6.998E-48
11008.0000  6.955E-48
11009.0000  6.911E-48
11010.0000  6.868E-48
11011.0000  6.826E-48
11012.0000  6.783E-48
11013.0000  6.741E-48
11014.0000  6.699E-48
11015.0000  6.657E-48
11016.0000  6.616E-48
11017.0000  6.575E-48
11018.0000  6.534E-48
11019.0000  6.494E-48
11020.0000  6.454E-48
11021.0000  6.414E-48
11022.0000  6.374E-48
11023.0000  6.335E-48
11024.0000  6.296E-48
11025.0000  6.257E-48
11026.0000  6.218E-48
11027.0000  6.180E-48
11028.0000  6.142E-48
11029.0000  6.104E-48
11030.0000  6.067E-48
11031.0000  6.030E-48
11032.0000  5.993E-48
11033.0000  5.956E-48
11034.0000  5.920E-48
11035.0000  5.883E-48
11036.0000  5.847E-48
11037.0000  5.812E-48
11038.0000  5.776E-48
11039.0000  5.741E-48
11040.0000  5.706E-48
11041.0000  5.672E-48
11042.0000  5.637E-48
11043.0000  5.603E-48
11044.0000  5.569E-48
11045.0000  5.536E-48
11046.0000  5.502E-48
11047.0000  5.469E-48
11048.0000  5.436E-48
11049.0000  5.404E-48
11050.0000  5.371E-48
11051.0000  5.339E-48
11052.0000  5.307E-48
11053.0000  5.275E-48
11054.0000  5.244E-48
11055.0000  5.213E-48
11056.0000  5.182E-48
11057.0000  5.151E-48
11058.0000  5.120E-48
11059.0000  5.090E-48
11060.0000  5.060E-48
11061.0000  5.030E-48
11062.0000  5.000E-48
11063.0000  4.971E-48
11064.0000  4.941E-48
11065.0000  4.912E-48
11066.0000  4.884E-48
11067.0000  4.855E-48
11068.0000  4.827E-48
11069.0000  4.798E-48
11070.0000  4.770E-48
11071.0000  4.743E-48
11072.0000  4.715E-48
11073.0000  4.688E-48
11074.0000  4.660E-48
11075.0000  4.633E-48
11076.0000  4.607E-48
11077.0000  4.580E-48
11078.0000  4.554E-48
11079.0000  4.528E-48
11080.0000  4.502E-48
11081.0000  4.476E-48
11082.0000  4.450E-48
11083.0000  4.425E-48
11084.0000  4.400E-48
11085.0000  4.374E-48
11086.0000  4.350E-48
11087.0000  4.325E-48
11088.0000  4.300E-48
11089.0000  4.276E-48
11090.0000  4.252E-48
11091.0000  4.228E-48
11092.0000  4.204E-48
11093.0000  4.181E-48
11094.0000  4.157E-48
11095.0000  4.134E-48
11096.0000  4.111E-48
11097.0000  4.088E-48
11098.0000  4.065E-48
11099.0000  4.042E-48
11100.0000  4.020E-48
11101.0000  3.998E-48
11102.0000  3.976E-48
11103.0000  3.954E-48
11104.0000  3.932E-48
11105.0000  3.910E-48
11106.0000  3.889E-48
11107.0000  3.867E-48
11108.0000  3.846E-48
11109.0000  3.825E-48
11110.0000  3.804E-48
11111.0000  3.784E-48
11112.0000  3.763E-48
11113.0000  3.743E-48
11114.0000  3.722E-48
11115.0000  3.702E-48
11116.0000  3.682E-48
11117.0000  3.663E-48
11118.0000  3.643E-48
11119.0000  3.623E-48
11120.0000  3.604E-48
11121.0000  3.585E-48
11122.0000  3.566E-48
11123.0000  3.547E-48
11124.0000  3.528E-48
11125.0000  3.509E-48
11126.0000  3.490E-48
11127.0000  3.472E-48
11128.0000  3.454E-48
11129.0000  3.435E-48
11130.0000  3.417E-48
11131.0000  3.399E-48
11132.0000  3.382E-48
11133.0000  3.364E-48
11134.0000  3.346E-48
11135.0000  3.329E-48
11136.0000  3.312E-48
11137.0000  3.294E-48
11138.0000  3.277E-48
11139.0000  3.260E-48
11140.0000  3.244E-48
11141.0000  3.227E-48
11142.0000  3.210E-48
11143.0000  3.194E-48
11144.0000  3.177E-48
11145.0000  3.161E-48
11146.0000  3.145E-48
11147.0000  3.129E-48
11148.0000  3.113E-48
11149.0000  3.097E-48
11150.0000  3.082E-48
11151.0000  3.066E-48
11152.0000  3.051E-48
11153.0000  3.035E-48
11154.0000  3.020E-48
11155.0000  3.005E-48
11156.0000  2.990E-48
11157.0000  2.975E-48
11158.0000  2.960E-48
11159.0000  2.945E-48
11160.0000  2.931E-48
11161.0000  2.916E-48
11162.0000  2.902E-48
11163.0000  2.887E-48
11164.0000  2.873E-48
11165.0000  2.859E-48
11166.0000  2.845E-48
11167.0000  2.831E-48
11168.0000  2.817E-48
11169.0000  2.803E-48
11170.0000  2.789E-48
11171.0000  2.776E-48
11172.0000  2.762E-48
11173.0000  2.749E-48
11174.0000  2.736E-48
11175.0000  2.722E-48
11176.0000  2.709E-48
11177.0000  2.696E-48
11178.0000  2.683E-48
11179.0000  2.670E-48
11180.0000  2.658E-48
11181.0000  2.645E-48
11182.0000  2.632E-48
11183.0000  2.620E-48
11184.0000  2.607E-48
11185.0000  2.595E-48
11186.0000  2.583E-48
11187.0000  2.570E-48
11188.0000  2.558E-48
11189.0000  2.546E-48
11190.0000  2.534E-48
11191.0000  2.522E-48
11192.0000  2.511E-48
11193.0000  2.499E-48
11194.0000  2.487E-48
11195.0000  2.476E-48
11196.0000  2.464E-48
11197.0000  2.453E-48
11198.0000  2.441E-48
11199.0000  2.430E-48
11200.0000  2.419E-48
11201.0000  2.408E-48
11202.0000  2.397E-48
11203.0000  2.386E-48
11204.0000  2.375E-48
11205.0000  2.364E-48
11206.0000  2.353E-48
11207.0000  2.342E-48
11208.0000  2.332E-48
11209.0000  2.321E-48
11210.0000  2.311E-48
11211.0000  2.300E-48
11212.0000  2.290E-48
11213.0000  2.279E-48
11214.0000  2.269E-48
11215.0000  2.259E-48
11216.0000  2.249E-48
11217.0000  2.239E-48
11218.0000  2.229E-48
11219.0000  2.219E-48
11220.0000  2.209E-48
11221.0000  2.199E-48
11222.0000  2.190E-48
11223.0000  2.180E-48
11224.0000  2.170E-48
11225.0000  2.161E-48
11226.0000  2.151E-48
11227.0000  2.142E-48
11228.0000  2.132E-48
              O2-Air 12600.120 13839.642   2572  300.0 1.229e-46 0.500       A Band, P: 20-200atm  4
12600.1199    0
12600.6020    0
12601.0842    0
12601.5663    0
12602.0484    0
12602.5305    0
12603.0126    0
12603.4947    0
12603.9769    0
12604.4590    0
12604.9411    0
12605.4232    0
12605.9053    0
12606.3875    0
12606.8696    0
12607.3517    0
12607.8338    0
12608.3159    0
12608.7980    0
12609.2802    0
12609.7623    0
12610.2444    0
12610.7265    0
12611.2086    0
12611.6907    0
12612.1729    0
12612.6550    0
12613.1371    0
12613.6192    0
12614.1013    0
12614.5834    0
12615.0655    0
12615.5477    0
12616.0298    0
12616.5119    0
12616.9940    0
12617.4761    0
12617.9583    0
12618.4404    0
12618.9225    0
12619.4046    0
12619.8867    0
12620.3688    0
12620.8510    0
12621.3331    0
12621.8152    0
12622.2973    0
12622.7794    0
12623.2615    0
12623.7437    0
12624.2258    0
12624.7079    0
12625.1900    0
12625.6721    0
12626.1542    0
12626.6364    0
12627.1185    0
12627.6006    0
12628.0827    0
12628.5648    0
12629.0469    0
12629.5291    0
12630.0112    0
12630.4933    0
12630.9754    0
12631.4575    0
12631.9396    0
12632.4218  3.843e-53
12632.9039  2.367e-52
12633.3860  4.523e-52
12633.8681  6.854e-52
12634.3502  9.36e-52
12634.8323  1.204e-51
12635.3145  1.49e-51
12635.7966  1.794e-51
12636.2787  2.115e-51
12636.7608  2.453e-51
12637.2429  2.81e-51
12637.7250  3.184e-51
12638.2072  3.574e-51
12638.6893  3.982e-51
12639.1714  4.408e-51
12639.6535  4.849e-51
12640.1356  5.309e-51
12640.6177  5.783e-51
12641.0999  6.275e-51
12641.5820  6.783e-51
12642.0641  7.306e-51
12642.5462  7.846e-51
12643.0283  8.4e-51
12643.5104  8.969e-51
12643.9926  9.553e-51
12644.4747  1.015e-50
12644.9568  1.076e-50
12645.4389  1.138e-50
12645.9210  1.202e-50
12646.4031  1.267e-50
12646.8853  1.333e-50
12647.3674  1.4e-50
12647.8495  1.469e-50
12648.3316  1.538e-50
12648.8137  1.608e-50
12649.2958  1.679e-50
12649.7780  1.751e-50
12650.2601  1.824e-50
12650.7422  1.897e-50
12651.2243  1.971e-50
12651.7064  2.046e-50
12652.1885  2.121e-50
12652.6707  2.197e-50
12653.1528  2.272e-50
12653.6349  2.35e-50
12654.1170  2.425e-50
12654.5991  2.501e-50
12655.0812  2.579e-50
12655.5634  2.654e-50
12656.0455  2.732e-50
12656.5276  2.808e-50
12657.0097  2.885e-50
12657.4918  2.961e-50
12657.9739  3.037e-50
12658.4561  3.112e-50
12658.9382  3.186e-50
12659.4203  3.261e-50
12659.9024  3.333e-50
12660.3845  3.406e-50
12660.8666  3.478e-50
12661.3488  3.549e-50
12661.8309  3.62e-50
12662.3130  3.69e-50
12662.7951  3.757e-50
12663.2772  3.824e-50
12663.7593  3.889e-50
12664.2415  3.954e-50
12664.7236  4.017e-50
12665.2057  4.078e-50
12665.6878  4.139e-50
12666.1699  4.198e-50
12666.6520  4.257e-50
12667.1342  4.311e-50
12667.6163  4.366e-50
12668.0984  4.418e-50
12668.5805  4.471e-50
12669.0626  4.519e-50
12669.5447  4.567e-50
12670.0269  4.612e-50
12670.5090  4.656e-50
12670.9911  4.698e-50
12671.4732  4.74e-50
12671.9553  4.777e-50
12672.4374  4.813e-50
12672.9196  4.849e-50
12673.4017  4.88e-50
12673.8838  4.912e-50
12674.3659  4.939e-50
12674.8480  4.967e-50
12675.3301  4.992e-50
12675.8123  5.015e-50
12676.2944  5.036e-50
12676.7765  5.055e-50
12677.2586  5.071e-50
12677.7407  5.086e-50
12678.2228  5.101e-50
12678.7050  5.111e-50
12679.1871  5.122e-50
12679.6692  5.13e-50
12680.1513  5.135e-50
12680.6334  5.139e-50
12681.1155  5.143e-50
12681.5977  5.143e-50
12682.0798  5.143e-50
12682.5619  5.141e-50
12683.0440  5.137e-50
12683.5261  5.13e-50
12684.0082  5.124e-50
12684.4904  5.116e-50
12684.9725  5.105e-50
12685.4546  5.095e-50
12685.9367  5.082e-50
12686.4188  5.067e-50
12686.9009  5.053e-50
12687.3831  5.036e-50
12687.8652  5.019e-50
12688.3473  5e-50
12688.8294  4.981e-50
12689.3115  4.96e-50
12689.7936  4.939e-50
12690.2758  4.918e-50
12690.7579  4.895e-50
12691.2400  4.872e-50
12691.7221  4.847e-50
12692.2042  4.822e-50
12692.6863  4.796e-50
12693.1685  4.771e-50
12693.6506  4.744e-50
12694.1327  4.717e-50
12694.6148  4.689e-50
12695.0969  4.662e-50
12695.5790  4.635e-50
12696.0612  4.607e-50
12696.5433  4.578e-50
12697.0254  4.551e-50
12697.5075  4.523e-50
12697.9896  4.494e-50
12698.4717  4.467e-50
12698.9539  4.437e-50
12699.4360  4.41e-50
12699.9181  4.381e-50
12700.4002  4.353e-50
12700.8823  4.326e-50
12701.3644  4.299e-50
12701.8466  4.271e-50
12702.3287  4.246e-50
12702.8108  4.219e-50
12703.2929  4.194e-50
12703.7750  4.168e-50
12704.2571  4.143e-50
12704.7393  4.118e-50
12705.2214  4.095e-50
12705.7035  4.07e-50
12706.1856  4.047e-50
12706.6677  4.026e-50
12707.1498  4.003e-50
12707.6320  3.982e-50
12708.1141  3.961e-50
12708.5962  3.942e-50
12709.0783  3.923e-50
12709.5604  3.904e-50
12710.0425  3.887e-50
12710.5247  3.87e-50
12711.0068  3.853e-50
12711.4889  3.837e-50
12711.9710  3.822e-50
12712.4531  3.809e-50
12712.9352  3.795e-50
12713.4174  3.784e-50
12713.8995  3.772e-50
12714.3816  3.761e-50
12714.8637  3.751e-50
12715.3458  3.742e-50
12715.8280  3.734e-50
12716.3101  3.727e-50
12716.7922  3.721e-50
12717.2743  3.717e-50
12717.7564  3.713e-50
12718.2385  3.711e-50
12718.7206  3.709e-50
12719.2028  3.706e-50
12719.6849  3.706e-50
12720.1670  3.709e-50
12720.6491  3.711e-50
12721.1312  3.715e-50
12721.6133  3.719e-50
12722.0955  3.725e-50
12722.5776  3.734e-50
12723.0597  3.742e-50
12723.5418  3.753e-50
12724.0239  3.765e-50
12724.5060  3.778e-50
12724.9882  3.793e-50
12725.4703  3.809e-50
12725.9524  3.826e-50
12726.4345  3.845e-50
12726.9166  3.868e-50
12727.3988  3.891e-50
12727.8809  3.914e-50
12728.3630  3.942e-50
12728.8451  3.971e-50
12729.3272  4.003e-50
12729.8093  4.036e-50
12730.2915  4.07e-50
12730.7736  4.108e-50
12731.2557  4.147e-50
12731.7378  4.19e-50
12732.2199  4.236e-50
12732.7020  4.282e-50
12733.1841  4.332e-50
12733.6663  4.385e-50
12734.1484  4.441e-50
12734.6305  4.498e-50
12735.1126  4.561e-50
12735.5947  4.626e-50
12736.0768  4.694e-50
12736.5590  4.765e-50
12737.0411  4.838e-50
12737.5232  4.916e-50
12738.0053  4.998e-50
12738.4874  5.084e-50
12738.9695  5.172e-50
12739.4517  5.265e-50
12739.9338  5.361e-50
12740.4159  5.462e-50
12740.8980  5.567e-50
12741.3801  5.676e-50
12741.8623  5.79e-50
12742.3444  5.907e-50
12742.8265  6.029e-50
12743.3086  6.157e-50
12743.7907  6.287e-50
12744.2728  6.424e-50
12744.7550  6.565e-50
12745.2371  6.712e-50
12745.7192  6.863e-50
12746.2013  7.018e-50
12746.6834  7.18e-50
12747.1655  7.346e-50
12747.6477  7.518e-50
12748.1298  7.694e-50
12748.6119  7.877e-50
12749.0940  8.066e-50
12749.5761  8.259e-50
12750.0582  8.459e-50
12750.5403  8.665e-50
12751.0225  8.875e-50
12751.5046  9.093e-50
12751.9867  9.316e-50
12752.4688  9.542e-50
12752.9509  9.778e-50
12753.4330  1.002e-49
12753.9152  1.026e-49
12754.3973  1.052e-49
12754.8794  1.078e-49
12755.3615  1.104e-49
12755.8436  1.131e-49
12756.3257  1.159e-49
12756.8079  1.187e-49
12757.2900  1.216e-49
12757.7721  1.246e-49
12758.2542  1.276e-49
12758.7363  1.307e-49
12759.2185  1.338e-49
12759.7006  1.37e-49
12760.1827  1.403e-49
12760.6648  1.436e-49
12761.1469  1.47e-49
12761.6290  1.504e-49
12762.1112  1.539e-49
12762.5933  1.575e-49
12763.0754  1.611e-49
12763.5575  1.648e-49
12764.0396  1.685e-49
12764.5217  1.723e-49
12765.0038  1.762e-49
12765.4860  1.801e-49
12765.9681  1.841e-49
12766.4502  1.881e-49
12766.9323  1.922e-49
12767.4144  1.964e-49
12767.8965  2.006e-49
12768.3787  2.048e-49
12768.8608  2.091e-49
12769.3429  2.136e-49
12769.8250  2.18e-49
12770.3071  2.224e-49
12770.7892  2.268e-49
12771.2714  2.314e-49
12771.7535  2.36e-49
12772.2356  2.407e-49
12772.7177  2.455e-49
12773.1998  2.501e-49
12773.6820  2.549e-49
12774.1641  2.598e-49
12774.6462  2.648e-49
12775.1283  2.696e-49
12775.6104  2.747e-49
12776.0925  2.797e-49
12776.5747  2.848e-49
12777.0568  2.898e-49
12777.5389  2.95e-49
12778.0210  3.003e-49
12778.5031  3.056e-49
12778.9852  3.108e-49
12779.4674  3.16e-49
12779.9495  3.213e-49
12780.4316  3.268e-49
12780.9137  3.322e-49
12781.3958  3.377e-49
12781.8779  3.431e-49
12782.3600  3.486e-49
12782.8422  3.543e-49
12783.3243  3.599e-49
12783.8064  3.654e-49
12784.2885  3.711e-49
12784.7706  3.767e-49
12785.2527  3.826e-49
12785.7349  3.883e-49
12786.2170  3.942e-49
12786.6991  3.998e-49
12787.1812  4.057e-49
12787.6633  4.116e-49
12788.1454  4.175e-49
12788.6276  4.234e-49
12789.1097  4.295e-49
12789.5918  4.353e-49
12790.0739  4.414e-49
12790.5560  4.475e-49
12791.0382  4.534e-49
12791.5203  4.595e-49
12792.0024  4.658e-49
12792.4845  4.719e-49
12792.9666  4.78e-49
12793.4487  4.843e-49
12793.9309  4.903e-49
12794.4130  4.967e-49
12794.8951  5.029e-49
12795.3772  5.09e-49
12795.8593  5.153e-49
12796.3414  5.219e-49
12796.8235  5.281e-49
12797.3057  5.344e-49
12797.7878  5.407e-49
12798.2699  5.473e-49
12798.7520  5.538e-49
12799.2341  5.601e-49
12799.7162  5.666e-49
12800.1984  5.731e-49
12800.6805  5.796e-49
12801.1626  5.861e-49
12801.6447  5.926e-49
12802.1268  5.991e-49
12802.6089  6.056e-49
12803.0911  6.124e-49
12803.5732  6.189e-49
12804.0553  6.256e-49
12804.5374  6.321e-49
12805.0195  6.388e-49
12805.5017  6.455e-49
12805.9838  6.52e-49
12806.4659  6.588e-49
12806.9480  6.655e-49
12807.4301  6.722e-49
12807.9122  6.789e-49
12808.3944  6.857e-49
12808.8765  6.924e-49
12809.3586  6.991e-49
12809.8407  7.058e-49
12810.3228  7.125e-49
12810.8049  7.193e-49
12811.2871  7.262e-49
12811.7692  7.329e-49
12812.2513  7.396e-49
12812.7334  7.463e-49
12813.2155  7.531e-49
12813.6976  7.6e-49
12814.1797  7.667e-49
12814.6619  7.734e-49
12815.1440  7.801e-49
12815.6261  7.871e-49
12816.1082  7.938e-49
12816.5903  8.005e-49
12817.0724  8.072e-49
12817.5546  8.14e-49
12818.0367  8.207e-49
12818.5188  8.276e-49
12819.0009  8.343e-49
12819.4830  8.41e-49
12819.9651  8.478e-49
12820.4473  8.545e-49
12820.9294  8.61e-49
12821.4115  8.677e-49
12821.8936  8.744e-49
12822.3757  8.812e-49
12822.8579  8.879e-49
12823.3400  8.944e-49
12823.8221  9.011e-49
12824.3042  9.076e-49
12824.7863  9.143e-49
12825.2684  9.208e-49
12825.7506  9.276e-49
12826.2327  9.341e-49
12826.7148  9.406e-49
12827.1969  9.473e-49
12827.6790  9.538e-49
12828.1611  9.603e-49
12828.6432  9.668e-49
12829.1254  9.733e-49
12829.6075  9.799e-49
12830.0896  9.864e-49
12830.5717  9.929e-49
12831.0538  9.994e-49
12831.5359  1.006e-48
12832.0181  1.012e-48
12832.5002  1.019e-48
12832.9823  1.025e-48
12833.4644  1.032e-48
12833.9465  1.038e-48
12834.4286  1.045e-48
12834.9108  1.051e-48
12835.3929  1.058e-48
12835.8750  1.064e-48
12836.3571  1.071e-48
12836.8392  1.077e-48
12837.3214  1.084e-48
12837.8035  1.09e-48
12838.2856  1.097e-48
12838.7677  1.103e-48
12839.2498  1.11e-48
12839.7319  1.116e-48
12840.2141  1.123e-48
12840.6962  1.13e-48
12841.1783  1.136e-48
12841.6604  1.143e-48
12842.1425  1.15e-48
12842.6246  1.157e-48
12843.1068  1.164e-48
12843.5889  1.171e-48
12844.0710  1.177e-48
12844.5531  1.184e-48
12845.0352  1.192e-48
12845.5173  1.199e-48
12845.9994  1.206e-48
12846.4816  1.213e-48
12846.9637  1.22e-48
12847.4458  1.228e-48
12847.9279  1.235e-48
12848.4100  1.243e-48
12848.8921  1.25e-48
12849.3743  1.258e-48
12849.8564  1.266e-48
12850.3385  1.274e-48
12850.8206  1.282e-48
12851.3027  1.29e-48
12851.7849  1.298e-48
12852.2670  1.306e-48
12852.7491  1.315e-48
12853.2312  1.323e-48
12853.7133  1.332e-48
12854.1954  1.34e-48
12854.6776  1.349e-48
12855.1597  1.358e-48
12855.6418  1.367e-48
12856.1239  1.377e-48
12856.6060  1.386e-48
12857.0881  1.395e-48
12857.5703  1.405e-48
12858.0524  1.415e-48
12858.5345  1.425e-48
12859.0166  1.435e-48
12859.4987  1.445e-48
12859.9808  1.455e-48
12860.4630  1.466e-48
12860.9451  1.477e-48
12861.4272  1.487e-48
12861.9093  1.498e-48
12862.3914  1.509e-48
12862.8735  1.521e-48
12863.3557  1.532e-48
12863.8378  1.544e-48
12864.3199  1.556e-48
12864.8020  1.568e-48
12865.2841  1.58e-48
12865.7662  1.592e-48
12866.2484  1.605e-48
12866.7305  1.617e-48
12867.2126  1.63e-48
12867.6947  1.643e-48
12868.1768  1.656e-48
12868.6589  1.67e-48
12869.1411  1.683e-48
12869.6232  1.697e-48
12870.1053  1.711e-48
12870.5874  1.725e-48
12871.0695  1.739e-48
12871.5516  1.753e-48
12872.0338  1.768e-48
12872.5159  1.782e-48
12872.9980  1.797e-48
12873.4801  1.812e-48
12873.9622  1.827e-48
12874.4443  1.843e-48
12874.9265  1.858e-48
12875.4086  1.874e-48
12875.8907  1.89e-48
12876.3728  1.906e-48
12876.8549  1.922e-48
12877.3370  1.938e-48
12877.8192  1.955e-48
12878.3013  1.971e-48
12878.7834  1.988e-48
12879.2655  2.005e-48
12879.7476  2.022e-48
12880.2297  2.039e-48
12880.7119  2.056e-48
12881.1940  2.074e-48
12881.6761  2.091e-48
12882.1582  2.108e-48
12882.6403  2.127e-48
12883.1224  2.144e-48
12883.6046  2.163e-48
12884.0867  2.182e-48
12884.5688  2.199e-48
12885.0509  2.218e-48
12885.5330  2.236e-48
12886.0151  2.255e-48
12886.4973  2.274e-48
12886.9794  2.293e-48
12887.4615  2.312e-48
12887.9436  2.331e-48
12888.4257  2.352e-48
12888.9078  2.371e-48
12889.3900  2.39e-48
12889.8721  2.409e-48
12890.3542  2.43e-48
12890.8363  2.449e-48
12891.3184  2.47e-48
12891.8005  2.488e-48
12892.2827  2.509e-48
12892.7648  2.53e-48
12893.2469  2.549e-48
12893.7290  2.57e-48
12894.2111  2.591e-48
12894.6932  2.612e-48
12895.1754  2.633e-48
12895.6575  2.654e-48
12896.1396  2.675e-48
12896.6217  2.696e-48
12897.1038  2.717e-48
12897.5859  2.738e-48
12898.0681  2.759e-48
12898.5502  2.783e-48
12899.0323  2.803e-48
12899.5144  2.824e-48
12899.9965  2.848e-48
12900.4786  2.869e-48
12900.9608  2.892e-48
12901.4429  2.916e-48
12901.9250  2.942e-48
12902.4071  2.968e-48
12902.8892  2.995e-48
12903.3713  3.022e-48
12903.8535  3.047e-48
12904.3356  3.074e-48
12904.8177  3.102e-48
12905.2998  3.132e-48
12905.7819  3.16e-48
12906.2640  3.188e-48
12906.7462  3.217e-48
12907.2283  3.248e-48
12907.7104  3.277e-48
12908.1925  3.309e-48
12908.6746  3.338e-48
12909.1567  3.37e-48
12909.6389  3.402e-48
12910.1210  3.435e-48
12910.6031  3.467e-48
12911.0852  3.5e-48
12911.5673  3.533e-48
12912.0494  3.567e-48
12912.5316  3.6e-48
12913.0137  3.636e-48
12913.4958  3.671e-48
12913.9779  3.707e-48
12914.4600  3.742e-48
12914.9421  3.778e-48
12915.4243  3.816e-48
12915.9064  3.853e-48
12916.3885  3.89e-48
12916.8706  3.928e-48
12917.3527  3.968e-48
12917.8348  4.006e-48
12918.3170  4.046e-48
12918.7991  4.085e-48
12919.2812  4.126e-48
12919.7633  4.166e-48
12920.2454  4.208e-48
12920.7275  4.249e-48
12921.2097  4.29e-48
12921.6918  4.332e-48
12922.1739  4.376e-48
12922.6560  4.417e-48
12923.1381  4.462e-48
12923.6202  4.504e-48
12924.1024  4.548e-48
12924.5845  4.592e-48
12925.0666  4.637e-48
12925.5487  4.684e-48
12926.0308  4.729e-48
12926.5129  4.776e-48
12926.9951  4.821e-48
12927.4772  4.868e-48
12927.9593  4.916e-48
12928.4414  4.963e-48
12928.9235  5.011e-48
12929.4056  5.059e-48
12929.8878  5.107e-48
12930.3699  5.157e-48
12930.8520  5.207e-48
12931.3341  5.256e-48
12931.8162  5.306e-48
12932.2983  5.357e-48
12932.7805  5.408e-48
12933.2626  5.458e-48
12933.7447  5.512e-48
12934.2268  5.563e-48
12934.7089  5.616e-48
12935.1910  5.668e-48
12935.6732  5.722e-48
12936.1553  5.776e-48
12936.6374  5.83e-48
12937.1195  5.884e-48
12937.6016  5.941e-48
12938.0837  5.995e-48
12938.5659  6.053e-48
12939.0480  6.108e-48
12939.5301  6.166e-48
12940.0122  6.223e-48
12940.4943  6.281e-48
12940.9764  6.34e-48
12941.4586  6.4e-48
12941.9407  6.459e-48
12942.4228  6.519e-48
12942.9049  6.58e-48
12943.3870  6.642e-48
12943.8691  6.705e-48
12944.3513  6.767e-48
12944.8334  6.831e-48
12945.3155  6.894e-48
12945.7976  6.958e-48
12946.2797  7.025e-48
12946.7618  7.09e-48
12947.2440  7.157e-48
12947.7261  7.225e-48
12948.2082  7.293e-48
12948.6903  7.362e-48
12949.1724  7.431e-48
12949.6545  7.501e-48
12950.1367  7.575e-48
12950.6188  7.648e-48
12951.1009  7.719e-48
12951.5830  7.793e-48
12952.0651  7.869e-48
12952.5472  7.944e-48
12953.0294  8.022e-48
12953.5115  8.099e-48
12953.9936  8.178e-48
12954.4757  8.257e-48
12954.9578  8.338e-48
12955.4399  8.419e-48
12955.9221  8.502e-48
12956.4042  8.587e-48
12956.8863  8.671e-48
12957.3684  8.757e-48
12957.8505  8.845e-48
12958.3327  8.93e-48
12958.8148  9.021e-48
12959.2969  9.111e-48
12959.7790  9.201e-48
12960.2611  9.295e-48
12960.7432  9.388e-48
12961.2254  9.483e-48
12961.7075  9.579e-48
12962.1896  9.677e-48
12962.6717  9.774e-48
12963.1538  9.873e-48
12963.6359  9.974e-48
12964.1180  1.007e-47
12964.6002  1.018e-47
12965.0823  1.028e-47
12965.5644  1.039e-47
12966.0465  1.049e-47
12966.5286  1.06e-47
12967.0107  1.071e-47
12967.4929  1.082e-47
12967.9750  1.093e-47
12968.4571  1.104e-47
12968.9392  1.116e-47
12969.4213  1.127e-47
12969.9034  1.139e-47
12970.3856  1.151e-47
12970.8677  1.162e-47
12971.3498  1.174e-47
12971.8319  1.186e-47
12972.3140  1.198e-47
12972.7962  1.211e-47
12973.2783  1.223e-47
12973.7604  1.235e-47
12974.2425  1.248e-47
12974.7246  1.261e-47
12975.2067  1.274e-47
12975.6889  1.287e-47
12976.1710  1.3e-47
12976.6531  1.313e-47
12977.1352  1.326e-47
12977.6173  1.339e-47
12978.0994  1.353e-47
12978.5816  1.367e-47
12979.0637  1.38e-47
12979.5458  1.394e-47
12980.0279  1.408e-47
12980.5100  1.422e-47
12980.9921  1.436e-47
12981.4742  1.45e-47
12981.9564  1.465e-47
12982.4385  1.479e-47
12982.9206  1.494e-47
12983.4027  1.508e-47
12983.8848  1.523e-47
12984.3669  1.538e-47
12984.8491  1.553e-47
12985.3312  1.568e-47
12985.8133  1.583e-47
12986.2954  1.599e-47
12986.7775  1.614e-47
12987.2596  1.63e-47
12987.7418  1.646e-47
12988.2239  1.661e-47
12988.7060  1.678e-47
12989.1881  1.694e-47
12989.6702  1.71e-47
12990.1524  1.726e-47
12990.6345  1.743e-47
12991.1166  1.76e-47
12991.5987  1.777e-47
12992.0808  1.794e-47
12992.5629  1.811e-47
12993.0451  1.829e-47
12993.5272  1.846e-47
12994.0093  1.864e-47
12994.4914  1.882e-47
12994.9735  1.901e-47
12995.4556  1.919e-47
12995.9377  1.938e-47
12996.4199  1.957e-47
12996.9020  1.976e-47
12997.3841  1.996e-47
12997.8662  2.016e-47
12998.3483  2.036e-47
12998.8304  2.056e-47
12999.3126  2.077e-47
12999.7947  2.098e-47
13000.2768  2.119e-47
13000.7589  2.141e-47
13001.2410  2.163e-47
13001.7231  2.186e-47
13002.2053  2.209e-47
13002.6874  2.232e-47
13003.1695  2.256e-47
13003.6516  2.279e-47
13004.1337  2.305e-47
13004.6159  2.33e-47
13005.0980  2.355e-47
13005.5801  2.381e-47
13006.0622  2.408e-47
13006.5443  2.435e-47
13007.0264  2.462e-47
13007.5086  2.491e-47
13007.9907  2.519e-47
13008.4728  2.549e-47
13008.9549  2.579e-47
13009.4370  2.609e-47
13009.9191  2.641e-47
13010.4013  2.673e-47
13010.8834  2.706e-47
13011.3655  2.739e-47
13011.8476  2.773e-47
13012.3297  2.808e-47
13012.8118  2.843e-47
13013.2939  2.88e-47
13013.7761  2.918e-47
13014.2582  2.955e-47
13014.7403  2.994e-47
13015.2224  3.034e-47
13015.7045  3.074e-47
13016.1866  3.116e-47
13016.6688  3.158e-47
13017.1509  3.201e-47
13017.6330  3.246e-47
13018.1151  3.29e-47
13018.5972  3.336e-47
13019.0793  3.384e-47
13019.5615  3.431e-47
13020.0436  3.48e-47
13020.5257  3.53e-47
13021.0078  3.582e-47
13021.4899  3.633e-47
13021.9721  3.686e-47
13022.4542  3.74e-47
13022.9363  3.795e-47
13023.4184  3.851e-47
13023.9005  3.909e-47
13024.3826  3.967e-47
13024.8648  4.026e-47
13025.3469  4.087e-47
13025.8290  4.148e-47
13026.3111  4.211e-47
13026.7932  4.274e-47
13027.2753  4.34e-47
13027.7574  4.406e-47
13028.2396  4.473e-47
13028.7217  4.541e-47
13029.2038  4.609e-47
13029.6859  4.68e-47
13030.1680  4.751e-47
13030.6501  4.823e-47
13031.1323  4.897e-47
13031.6144  4.972e-47
13032.0965  5.047e-47
13032.5786  5.123e-47
13033.0607  5.2e-47
13033.5428  5.279e-47
13034.0250  5.359e-47
13034.5071  5.438e-47
13034.9892  5.519e-47
13035.4713  5.601e-47
13035.9534  5.687e-47
13036.4356  5.77e-47
13036.9177  5.854e-47
13037.3998  5.941e-47
13037.8819  6.027e-47
13038.3640  6.115e-47
13038.8461  6.203e-47
13039.3283  6.292e-47
13039.8104  6.38e-47
13040.2925  6.472e-47
13040.7746  6.561e-47
13041.2567  6.654e-47
13041.7388  6.746e-47
13042.2210  6.839e-47
13042.7031  6.931e-47
13043.1852  7.024e-47
13043.6673  7.119e-47
13044.1494  7.213e-47
13044.6315  7.309e-47
13045.1136  7.404e-47
13045.5958  7.499e-47
13046.0779  7.593e-47
13046.5600  7.69e-47
13047.0421  7.786e-47
13047.5242  7.881e-47
13048.0063  7.978e-47
13048.4885  8.073e-47
13048.9706  8.17e-47
13049.4527  8.264e-47
13049.9348  8.36e-47
13050.4169  8.456e-47
13050.8990  8.551e-47
13051.3812  8.646e-47
13051.8633  8.74e-47
13052.3454  8.836e-47
13052.8275  8.93e-47
13053.3096  9.022e-47
13053.7918  9.117e-47
13054.2739  9.207e-47
13054.7560  9.298e-47
13055.2381  9.39e-47
13055.7202  9.481e-47
13056.2023  9.57e-47
13056.6845  9.66e-47
13057.1666  9.746e-47
13057.6487  9.834e-47
13058.1308  9.92e-47
13058.6129  1e-46
13059.0950  1.009e-46
13059.5771  1.017e-46
13060.0593  1.025e-46
13060.5414  1.033e-46
13061.0235  1.041e-46
13061.5056  1.049e-46
13061.9877  1.057e-46
13062.4698  1.064e-46
13062.9520  1.072e-46
13063.4341  1.079e-46
13063.9162  1.086e-46
13064.3983  1.093e-46
13064.8804  1.1e-46
13065.3625  1.107e-46
13065.8447  1.113e-46
13066.3268  1.119e-46
13066.8089  1.126e-46
13067.2910  1.131e-46
13067.7731  1.137e-46
13068.2553  1.143e-46
13068.7374  1.148e-46
13069.2195  1.154e-46
13069.7016  1.159e-46
13070.1837  1.164e-46
13070.6658  1.169e-46
13071.1480  1.173e-46
13071.6301  1.178e-46
13072.1122  1.182e-46
13072.5943  1.186e-46
13073.0764  1.19e-46
13073.5585  1.194e-46
13074.0407  1.197e-46
13074.5228  1.2e-46
13075.0049  1.204e-46
13075.4870  1.207e-46
13075.9691  1.209e-46
13076.4512  1.212e-46
13076.9333  1.214e-46
13077.4155  1.216e-46
13077.8976  1.218e-46
13078.3797  1.22e-46
13078.8618  1.222e-46
13079.3439  1.223e-46
13079.8260  1.225e-46
13080.3082  1.226e-46
13080.7903  1.227e-46
13081.2724  1.228e-46
13081.7545  1.228e-46
13082.2366  1.229e-46
13082.7188  1.229e-46
13083.2009  1.229e-46
13083.6830  1.229e-46
13084.1651  1.229e-46
13084.6472  1.229e-46
13085.1293  1.228e-46
13085.6115  1.228e-46
13086.0936  1.227e-46
13086.5757  1.226e-46
13087.0578  1.225e-46
13087.5399  1.224e-46
13088.0220  1.222e-46
13088.5042  1.221e-46
13088.9863  1.22e-46
13089.4684  1.218e-46
13089.9505  1.216e-46
13090.4326  1.215e-46
13090.9147  1.213e-46
13091.3968  1.211e-46
13091.8790  1.208e-46
13092.3611  1.206e-46
13092.8432  1.204e-46
13093.3253  1.202e-46
13093.8074  1.199e-46
13094.2895  1.197e-46
13094.7717  1.195e-46
13095.2538  1.192e-46
13095.7359  1.189e-46
13096.2180  1.187e-46
13096.7001  1.184e-46
13097.1822  1.181e-46
13097.6644  1.179e-46
13098.1465  1.176e-46
13098.6286  1.173e-46
13099.1107  1.171e-46
13099.5928  1.168e-46
13100.0750  1.165e-46
13100.5571  1.162e-46
13101.0392  1.159e-46
13101.5213  1.157e-46
13102.0034  1.154e-46
13102.4855  1.151e-46
13102.9677  1.148e-46
13103.4498  1.146e-46
13103.9319  1.143e-46
13104.4140  1.14e-46
13104.8961  1.138e-46
13105.3782  1.135e-46
13105.8604  1.133e-46
13106.3425  1.13e-46
13106.8246  1.128e-46
13107.3067  1.125e-46
13107.7888  1.123e-46
13108.2709  1.121e-46
13108.7531  1.119e-46
13109.2352  1.117e-46
13109.7173  1.114e-46
13110.1994  1.113e-46
13110.6815  1.11e-46
13111.1636  1.109e-46
13111.6458  1.107e-46
13112.1279  1.105e-46
13112.6100  1.103e-46
13113.0921  1.102e-46
13113.5742  1.1e-46
13114.0563  1.099e-46
13114.5385  1.098e-46
13115.0206  1.096e-46
13115.5027  1.095e-46
13115.9848  1.094e-46
13116.4669  1.093e-46
13116.9490  1.092e-46
13117.4312  1.091e-46
13117.9133  1.09e-46
13118.3954  1.09e-46
13118.8775  1.089e-46
13119.3596  1.088e-46
13119.8417  1.088e-46
13120.3239  1.087e-46
13120.8060  1.087e-46
13121.2881  1.086e-46
13121.7702  1.086e-46
13122.2523  1.086e-46
13122.7344  1.086e-46
13123.2166  1.086e-46
13123.6987  1.085e-46
13124.1808  1.085e-46
13124.6629  1.085e-46
13125.1450  1.085e-46
13125.6271  1.086e-46
13126.1093  1.086e-46
13126.5914  1.086e-46
13127.0735  1.086e-46
13127.5556  1.086e-46
13128.0377  1.086e-46
13128.5198  1.087e-46
13129.0020  1.087e-46
13129.4841  1.087e-46
13129.9662  1.087e-46
13130.4483  1.088e-46
13130.9304  1.088e-46
13131.4125  1.088e-46
13131.8947  1.089e-46
13132.3768  1.089e-46
13132.8589  1.089e-46
13133.3410  1.089e-46
13133.8231  1.089e-46
13134.3052  1.09e-46
13134.7874  1.09e-46
13135.2695  1.09e-46
13135.7516  1.09e-46
13136.2337  1.09e-46
13136.7158  1.09e-46
13137.1979  1.09e-46
13137.6801  1.089e-46
13138.1622  1.089e-46
13138.6443  1.089e-46
13139.1264  1.089e-46
13139.6085  1.088e-46
13140.0906  1.088e-46
13140.5728  1.087e-46
13141.0549  1.087e-46
13141.5370  1.086e-46
13142.0191  1.085e-46
13142.5012  1.084e-46
13142.9833  1.083e-46
13143.4655  1.082e-46
13143.9476  1.08e-46
13144.4297  1.079e-46
13144.9118  1.078e-46
13145.3939  1.076e-46
13145.8760  1.075e-46
13146.3582  1.073e-46
13146.8403  1.071e-46
13147.3224  1.069e-46
13147.8045  1.067e-46
13148.2866  1.065e-46
13148.7687  1.062e-46
13149.2509  1.06e-46
13149.7330  1.057e-46
13150.2151  1.054e-46
13150.6972  1.052e-46
13151.1793  1.049e-46
13151.6614  1.046e-46
13152.1436  1.042e-46
13152.6257  1.039e-46
13153.1078  1.035e-46
13153.5899  1.032e-46
13154.0720  1.028e-46
13154.5541  1.024e-46
13155.0363  1.02e-46
13155.5184  1.016e-46
13156.0005  1.012e-46
13156.4826  1.008e-46
13156.9647  1.003e-46
13157.4468  9.985e-47
13157.9290  9.939e-47
13158.4111  9.89e-47
13158.8932  9.84e-47
13159.3753  9.789e-47
13159.8574  9.738e-47
13160.3395  9.684e-47
13160.8217  9.631e-47
13161.3038  9.576e-47
13161.7859  9.52e-47
13162.2680  9.463e-47
13162.7501  9.405e-47
13163.2322  9.346e-47
13163.7144  9.286e-47
13164.1965  9.225e-47
13164.6786  9.163e-47
13165.1607  9.101e-47
13165.6428  9.038e-47
13166.1249  8.974e-47
13166.6071  8.91e-47
13167.0892  8.844e-47
13167.5713  8.778e-47
13168.0534  8.711e-47
13168.5355  8.645e-47
13169.0176  8.576e-47
13169.4998  8.509e-47
13169.9819  8.44e-47
13170.4640  8.37e-47
13170.9461  8.3e-47
13171.4282  8.23e-47
13171.9103  8.16e-47
13172.3925  8.09e-47
13172.8746  8.02e-47
13173.3567  7.948e-47
13173.8388  7.878e-47
13174.3209  7.806e-47
13174.8030  7.733e-47
13175.2852  7.664e-47
13175.7673  7.591e-47
13176.2494  7.52e-47
13176.7315  7.449e-47
13177.2136  7.378e-47
13177.6957  7.306e-47
13178.1779  7.236e-47
13178.6600  7.165e-47
13179.1421  7.093e-47
13179.6242  7.023e-47
13180.1063  6.954e-47
13180.5884  6.885e-47
13181.0706  6.816e-47
13181.5527  6.746e-47
13182.0348  6.678e-47
13182.5169  6.611e-47
13182.9990  6.543e-47
13183.4811  6.475e-47
13183.9633  6.409e-47
13184.4454  6.344e-47
13184.9275  6.279e-47
13185.4096  6.215e-47
13185.8917  6.15e-47
13186.3738  6.088e-47
13186.8560  6.025e-47
13187.3381  5.963e-47
13187.8202  5.902e-47
13188.3023  5.843e-47
13188.7844  5.783e-47
13189.2665  5.724e-47
13189.7487  5.666e-47
13190.2308  5.609e-47
13190.7129  5.553e-47
13191.1950  5.499e-47
13191.6771  5.445e-47
13192.1592  5.391e-47
13192.6414  5.338e-47
13193.1235  5.286e-47
13193.6056  5.234e-47
13194.0877  5.184e-47
13194.5698  5.136e-47
13195.0519  5.086e-47
13195.5341  5.04e-47
13196.0162  4.994e-47
13196.4983  4.948e-47
13196.9804  4.904e-47
13197.4625  4.86e-47
13197.9446  4.819e-47
13198.4268  4.776e-47
13198.9089  4.734e-47
13199.3910  4.694e-47
13199.8731  4.656e-47
13200.3552  4.618e-47
13200.8373  4.581e-47
13201.3195  4.544e-47
13201.8016  4.51e-47
13202.2837  4.474e-47
13202.7658  4.441e-47
13203.2479  4.407e-47
13203.7301  4.375e-47
13204.2122  4.344e-47
13204.6943  4.313e-47
13205.1764  4.283e-47
13205.6585  4.256e-47
13206.1406  4.226e-47
13206.6228  4.2e-47
13207.1049  4.174e-47
13207.5870  4.146e-47
13208.0691  4.122e-47
13208.5512  4.096e-47
13209.0333  4.075e-47
13209.5155  4.05e-47
13209.9976  4.027e-47
13210.4797  4.007e-47
13210.9618  3.984e-47
13211.4439  3.964e-47
13211.9260  3.944e-47
13212.4081  3.925e-47
13212.8903  3.905e-47
13213.3724  3.886e-47
13213.8545  3.868e-47
13214.3366  3.85e-47
13214.8187  3.834e-47
13215.3008  3.816e-47
13215.7830  3.801e-47
13216.2651  3.784e-47
13216.7472  3.769e-47
13217.2293  3.755e-47
13217.7114  3.74e-47
13218.1935  3.726e-47
13218.6757  3.713e-47
13219.1578  3.699e-47
13219.6399  3.685e-47
13220.1220  3.672e-47
13220.6041  3.659e-47
13221.0863  3.646e-47
13221.5684  3.635e-47
13222.0505  3.622e-47
13222.5326  3.609e-47
13223.0147  3.599e-47
13223.4968  3.586e-47
13223.9790  3.576e-47
13224.4611  3.564e-47
13224.9432  3.554e-47
13225.4253  3.542e-47
13225.9074  3.532e-47
13226.3895  3.522e-47
13226.8716  3.51e-47
13227.3538  3.5e-47
13227.8359  3.49e-47
13228.3180  3.479e-47
13228.8001  3.469e-47
13229.2822  3.459e-47
13229.7643  3.45e-47
13230.2465  3.438e-47
13230.7286  3.428e-47
13231.2107  3.419e-47
13231.6928  3.407e-47
13232.1749  3.398e-47
13232.6570  3.388e-47
13233.1392  3.379e-47
13233.6213  3.369e-47
13234.1034  3.358e-47
13234.5855  3.348e-47
13235.0676  3.338e-47
13235.5498  3.327e-47
13236.0319  3.317e-47
13236.5140  3.308e-47
13236.9961  3.298e-47
13237.4782  3.287e-47
13237.9603  3.277e-47
13238.4425  3.267e-47
13238.9246  3.256e-47
13239.4067  3.246e-47
13239.8888  3.237e-47
13240.3709  3.225e-47
13240.8530  3.215e-47
13241.3352  3.204e-47
13241.8173  3.194e-47
13242.2994  3.182e-47
13242.7815  3.173e-47
13243.2636  3.163e-47
13243.7457  3.151e-47
13244.2278  3.142e-47
13244.7100  3.13e-47
13245.1921  3.12e-47
13245.6742  3.108e-47
13246.1563  3.097e-47
13246.6384  3.087e-47
13247.1205  3.075e-47
13247.6027  3.066e-47
13248.0848  3.054e-47
13248.5669  3.044e-47
13249.0490  3.033e-47
13249.5311  3.021e-47
13250.0132  3.011e-47
13250.4954  3e-47
13250.9775  2.988e-47
13251.4596  2.978e-47
13251.9417  2.967e-47
13252.4238  2.955e-47
13252.9060  2.946e-47
13253.3881  2.934e-47
13253.8702  2.923e-47
13254.3523  2.913e-47
13254.8344  2.902e-47
13255.3165  2.89e-47
13255.7987  2.881e-47
13256.2808  2.869e-47
13256.7629  2.858e-47
13257.2450  2.849e-47
13257.7271  2.837e-47
13258.2092  2.826e-47
13258.6913  2.817e-47
13259.1735  2.806e-47
13259.6556  2.794e-47
13260.1377  2.785e-47
13260.6198  2.774e-47
13261.1019  2.763e-47
13261.5840  2.754e-47
13262.0662  2.743e-47
13262.5483  2.734e-47
13263.0304  2.723e-47
13263.5125  2.712e-47
13263.9946  2.703e-47
13264.4767  2.692e-47
13264.9589  2.683e-47
13265.4410  2.672e-47
13265.9231  2.661e-47
13266.4052  2.653e-47
13266.8873  2.642e-47
13267.3695  2.633e-47
13267.8516  2.622e-47
13268.3337  2.614e-47
13268.8158  2.603e-47
13269.2979  2.594e-47
13269.7800  2.584e-47
13270.2622  2.575e-47
13270.7443  2.564e-47
13271.2264  2.556e-47
13271.7085  2.545e-47
13272.1906  2.537e-47
13272.6727  2.526e-47
13273.1549  2.518e-47
13273.6370  2.51e-47
13274.1191  2.499e-47
13274.6012  2.491e-47
13275.0833  2.48e-47
13275.5654  2.472e-47
13276.0475  2.464e-47
13276.5297  2.454e-47
13277.0118  2.445e-47
13277.4939  2.436e-47
13277.9760  2.427e-47
13278.4581  2.418e-47
13278.9402  2.409e-47
13279.4224  2.401e-47
13279.9045  2.392e-47
13280.3866  2.383e-47
13280.8687  2.374e-47
13281.3508  2.365e-47
13281.8329  2.357e-47
13282.3151  2.348e-47
13282.7972  2.34e-47
13283.2793  2.331e-47
13283.7614  2.322e-47
13284.2435  2.314e-47
13284.7257  2.305e-47
13285.2078  2.297e-47
13285.6899  2.288e-47
13286.1720  2.28e-47
13286.6541  2.271e-47
13287.1362  2.263e-47
13287.6184  2.254e-47
13288.1005  2.246e-47
13288.5826  2.238e-47
13289.0647  2.229e-47
13289.5468  2.221e-47
13290.0289  2.213e-47
13290.5110  2.205e-47
13290.9932  2.196e-47
13291.4753  2.188e-47
13291.9574  2.18e-47
13292.4395  2.172e-47
13292.9216  2.163e-47
13293.4037  2.155e-47
13293.8859  2.147e-47
13294.3680  2.139e-47
13294.8501  2.131e-47
13295.3322  2.123e-47
13295.8143  2.115e-47
13296.2964  2.107e-47
13296.7786  2.099e-47
13297.2607  2.091e-47
13297.7428  2.083e-47
13298.2249  2.075e-47
13298.7070  2.067e-47
13299.1892  2.059e-47
13299.6713  2.051e-47
13300.1534  2.043e-47
13300.6355  2.035e-47
13301.1176  2.028e-47
13301.5997  2.02e-47
13302.0819  2.012e-47
13302.5640  2.005e-47
13303.0461  1.997e-47
13303.5282  1.989e-47
13304.0103  1.982e-47
13304.4924  1.974e-47
13304.9746  1.967e-47
13305.4567  1.959e-47
13305.9388  1.952e-47
13306.4209  1.944e-47
13306.9030  1.937e-47
13307.3851  1.93e-47
13307.8672  1.922e-47
13308.3494  1.915e-47
13308.8315  1.908e-47
13309.3136  1.901e-47
13309.7957  1.894e-47
13310.2778  1.887e-47
13310.7599  1.879e-47
13311.2421  1.873e-47
13311.7242  1.866e-47
13312.2063  1.859e-47
13312.6884  1.852e-47
13313.1705  1.845e-47
13313.6526  1.838e-47
13314.1348  1.832e-47
13314.6169  1.825e-47
13315.0990  1.818e-47
13315.5811  1.812e-47
13316.0632  1.805e-47
13316.5454  1.799e-47
13317.0275  1.792e-47
13317.5096  1.786e-47
13317.9917  1.78e-47
13318.4738  1.773e-47
13318.9559  1.767e-47
13319.4381  1.761e-47
13319.9202  1.755e-47
13320.4023  1.749e-47
13320.8844  1.742e-47
13321.3665  1.737e-47
13321.8486  1.73e-47
13322.3307  1.724e-47
13322.8129  1.719e-47
13323.2950  1.713e-47
13323.7771  1.707e-47
13324.2592  1.701e-47
13324.7413  1.695e-47
13325.2234  1.69e-47
13325.7056  1.684e-47
13326.1877  1.678e-47
13326.6698  1.673e-47
13327.1519  1.667e-47
13327.6340  1.662e-47
13328.1161  1.656e-47
13328.5983  1.65e-47
13329.0804  1.645e-47
13329.5625  1.64e-47
13330.0446  1.634e-47
13330.5267  1.629e-47
13331.0089  1.623e-47
13331.4910  1.618e-47
13331.9731  1.613e-47
13332.4552  1.608e-47
13332.9373  1.602e-47
13333.4194  1.597e-47
13333.9016  1.592e-47
13334.3837  1.587e-47
13334.8658  1.581e-47
13335.3479  1.576e-47
13335.8300  1.571e-47
13336.3121  1.566e-47
13336.7943  1.561e-47
13337.2764  1.556e-47
13337.7585  1.551e-47
13338.2406  1.546e-47
13338.7227  1.54e-47
13339.2048  1.536e-47
13339.6869  1.53e-47
13340.1691  1.525e-47
13340.6512  1.52e-47
13341.1333  1.515e-47
13341.6154  1.51e-47
13342.0975  1.505e-47
13342.5796  1.5e-47
13343.0618  1.495e-47
13343.5439  1.49e-47
13344.0260  1.485e-47
13344.5081  1.48e-47
13344.9902  1.475e-47
13345.4724  1.47e-47
13345.9545  1.465e-47
13346.4366  1.46e-47
13346.9187  1.455e-47
13347.4008  1.45e-47
13347.8829  1.445e-47
13348.3651  1.44e-47
13348.8472  1.435e-47
13349.3293  1.43e-47
13349.8114  1.425e-47
13350.2935  1.42e-47
13350.7756  1.415e-47
13351.2578  1.409e-47
13351.7399  1.404e-47
13352.2220  1.399e-47
13352.7041  1.394e-47
13353.1862  1.389e-47
13353.6683  1.384e-47
13354.1505  1.379e-47
13354.6326  1.374e-47
13355.1147  1.369e-47
13355.5968  1.364e-47
13356.0789  1.358e-47
13356.5610  1.353e-47
13357.0432  1.348e-47
13357.5253  1.343e-47
13358.0074  1.338e-47
13358.4895  1.333e-47
13358.9716  1.328e-47
13359.4537  1.323e-47
13359.9359  1.317e-47
13360.4180  1.312e-47
13360.9001  1.307e-47
13361.3822  1.302e-47
13361.8643  1.296e-47
13362.3464  1.291e-47
13362.8286  1.286e-47
13363.3107  1.281e-47
13363.7928  1.276e-47
13364.2749  1.27e-47
13364.7570  1.265e-47
13365.2391  1.26e-47
13365.7213  1.255e-47
13366.2034  1.25e-47
13366.6855  1.244e-47
13367.1676  1.239e-47
13367.6497  1.234e-47
13368.1318  1.229e-47
13368.6140  1.223e-47
13369.0961  1.218e-47
13369.5782  1.213e-47
13370.0603  1.208e-47
13370.5424  1.202e-47
13371.0245  1.197e-47
13371.5067  1.192e-47
13371.9888  1.187e-47
13372.4709  1.182e-47
13372.9530  1.176e-47
13373.4351  1.171e-47
13373.9172  1.166e-47
13374.3994  1.16e-47
13374.8815  1.155e-47
13375.3636  1.15e-47
13375.8457  1.145e-47
13376.3278  1.14e-47
13376.8099  1.135e-47
13377.2921  1.129e-47
13377.7742  1.124e-47
13378.2563  1.119e-47
13378.7384  1.114e-47
13379.2205  1.108e-47
13379.7026  1.103e-47
13380.1848  1.098e-47
13380.6669  1.093e-47
13381.1490  1.088e-47
13381.6311  1.082e-47
13382.1132  1.077e-47
13382.5953  1.072e-47
13383.0775  1.067e-47
13383.5596  1.062e-47
13384.0417  1.057e-47
13384.5238  1.052e-47
13385.0059  1.046e-47
13385.4880  1.041e-47
13385.9702  1.036e-47
13386.4523  1.031e-47
13386.9344  1.026e-47
13387.4165  1.021e-47
13387.8986  1.016e-47
13388.3807  1.011e-47
13388.8629  1.006e-47
13389.3450  1.001e-47
13389.8271  9.955e-48
13390.3092  9.906e-48
13390.7913  9.854e-48
13391.2734  9.803e-48
13391.7556  9.754e-48
13392.2377  9.705e-48
13392.7198  9.654e-48
13393.2019  9.605e-48
13393.6840  9.556e-48
13394.1661  9.504e-48
13394.6483  9.455e-48
13395.1304  9.406e-48
13395.6125  9.357e-48
13396.0946  9.308e-48
13396.5767  9.258e-48
13397.0588  9.209e-48
13397.5410  9.162e-48
13398.0231  9.113e-48
13398.5052  9.063e-48
13398.9873  9.016e-48
13399.4694  8.967e-48
13399.9515  8.92e-48
13400.4337  8.873e-48
13400.9158  8.826e-48
13401.3979  8.776e-48
13401.8800  8.729e-48
13402.3621  8.682e-48
13402.8442  8.635e-48
13403.3264  8.59e-48
13403.8085  8.543e-48
13404.2906  8.496e-48
13404.7727  8.451e-48
13405.2548  8.404e-48
13405.7369  8.359e-48
13406.2191  8.314e-48
13406.7012  8.269e-48
13407.1833  8.224e-48
13407.6654  8.179e-48
13408.1475  8.135e-48
13408.6296  8.09e-48
13409.1118  8.045e-48
13409.5939  8.003e-48
13410.0760  7.958e-48
13410.5581  7.916e-48
13411.0402  7.873e-48
13411.5223  7.831e-48
13412.0045  7.789e-48
13412.4866  7.747e-48
13412.9687  7.704e-48
13413.4508  7.662e-48
13413.9329  7.622e-48
13414.4150  7.58e-48
13414.8972  7.541e-48
13415.3793  7.501e-48
13415.8614  7.461e-48
13416.3435  7.422e-48
13416.8256  7.382e-48
13417.3077  7.343e-48
13417.7899  7.305e-48
13418.2720  7.266e-48
13418.7541  7.229e-48
13419.2362  7.192e-48
13419.7183  7.155e-48
13420.2004  7.118e-48
13420.6826  7.081e-48
13421.1647  7.045e-48
13421.6468  7.01e-48
13422.1289  6.974e-48
13422.6110  6.939e-48
13423.0931  6.905e-48
13423.5753  6.871e-48
13424.0574  6.837e-48
13424.5395  6.803e-48
13425.0216  6.769e-48
13425.5037  6.737e-48
13425.9858  6.703e-48
13426.4680  6.672e-48
13426.9501  6.64e-48
13427.4322  6.609e-48
13427.9143  6.578e-48
13428.3964  6.546e-48
13428.8785  6.517e-48
13429.3607  6.486e-48
13429.8428  6.457e-48
13430.3249  6.429e-48
13430.8070  6.398e-48
13431.2891  6.371e-48
13431.7712  6.342e-48
13432.2534  6.314e-48
13432.7355  6.286e-48
13433.2176  6.259e-48
13433.6997  6.233e-48
13434.1818  6.205e-48
13434.6639  6.179e-48
13435.1461  6.153e-48
13435.6282  6.129e-48
13436.1103  6.103e-48
13436.5924  6.077e-48
13437.0745  6.053e-48
13437.5566  6.027e-48
13438.0388  6.004e-48
13438.5209  5.98e-48
13439.0030  5.957e-48
13439.4851  5.933e-48
13439.9672  5.91e-48
13440.4493  5.886e-48
13440.9315  5.865e-48
13441.4136  5.842e-48
13441.8957  5.821e-48
13442.3778  5.797e-48
13442.8599  5.776e-48
13443.3420  5.755e-48
13443.8242  5.734e-48
13444.3063  5.713e-48
13444.7884  5.692e-48
13445.2705  5.671e-48
13445.7526  5.653e-48
13446.2347  5.632e-48
13446.7169  5.611e-48
13447.1990  5.592e-48
13447.6811  5.571e-48
13448.1632  5.553e-48
13448.6453  5.534e-48
13449.1274  5.516e-48
13449.6096  5.497e-48
13450.0917  5.476e-48
13450.5738  5.458e-48
13451.0559  5.439e-48
13451.5380  5.421e-48
13452.0202  5.404e-48
13452.5023  5.386e-48
13452.9844  5.368e-48
13453.4665  5.349e-48
13453.9486  5.333e-48
13454.4307  5.315e-48
13454.9129  5.296e-48
13455.3950  5.28e-48
13455.8771  5.262e-48
13456.3592  5.246e-48
13456.8413  5.228e-48
13457.3234  5.212e-48
13457.8055  5.193e-48
13458.2877  5.177e-48
13458.7698  5.159e-48
13459.2519  5.143e-48
13459.7340  5.128e-48
13460.2161  5.11e-48
13460.6982  5.094e-48
13461.1804  5.076e-48
13461.6625  5.06e-48
13462.1446  5.044e-48
13462.6267  5.027e-48
13463.1088  5.011e-48
13463.5909  4.995e-48
13464.0731  4.978e-48
13464.5552  4.962e-48
13465.0373  4.947e-48
13465.5194  4.929e-48
13466.0015  4.914e-48
13466.4837  4.899e-48
13466.9658  4.881e-48
13467.4479  4.866e-48
13467.9300  4.849e-48
13468.4121  4.834e-48
13468.8942  4.817e-48
13469.3764  4.802e-48
13469.8585  4.784e-48
13470.3406  4.77e-48
13470.8227  4.753e-48
13471.3048  4.738e-48
13471.7869  4.721e-48
13472.2691  4.706e-48
13472.7512  4.69e-48
13473.2333  4.673e-48
13473.7154  4.658e-48
13474.1975  4.642e-48
13474.6796  4.626e-48
13475.1617  4.611e-48
13475.6439  4.595e-48
13476.1260  4.578e-48
13476.6081  4.562e-48
13477.0902  4.546e-48
13477.5723  4.53e-48
13478.0544  4.514e-48
13478.5366  4.498e-48
13479.0187  4.482e-48
13479.5008  4.466e-48
13479.9829  4.45e-48
13480.4650  4.434e-48
13480.9471  4.419e-48
13481.4293  4.403e-48
13481.9114  4.387e-48
13482.3935  4.372e-48
13482.8756  4.354e-48
13483.3577  4.338e-48
13483.8399  4.323e-48
13484.3220  4.308e-48
13484.8041  4.29e-48
13485.2862  4.275e-48
13485.7683  4.257e-48
13486.2504  4.242e-48
13486.7326  4.225e-48
13487.2147  4.21e-48
13487.6968  4.192e-48
13488.1789  4.177e-48
13488.6610  4.16e-48
13489.1431  4.145e-48
13489.6252  4.128e-48
13490.1074  4.111e-48
13490.5895  4.096e-48
13491.0716  4.078e-48
13491.5537  4.061e-48
13492.0358  4.046e-48
13492.5179  4.029e-48
13493.0001  4.012e-48
13493.4822  3.995e-48
13493.9643  3.978e-48
13494.4464  3.961e-48
13494.9285  3.946e-48
13495.4106  3.929e-48
13495.8928  3.912e-48
13496.3749  3.895e-48
13496.8570  3.878e-48
13497.3391  3.861e-48
13497.8212  3.844e-48
13498.3034  3.827e-48
13498.7855  3.81e-48
13499.2676  3.793e-48
13499.7497  3.776e-48
13500.2318  3.759e-48
13500.7139  3.742e-48
13501.1961  3.725e-48
13501.6782  3.707e-48
13502.1603  3.69e-48
13502.6424  3.673e-48
13503.1245  3.656e-48
13503.6066  3.639e-48
13504.0888  3.621e-48
13504.5709  3.604e-48
13505.0530  3.587e-48
13505.5351  3.569e-48
13506.0172  3.552e-48
13506.4993  3.535e-48
13506.9814  3.517e-48
13507.4636  3.5e-48
13507.9457  3.482e-48
13508.4278  3.465e-48
13508.9099  3.447e-48
13509.3920  3.43e-48
13509.8741  3.412e-48
13510.3563  3.394e-48
13510.8384  3.377e-48
13511.3205  3.359e-48
13511.8026  3.341e-48
13512.2847  3.326e-48
13512.7668  3.308e-48
13513.2490  3.29e-48
13513.7311  3.272e-48
13514.2132  3.257e-48
13514.6953  3.239e-48
13515.1774  3.221e-48
13515.6596  3.205e-48
13516.1417  3.187e-48
13516.6238  3.171e-48
13517.1059  3.153e-48
13517.5880  3.137e-48
13518.0701  3.119e-48
13518.5523  3.103e-48
13519.0344  3.087e-48
13519.5165  3.071e-48
13519.9986  3.053e-48
13520.4807  3.036e-48
13520.9628  3.02e-48
13521.4449  3.004e-48
13521.9271  2.988e-48
13522.4092  2.972e-48
13522.8913  2.958e-48
13523.3734  2.942e-48
13523.8555  2.925e-48
13524.3376  2.911e-48
13524.8198  2.895e-48
13525.3019  2.881e-48
13525.7840  2.864e-48
13526.2661  2.85e-48
13526.7482  2.836e-48
13527.2303  2.82e-48
13527.7125  2.805e-48
13528.1946  2.791e-48
13528.6767  2.777e-48
13529.1588  2.763e-48
13529.6409  2.75e-48
13530.1231  2.736e-48
13530.6052  2.722e-48
13531.0873  2.71e-48
13531.5694  2.695e-48
13532.0515  2.683e-48
13532.5336  2.671e-48
13533.0158  2.656e-48
13533.4979  2.644e-48
13533.9800  2.632e-48
13534.4621  2.62e-48
13534.9442  2.607e-48
13535.4263  2.597e-48
13535.9085  2.585e-48
13536.3906  2.572e-48
13536.8727  2.562e-48
13537.3548  2.552e-48
13537.8369  2.54e-48
13538.3190  2.529e-48
13538.8011  2.519e-48
13539.2833  2.509e-48
13539.7654  2.498e-48
13540.2475  2.488e-48
13540.7296  2.479e-48
13541.2117  2.469e-48
13541.6938  2.46e-48
13542.1760  2.451e-48
13542.6581  2.441e-48
13543.1402  2.432e-48
13543.6223  2.424e-48
13544.1044  2.415e-48
13544.5865  2.407e-48
13545.0687  2.398e-48
13545.5508  2.39e-48
13546.0329  2.382e-48
13546.5150  2.374e-48
13546.9971  2.367e-48
13547.4793  2.359e-48
13547.9614  2.352e-48
13548.4435  2.344e-48
13548.9256  2.337e-48
13549.4077  2.33e-48
13549.8898  2.323e-48
13550.3720  2.316e-48
13550.8541  2.31e-48
13551.3362  2.303e-48
13551.8183  2.297e-48
13552.3004  2.29e-48
13552.7825  2.284e-48
13553.2646  2.278e-48
13553.7468  2.272e-48
13554.2289  2.265e-48
13554.7110  2.26e-48
13555.1931  2.254e-48
13555.6752  2.248e-48
13556.1573  2.242e-48
13556.6395  2.236e-48
13557.1216  2.231e-48
13557.6037  2.225e-48
13558.0858  2.219e-48
13558.5679  2.214e-48
13559.0500  2.208e-48
13559.5322  2.203e-48
13560.0143  2.197e-48
13560.4964  2.192e-48
13560.9785  2.186e-48
13561.4606  2.18e-48
13561.9428  2.175e-48
13562.4249  2.17e-48
13562.9070  2.164e-48
13563.3891  2.158e-48
13563.8712  2.153e-48
13564.3533  2.147e-48
13564.8355  2.142e-48
13565.3176  2.136e-48
13565.7997  2.13e-48
13566.2818  2.125e-48
13566.7639  2.119e-48
13567.2460  2.113e-48
13567.7282  2.108e-48
13568.2103  2.102e-48
13568.6924  2.096e-48
13569.1745  2.09e-48
13569.6566  2.084e-48
13570.1387  2.078e-48
13570.6208  2.071e-48
13571.1030  2.065e-48
13571.5851  2.059e-48
13572.0672  2.052e-48
13572.5493  2.046e-48
13573.0314  2.04e-48
13573.5135  2.033e-48
13573.9957  2.026e-48
13574.4778  2.02e-48
13574.9599  2.013e-48
13575.4420  2.006e-48
13575.9241  1.999e-48
13576.4062  1.992e-48
13576.8884  1.985e-48
13577.3705  1.978e-48
13577.8526  1.97e-48
13578.3347  1.963e-48
13578.8168  1.955e-48
13579.2990  1.948e-48
13579.7811  1.94e-48
13580.2632  1.933e-48
13580.7453  1.925e-48
13581.2274  1.917e-48
13581.7095  1.909e-48
13582.1917  1.901e-48
13582.6738  1.893e-48
13583.1559  1.885e-48
13583.6380  1.876e-48
13584.1201  1.868e-48
13584.6022  1.86e-48
13585.0843  1.851e-48
13585.5665  1.843e-48
13586.0486  1.834e-48
13586.5307  1.826e-48
13587.0128  1.817e-48
13587.4949  1.808e-48
13587.9771  1.799e-48
13588.4592  1.79e-48
13588.9413  1.781e-48
13589.4234  1.772e-48
13589.9055  1.763e-48
13590.3876  1.754e-48
13590.8698  1.745e-48
13591.3519  1.735e-48
13591.8340  1.726e-48
13592.3161  1.717e-48
13592.7982  1.708e-48
13593.2803  1.698e-48
13593.7625  1.689e-48
13594.2446  1.679e-48
13594.7267  1.67e-48
13595.2088  1.66e-48
13595.6909  1.65e-48
13596.1730  1.641e-48
13596.6552  1.631e-48
13597.1373  1.621e-48
13597.6194  1.612e-48
13598.1015  1.602e-48
13598.5836  1.592e-48
13599.0657  1.583e-48
13599.5479  1.573e-48
13600.0300  1.563e-48
13600.5121  1.553e-48
13600.9942  1.543e-48
13601.4763  1.534e-48
13601.9584  1.524e-48
13602.4406  1.514e-48
13602.9227  1.504e-48
13603.4048  1.494e-48
13603.8869  1.484e-48
13604.3690  1.475e-48
13604.8511  1.465e-48
13605.3333  1.455e-48
13605.8154  1.445e-48
13606.2975  1.435e-48
13606.7796  1.425e-48
13607.2617  1.416e-48
13607.7438  1.406e-48
13608.2260  1.396e-48
13608.7081  1.386e-48
13609.1902  1.376e-48
13609.6723  1.367e-48
13610.1544  1.357e-48
13610.6365  1.347e-48
13611.1187  1.338e-48
13611.6008  1.328e-48
13612.0829  1.318e-48
13612.5650  1.309e-48
13613.0471  1.299e-48
13613.5292  1.289e-48
13614.0114  1.28e-48
13614.4935  1.27e-48
13614.9756  1.261e-48
13615.4577  1.251e-48
13615.9398  1.242e-48
13616.4219  1.232e-48
13616.9041  1.223e-48
13617.3862  1.214e-48
13617.8683  1.204e-48
13618.3504  1.195e-48
13618.8325  1.186e-48
13619.3146  1.176e-48
13619.7968  1.167e-48
13620.2789  1.158e-48
13620.7610  1.149e-48
13621.2431  1.14e-48
13621.7252  1.131e-48
13622.2073  1.122e-48
13622.6895  1.113e-48
13623.1716  1.104e-48
13623.6537  1.095e-48
13624.1358  1.087e-48
13624.6179  1.078e-48
13625.1000  1.069e-48
13625.5822  1.061e-48
13626.0643  1.052e-48
13626.5464  1.044e-48
13627.0285  1.035e-48
13627.5106  1.027e-48
13627.9927  1.019e-48
13628.4749  1.011e-48
13628.9570  1.002e-48
13629.4391  9.943e-49
13629.9212  9.863e-49
13630.4033  9.785e-49
13630.8854  9.705e-49
13631.3676  9.627e-49
13631.8497  9.552e-49
13632.3318  9.475e-49
13632.8139  9.4e-49
13633.2960  9.326e-49
13633.7781  9.252e-49
13634.2603  9.179e-49
13634.7424  9.108e-49
13635.2245  9.037e-49
13635.7066  8.966e-49
13636.1887  8.898e-49
13636.6708  8.83e-49
13637.1530  8.763e-49
13637.6351  8.698e-49
13638.1172  8.634e-49
13638.5993  8.57e-49
13639.0814  8.506e-49
13639.5635  8.444e-49
13640.0457  8.385e-49
13640.5278  8.325e-49
13641.0099  8.267e-49
13641.4920  8.211e-49
13641.9741  8.154e-49
13642.4562  8.101e-49
13642.9384  8.046e-49
13643.4205  7.994e-49
13643.9026  7.944e-49
13644.3847  7.893e-49
13644.8668  7.848e-49
13645.3489  7.804e-49
13645.8311  7.764e-49
13646.3132  7.722e-49
13646.7953  7.682e-49
13647.2774  7.644e-49
13647.7595  7.606e-49
13648.2416  7.568e-49
13648.7238  7.533e-49
13649.2059  7.497e-49
13649.6880  7.463e-49
13650.1701  7.432e-49
13650.6522  7.4e-49
13651.1343  7.369e-49
13651.6165  7.339e-49
13652.0986  7.31e-49
13652.5807  7.283e-49
13653.0628  7.258e-49
13653.5449  7.23e-49
13654.0270  7.207e-49
13654.5092  7.184e-49
13654.9913  7.161e-49
13655.4734  7.14e-49
13655.9555  7.119e-49
13656.4376  7.1e-49
13656.9197  7.083e-49
13657.4019  7.067e-49
13657.8840  7.05e-49
13658.3661  7.035e-49
13658.8482  7.02e-49
13659.3303  7.008e-49
13659.8124  6.997e-49
13660.2946  6.985e-49
13660.7767  6.976e-49
13661.2588  6.966e-49
13661.7409  6.959e-49
13662.2230  6.951e-49
13662.7051  6.945e-49
13663.1873  6.94e-49
13663.6694  6.936e-49
13664.1515  6.932e-49
13664.6336  6.93e-49
13665.1157  6.928e-49
13665.5978  6.926e-49
13666.0800  6.926e-49
13666.5621  6.926e-49
13667.0442  6.928e-49
13667.5263  6.93e-49
13668.0084  6.932e-49
13668.4905  6.934e-49
13668.9727  6.938e-49
13669.4548  6.943e-49
13669.9369  6.947e-49
13670.4190  6.951e-49
13670.9011  6.957e-49
13671.3832  6.964e-49
13671.8654  6.97e-49
13672.3475  6.976e-49
13672.8296  6.982e-49
13673.3117  6.991e-49
13673.7938  6.997e-49
13674.2759  7.006e-49
13674.7581  7.012e-49
13675.2402  7.02e-49
13675.7223  7.029e-49
13676.2044  7.037e-49
13676.6865  7.043e-49
13677.1686  7.052e-49
13677.6508  7.06e-49
13678.1329  7.069e-49
13678.6150  7.075e-49
13679.0971  7.083e-49
13679.5792  7.09e-49
13680.0613  7.096e-49
13680.5435  7.102e-49
13681.0256  7.108e-49
13681.5077  7.115e-49
13681.9898  7.119e-49
13682.4719  7.123e-49
13682.9540  7.127e-49
13683.4362  7.132e-49
13683.9183  7.134e-49
13684.4004  7.138e-49
13684.8825  7.138e-49
13685.3646  7.14e-49
13685.8468  7.14e-49
13686.3289  7.14e-49
13686.8110  7.138e-49
13687.2931  7.136e-49
13687.7752  7.134e-49
13688.2573  7.13e-49
13688.7394  7.123e-49
13689.2216  7.119e-49
13689.7037  7.111e-49
13690.1858  7.104e-49
13690.6679  7.096e-49
13691.1500  7.085e-49
13691.6321  7.075e-49
13692.1143  7.062e-49
13692.5964  7.05e-49
13693.0785  7.035e-49
13693.5606  7.02e-49
13694.0427  7.003e-49
13694.5248  6.987e-49
13695.0070  6.968e-49
13695.4891  6.949e-49
13695.9712  6.928e-49
13696.4533  6.905e-49
13696.9354  6.882e-49
13697.4176  6.857e-49
13697.8997  6.831e-49
13698.3818  6.804e-49
13698.8639  6.777e-49
13699.3460  6.747e-49
13699.8281  6.716e-49
13700.3103  6.684e-49
13700.7924  6.653e-49
13701.2745  6.617e-49
13701.7566  6.584e-49
13702.2387  6.546e-49
13702.7208  6.51e-49
13703.2030  6.47e-49
13703.6851  6.43e-49
13704.1672  6.39e-49
13704.6493  6.348e-49
13705.1314  6.304e-49
13705.6135  6.26e-49
13706.0956  6.216e-49
13706.5778  6.17e-49
13707.0599  6.124e-49
13707.5420  6.075e-49
13708.0241  6.025e-49
13708.5062  5.977e-49
13708.9883  5.926e-49
13709.4705  5.874e-49
13709.9526  5.821e-49
13710.4347  5.769e-49
13710.9168  5.714e-49
13711.3989  5.66e-49
13711.8810  5.603e-49
13712.3632  5.548e-49
13712.8453  5.491e-49
13713.3274  5.433e-49
13713.8095  5.376e-49
13714.2916  5.317e-49
13714.7738  5.258e-49
13715.2559  5.198e-49
13715.7380  5.139e-49
13716.2201  5.078e-49
13716.7022  5.017e-49
13717.1843  4.956e-49
13717.6665  4.895e-49
13718.1486  4.832e-49
13718.6307  4.769e-49
13719.1128  4.708e-49
13719.5949  4.645e-49
13720.0770  4.582e-49
13720.5591  4.519e-49
13721.0413  4.458e-49
13721.5234  4.395e-49
13722.0055  4.332e-49
13722.4876  4.269e-49
13722.9697  4.206e-49
13723.4518  4.143e-49
13723.9340  4.08e-49
13724.4161  4.017e-49
13724.8982  3.956e-49
13725.3803  3.893e-49
13725.8624  3.832e-49
13726.3445  3.77e-49
13726.8267  3.709e-49
13727.3088  3.648e-49
13727.7909  3.587e-49
13728.2730  3.528e-49
13728.7551  3.467e-49
13729.2373  3.408e-49
13729.7194  3.349e-49
13730.2015  3.291e-49
13730.6836  3.234e-49
13731.1657  3.175e-49
13731.6478  3.118e-49
13732.1300  3.062e-49
13732.6121  3.007e-49
13733.0942  2.953e-49
13733.5763  2.898e-49
13734.0584  2.843e-49
13734.5405  2.791e-49
13735.0227  2.738e-49
13735.5048  2.686e-49
13735.9869  2.635e-49
13736.4690  2.585e-49
13736.9511  2.535e-49
13737.4332  2.486e-49
13737.9153  2.438e-49
13738.3975  2.392e-49
13738.8796  2.346e-49
13739.3617  2.299e-49
13739.8438  2.253e-49
13740.3259  2.209e-49
13740.8080  2.167e-49
13741.2902  2.125e-49
13741.7723  2.083e-49
13742.2544  2.042e-49
13742.7365  2.002e-49
13743.2186  1.963e-49
13743.7007  1.925e-49
13744.1829  1.887e-49
13744.6650  1.851e-49
13745.1471  1.815e-49
13745.6292  1.781e-49
13746.1113  1.747e-49
13746.5935  1.714e-49
13747.0756  1.681e-49
13747.5577  1.65e-49
13748.0398  1.619e-49
13748.5219  1.59e-49
13749.0040  1.561e-49
13749.4862  1.533e-49
13749.9683  1.506e-49
13750.4504  1.479e-49
13750.9325  1.454e-49
13751.4146  1.429e-49
13751.8967  1.406e-49
13752.3788  1.383e-49
13752.8610  1.36e-49
13753.3431  1.339e-49
13753.8252  1.318e-49
13754.3073  1.299e-49
13754.7894  1.28e-49
13755.2715  1.261e-49
13755.7537  1.244e-49
13756.2358  1.227e-49
13756.7179  1.211e-49
13757.2000  1.196e-49
13757.6821  1.181e-49
13758.1642  1.168e-49
13758.6464  1.155e-49
13759.1285  1.142e-49
13759.6106  1.131e-49
13760.0927  1.12e-49
13760.5748  1.11e-49
13761.0570  1.1e-49
13761.5391  1.091e-49
13762.0212  1.083e-49
13762.5033  1.075e-49
13762.9854  1.068e-49
13763.4675  1.062e-49
13763.9497  1.056e-49
13764.4318  1.051e-49
13764.9139  1.046e-49
13765.3960  1.042e-49
13765.8781  1.039e-49
13766.3602  1.036e-49
13766.8424  1.033e-49
13767.3245  1.032e-49
13767.8066  1.03e-49
13768.2887  1.029e-49
13768.7708  1.029e-49
13769.2529  1.029e-49
13769.7350  1.03e-49
13770.2172  1.031e-49
13770.6993  1.032e-49
13771.1814  1.034e-49
13771.6635  1.037e-49
13772.1456  1.039e-49
13772.6277  1.042e-49
13773.1099  1.046e-49
13773.5920  1.05e-49
13774.0741  1.054e-49
13774.5562  1.059e-49
13775.0383  1.063e-49
13775.5204  1.069e-49
13776.0026  1.074e-49
13776.4847  1.08e-49
13776.9668  1.086e-49
13777.4489  1.092e-49
13777.9310  1.099e-49
13778.4132  1.106e-49
13778.8953  1.113e-49
13779.3774  1.12e-49
13779.8595  1.127e-49
13780.3416  1.135e-49
13780.8237  1.142e-49
13781.3059  1.15e-49
13781.7880  1.158e-49
13782.2701  1.166e-49
13782.7522  1.175e-49
13783.2343  1.183e-49
13783.7164  1.191e-49
13784.1985  1.199e-49
13784.6807  1.208e-49
13785.1628  1.216e-49
13785.6449  1.225e-49
13786.1270  1.233e-49
13786.6091  1.241e-49
13787.0912  1.249e-49
13787.5734  1.258e-49
13788.0555  1.266e-49
13788.5376  1.274e-49
13789.0197  1.282e-49
13789.5018  1.289e-49
13789.9839  1.297e-49
13790.4661  1.305e-49
13790.9482  1.312e-49
13791.4303  1.319e-49
13791.9124  1.326e-49
13792.3945  1.332e-49
13792.8767  1.339e-49
13793.3588  1.345e-49
13793.8409  1.351e-49
13794.3230  1.356e-49
13794.8051  1.362e-49
13795.2872  1.366e-49
13795.7694  1.371e-49
13796.2515  1.375e-49
13796.7336  1.379e-49
13797.2157  1.383e-49
13797.6978  1.386e-49
13798.1799  1.388e-49
13798.6621  1.391e-49
13799.1442  1.392e-49
13799.6263  1.394e-49
13800.1084  1.395e-49
13800.5905  1.395e-49
13801.0726  1.395e-49
13801.5547  1.394e-49
13802.0369  1.393e-49
13802.5190  1.391e-49
13803.0011  1.389e-49
13803.4832  1.386e-49
13803.9653  1.383e-49
13804.4474  1.379e-49
13804.9296  1.374e-49
13805.4117  1.369e-49
13805.8938  1.363e-49
13806.3759  1.357e-49
13806.8580  1.35e-49
13807.3401  1.342e-49
13807.8223  1.334e-49
13808.3044  1.325e-49
13808.7865  1.315e-49
13809.2686  1.305e-49
13809.7507  1.294e-49
13810.2329  1.282e-49
13810.7150  1.27e-49
13811.1971  1.257e-49
13811.6792  1.243e-49
13812.1613  1.229e-49
13812.6434  1.214e-49
13813.1256  1.198e-49
13813.6077  1.182e-49
13814.0898  1.165e-49
13814.5719  1.147e-49
13815.0540  1.129e-49
13815.5361  1.11e-49
13816.0182  1.09e-49
13816.5004  1.069e-49
13816.9825  1.048e-49
13817.4646  1.026e-49
13817.9467  1.004e-49
13818.4288  9.807e-50
13818.9109  9.57e-50
13819.3931  9.326e-50
13819.8752  9.074e-50
13820.3573  8.818e-50
13820.8394  8.555e-50
13821.3215  8.284e-50
13821.8036  8.009e-50
13822.2858  7.728e-50
13822.7679  7.442e-50
13823.2500  7.148e-50
13823.7321  6.852e-50
13824.2142  6.548e-50
13824.6964  6.239e-50
13825.1785  5.926e-50
13825.6606  5.607e-50
13826.1427  5.284e-50
13826.6248  4.954e-50
13827.1069  4.622e-50
13827.5891  4.286e-50
13828.0712  3.944e-50
13828.5533  3.599e-50
13829.0354  3.251e-50
13829.5175  2.898e-50
13829.9996  2.543e-50
13830.4818  2.184e-50
13830.9639  1.821e-50
13831.4460  1.457e-50
13831.9281  1.089e-50
13832.4102  7.199e-51
13832.8923  3.482e-51
13833.3745    0
13833.8566    0
13834.3387    0
13834.8208    0
13835.3029    0
13835.7850    0
13836.2672    0
13836.7493    0
13837.2314    0
13837.7135    0
13838.1956    0
13838.6777    0
13839.1599    0
13839.6420    0