temperature,wavenumber,cia_coefficient,uncertainty
165,5,3.08652855775235370322e-09,3.70383426930282438182e-10
165,10,1.22210963783960971214e-08,1.46653156540753156358e-09
165,15,2.71136985234909850604e-08,3.25364382281891820725e-09
165,20,4.72855531467397930509e-08,5.67426637760877480214e-09
165,25,7.21000709133088611108e-08,8.65200850959706333329e-09
165,30,1.00810483131214117904e-07,1.2097257975745693222e-08
165,35,1.32606904302235239008e-07,1.59128285162682288133e-08
165,40,1.66658340080965786684e-07,1.99990008097158942698e-08
165,45,2.02151483169371569799e-07,2.42581779803245877141e-08
165,50,2.38319850346614396417e-07,2.85983820415937266436e-08
165,55,2.74459419903793360256e-07,3.29351303884552042895e-08
165,60,3.09945901202431609694e-07,3.71935081442917886634e-08
165,65,3.44242239180878949061e-07,4.13090687017054709756e-08
165,70,3.76894774755074750903e-07,4.52273729706089709024e-08
165,75,4.07534690247296632242e-07,4.89041628296755921633e-08
165,80,4.35877118147545076626e-07,5.23052541777054070776e-08
165,85,4.61714721653663950476e-07,5.54057665984396743219e-08
165,90,4.84906895390573170542e-07,5.81888274468687751711e-08
165,95,5.0537019674896839725e-07,6.06444236098762119052e-08
165,100,5.23075351110910672541e-07,6.27690421333092791167e-08
165,105,5.38042056772614180299e-07,6.45650468127137042828e-08
165,110,5.50326762669905585035e-07,6.60392115203886649103e-08
165,115.000000000000014211,5.60013002490062644989e-07,6.72015602988075089284e-08
165,120,5.67208497617779836021e-07,6.80650197141335808519e-08
165,124.999999999999985789,5.72042118425359073959e-07,6.86450542110430904633e-08
165,130,5.74657303864748107912e-07,6.89588764637697713613e-08
165,135,5.75205691959385316317e-07,6.90246830351262305465e-08
165,140,5.73843533967246364442e-07,6.88612240760695563214e-08
165,145,5.70729583037028838076e-07,6.84875499644434558046e-08
165,150,5.66022829043474893078e-07,6.79227394852169855812e-08
165,155,5.59879957134724783318e-07,6.71855948561669665866e-08
165,160,5.52453183154905073604e-07,6.62943819785886024797e-08
165,165,5.43889012514038511991e-07,6.52666815016846235565e-08
165,170,5.34327759408227123167e-07,6.4119331128987252133e-08
165,175,5.23902964550400134412e-07,6.28683557460480198353e-08
165,180,5.12740226497452917539e-07,6.15288271796943495752e-08
165,185,5.0095615494616124492e-07,6.01147385935393409201e-08
165,190,4.88658461431741228398e-07,5.86390153718089450255e-08
165,195,4.75947033600780889215e-07,5.71136440320937045882e-08
165,200,4.62914721288523595421e-07,5.55497665546228298623e-08
165,205,4.49646996022066758362e-07,5.39576395226480083565e-08
165,210,4.36221069267592462765e-07,5.2346528312111094473e-08
165,214.999999999999971578,4.22705708946619404583e-07,5.07246850735943266971e-08
165,220,4.09162210144905170941e-07,4.90994652173886181307e-08
165,225,3.95645790996109264173e-07,4.74774949195331119655e-08
165,230.000000000000028422,3.82206395024763092481e-07,4.58647674029715663332e-08
165,235,3.68888618348719314552e-07,4.42666342018463145699e-08
165,240,3.55731329756479486997e-07,4.26877595707775363221e-08
165,245.000000000000028422,3.4276770407844634256e-07,4.1132124489413559519e-08
165,249.999999999999971578,3.30025876644886966225e-07,3.96031051973864346235e-08
165,255,3.17529860383150834144e-07,3.81035832459781008914e-08
165,260,3.0530023566899024109e-07,3.66360282802788284014e-08
165,265,2.93354414337789526869e-07,3.52025297205347437536e-08
165,270,2.81706643964940249085e-07,3.38047972757928312136e-08
165,275,2.703680547349612637e-07,3.24441665681953482029e-08
165,280,2.59346922958913460661e-07,3.11216307550696142205e-08
165,285,2.48649104527561737924e-07,2.98378925433074043157e-08
165,290,2.38278465875321045789e-07,2.85934159050385244359e-08
165,295,2.28237173406107272883e-07,2.73884608087328714225e-08
165,300,2.18525828382654802453e-07,2.62230994059185744414e-08
165,305,2.09143539273611075934e-07,2.50972247128333268622e-08
165,310,2.00088036944560436246e-07,2.4010564433347252879e-08
165,315,1.9135587127849108396e-07,2.29627045534189288841e-08
165,320,1.82942647408300018783e-07,2.19531176889960006658e-08
165,325,1.74843227569279172899e-07,2.0981187308313498895e-08
165,330,1.67051854327741934546e-07,2.00462225193290298956e-08
165,335,1.59562208245411011138e-07,1.91474649894493198807e-08
165,340,1.52367450153643724818e-07,1.82840940184372473752e-08
165,345,1.45460291792225419336e-07,1.74552350150670504527e-08
165,350,1.38833101923717492498e-07,1.66599722308460971145e-08
165,355,1.3247802102867823296e-07,1.5897362523441386764e-08
165,360,1.26387050883612940044e-07,1.51664461060335512171e-08
165,365,1.20552105366672797456e-07,1.44662526440007358932e-08
165,370,1.14965035262788430244e-07,1.37958042315346118278e-08
165,375,1.09617651477658502502e-07,1.31541181773190197708e-08
165,380,1.04501762290903409093e-07,1.25402114749084088927e-08
165,385,9.96092219122250197743e-08,1.19531066294670011818e-08
165,390,9.4931975397707149398e-08,1.13918370477248568028e-08
165,395,9.04620870709591173694e-08,1.08554504485150940843e-08
165,400,8.61917519218107150459e-08,1.03430102306172850114e-08
165,405,8.21133008411748063357e-08,9.85359610094097623089e-09
165,410,7.82192121861136346265e-08,9.38630546233363622135e-09
165,415,7.4502133873228043733e-08,8.94025606478736458621e-09
165,420,7.09549092644482950508e-08,8.5145891117337954061e-09
165,425,6.7570594950146264509e-08,8.10847139401755213813e-09
165,429.999999999999943157,6.43424625541819628734e-08,7.72109550650183561098e-09
165,435,6.12639864886703412737e-08,7.3516783786404407874e-09
165,440,5.83288280409611605455e-08,6.99945936491533900076e-09
165,444.999999999999943157,5.55308276514688923439e-08,6.66369931817626684965e-09
165,450,5.28640112009350314189e-08,6.3436813441122034394e-09
165,455,5.0322606881943364023e-08,6.03871282583320351732e-09
165,460.000000000000056843,4.79010626399080201976e-08,5.74812751678896199358e-09
165,465,4.55940538924092416001e-08,5.47128646708910905819e-09
165,470,4.33964768682644631625e-08,5.20757722419173521554e-09
165,475.000000000000056843,4.13034307135064293536e-08,4.95641168562077155551e-09
165,480,3.93101969476093835436e-08,4.71722363371312589289e-09
165,485,3.74122252045898234709e-08,4.48946702455077898194e-09
165,490.000000000000056843,3.56051298371769032694e-08,4.27261558046122829307e-09
165,495,3.3884695747124399382e-08,4.06616348965492752879e-09
165,499.999999999999943157,3.2246887181996977719e-08,3.86962646183963722702e-09
165,505,3.06878523668231446931e-08,3.68254228401877739626e-09
165,510,2.92039196593650904246e-08,3.50447035912381053662e-09
165,515,2.77915855243096340268e-08,3.33499026291715603358e-09
165,520,2.64474985029315217414e-08,3.17369982035178247662e-09
165,525,2.51684447304048219577e-08,3.02021336764857840331e-09
165,530,2.39513391223764873551e-08,2.87416069468517818483e-09
165,535,2.27932231973727413934e-08,2.73518678368472904993e-09
165,540,2.16912673505349613598e-08,2.60295208206419546244e-09
165,545,2.06427737054406156527e-08,2.47713284465287392795e-09
165,550,1.96451759980339254293e-08,2.35742111976407106806e-09
165,555,1.86960348288620706039e-08,2.24352417946344819123e-09
165,560,1.77930289608163470734e-08,2.13516347529796138411e-09
165,565,1.6933945014793725198e-08,2.03207340177524689141e-09
165,570,1.61166682891974180513e-08,1.93400019470369013307e-09
165,575,1.53391765530953413896e-08,1.84070118637144091712e-09
165,580,1.45995371335328694312e-08,1.75194445602394428211e-09
165,585,1.38959062106187729902e-08,1.66750874527425261821e-09
165,590,1.32265285326222035827e-08,1.58718342391466433066e-09
165,595,1.25897359430634337271e-08,1.51076831316761191491e-09
165,600,1.19839439414634525442e-08,1.43807327297561419777e-09
165,605,1.14076465147030478281e-08,1.36891758176436573937e-09
165,610,1.0859410216263634668e-08,1.30312922595163612708e-09
165,615,1.03378686730201419491e-08,1.24054424076241692636e-09
165,620,9.84171837430686949197e-09,1.18100620491682428941e-09
165,625,9.36971597655662708788e-09,1.12436591718679527536e-09
165,630,8.92067675084837427135e-09,1.07048121010180486293e-09
165,635,8.49347345731244525479e-09,1.01921681487749341403e-09
165,640,8.08703493967681600918e-09,9.7044419276121787147e-10
165,645,7.70034402295707269382e-09,9.24041282754848681899e-10
165,650,7.3324346946835318727e-09,8.79892163362023750278e-10
165,655,6.98238887382784575056e-09,8.37886664859341473524e-10
165,660,6.64933320782824377591e-09,7.97919984939389174527e-10
165,665,6.33243627179351185682e-09,7.59892352615221435226e-10
165,670,6.03090634430708689403e-09,7.23708761316850373517e-10
165,675,5.74398970855167611067e-09,6.8927876502620115396e-10
165,680,5.47096927064409538625e-09,6.5651631247729139672e-10
165,685,5.211163246442671959e-09,6.25339589573120589585e-10
165,690,4.96392373429478525505e-09,5.95670848115374164431e-10
165,695,4.72863511346296997461e-09,5.6743621361555633905e-10
165,700,4.50471232383469128482e-09,5.40565478860162954178e-10
165,705,4.29159914586095622035e-09,5.14991897503314742306e-10
165,710,4.08876659694735559366e-09,4.90651991633682671239e-10
165,715,3.89571150908423360448e-09,4.67485381090108036673e-10
165,720,3.71195528623967455018e-09,4.45434634348760910867e-10
165,725,3.53704279111652574309e-09,4.24445134933983085034e-10
165,730,3.37054129598794223861e-09,4.04464955518553078973e-10
165,735,3.21203944919621477967e-09,3.85444733903545746677e-10
165,740,3.06114624180842415422e-09,3.67337549017010861284e-10
165,745,2.91748998879553505174e-09,3.5009879865546417519e-10
165,750,2.78071735293569612171e-09,3.33686082352283518062e-10
165,755,2.65049243454773218173e-09,3.18059092145727824584e-10
165,760,2.52649593242530656065e-09,3.03179511891036799685e-10
165,765,2.40842436192059119393e-09,2.89010923430470957748e-10
165,770,2.29598930491384681758e-09,2.7551871658966159743e-10
165,775,2.18891666840565422203e-09,2.62670000208678471488e-10
165,780,2.08694594180985155891e-09,2.50433513017182182934e-10
165,785,1.98982946068972058307e-09,2.38779535282766443085e-10
165,790,1.89733169810151939873e-09,2.27679803772182309236e-10
165,795,1.8092286078616260109e-09,2.1710743294339512441e-10
165,800,1.72530703611889974886e-09,2.07036844334267954354e-10
165,805,1.64536420271308715262e-09,1.9744370432557044177e-10
165,810,1.56920723864743201416e-09,1.88304868637691839631e-10
165,815,1.49665275676976074351e-09,1.79598330812371272678e-10
165,820,1.4275264324719529023e-09,1.71303171896634335868e-10
165,825,1.36166257913951559236e-09,1.63399509496741855573e-10
165,830,1.29890371532490417547e-09,1.55868445838988487615e-10
165,835,1.23910013210861443966e-09,1.48692015853033715182e-10
165,840,1.18210947569257868463e-09,1.4185313708310944836e-10
165,845,1.12779636005674861344e-09,1.35335563206809834647e-10
165,850,1.07603201835827867169e-09,1.29123842202993428195e-10
165,855,1.02669399261189339248e-09,1.23203279113427203996e-10
165,859.999999999999886313,9.79665852715274654464e-10,1.17559902325832945094e-10
165,865.000000000000113687,9.34836931137104532739e-10,1.12180431736452538759e-10
165,870,8.92102060008014476117e-10,1.07052247200961739202e-10
165,875,8.51361302328416691192e-10,1.02163356279410002426e-10
165,880,8.12519676361495346544e-10,9.75023611633794400343e-11
165,885,7.75486879053591781657e-10,9.30584254864310055271e-11
165,889.999999999999886313,7.4017701810800372626e-10,8.88212421729604445662e-11
165,895.000000000000113687,7.06508362045172536358e-10,8.4781003445420701778e-11
165,900,6.74403113841599093782e-10,8.09283736609918943558e-11
165,905,6.43787208423915586338e-10,7.72544650108698677756e-11
165,910,6.14590129647623648637e-10,7.37508155577148337005e-11
165,914.999999999999886313,5.86744740085447554362e-10,7.04093688102537080744e-11
165,920.000000000000113687,5.60187117554097754162e-10,6.72224541064917325674e-11
165,925.000000000000113687,5.34856395172218197326e-10,6.41827674206661831621e-11
165,930,5.10694605482968178799e-10,6.1283352657956174218e-11
165,935,4.87646532190830469286e-10,5.85175838628996568313e-11
165,940,4.65659574222228169404e-10,5.5879148906667381104e-11
165,944.999999999999886313,4.44683625725070621653e-10,5.33620350870084748569e-11
165,950.000000000000113687,4.24670972734454865677e-10,5.09605167281345794868e-11
165,955,4.05576203618274826249e-10,4.86691444341929796668e-11
165,960,3.87356127374192612156e-10,4.64827352849031100983e-11
165,965,3.69969692453561605388e-10,4.43963630944273882522e-11
165,970,3.53377899561664406171e-10,4.24053479473997287405e-11
165,974.999999999999886313,3.3754370461093887342e-10,4.05052445533126650688e-11
165,980.000000000000113687,3.22431911815518570823e-10,3.86918294178622290157e-11
165,985,3.08009060616968070785e-10,3.69610872740361690112e-11
165,990,2.94243312558286382863e-10,3.53091975069943654266e-11
165,995,2.81104344703687010186e-10,3.37325213644424370864e-11
165,999.999999999999886313,2.68563254704191397872e-10,3.22275905645029656766e-11
165,1005.00000000000011369,2.5659247975698134083e-10,3.07910975708377585732e-11
165,1010,2.45165728499364652188e-10,2.94198874199237564531e-11
165,1015,2.34257922347923542461e-10,2.81109506817508252246e-11
165,1020,2.23845141642933201826e-10,2.68614169971519835729e-11
165,1025,2.13904572403672315768e-10,2.56685486884406769875e-11
165,1030,2.0441445122820135856e-10,2.45297341473841623809e-11
165,1035,1.95354008221823748146e-10,2.34424809866188473218e-11
165,1040,1.86703410028330344295e-10,2.24044092033996418324e-11
165,1045,1.78443706398198452659e-10,2.14132447677838121218e-11
165,1050,1.70556783894690739643e-10,2.04668140673628886279e-11
165,1055,1.63025329306768424756e-10,1.9563039516812211617e-11
165,1060,1.55832803451753746623e-10,1.869993641421044869e-11
165,1065,1.48963423869249067197e-10,1.78756108643098870296e-11
165,1070,1.42402153051475387667e-10,1.70882583661770456153e-11
165,1075,1.36134687820748091472e-10,1.63361625384897704597e-11
165,1080,1.30147445504591395015e-10,1.56176934605509680481e-11
165,1085,1.2442754361442943635e-10,1.49313052337315313281e-11
165,1090,1.18962771478568806169e-10,1.42755325774282566756e-11
165,1095,1.13741554229439873531e-10,1.36489865075327840482e-11
165,1100,1.08752911199610436306e-10,1.30503493439532524214e-11
165,1105,1.03986411774402105127e-10,1.24783694129282520982e-11
165,1110,9.94321319295602481568e-11,1.19318558315472286802e-11
165,1115,9.50806141262204220564e-11,1.14096736951464498067e-11
165,1120,9.09228321995865335706e-11,1.09107398639503831884e-11
165,1125,8.6950161695477888128e-11,1.04340194034573468339e-11
165,1130,8.31543550988639986002e-11,9.97852261186367886267e-12
165,1135,7.95275207737876795982e-11,9.54330249285452161641e-12
165,1140,7.60621042788575059341e-11,9.12745251346290051822e-12
165,1145,7.27508709852574179799e-11,8.73010451823089015759e-12
165,1150,6.95868894551603289389e-11,8.35042673461923863257e-12
165,1155,6.65635156456518663476e-11,7.98762187747822434945e-12
165,1160,6.36743784979787864832e-11,7.64092541975745450723e-12
165,1165,6.09133677139818743489e-11,7.30960412567782466337e-12
165,1170,5.82746244570667801567e-11,6.99295493484801374805e-12
165,1175,5.57525353663078847479e-11,6.69030424395694591126e-12
165,1180,5.33417297413051283519e-11,6.40100756895661543454e-12
165,1185,5.10370791856233097506e-11,6.12444950227479710545e-12
165,1190,4.88336985282107881557e-11,5.86004382338529409401e-12
165,1195,4.6726946591503858077e-11,5.60723359098046277537e-12
165,1200,4.47124253888528083638e-11,5.36549104666233651898e-12
165,1205,4.27859766012099187267e-11,5.13431719214519011796e-12
165,1210,4.09436746364546618214e-11,4.91324095637455906313e-12
165,1215,3.91818161128430248201e-11,4.70181793354116313997e-12
165,1220,3.74969061264812250101e-11,4.49962873517774693659e-12
165,1225,3.58856420750795165126e-11,4.30627704900954211076e-12
165,1230,3.4344896058018205938e-11,4.121387526962184551e-12
165,1235,3.28716969407823169137e-11,3.94460363289387793271e-12
165,1240,3.14632130744223061708e-11,3.77558556893067690206e-12
165,1245,3.01167364402754417055e-11,3.61400837283305269769e-12
165,1250,2.88296687079964308504e-11,3.45956024495957170205e-12
165,1255,2.75995094092079369425e-11,3.31194112910495241695e-12
165,1260,2.6423846197478082788e-11,3.17086154369736978916e-12
165,1265,2.53003470193441897492e-11,3.03604164232130276991e-12
165,1270,2.42267539715959136949e-11,2.90721047659150959492e-12
165,1275,2.32008786505040886498e-11,2.78410543806049052489e-12
165,1280,2.22205988730552525454e-11,2.66647186476663028929e-12
165,1285,2.12838567259522390459e-11,2.55406280711426876629e-12
165,1290,2.03886579373833882378e-11,2.44663895248600647544e-12
165,1295,1.95330725467312026952e-11,2.34396870560774435573e-12
165,1300,1.87152367698586769644e-11,2.24582841238304100955e-12
165,1305,1.79333558385784806019e-11,2.15200270062941746221e-12
165,1310,1.71857074638985920057e-11,2.06228489566783094375e-12
165,1315,1.64706454684460712143e-11,1.97647745621352854572e-12
165,1320,1.57866030775830030924e-11,1.8943923693099604034e-12
165,1325,1.51320953708497786647e-11,1.8158514445019734236e-12
165,1330,1.4505720474046429565e-11,1.7406864568855714751e-12
165,1335,1.39061592066229667064e-11,1.6687391047947559563e-12
165,1340,1.33321730705683094754e-11,1.59986076846819702395e-12
165,1345,1.27826006468890032512e-11,1.53391207762668039014e-12
165,1350,1.22563526304103721756e-11,1.47076231564924462068e-12
165,1355,1.17524058587019279577e-11,1.41028870304423134684e-12
165,1360,1.12697967610577173538e-11,1.35237561132692605015e-12
165,1365,1.08076146629879364912e-11,1.29691375955855233048e-12
165,1370,1.0364995335559559183e-11,1.24379944026714703733e-12
165,1375,9.94111509135062384264e-12,1.19293381096207477226e-12
165,1380,9.53518562185942360171e-12,1.14422227462313082413e-12
165,1385,9.14644966641919373273e-12,1.09757395997030316715e-12
165,1390,8.77417751913684472692e-12,1.0529013022964212299e-12
165,1395,8.41766432842282649519e-12,1.01011971941073917134e-12
165,1400,8.07622812319925116991e-12,9.69147374783910035376e-13
165,1405,7.74920850399676324459e-12,9.29905020479611613584e-13
165,1410,7.43596595086559599742e-12,8.9231591410387144295e-13
165,1415,7.13588171120734234173e-12,8.56305805344881056774e-13
165,1420,6.84835822745069129026e-12,8.21802987294082918481e-13
165,1425,6.57282004360153004882e-12,7.88738405232183557391e-13
165,1430,6.30871509458389620117e-12,7.57045811350067483556e-13
165,1435,6.05551623988510974303e-12,7.26661948786213092423e-13
165,1440,5.81272286600117596696e-12,6.97526743920141111997e-13
165,1445,5.57986236030658698625e-12,6.69583483236790442389e-13
165,1450,5.3564912594683514004e-12,6.42778951136202155931e-13
165,1455,5.14219590139467144262e-12,6.17063508167360536764e-13
165,1460,4.93659245723480867839e-12,5.92391094868177025251e-13
165,1465,4.73932628158388757222e-12,5.68719153790066480394e-13
165,1470,4.55007058554268524268e-12,5.46008470265122188732e-13
165,1475,4.36852449687697053167e-12,5.24222939625236455722e-13
165,1480,4.19441061673460740626e-12,5.03329274008152912985e-13
165,1485,4.02747220820883221637e-12,4.8329666498505984173e-13
165,1490,3.86747015755391308034e-12,4.64096418906469577718e-13
165,1495,3.71417983895604360248e-12,4.45701580674725230278e-13
165,1500,3.5673879941827924297e-12,4.28086559301935051174e-13
165,1505,3.42688971716737063261e-12,4.11226766060084437544e-13
165,1510,3.29248561671068872311e-12,3.95098274005282614461e-13
165,1515,3.16397922128142851033e-12,3.79677506553771405084e-13
165,1520,3.04117468806610853266e-12,3.6494096256793302392e-13
165,1525,2.92387488072266017302e-12,3.50864985686719206626e-13
165,1530,2.81187988151959106836e-12,3.37425585782350910028e-13
165,1535,2.70498599879337277988e-12,3.24598319855204719449e-13
165,1540,2.60298531637338158254e-12,3.12358237964805767691e-13
165,1545,2.50566580733721619541e-12,3.00679896880465913157e-13
165,1550,2.41281200185561374159e-12,2.8953744022267365101e-13
165,1555,2.32420616242958469045e-12,2.7890473949155017497e-13
165,1560,2.2396298848816479776e-12,2.68755586185797753274e-13
165,1565,2.1588660145523855403e-12,2.59063921746286274933e-13
165,1570,2.08170074886243150912e-12,2.49804089863491787153e-13
165,1575,2.00792579103009130944e-12,2.40951094923610934918e-13
165,1580,1.93734042564698463296e-12,2.32480851077638139799e-13
165,1585,1.86975340322223737348e-12,2.2437040838666847472e-13
165,1590,1.80498454442030189842e-12,2.16598145330436218723e-13
165,1595,1.74286600195934685432e-12,2.09143920235121602323e-13
165,1600,1.68324314543988697859e-12,2.0198917745278644046e-13
165,1605,1.62597505820584319182e-12,1.95117006984701167872e-13
165,1610,1.57093465409993394403e-12,1.88512158491992073283e-13
165,1615,1.51800843470437430904e-12,1.82161012164524903958e-13
165,1620,1.46709591531931157159e-12,1.76051509838317376473e-13
165,1625,1.41810875248684519233e-12,1.70173050298421425099e-13
165,1630,1.37096960988583637358e-12,1.64516353186300353722e-13
165,1635,1.32561080530962903444e-12,1.59073296637155465958e-13
165,1640,1.28197279046504994144e-12,1.53836734855805987924e-13
165,1645,1.240002527268475794e-12,1.48800303272217101338e-13
165,1650,1.1996518370386617158e-12,1.43958220444639408925e-13
165,1655,1.16087580893912135798e-12,1.39305097072694561948e-13
165,1660,1.1236313574381053074e-12,1.34835762892572639917e-13
165,1665,1.08787601206485909987e-12,1.30545121447783095013e-13
165,1670,1.05356700506083155169e-12,1.26428040607299781154e-13
165,1675,1.0206606947060115812e-12,1.22479283364721378637e-13
165,1680,9.89112327741167439535e-13,1.18693479328940086686e-13
165,1685,9.58876108842994553522e-13,1.15065133061159333296e-13
165,1690,9.29905514525066030791e-13,1.11588661743007919151e-13
165,1695,9.021537683672653911e-13,1.08258452204071839864e-13
165,1700,8.75574387196238097189e-13,1.05068926463548569138e-13
165,1705,8.50121714191716018571e-13,1.02014605703005913141e-13
165,1710,8.25751372365152349157e-13,9.90901646838182753355e-14
165,1715,8.02420596166764333633e-13,9.62904715400117124629e-14
165,1719.99999999999977263,7.80088424358080844828e-13,9.36106109229697033988e-14
165,1725,7.58715759097902368677e-13,9.10458910917482867656e-14
165,1730.00000000000022737,7.38265310540746749956e-13,8.85918372648896044411e-14
165,1735,7.18701452251154857417e-13,8.62441742701385758219e-14
165,1740,6.99990010981893997242e-13,8.39988013178272781544e-14
165,1744.99999999999977263,6.82098007931032096611e-13,8.18517609517238500787e-14
165,1750,6.64993360750732016596e-13,7.97992032900878424963e-14
165,1755.00000000000022737,6.48644549923578136268e-13,7.78373459908293697888e-14
165,1760,6.33020251811599359314e-13,7.59624302173919185738e-14
165,1765.00000000000022737,6.18088944433540821217e-13,7.41706733320248904681e-14
165,1770,6.03818499900948644015e-13,7.2458219988113828699e-14
165,1775,5.90175787189971461625e-13,7.08210944627965718609e-14
165,1779.99999999999977263,5.77126317569889815027e-13,6.92551581083867752789e-14
165,1785,5.64633969959607714438e-13,6.77560763951529287617e-14
165,1790.00000000000022737,5.52660832636352046011e-13,6.63192999163622419872e-14
165,1795,5.41167190458846051122e-13,6.49400628550615195713e-14
165,1800,5.30111673979380805658e-13,6.36134008775256901157e-14
165,1804.99999999999977263,5.1945157017829168308e-13,6.23341884213949943966e-14
165,1810,5.09143277177162456732e-13,6.10971932612594922835e-14
165,1815.00000000000022737,4.99142869790109414666e-13,5.98971443748131216819e-14
165,1820,4.89406732005206269351e-13,5.87288078406247457587e-14
165,1825,4.79892208016752219091e-13,5.7587064962010265786e-14
165,1829.99999999999977263,4.70558225819399088165e-13,5.64669870983278872981e-14
165,1835,4.61365855946793284227e-13,5.53639027136151946121e-14
165,1840.00000000000022737,4.52278781060689256558e-13,5.42734537272827087674e-14
165,1845,4.43263667080851577364e-13,5.31916400497021875167e-14
165,1850.00000000000022737,4.34290441125799863579e-13,5.21148529350959785808e-14
165,1855,4.25332492848814330794e-13,5.10398991418577156564e-14
165,1860,4.16366822293433639636e-13,4.99640186752120354942e-14
165,1864.99999999999977263,4.07374158289889677541e-13,4.88848989947867565086e-14
165,1870,3.98339066739745138925e-13,4.78006880087694176807e-14
165,1875.00000000000022737,3.89250059295163657821e-13,4.67100071154196361617e-14
165,1880,3.80099701798971767575e-13,4.56119642158766088273e-14
165,1885,3.70884710701153510638e-13,4.4506165284138421529e-14
165,1889.99999999999977263,3.61606017035233471395e-13,4.33927220442280175772e-14
165,1895,3.52268772902744416162e-13,4.22722527483293306967e-14
165,1900.00000000000022737,3.42882276025337422914e-13,4.1145873123040489235e-14
165,1905,3.33459793612298769772e-13,4.00151752334758493434e-14
165,1910,3.24018276443112282433e-13,3.88821931731734693481e-14
165,1914.99999999999977263,3.14577966018888822434e-13,3.77493559222666554104e-14
165,1920,3.05161909320982617826e-13,3.66194291185179146439e-14
165,1925.00000000000022737,2.95795405094677369087e-13,3.54954486113612812612e-14
165,1930,2.8650541084453713157e-13,3.43806493013444532641e-14
165,1935,2.77319939928080734618e-13,3.32783927913696884066e-14
165,1940,2.68267473757729496616e-13,3.2192096850927535555e-14
165,1945,2.59376406232281701317e-13,3.11251687478738016337e-14
165,1949.99999999999977263,2.50674528248237309593e-13,3.00809433897884766462e-14
165,1955,2.42188551920233373254e-13,2.90626262304280045381e-14
165,1960.00000000000022737,2.33943668721030360025e-13,2.80732402465236408049e-14
165,1965,2.25963134675421174425e-13,2.71155761610505389115e-14
165,1970,2.18267878961931968177e-13,2.61921454754318345404e-14
165,1974.99999999999977263,2.10876138835351527498e-13,2.53051366602421832998e-14
165,1980,2.03803131914720921664e-13,2.44563758297665082015e-14
165,1985.00000000000022737,1.97060784086737319565e-13,2.36472940904084770857e-14
165,1990,1.90657535465628987033e-13,2.28789042558754765507e-14
165,1995,1.84598246553485577707e-13,2.215178958641826882e-14
165,1999.99999999999977263,1.78884221299541246804e-13,2.14661065559449483543e-14
165,2005,1.73513354027978484812e-13,2.08216024833574189347e-14
165,2010.00000000000022737,1.68480394736020272736e-13,2.0217647368322430835e-14
165,2015,1.63777314317256734288e-13,1.96532777180708060951e-14
165,2020,1.59393740352477666983e-13,1.91272488422973202903e-14
165,2025,1.55317427080550527547e-13,1.86380912496660638105e-14
165,2030,1.51534721320456947085e-13,1.8184166558454831757e-14
165,2034.99999999999977263,1.48030989634903295776e-13,1.77637187561883953669e-14
165,2040,1.44790980146888356507e-13,1.7374917617626602276e-14
165,2045.00000000000022737,1.41799103620081100777e-13,1.70158924344097317145e-14
165,2050,1.39039630721145599818e-13,1.66847556865374703373e-14
165,2055,1.36496813816376409932e-13,1.63796176579651693181e-14
165,2060,1.34154950558675679186e-13,1.60985940670410817548e-14
165,2065,1.3199841174718234937e-13,1.58398094096618814195e-14
165,2070,1.30011657161722434635e-13,1.56013988594066930397e-14
165,2075,1.28179260468721431678e-13,1.53815112562465705391e-14
165,2080,1.26485958800431798261e-13,1.51783150560518160438e-14
165,2085,1.24916735364950783955e-13,1.49900082437940923075e-14
165,2090,1.23456935818992477444e-13,1.4814832298279096536e-14
165,2095,1.22092412429342843986e-13,1.46510894915211420356e-14
165,2100,1.20809685208891571423e-13,1.44971622250669871824e-14
165,2105,1.19596106881118652178e-13,1.4351532825734238009e-14
165,2110,1.18440018801163684532e-13,1.42128022561396402506e-14
165,2115,1.17330887477331013588e-13,1.4079706497279721252e-14
165,2120,1.16259415400443452797e-13,1.39511298480532143357e-14
165,2125,1.15217624481453585493e-13,1.38261149377744293757e-14
165,2130,1.14198914548789644466e-13,1.3703869745854756831e-14
165,2135,1.13198102108797576324e-13,1.35837722530557093482e-14
165,2140,1.12211445422660522521e-13,1.34653734507192627656e-14
165,2145,1.11236660660254082247e-13,1.3348399279230488923e-14
165,2150,1.10272930799074668527e-13,1.32327516958889594659e-14
165,2155,1.09320904694296295328e-13,1.31185085633155544927e-14
165,2160,1.08382679379031210929e-13,1.30059215254837447435e-14
165,2165,1.07461755181113360362e-13,1.28954106217336024231e-14
165,2170,1.06562951695634466873e-13,1.27875542034761362141e-14
165,2175,1.05692273614094088426e-13,1.2683072833691289917e-14
165,2180,1.04856719090283525886e-13,1.2582806290834022917e-14
165,2185,1.04064029353908183267e-13,1.24876835224689811716e-14
165,2190,1.03322385733689552739e-13,1.23986862880427455713e-14
165,2195,1.02640067950841588938e-13,1.23168081541009898521e-14
165,2200,1.02025094041480485119e-13,1.22430112849776577725e-14
165,2205,1.0148486631305273054e-13,1.21781839575663265288e-14
165,2210,1.01025848509487320133e-13,1.21231018211384775324e-14
165,2215,1.00653296473799217534e-13,1.20783955768559057255e-14
165,2220,1.00371058459689890416e-13,1.20445270151627860295e-14
165,2225,1.00181452820030275678e-13,1.20217743384036323872e-14
165,2230,1.00085221418867257127e-13,1.20102265702640705396e-14
165,2235,1.00081548417858069174e-13,1.20097858101429682378e-14
165,2240,1.00168127475604650222e-13,1.20201752970725581529e-14
165,2245,1.0034125691132769155e-13,1.20409508293593226704e-14
165,2250,1.00595942522243028359e-13,1.2071513102669162772e-14
165,2255,1.0092599126565816276e-13,1.21111189518789787739e-14
165,2260,1.01324085085197502138e-13,1.21588902102237002566e-14
165,2265,1.01781831624222997634e-13,1.22138197949067599686e-14
165,2270,1.02289795851765561515e-13,1.22747755022118676342e-14
165,2275,1.0283752257572800405e-13,1.2340502709087359287e-14
165,2280,1.03413563340023303213e-13,1.2409627600802795439e-14
165,2285,1.04005521908227874449e-13,1.24806626289873438611e-14
165,2290,1.04600130522734127854e-13,1.25520156627280947745e-14
165,2295,1.05183364984671176397e-13,1.26220037981605401579e-14
165,2300,1.05740601231182073252e-13,1.26888721477418480329e-14
165,2305,1.06256810648940229824e-13,1.27508172778728275789e-14
165,2310,1.06716786658798652918e-13,1.28060143990558384133e-14
165,2315,1.07105392088511184759e-13,1.28526470506213416031e-14
165,2320,1.07407815632319538619e-13,1.28889378758783448867e-14
165,2325,1.07609826455283474573e-13,1.29131791746340157497e-14
165,2330,1.0769801824264946331e-13,1.29237621891179347767e-14
165,2335,1.07660037125610490905e-13,1.29192044550732589086e-14
165,2340,1.07484791278144064632e-13,1.28981749533772864936e-14
165,2345,1.07162642783374508855e-13,1.28595171340049411888e-14
165,2350,1.06685584140380522033e-13,1.28022700968456620129e-14
165,2355,1.06047402224526929471e-13,1.27256882669432316627e-14
165,2360,1.05243831516469379908e-13,1.2629259781976325021e-14
165,2365,1.04272696265108875379e-13,1.25127235518130647299e-14
165,2370,1.0313403840443044806e-13,1.23760846085316534516e-14
165,2375,1.01830224934801867888e-13,1.22196269921762241465e-14
165,2380,1.00366025937144624844e-13,1.2043923112457354287e-14
165,2385,9.87486527518033360958e-14,1.18498383302163991324e-14
165,2390,9.69877456879603014025e-14,1.16385294825552351586e-14
165,2395,9.50953021367547872483e-14,1.1411436256410574596e-14
165,2400,9.30855390541341211322e-14,1.11702646864960937786e-14
165,2405,9.09746882977818440968e-14,1.09169625957338214178e-14
165,2410,8.87807286711645333745e-14,1.06536874405397443836e-14
165,2415,8.65230641049733774146e-14,1.03827676925968047849e-14
165,2420,8.42221624832257297584e-14,1.01066594979870866244e-14
165,2425,8.18991733976955926754e-14,9.82790080772347055307e-15
165,2430,7.95755450632932647028e-14,9.54906540759519107014e-15
165,2435,7.72726603748108090436e-14,9.27271924497729645414e-15
165,2440,7.50115095376114081221e-14,9.00138114451336840668e-15
165,2445,7.28124122332254161632e-14,8.73748946798704943471e-15
165,2450,7.06947963407443478055e-14,8.48337556088932097935e-15
165,2455,6.86770337497932961107e-14,8.2412440499751949022e-15
165,2460,6.67763275817196431902e-14,8.0131593098063562993e-15
165,2465,6.50086400907469463431e-14,7.80103681088963318252e-15
165,2470,6.33886473242788375279e-14,7.60663767891346056645e-15
165,2475,6.19297056634634656754e-14,7.43156467961561524997e-15
165,2480,6.06438166631852168243e-14,7.27725799958222538783e-15
165,2485,5.95415798905256044981e-14,7.1449895868630719718e-15
165,2490,5.86321280062487191002e-14,7.03585536074984616581e-15
165,2495,5.7923043409996390543e-14,6.95076520919956651806e-15
165,2500,5.74202604529834579994e-14,6.89043125435801473905e-15
165,2505,5.71279607750334671901e-14,6.85535529300401574727e-15
165,2510,5.70484712630124085827e-14,6.84581655156148893526e-15
165,2515,5.71821742072478351719e-14,6.86186090486973981042e-15
165,2520,5.75274376897836953861e-14,6.90329252277404332012e-15
165,2525,5.80805714718054091044e-14,6.96966857661664871387e-15
165,2530,5.88358103677429870764e-14,7.06029724412915797585e-15
165,2535,5.97853240066812726501e-14,7.17423888080175227625e-15
165,2540,6.09192496314429134629e-14,7.31030995577314942622e-15
165,2545,6.22257436198751925617e-14,7.46708923438502272875e-15
165,2550,6.36910478924845113147e-14,7.64292574709814173642e-15
165,2555,6.5299569105479354031e-14,7.83594829265752267305e-15
165,2560,6.7033971165517322266e-14,8.04407653986207810395e-15
165,2565,6.88752844591952853964e-14,8.26503413510343323783e-15
165,2570,7.08030376541076106398e-14,8.49636451849291264568e-15
165,2575,7.27954193838220413435e-14,8.73545032605864533987e-15
165,2580,7.4829477121155044791e-14,8.97953725453860518559e-15
165,2585,7.6881358945905104657e-14,9.22576307350861161221e-15
165,2590,7.89266007882743881791e-14,9.47119209459292607663e-15
165,2595,8.09404575016003682936e-14,9.71285490019204419523e-15
165,2600,8.28982713240530735761e-14,9.94779255888636920779e-15
165,2605,8.47758666296221298659e-14,1.0173103995554655647e-14
165,2610,8.65499559925492808068e-14,1.03859947191059134444e-14
165,2615,8.81985400767820438734e-14,1.05838248092138448862e-14
165,2620,8.97012830141432046529e-14,1.07641539616971834224e-14
165,2625,9.10398459880558242451e-14,1.09247815185666978366e-14
165,2630,9.21981643967973415708e-14,1.1063779727615680673e-14
165,2635,9.31626581070856514393e-14,1.1179518972850278362e-14
165,2640,9.39223692413386795075e-14,1.12706843089606414147e-14
165,2645,9.44690272072209412124e-14,1.13362832648665119989e-14
165,2650,9.47970456842420261544e-14,1.13756454821090426968e-14
165,2655,9.49034604500108279218e-14,1.13884152540012987826e-14
165,2660,9.47878199540847048727e-14,1.13745383944901646478e-14
165,2665,9.44520421422882953329e-14,1.13342450570745945564e-14
165,2670,9.39002511723977584001e-14,1.12680301406877306925e-14
165,2675,9.31386064409837407845e-14,1.11766327729180483893e-14
165,2680,9.21751340738824501936e-14,1.10610160888658932659e-14
165,2685,9.10195679939471668867e-14,1.09223481592736602788e-14
165,2690,8.96832044208704006693e-14,1.07619845305044471337e-14
165,2695,8.81787704675209052017e-14,1.05814524561025076145e-14
165,2700,8.65203048909253848004e-14,1.03824365869110452925e-14
165,2705,8.47230471783667058174e-14,1.01667656614040045088e-14
165,2710,8.28033302928293754488e-14,9.9363996351395246121e-15
165,2715,8.07784724504394078138e-14,9.69341669405272818035e-15
165,2720,7.86666642152585091731e-14,9.43999970583102040658e-15
165,2725,7.64868486700830625613e-14,9.17842184040996649761e-15
165,2730,7.42585941422827311429e-14,8.91103129707392767404e-15
165,2735,7.20019605390989059916e-14,8.6402352646918687821e-15
165,2740,6.97373615234321095399e-14,8.36848338281185213505e-15
165,2745,6.7485425180315864483e-14,8.09825102163790323308e-15
165,2750,6.52668555092030758551e-14,7.83202266110436910261e-15
165,2755,6.31022959946786667809e-14,7.57227551936143925641e-15
165,2760,6.10121948857949148426e-14,7.32146338629538990733e-15
165,2765,5.90166700041062456221e-14,7.08200040049274956932e-15
165,2770,5.71353692619092460249e-14,6.85624431142910945988e-15
165,2775,5.53873220125410398154e-14,6.64647864150492427297e-15
165,2780,5.37907762140826591638e-14,6.45489314568991850012e-15
165,2785,5.23630172945436320563e-14,6.2835620753452358152e-15
165,2790,5.11201666343719846499e-14,6.13441999612463796866e-15
165,2795,5.00769604915387988443e-14,6.00923525898465541955e-15
165,2800,4.92465136693995156547e-14,5.90958164032794187857e-15
165,2805,4.86400757893522904607e-14,5.83680909472227485528e-15
165,2810,4.82667911611190048276e-14,5.79201493933428020066e-15
165,2815,4.81334754703295479854e-14,5.77601705643954578981e-15
165,2820,4.82444234272592369819e-14,5.78933081127110853249e-15
165,2825,4.86012609639069466762e-14,5.83215131566883303316e-15
165,2830,4.92028534992594317345e-14,5.90434241991113124016e-15
165,2835,5.00452784125502564036e-14,6.00543340950603070532e-15
165,2840,5.11218655790363868526e-14,6.13462386948436616987e-15
165,2845,5.2423305092523138832e-14,6.29079661110277647051e-15
165,2850,5.3937816698876548772e-14,6.47253800386518534777e-15
165,2855,5.5651371517823987766e-14,6.67816458213887840571e-15
165,2860,5.75479537467642716053e-14,6.90575444961171224554e-15
165,2865,5.96098484863284567188e-14,7.1531818183594151218e-15
165,2870,6.18179417171682356007e-14,7.41815300606018833519e-15
165,2875,6.41520196177366467999e-14,7.69824235412839685868e-15
165,2880,6.6591056660927390397e-14,7.99092679931128621656e-15
165,2885,6.91134848143596908529e-14,8.29361817772316321789e-15
165,2890,7.16974393056817709378e-14,8.6036927166818115028e-15
165,2895,7.43209793725243906792e-14,8.91851752470292688151e-15
165,2900,7.69622848463733585514e-14,9.23547418156480283684e-15
165,2905,7.95998311042961287502e-14,9.55197973251553494515e-15
165,2910,8.22125457471288380951e-14,9.86550548965545994033e-15
165,2915,8.47799503935348515299e-14,1.01735940472241820574e-14
165,2920,8.72822903414746990331e-14,1.04738748409769630636e-14
165,2925,8.97006538161586114231e-14,1.07640784579390336863e-14
165,2930,9.20170813233786948881e-14,1.10420497588054433866e-14
165,2935,9.42146645841726951336e-14,1.13057597501007227218e-14
165,2940,9.62776337889632784166e-14,1.15533160546755924634e-14
165,2945,9.81914316813835518362e-14,1.17829718017660255893e-14
165,2950,9.9942773268410188638e-14,1.19931327922092226997e-14
165,2955,1.01519690740541431324e-13,1.21823628888649716326e-14
165,2960,1.02911564317464521587e-13,1.2349387718095742338e-14
165,2965,1.04109141067583942329e-13,1.24930969281100722591e-14
165,2970,1.05104545003002679602e-13,1.26125454003603203532e-14
165,2975,1.05891282791237181527e-13,1.27069539349484609628e-14
165,2980,1.06464249936043487027e-13,1.27757099923252174966e-14
165,2985,1.06819742258861501865e-13,1.28183690710633792141e-14
165,2990,1.06955476751815340563e-13,1.28346572102178406783e-14
165,2995,1.06870624494527994807e-13,1.2824474939343358304e-14
165,3000,1.06565856368360135183e-13,1.27879027642032154647e-14
295,5,2.30449947478709848755e-09,2.07404952730838852506e-10
295,10,9.1710169645295179289e-09,8.25391526807656559835e-10
295,15,2.04731876432023142813e-08,1.84258688788820825223e-09
295,20,3.59994863164685685611e-08,3.23995376848217093889e-09
295,25,5.54573403936957199211e-08,4.99116063543261462746e-09
295,30,7.84853032109561280376e-08,7.06367728898605139103e-09
295,35,1.04668937723858572988e-07,9.42020439514727044393e-09
295,40,1.33556436346413024827e-07,1.20200792711771710433e-08
295,45,1.64674740616281922655e-07,1.48207266554653731051e-08
295,50,1.97544237235597765408e-07,1.7778981351203799019e-08
295,55,2.31689607132483929504e-07,2.08520646419235527289e-08
295,60,2.66651336753623263428e-07,2.39986203078260931791e-08
295,65,3.01994662937903690808e-07,2.71795196644113316433e-08
295,70,3.37314373089363168983e-07,3.03582935780426830909e-08
295,75,3.72238301044076293514e-07,3.35014470939668674751e-08
295,80,4.06431147541109156518e-07,3.65788032786998259395e-08
295,85,4.39597490716869175476e-07,3.95637741645182268516e-08
295,90,4.71480841240410466954e-07,4.24332757116369393789e-08
295,95,5.0186130054290536997e-07,4.51675170488614787974e-08
295,100,5.30555639800185530634e-07,4.77500075820166929925e-08
295,105,5.5741724670379018656e-07,5.01675522033411173198e-08
295,110,5.82333216986874824484e-07,5.24099895288187334094e-08
295,115.000000000000014211,6.05220586078310813762e-07,5.44698527470479703269e-08
295,120,6.26023757547752926726e-07,5.63421381792977639347e-08
295,124.999999999999985789,6.44712503569534664731e-07,5.80241253212581174435e-08
295,130,6.61279541420971489076e-07,5.95151587278874313698e-08
295,135,6.75737737575935537229e-07,6.08163963818341946448e-08
295,140,6.88117394677080359063e-07,6.19305655209372243747e-08
295,145,6.98463847362757636607e-07,6.2861746262648190471e-08
295,150,7.06835219383089089652e-07,6.36151697444780180687e-08
295,155,7.13300093041768287766e-07,6.41970083737591427226e-08
295,160,7.17935259782968076213e-07,6.46141733804671268592e-08
295,165,7.20824051187955813118e-07,6.48741646069160226513e-08
295,170,7.22055287515797905663e-07,6.49849758764218120391e-08
295,175,7.21722161431308155023e-07,6.4954994528817736599e-08
295,180,7.19920512281247927986e-07,6.47928461053123082248e-08
295,185,7.16746883664964252385e-07,6.45072195298467795382e-08
295,190,7.12297259341162585713e-07,6.41067533407046268909e-08
295,195,7.06666780811651779039e-07,6.36000102730486643487e-08
295,200,6.99949816883266725659e-07,6.29954835194940095445e-08
295,205,6.92239565632228006106e-07,6.23015609069005242553e-08
295,210,6.83627033339481406751e-07,6.152643300055332449e-08
295,214.999999999999971578,6.74199937899536309417e-07,6.06779944109582710239e-08
295,220,6.64042134800627685757e-07,5.97637921320564911887e-08
295,225,6.53233660001228378648e-07,5.87910294001105506373e-08
295,230.000000000000028422,6.41851012096055453797e-07,5.77665910886449913711e-08
295,235,6.29967254600862316609e-07,5.66970529140776082301e-08
295,240,6.17651822056346928226e-07,5.55886639850712240697e-08
295,245.000000000000028422,6.04970214220857149641e-07,5.44473192798771394972e-08
295,249.999999999999971578,5.91983822997990820007e-07,5.32785440698191693008e-08
295,255,5.78749983814873656104e-07,5.20874985433386295787e-08
295,260,5.65322162638207605139e-07,5.08789946374386810214e-08
295,265,5.51750131595567287635e-07,4.96575118436010542989e-08
295,270,5.38080060075538574257e-07,4.84272054067984685068e-08
295,275,5.24354558335052058771e-07,4.719191025015468476e-08
295,280,5.10612758442005551777e-07,4.59551482597804962188e-08
295,285,4.9689047846246202746e-07,4.47201430616215827361e-08
295,290,4.83220441318922324175e-07,4.3489839718703008117e-08
295,295,4.69632478854898064764e-07,4.22669230969408255641e-08
295,300,4.56153672817936251336e-07,4.10538305536142594439e-08
295,305,4.42808440926509345567e-07,3.98527596833858366011e-08
295,310,4.29618617696164114737e-07,3.86656755926547679441e-08
295,315,4.16603576862413649363e-07,3.74943219176172263251e-08
295,320,4.03780405285997465107e-07,3.63402364757397694774e-08
295,325,3.91164100917156435947e-07,3.52047690825440810881e-08
295,330,3.78767756468890025779e-07,3.40890980822001004673e-08
295,335,3.66602707103338959037e-07,3.29942436393005047251e-08
295,340,3.54678645461516282542e-07,3.19210780915364651641e-08
295,345,3.43003721043717050445e-07,3.0870334893934536393e-08
295,350,3.31584638175268743676e-07,2.98426174357741834897e-08
295,355,3.20426756448138083095e-07,2.88384080803324269491e-08
295,360,3.0953419113501075417e-07,2.78580772021509658901e-08
295,365,2.98909912544545960385e-07,2.69018921290091366993e-08
295,370,2.8855584755450456763e-07,2.59700262799054109543e-08
295,375,2.78472986322177356226e-07,2.50625687689959627221e-08
295,380,2.68661490675562962487e-07,2.41795341608006643739e-08
295,385,2.5912079327507651541e-07,2.33208713947568854605e-08
295,390,2.49849675513546509952e-07,2.24864707962191839105e-08
295,395,2.40846319892487677255e-07,2.16761687903238885707e-08
295,400,2.32108344918624522751e-07,2.08897510426762070476e-08
295,405,2.23632839211677053775e-07,2.01269555290509333839e-08
295,410,2.15416410391820665932e-07,1.93874769352638592721e-08
295,415,2.07455253739466980981e-07,1.86709728365520261707e-08
295,420,1.99745232070725226906e-07,1.79770708863652681716e-08
295,425,1.92281949954452343274e-07,1.73053754959007086447e-08
295,429.999999999999943157,1.85060806996391090333e-07,1.665547262967519813e-08
295,435,1.78077025006483426826e-07,1.60269322505835073556e-08
295,440,1.7132565624734122193e-07,1.54193090622607099737e-08
295,444.999999999999943157,1.64801587666335891352e-07,1.48321428899702292291e-08
295,450,1.58499555315323416982e-07,1.42649599783791063373e-08
295,455,1.52414175273076517227e-07,1.37172757745768866828e-08
295,460.000000000000056843,1.4653998719394883286e-07,1.31885988474553940971e-08
295,465,1.40871499606864353401e-07,1.26784349646177918061e-08
295,470,1.35403225427521358366e-07,1.21862902884769213927e-08
295,475.000000000000056843,1.30129701338511173829e-07,1.17116731204660043873e-08
295,480,1.2504549237692484771e-07,1.12540943139232360954e-08
295,485,1.20145189122473518423e-07,1.08130670210226170551e-08
295,490.000000000000056843,1.15423406586516269009e-07,1.03881065927864632843e-08
295,495,1.10874791080747916976e-07,9.97873119726731279251e-09
295,499.999999999999943157,1.06494036025281073533e-07,9.58446324227529569157e-09
295,505,1.02275902740010384629e-07,9.20483124660093488134e-09
295,510,9.82152399876787875128e-08,8.83937159889108988353e-09
295,515,9.43069970318848225751e-08,8.48762973286963370089e-09
295,520,9.05462282491297561232e-08,8.14916054242167705847e-09
295,525,8.69280910176362666956e-08,7.82352819158726340703e-09
295,530,8.34478409556539203853e-08,7.51030568600885263616e-09
295,535,8.01008287612520365281e-08,7.2090745885126831221e-09
295,540,7.68825011995153721987e-08,6.91942510795638359714e-09
295,545,7.37884062748204906594e-08,6.64095656473384356378e-09
295,550,7.08142005571884492559e-08,6.37327805014696056538e-09
295,555,6.79556558253405086251e-08,6.11600902428064564391e-09
295,560,6.52086627622195017598e-08,5.86877964859975482751e-09
295,565,6.25692308906517789043e-08,5.63123078015866023374e-09
295,570,6.00334854867262855278e-08,5.40301369380536586294e-09
295,575,5.75976631844625594947e-08,5.18378968660162979204e-09
295,580,5.52581080904721372557e-08,4.97322972814249235301e-09
295,585,5.30112695852301911377e-08,4.77101426267071680535e-09
295,590,5.08537020041914210341e-08,4.57683318037722776072e-09
295,595,4.8782065529966754166e-08,4.39038589769700810655e-09
295,600,4.67931272030283032985e-08,4.21138144827254706525e-09
295,605,4.48837610495528898853e-08,4.03953849445975956028e-09
295,610,4.30509467873283895062e-08,3.87458521085955472469e-09
295,615,4.12917671455232632741e-08,3.71625904309709367812e-09
295,620,3.96034042801644095846e-08,3.56430638521479687916e-09
295,625,3.79831359483358478088e-08,3.41848223535022630279e-09
295,630,3.64283320200330838948e-08,3.27854988180297735201e-09
295,635,3.49364516533867141712e-08,3.14428064880480427541e-09
295,640,3.35050411678828278863e-08,3.01545370510945442705e-09
295,645,3.21317324269854838931e-08,2.89185591842869350074e-09
295,650,3.08142414367792240994e-08,2.77328172931012993733e-09
295,655,2.95503668766822113792e-08,2.65953301890139912339e-09
295,660,2.83379883634186007896e-08,2.55041895270767403797e-09
295,665,2.71750643623679581769e-08,2.44575579261311618629e-09
295,670,2.60596297638146474768e-08,2.34536667874331809093e-09
295,675,2.49897932151861337822e-08,2.24908138936675192459e-09
295,680,2.39637343403978716245e-08,2.15673609063580854547e-09
295,685,2.29797009879310265164e-08,2.06817308891379213832e-09
295,690,2.20360066356299032999e-08,1.98324059720669136317e-09
295,695,2.11310280457121229467e-08,1.90179252411409109829e-09
295,700,2.02632032111964680716e-08,1.823688289007682052e-09
295,705,1.94310295727369408842e-08,1.74879266154632458859e-09
295,710,1.8633062425718463557e-08,1.67697561831466175321e-09
295,715,1.78679133978497841434e-08,1.60811220580648056464e-09
295,720,1.7134248869949757238e-08,1.54208239829547818451e-09
295,725,1.643078824111931237e-08,1.47877094170073803885e-09
295,730,1.57563019963910135561e-08,1.4180671796751910877e-09
295,735,1.51096096033460834865e-08,1.35986486430114752206e-09
295,740,1.44895773233734360734e-08,1.30406195910360917216e-09
295,745,1.38951160558476121736e-08,1.25056044502628499636e-09
295,750,1.33251793312996089008e-08,1.19926613981696468527e-09
295,755,1.27787615355087393858e-08,1.15008853819578654472e-09
295,760,1.22548963931954944406e-08,1.10294067538759442521e-09
295,765,1.17526556842089803495e-08,1.057739011578808248e-09
295,770,1.12711481226900072777e-08,1.01440333104210062191e-09
295,775,1.08095183101928776674e-08,9.72856647917359039697e-10
295,780,1.03669456791445569523e-08,9.33025111123010142254e-10
295,785,9.94264336803262145591e-09,8.94837903122935860722e-10
295,790,9.53585700434368180146e-09,8.58227130390931324908e-10
295,795,9.14586340510913475936e-09,8.2312770645982214075e-10
295,800,8.77196922963110261097e-09,7.89477230666799197764e-10
295,805,8.41350963090660198661e-09,7.57215866781594199475e-10
295,810,8.06984695177719471638e-09,7.262862256599474583e-10
295,815,7.74036950215028957122e-09,6.96633255193526065546e-10
295,820,7.42449043887696931464e-09,6.68204139498927242454e-10
295,825,7.12164675382061811449e-09,6.40948207843855642712e-10
295,830,6.83129836116120101337e-09,6.14816852504508074659e-10
295,835,6.55292726377911589955e-09,5.89763453740120406144e-10
295,840,6.28603677179376165411e-09,5.65743309461438536462e-10
295,845,6.03015074454256189935e-09,5.42713567008830595757e-10
295,850,5.78481283058098808303e-09,5.20633154752288857163e-10
295,855,5.54958568823154378216e-09,4.99462711940838919715e-10
295,859.999999999999886313,5.32405018063704984977e-09,4.791645162573344658e-10
295,865.000000000000113687,5.10780455228392413337e-09,4.59702409705553178207e-10
295,870,4.90046360591016883412e-09,4.41041724531915180596e-10
295,875,4.70165790686063830436e-09,4.23149211617457418441e-10
295,880,4.51103304401703284582e-09,4.05992973961532931308e-10
295,885,4.3282489712395735564e-09,3.8954240741156162628e-10
295,889.999999999999886313,4.15297944170186315888e-09,3.73768149753167673959e-10
295,895.000000000000113687,3.98491153187499762869e-09,3.5864203786874976797e-10
295,900,3.82374523625702183895e-09,3.44137071263131977913e-10
295,905,3.66919310223285906324e-09,3.30227379200957299148e-10
295,910,3.52097986986035248903e-09,3.16888188287431709537e-10
295,914.999999999999886313,3.37884208519166185309e-09,3.04095787667249577118e-10
295,920.000000000000113687,3.24252766682452159306e-09,2.91827490014206930968e-10
295,925.000000000000113687,3.1117954208189119242e-09,2.80061587873702056634e-10
295,930,2.98641451475315667112e-09,2.68777306327784079721e-10
295,935,2.86616393367197952687e-09,2.57954754030478157418e-10
295,940,2.75083194616774160497e-09,2.47574875155096734108e-10
295,944.999999999999886313,2.64021560697528949081e-09,2.37619404627776054173e-10
295,950.000000000000113687,2.53412031424491830019e-09,2.28070828282042642882e-10
295,955,2.43235942778226199197e-09,2.18912348500403565836e-10
295,960,2.33475394233137774625e-09,2.10127854809823976483e-10
295,965,2.24113220069557490779e-09,2.01701898062601735497e-10
295,970,2.15132962725332284981e-09,1.93619666452799055449e-10
295,974.999999999999886313,2.06518846390162291572e-09,1.85866961751146064483e-10
295,980.000000000000113687,1.98255749664279717235e-09,1.78430174697851733104e-10
295,985,1.90329176975416872152e-09,1.71296259277875181835e-10
295,990,1.82725229308850229885e-09,1.64452706377965197591e-10
295,995,1.75430575412946760148e-09,1.578875178716520831e-10
295,999.999999999999886313,1.68432424854857837822e-09,1.51589182369372044734e-10
295,1005.00000000000011369,1.61718504090485153495e-09,1.45546653681436640213e-10
295,1010,1.55277036175255909895e-09,1.39749332557730312702e-10
295,1015,1.490967240475465464e-09,1.34187051642791883488e-10
295,1020,1.43166736662419025397e-09,1.28850062996177123892e-10
295,1025,1.37476696802635940976e-09,1.23729027122372333436e-10
295,1030,1.32016669242072208184e-09,1.18815002317864991502e-10
295,1035,1.26777148093641356911e-09,1.14099433284277213982e-10
295,1040,1.21749042569098556447e-09,1.0957413831218869098e-10
295,1045,1.16923660891906186348e-09,1.05231294802715562027e-10
295,1050,1.12292692603566199474e-09,1.01063423343209582111e-10
295,1055,1.07848189871135969233e-09,9.70633708840223630044e-11
295,1060,1.03582548575751978091e-09,9.32242937181767730444e-11
295,1065,9.9488489925247821632e-10,8.95396409327230368839e-11
295,1070,9.55590431345019310755e-10,8.6003138821051736417e-11
295,1075,9.17875294320536647723e-10,8.260877648884830088e-11
295,1080,8.81675473696170212445e-10,7.9350792632655321188e-11
295,1085,8.4692959206748140747e-10,7.62236632860733297743e-11
295,1090,8.13578780585310251803e-10,7.32220902526779164584e-11
295,1095,7.81566555333173336021e-10,7.034098997998559197e-11
295,1100,7.50838697207120680411e-10,6.7575482748640863822e-11
295,1105,7.2134313564261595844e-10,6.49208822078354352257e-11
295,1110,6.93029838121752979575e-10,6.23726854309577702297e-11
295,1115,6.6585070837234821985e-10,5.99265637535113320317e-11
295,1120,6.39759496271412786161e-10,5.7578354664427149462e-11
295,1125,6.14711721695275491351e-10,5.53240549525747926706e-11
295,1130,5.90664613119766343008e-10,5.31598151807789693198e-11
295,1135,5.675770600354592187e-10,5.10819354031913263226e-11
295,1140,5.45409576592056068961e-10,4.90868618932850412951e-11
295,1145,5.24124272681414980052e-10,4.71711845413273448443e-11
295,1150,5.03684828120277626216e-10,4.53316345308249858424e-11
295,1155,4.84056465772530083528e-10,4.35650819195277041571e-11
295,1160,4.65205920241039511767e-10,4.18685328216935542495e-11
295,1165,4.47101399959888325069e-10,4.02391259963899456373e-11
295,1170,4.29712541839106432426e-10,3.86741287655195765919e-11
295,1175,4.13010358812945160962e-10,3.71709322931650626771e-11
295,1180,3.96967181512833906016e-10,3.57270463361550499905e-11
295,1185,3.81556595749809244045e-10,3.43400936174828275696e-11
295,1190,3.66753377558482963238e-10,3.30078039802634672084e-11
295,1195,3.52533427324275548049e-10,3.1728008459184795964e-11
295,1200,3.38873704135814482011e-10,3.0498633372223304932e-11
295,1205,3.25752161114160992665e-10,2.93176945002744872719e-11
295,1210,3.13147682200218749343e-10,2.81832913980196875701e-11
295,1215,3.01040020777010105346e-10,2.70936018699309074132e-11
295,1220,2.89409740579192760624e-10,2.60468766521273484561e-11
295,1225,2.78238159533333893198e-10,2.50414343580000489661e-11
295,1230,2.67507297404298508136e-10,2.40756567663868657322e-11
295,1235,2.5719982828439284231e-10,2.31479845455953539984e-11
295,1240,2.47299038988102541105e-10,2.22569135089292284409e-11
295,1245,2.37788794248734427217e-10,2.14009914823860989665e-11
295,1250,2.28653509264717011604e-10,2.05788158338245297519e-11
295,1255,2.19878129656810196212e-10,1.97890316691129179176e-11
295,1260,2.11448118351281314246e-10,1.90303306516153186699e-11
295,1265,2.03349448387753570768e-10,1.83014503548978199474e-11
295,1270,1.95568600248271587813e-10,1.76011740223444409644e-11
295,1275,1.88092562067050083458e-10,1.6928330586034505314e-11
295,1280,1.80908831030838407246e-10,1.62817947927754560059e-11
295,1285,1.7400541440168105509e-10,1.56604872961512943119e-11
295,1290,1.67370828846674079385e-10,1.50633745962006662399e-11
295,1295,1.60994097090548396355e-10,1.44894687381493550903e-11
295,1300,1.54864741258242955633e-10,1.39378267132418658131e-11
295,1305,1.48972772606273810973e-10,1.34075495345646428584e-11
295,1310,1.4330867762018233436e-10,1.28977809858164089292e-11
295,1315,1.378634006724475359e-10,1.24077060605202781018e-11
295,1320,1.32628323588248180536e-10,1.19365491229423352789e-11
295,1325,1.27595242574046501616e-10,1.14835718316641854039e-11
295,1330,1.22756343035696501193e-10,1.10480708732126843319e-11
295,1335,1.18104172869635104095e-10,1.06293755582671592393e-11
295,1340,1.13631614858768197992e-10,1.02268453372891367207e-11
295,1345,1.09331858847886105142e-10,9.83986729630974959201e-12
295,1350,1.05198374408545164595e-10,9.46785369676906403809e-12
295,1355,1.0122488471545927482e-10,9.1102396243913339583e-12
295,1360,9.74053423357382793462e-11,8.76648081021644481804e-12
295,1365,9.37339075673760251413e-11,8.43605168106384129336e-12
295,1370,9.02049298504056256008e-11,8.11844368653650623945e-12
295,1375,8.68129326162033712403e-11,7.81316393545830302389e-12
295,1380,8.35526017533877596337e-11,7.51973415780489849628e-12
295,1385,8.04187776664479458867e-11,7.23768998998031522674e-12
295,1390,7.74064507120408065393e-11,6.96658056408367233004e-12
295,1395,7.45107596284356086929e-11,6.70596836655920449156e-12
295,1400,7.17269924457428452059e-11,6.45542932011685568079e-12
295,1405,6.90505892782105869425e-11,6.21455303503895243709e-12
295,1410,6.64771463607474042586e-11,5.98294317246726602785e-12
295,1415,6.40024206892378537807e-11,5.76021786203140687257e-12
295,1420,6.16223346576478452487e-11,5.54601011918830594314e-12
295,1425,5.93329801419924586642e-11,5.33996821277932137672e-12
295,1430,5.71306215590077311607e-11,5.14175594031069567521e-12
295,1435,5.50116975175776786066e-11,4.95105277658199097766e-12
295,1440,5.29728207812695537536e-11,4.76755387031425935315e-12
295,1445,5.10107763663407049861e-11,4.59096987297066312563e-12
295,1450,4.9122517706217150953e-11,4.42102659355954332728e-12
295,1455,4.73051609174022556784e-11,4.25746448256620255869e-12
295,1460,4.55559772989988884875e-11,4.10003795690990009312e-12
295,1465,4.38723842834051826905e-11,3.94851458550646637752e-12
295,1470,4.22519351253392937062e-11,3.80267416128053662743e-12
295,1475,4.06923076679748703495e-11,3.66230769011773810527e-12
295,1480,3.91912925567684253215e-11,3.52721633010915808507e-12
295,1485,3.77467812833992141204e-11,3.39721031550592910928e-12
295,1490,3.63567544346347031958e-11,3.27210789911712310991e-12
295,1495,3.50192704979230992936e-11,3.15173434481307877487e-12
295,1500,3.37324555384072576761e-11,3.0359209984566530616e-12
295,1505,3.24944940156766093298e-11,2.92450446141089480737e-12
295,1510,3.13036209539701203952e-11,2.81732588585731070632e-12
295,1515,3.01581156202215095119e-11,2.71423040581993582376e-12
295,1520,2.9056296801121103436e-11,2.61506671210089929309e-12
295,1525,2.79965197035866981202e-11,2.51968677332280275004e-12
295,1530,2.69771744342819067216e-11,2.42794569908537160494e-12
295,1535,2.59966859454568030321e-11,2.33970173509111233752e-12
295,1540,2.50535152690626600901e-11,2.2548163742156395212e-12
295,1545,2.41461618031937601033e-11,2.17315456228743850623e-12
295,1550,2.32731663689141872758e-11,2.09458497320227661248e-12
295,1555,2.2433114726983854791e-11,2.01898032542854673732e-12
295,1560,2.16246412345224758821e-11,1.94621771110702265168e-12
295,1565,2.08464323337786471013e-11,1.87617891004007831989e-12
295,1570,2.00972295967967468681e-11,1.80875066371170723428e-12
295,1575,1.93758320985828520482e-11,1.74382488887245654702e-12
295,1580,1.86810979514022771916e-11,1.6812988156262049634e-12
295,1585,1.80119448985655776284e-11,1.62107504087090191386e-12
295,1590,1.73673499318171814154e-11,1.56306149386354635162e-12
295,1595,1.67463479564245119441e-11,1.5071713160782060992e-12
295,1600,1.61480295788087252259e-11,1.45332266209278523802e-12
295,1605,1.55715381305788641413e-11,1.40143843175209765963e-12
295,1610,1.50160660693501609388e-11,1.35144594624151439563e-12
295,1615,1.44808509123434586527e-11,1.30327658211091116565e-12
295,1620,1.39651708641179281703e-11,1.25686537777061342224e-12
295,1625,1.34683402980687640101e-11,1.21215062682618880937e-12
295,1630,1.29897052449463348736e-11,1.16907347204517006592e-12
295,1635,1.2528639031728853831e-11,1.12757751285559689326e-12
295,1640,1.20845382025298134539e-11,1.08760843822768321893e-12
295,1645,1.16568188388022207232e-11,1.04911369549219976007e-12
295,1650,1.12449133796294390059e-11,1.012042204166649559e-12
295,1655,1.08482680216554658911e-11,9.76344121948991986745e-13
295,1660,1.04663407527341966833e-11,9.41970667746077644954e-13
295,1665,1.00986000430247177292e-11,9.08874003872224531003e-13
295,1670,9.74452418300910534641e-12,8.77007176470819420593e-13
295,1675,9.40360122301818666512e-12,8.46324110071636751394e-13
295,1680,9.0753294349382248158e-12,8.16779649144440164759e-13
295,1685,8.75921818946266904385e-12,7.88329637051640165479e-13
295,1690,8.45478912302390920232e-12,7.60931021072151799936e-13
295,1695,8.1615774605665862793e-12,7.34541971450992736864e-13
295,1700,7.87913336386881881494e-12,7.09122002748193640838e-13
295,1705,7.60702318897142451272e-12,6.84632087007428157678e-13
295,1710,7.34483055833303428372e-12,6.61034750249973109769e-13
295,1715,7.09215717964882726799e-12,6.38294146168394462197e-13
295,1719.99999999999977263,6.84862337009138855389e-12,6.16376103308224965811e-13
295,1725,6.61386826962414570959e-12,5.95248144266173073473e-13
295,1730.00000000000022737,6.38754974658651726296e-12,5.74879477192786505199e-13
295,1735,6.16934401328095012003e-12,5.55240961195285470413e-13
295,1740,5.95894497827729816564e-12,5.36305048044956838947e-13
295,1744.99999999999977263,5.75606336738911799094e-12,5.18045703065020562639e-13
295,1750,5.56042564825827416343e-12,5.00438308343244626241e-13
295,1755.00000000000022737,5.37177279565284745013e-12,4.83459551608756213967e-13
295,1760,5.18985893737610471598e-12,4.67087304363849420399e-13
295,1765.00000000000022737,5.01444992379111578463e-12,4.513004931412004085e-13
295,1770,4.84532186767501484248e-12,4.36078968090751295434e-13
295,1775,4.68225970359845953624e-12,4.21403373323861348165e-13
295,1779.99999999999977263,4.52505581676729605082e-12,4.07255023509056654671e-13
295,1785,4.37350878887553039195e-12,3.93615790998797725178e-13
295,1790.00000000000022737,4.22742230231541049724e-12,3.80468007208386940712e-13
295,1795,4.08660423451955637098e-12,3.67794381106760071368e-13
295,1800,3.95086596182398926813e-12,3.5557793656415904221e-13
295,1804.99999999999977263,3.82002187850907543527e-12,3.43801969065816775038e-13
295,1810,3.69388912331618583874e-12,3.32450021098456709331e-13
295,1815.00000000000022737,3.57228749434783780577e-12,3.21505874491305382325e-13
295,1820,3.45503952518104301376e-12,3.10953557266293857102e-13
295,1825,3.3419706909771313936e-12,3.00777362187941821385e-13
295,1829.99999999999977263,3.23290971310703953841e-12,2.90961874179633556437e-13
295,1835,3.12768893413933012969e-12,2.81492004072539723789e-13
295,1840.00000000000022737,3.02614474000431371637e-12,2.72353026600388220337e-13
295,1845,2.92811801201934213939e-12,2.63530621081740804662e-13
295,1850.00000000000022737,2.83345459615988351471e-12,2.55010913654389526421e-13
295,1855,2.74200577993582582294e-12,2.46780520194224311948e-13
295,1860,2.65362876751203795004e-12,2.38826589076083405407e-13
295,1864.99999999999977263,2.5681871415327330305e-12,2.31136842737945942453e-13
295,1870,2.48555129647800428542e-12,2.23699616683020373571e-13
295,1875.00000000000022737,2.40559882373139039118e-12,2.16503894135825116021e-13
295,1880,2.32821482513555522311e-12,2.09539334262199962002e-13
295,1885,2.25329213014428429233e-12,2.0279629171298558429e-13
295,1889.99999999999977263,2.18073139309565039083e-12,1.96265825378608522048e-13
295,1895,2.11044105202168580349e-12,1.89939694681951712216e-13
295,1900.00000000000022737,2.04233713820679263615e-12,1.83810342438611336244e-13
295,1905,1.9763429359557375215e-12,1.77870864236016377945e-13
295,1910,1.91238850316562670226e-12,1.72114965284906387047e-13
295,1914.99999999999977263,1.85041007387316233694e-12,1.66536906648584603256e-13
295,1920,1.79034937251848258048e-12,1.61131443526663422146e-13
295,1925.00000000000022737,1.7321528749512747898e-12,1.55893758745614714926e-13
295,1930,1.67577105275578981115e-12,1.50819394748021087043e-13
295,1935,1.62115763494375036406e-12,1.45904187144937526707e-13
295,1940,1.56826891542095843448e-12,1.41144202387886244967e-13
295,1945,1.51706312681816983208e-12,1.3653568141363527075e-13
295,1949.99999999999977263,1.46749989276190054403e-12,1.32074990348571036846e-13
295,1955,1.41953976303704811522e-12,1.2775857867333432734e-13
295,1960.00000000000022737,1.37314383015854965514e-12,1.23582944714269463914e-13
295,1965,1.32827342282774567036e-12,1.19544608054497103265e-13
295,1970,1.28488987103437933587e-12,1.15640088393094144267e-13
295,1974.99999999999977263,1.24295433896982860982e-12,1.11865890507284567815e-13
295,1980,1.20242772428539880638e-12,1.08218495185685883486e-13
295,1985.00000000000022737,1.16327062434167319104e-12,1.04694356190750585174e-13
295,1990,1.125443370901814261e-12,1.01289903381163277936e-13
295,1995,1.08890613345142289908e-12,9.80015520106280614223e-14
295,1999.99999999999977263,1.05361908791016302612e-12,9.48257179119146673022e-14
295,2005,1.01954264229734546171e-12,9.17588378067610865055e-14
295,2010.00000000000022737,9.86637704916927572245e-13,8.87973934425234840264e-14
295,2015,9.5486597487481405842e-13,8.59379377387332597042e-14
295,2020,9.24190230836421664414e-13,8.3177120775277950807e-14
295,2025,8.94574592366796011606e-13,8.05117133130116420543e-14
295,2030,8.6598472996034072431e-13,7.79386256964306616538e-14
295,2034.99999999999977263,8.38388004441672700288e-13,7.54549203997505374724e-14
295,2040,8.11753523773094014318e-13,7.30578171395784628032e-14
295,2045.00000000000022737,7.86052113829333139996e-13,7.0744690244639977046e-14
295,2050,7.61256208703747640795e-13,6.85130587833372836325e-14
295,2055,7.37339673929711066692e-13,6.63605706536739939828e-14
295,2060,7.14277581956063658999e-13,6.42849823760457313293e-14
295,2065,6.92045962432346941804e-13,6.22841366189112242575e-14
295,2070,6.70621550163295277875e-13,6.03559395146965765234e-14
295,2075,6.4998155126000752224e-13,5.84983396134006759919e-14
295,2080,6.30103443562455859836e-13,5.67093099206210261231e-14
295,2085,6.10964821723111595894e-13,5.4986833955080041611e-14
295,2090,5.92543291265219718488e-13,5.33288962138697728969e-14
295,2095,5.74816410502417403234e-13,5.17334769452175635143e-14
295,2100,5.57761674997722825783e-13,5.01985507497950545729e-14
295,2105,5.41356536747377166565e-13,4.87220883072639439811e-14
295,2110,5.2557844947129081234e-13,4.73020604524161713436e-14
295,2115,5.1040493226079334778e-13,4.59364439034714020575e-14
295,2120,4.95813645640829733683e-13,4.46232281076746757791e-14
295,2125,4.81782476430419954641e-13,4.33604228787377946555e-14
295,2130,4.68289629779905177395e-13,4.21460666801914631888e-14
295,2135,4.55313728167567729094e-13,4.09782355350810971331e-14
295,2140,4.4283391732624700851e-13,3.98550525593622289989e-14
295,2145,4.30829978209688805359e-13,3.8774698038871993492e-14
295,2150,4.19282442296651392061e-13,3.77354198066986247806e-14
295,2155,4.08172705260486720687e-13,3.6735543473443806124e-14
295,2160,3.97483131860210621689e-13,3.57734818674189556996e-14
295,2165,3.87197143345347599499e-13,3.48477429010812857219e-14
295,2170,3.7729927831871612219e-13,3.3956935048684447463e-14
295,2175,3.67775219005543112496e-13,3.30997697104988798722e-14
295,2180,3.58611777283323824957e-13,3.22750599554991402072e-14
295,2185,3.49796838348962186377e-13,3.14817154514065965215e-14
295,2190,3.41319264029504291365e-13,3.07187337626553829412e-14
295,2195,3.33168761817924785341e-13,2.99851885636132309332e-14
295,2200,3.2533572910101931657e-13,2.92802156190917354621e-14
295,2205,3.17811084123691489186e-13,2.86029975711322307451e-14
295,2210,3.10586095782085607222e-13,2.79527486203877037665e-14
295,2215,3.03652223153599986342e-13,2.73287000838239962464e-14
295,2220,2.97000973086092585503e-13,2.67300875777483323166e-14
295,2225,2.90623780620878646283e-13,2.61561402558790756411e-14
295,2230,2.8451191318986939803e-13,2.56060721870882445605e-14
295,2235,2.78656396056805016702e-13,2.50790756451124509983e-14
295,2240,2.73047954010120376132e-13,2.45743158609108334733e-14
295,2245,2.67676963261264243381e-13,2.40909266935137822829e-14
295,2250,2.62533407998524348444e-13,2.3628006719867189088e-14
295,2255,2.57606837916129395246e-13,2.31846154124516433002e-14
295,2260,2.52886325922761064593e-13,2.27597693330484941725e-14
295,2265,2.4836042842167966478e-13,2.23524385579511675583e-14
295,2270,2.44017153575767164142e-13,2.19615438218190454038e-14
295,2275,2.39843944987218212955e-13,2.15859550488496391659e-14
295,2280,2.35827689030286752261e-13,2.12244920127258054316e-14
295,2285,2.31954753352819751332e-13,2.08759278017537762315e-14
295,2290,2.28211061981495789068e-13,2.05389955783346210161e-14
295,2295,2.24582209254556415463e-13,2.02123988329100781489e-14
295,2300,2.21053611095293982933e-13,1.98948249985764563182e-14
295,2305,2.17610688369587842923e-13,1.95849619532629037174e-14
295,2310,2.14239073872302308217e-13,1.92815166485072077395e-14
295,2315,2.10924832229393468342e-13,1.89832349006454110148e-14
295,2320,2.076546810001268618e-13,1.86889212900114169309e-14
295,2325,2.04416201506273457902e-13,1.8397458135564609949e-14
295,2330,2.01198029301789643132e-13,1.81078226371610682605e-14
295,2335,1.97990016418316549569e-13,1.78191014776484885776e-14
295,2340,1.94783360211280886293e-13,1.75305024190152806499e-14
295,2345,1.91570696391578624755e-13,1.72413626752420754707e-14
295,2350,1.88346156258067285641e-13,1.69511540632260563388e-14
295,2355,1.85105390084063835577e-13,1.66594851075657438135e-14
295,2360,1.81845559775644671116e-13,1.63661003798080186334e-14
295,2365,1.78565304495623033213e-13,1.60708774046060714746e-14
295,2370,1.75264682829982146764e-13,1.57738214546983925776e-14
295,2375,1.71945094679189172435e-13,1.54750585211270240046e-14
295,2380,1.68609185456386593054e-13,1.5174826691074791734e-14
295,2385,1.65260734721498521299e-13,1.48734661249348659072e-14
295,2390,1.61904531209433301055e-13,1.45714078088489969687e-14
295,2395,1.58546236456559306913e-13,1.42691612810903366124e-14
295,2400,1.55192239903607224238e-13,1.39673015913246498028e-14
295,2405,1.5184950932727050606e-13,1.36664558394543456716e-14
295,2410,1.48525441570336418697e-13,1.3367289741330277809e-14
295,2415,1.45227719490467758624e-13,1.30704947541420978344e-14
295,2420,1.4196418161202659455e-13,1.27767763450823925628e-14
295,2425,1.3874271084947506051e-13,1.24868439764527552566e-14
295,2430,1.35571147739844368859e-13,1.22014032965859922507e-14
295,2435,1.32457231848965136964e-13,1.19211508664068623267e-14
295,2440,1.29408572500389219987e-13,1.16467715250350296095e-14
295,2445,1.26432646970235363477e-13,1.1378938227321182776e-14
295,2450,1.23536821147253428702e-13,1.1118313903252807889e-14
295,2455,1.20728384774111876726e-13,1.08655546296700691578e-14
295,2460,1.18014591236185719057e-13,1.06213132112567138316e-14
295,2465,1.15402690681025362174e-13,1.03862421612922820908e-14
295,2470,1.12899945348713786783e-13,1.01609950813842411891e-14
295,2475,1.10513617346477957929e-13,9.9462255611830159612e-15
295,2480,1.08250921649545744656e-13,9.74258294845911651416e-15
295,2485,1.06118940508636819736e-13,9.55070464577731308203e-15
295,2490,1.04124499338722389146e-13,9.37120494048501496006e-15
295,2495,1.02274008070632081387e-13,9.2046607263568871355e-15
295,2500,1.00573275456353652604e-13,9.05159479107182841884e-15
295,2505,9.90273064788548272769e-14,8.91245758309693470736e-15
295,2510,9.76400946618566564267e-14,8.78760851956709945705e-15
295,2515,9.64144215429639068333e-14,8.67729793886675199365e-15
295,2520,9.53516749557092974146e-14,8.58165074601383613622e-15
295,2525,9.44516962433292090865e-14,8.50065266189962843913e-15
295,2530,9.37126643526947746501e-14,8.43413979174253009717e-15
295,2535,9.31310223350214219215e-14,8.38179201015192721563e-15
295,2540,9.27014493393475108199e-14,8.34313044054127559514e-15
295,2545,9.24168790080272206046e-14,8.31751911072244953887e-15
295,2550,9.22685634002047953894e-14,8.30417070601843133261e-15
295,2555,9.22461802622473081213e-14,8.30215622360225747848e-15
295,2560,9.23379805149785453276e-14,8.31041824634806800663e-15
295,2565,9.25309721379171197561e-14,8.32778749241254021007e-15
295,2570,9.28111360235725601148e-14,8.35300224212153041034e-15
295,2575,9.3163668744049768636e-14,8.38473018696447905102e-15
295,2580,9.3573246338092526436e-14,8.4215921704283270637e-15
295,2585,9.40243022360714299149e-14,8.46218720124642869234e-15
295,2590,9.4501311338587278129e-14,8.5051180204728542743e-15
295,2595,9.49890712126694699063e-14,8.54901640914025134493e-15
295,2600,9.54729705434793128909e-14,8.59256734891313860194e-15
295,2605,9.5939234614202574356e-14,8.6345311152782321338e-15
295,2610,9.63751378890123634702e-14,8.67376241001111220745e-15
295,2615,9.67691748482256775969e-14,8.70922573634031066817e-15
295,2620,9.71111821058155212717e-14,8.74000638952339672512e-15
295,2625,9.73924074346088213431e-14,8.76531666911479316357e-15
295,2630,9.76055245232532541343e-14,8.78449720709279312452e-15
295,2635,9.77445957337004008961e-14,8.79701361603303532334e-15
295,2640,9.78049885636059478824e-14,8.80244897072453429968e-15
295,2645,9.77832546137889244269e-14,8.80049291524100313531e-15
295,2650,9.76769822994872631226e-14,8.79092840695385279751e-15
295,2655,9.74846361060961528724e-14,8.77361724954865369541e-15
295,2660,9.72053956970878179822e-14,8.74848561273790298731e-15
295,2665,9.68390076258232507033e-14,8.71551068632409294195e-15
295,2670,9.63856608309929110716e-14,8.67470947478936092359e-15
295,2675,9.5845894641091806236e-14,8.62613051769826275057e-15
295,2680,9.52205449571594570414e-14,8.56984904614435119684e-15
295,2685,9.45107308784309875739e-14,8.50596577905878837678e-15
295,2690,9.37178806233663126068e-14,8.4346092561029673142e-15
295,2695,9.28437924513262667301e-14,8.35594132061936350084e-15
295,2700,9.18907236589253688171e-14,8.27016512930328212069e-15
295,2705,9.0861498836412720115e-14,8.17753489527714506279e-15
295,2710,8.97596274604834407416e-14,8.07836647144350916187e-15
295,2715,8.8589420640667055692e-14,7.97304785766003507539e-15
295,2720,8.73560973015247341782e-14,7.86204875713722639158e-15
295,2725,8.60658711843397650191e-14,7.74592840659057897794e-15
295,2730,8.47260115439635188861e-14,7.62534103895671644732e-15
295,2735,8.33448721685444693571e-14,7.5010384951690019897e-15
295,2740,8.1931885116470622817e-14,7.37386966048235542244e-15
295,2745,8.04975172584550883454e-14,7.24477655326095769865e-15
295,2750,7.90531892027737311384e-14,7.11478702824963630733e-15
295,2755,7.76111574772931184504e-14,6.98500417295638062898e-15
295,2760,7.61843619349950788271e-14,6.85659257414955665267e-15
295,2765,7.4786241342559317921e-14,6.73076172083033864445e-15
295,2770,7.3430521049303513231e-14,6.60874689443731628545e-15
295,2775,7.21309775990961974484e-14,6.49178798391865717082e-15
295,2780,7.09011861868354645288e-14,6.38110675681519168137e-15
295,2785,6.97542579217318174761e-14,6.27788321295586297332e-15
295,2790,6.87025749298157745064e-14,6.18323174368341932692e-15
295,2795,6.77575322425940231239e-14,6.09817790183346223892e-15
295,2800,6.6929296073346973381e-14,6.02363664660122750962e-15
295,2805,6.62265882624255559045e-14,5.96039294361829993674e-15
295,2810,6.56565063549500271212e-14,5.90908557194550212537e-15
295,2815,6.52243877039161587833e-14,5.87019489335245369096e-15
295,2820,6.49337243055968568664e-14,5.84403518750371699176e-15
295,2825,6.47861327015537023437e-14,5.83075194313983283228e-15
295,2830,6.47813804431789203692e-14,5.83032423988610235991e-15
295,2835,6.49174674376236774234e-14,5.84257206938613074723e-15
295,2840,6.5190757303463702441e-14,5.86716815731173299881e-15
295,2845,6.55961508894737822409e-14,5.90365358005264043324e-15
295,2850,6.61272916609783419829e-14,5.9514562494880503367e-15
295,2855,6.67767909318618150552e-14,6.00991118386756300786e-15
295,2860,6.75364600912332168929e-14,6.07828140821098926792e-15
295,2865,6.83975371389934411224e-14,6.15577834250940944858e-15
295,2870,6.93508959177519535205e-14,6.24158063259767540664e-15
295,2875,7.03872283689741487097e-14,6.33485055320767319455e-15
295,2880,7.14971926438083668435e-14,6.4347473379427528897e-15
295,2885,7.26715228682496437346e-14,6.54043705814246762057e-15
295,2890,7.39010993274553195735e-14,6.65109893947097857229e-15
295,2895,7.51769807260850858135e-14,6.76592826534765750234e-15
295,2900,7.64904026185195709213e-14,6.88413623566676078338e-15
295,2905,7.78327480606616164527e-14,7.00494732545954544919e-15
295,2910,7.91954977716609505351e-14,7.12759479944948498018e-15
295,2915,8.05701677437063610725e-14,7.25131509693357199165e-15
295,2920,8.19482422364510044966e-14,7.37534180128058958428e-15
295,2925,8.33211096146489016931e-14,7.4988998653184012786e-15
295,2930,8.46800076081813431436e-14,7.62120068473632081982e-15
295,2935,8.60159834736010313667e-14,7.74143851262409225503e-15
295,2940,8.73198733473426554345e-14,7.85878860126083905222e-15
295,2945,8.85823038603839021626e-14,7.97240734743455037422e-15
295,2950,8.97937179768872854144e-14,8.08143461791985505621e-15
295,2955,9.09444259648866273503e-14,8.18499833683979538868e-15
295,2960,9.20246815366326573032e-14,8.28222133829693890485e-15
295,2965,9.30247823026381951073e-14,8.37223040723743661303e-15
295,2970,9.3935192919216354365e-14,8.45416736272947170352e-15
295,2975,9.47466884566331101013e-14,8.52720196109698035088e-15
295,2980,9.54505147106328338069e-14,8.59054632395695529506e-15
295,2985,9.60385612261180301976e-14,8.64347051035062177115e-15
295,2990,9.65035419053607345657e-14,8.68531877148246598469e-15
295,2995,9.68391771401245521123e-14,8.71552594261120905902e-15
295,3000,9.70403706136062084409e-14,8.73363335522455800237e-15
1000,5,1.36260781207739367093e-09,8.17564687246436145689e-11
1000,10,5.44152112995081409437e-09,3.26491267797048816711e-10
1000,15,1.22104022668210368761e-08,7.32624136009262208432e-10
1000,20,2.16252102382925406595e-08,1.29751261429755239821e-09
1000,25,3.36241505941025750151e-08,2.01744903564615445128e-09
1000,30,4.81283118961245043765e-08,2.88769871376747031222e-09
1000,35,6.50427874043182109068e-08,3.90256724425909238971e-09
1000,40,8.42580675609753798075e-08,5.05548405365852229214e-09
1000,45,1.05651689831911723834e-07,6.33910138991470356242e-09
1000,50,1.29090000603675749162e-07,7.74540003622054428798e-09
1000,55,1.54429891863837487463e-07,9.26579351183024818897e-09
1000,60,1.81520674286331821466e-07,1.08912404571799089571e-08
1000,65,2.10205955166521878426e-07,1.26123573099913115806e-08
1000,70,2.40325271140550592325e-07,1.4419516268433034944e-08
1000,75,2.71715592327827848081e-07,1.63029355396696711496e-08
1000,80,3.04212904660211355345e-07,1.82527742796126818501e-08
1000,85,3.37653681495292955114e-07,2.02592208897175781009e-08
1000,90,3.71876021366645289503e-07,2.23125612819987169731e-08
1000,95,4.0672064571269568128e-07,2.44032387427617388916e-08
1000,100,4.42031957010656945088e-07,2.65219174206394145877e-08
1000,105,4.77659024069789913425e-07,2.86595414441873953349e-08
1000,110,5.13456318886814462579e-07,3.08073791332088656372e-08
1000,115.000000000000014211,5.49284240296650189012e-07,3.29570544177990071055e-08
1000,120,5.85009559921724058232e-07,3.51005735953034413763e-08
1000,124.999999999999985789,6.20505846659208640466e-07,3.72303507995525176339e-08
1000,130,6.55653824958471698149e-07,3.93392294975082981832e-08
1000,135,6.9034162168493125284e-07,4.14204973010958730528e-08
1000,140,7.24464920092914773011e-07,4.34678952055748818808e-08
1000,145,7.57927052540124281364e-07,4.54756231524074574112e-08
1000,150,7.90639018590886454145e-07,4.74383411154531885722e-08
1000,155,8.22519412218019365908e-07,4.93511647330811571899e-08
1000,160,8.53494300620883867807e-07,5.12096580372530286274e-08
1000,165,8.83497114529544990751e-07,5.30098268717726954746e-08
1000,170,9.12468538242183297596e-07,5.47481122945309954735e-08
1000,175,9.40356323241742766614e-07,5.64213793945045607029e-08
1000,180,9.6711498934126478463e-07,5.8026899360475886019e-08
1000,185,9.92705478710347248274e-07,5.95623287226208335729e-08
1000,190,1.01709486630781620003e-06,6.10256919784689661785e-08
1000,195,1.04025616012019589998e-06,6.24153696072117497636e-08
1000,200,1.06216812542742136411e-06,6.37300875256452744353e-08
1000,205,1.08281503947428366565e-06,6.49689023684570220563e-08
1000,210,1.10218634282944474837e-06,6.61311805697666806668e-08
1000,214.999999999999971578,1.1202762344277758523e-06,6.72165740656665490204e-08
1000,220,1.13708328785125342187e-06,6.82249972710752058418e-08
1000,225,1.15261013423008475298e-06,6.91566080538050772381e-08
1000,230.000000000000028422,1.1668632028002400176e-06,7.00117921680144031733e-08
1000,235,1.17985247978381635017e-06,7.07911487870289836572e-08
1000,240,1.19159125388791635282e-06,7.14954752332749732282e-08
1000,245.000000000000028422,1.20209584343315184985e-06,7.21257506059891019914e-08
1000,249.999999999999971578,1.21138531897889443715e-06,7.2683119138733658288e-08
1000,255,1.21948123509585908091e-06,7.31688741057515385021e-08
1000,260,1.22640737403909870821e-06,7.35844424423459177278e-08
1000,265,1.23218949714577791666e-06,7.39313698287466744701e-08
1000,270,1.23685510293192634085e-06,7.42113061759155746274e-08
1000,275,1.24043319838767761399e-06,7.44259919032606499571e-08
1000,280,1.24295409237075300814e-06,7.45772455422451831352e-08
1000,285,1.24444921378117508364e-06,7.46669528268705066065e-08
1000,290,1.24495094750600645298e-06,7.46970568503603855904e-08
1000,295,1.24449247617720959307e-06,7.46695485706325782313e-08
1000,300,1.24310761944003765031e-06,7.45864571664022500189e-08
1000,305,1.24083067142068635104e-06,7.44498402852411741803e-08
1000,310,1.23769624461946648741e-06,7.42617746771679881857e-08
1000,315,1.23373912973055056316e-06,7.40243477838330295545e-08
1000,320,1.22899417621794650392e-06,7.37396505730767881178e-08
1000,325,1.22349619174914353732e-06,7.34097715049486032398e-08
1000,330,1.21727985406172620746e-06,7.30367912437035719184e-08
1000,335,1.21037962824348310491e-06,7.26227776946089841768e-08
1000,340,1.20282968488409704108e-06,7.21697810930458182299e-08
1000,345,1.19466381803809870609e-06,7.16798290822859213069e-08
1000,350,1.18591536491201306537e-06,7.11549218947207786283e-08
1000,355,1.1766171309733181237e-06,7.05970278583990826576e-08
1000,360,1.16680132466030234133e-06,7.00080794796181351857e-08
1000,365,1.15649950493305143294e-06,6.93899702959830886233e-08
1000,370,1.14574254262593114044e-06,6.87445525575558647209e-08
1000,375,1.13456059352437903615e-06,6.80736356114627389928e-08
1000,380,1.12298307847540561566e-06,6.73789847085243385277e-08
1000,385,1.11103866502499488618e-06,6.66623199014996910534e-08
1000,390,1.09875524663127230767e-06,6.59253147978763336955e-08
1000,395,1.0861599188290273032e-06,6.51695951297416318391e-08
1000,400,1.07327895514008311007e-06,6.43967373084049903101e-08
1000,405,1.06013778730070197195e-06,6.36082672380421177877e-08
1000,410,1.04676099363077965197e-06,6.28056596178467764714e-08
1000,415,1.03317229660525289518e-06,6.19903377963151747696e-08
1000,420,1.0193945674823935432e-06,6.11636740489436147093e-08
1000,425,1.0054498338742643914e-06,6.03269900324558656017e-08
1000,429.999999999999943157,9.91359286382252901469e-07,5.94815571829351719706e-08
1000,435,9.7714328251878186638e-07,5.86285969511269093358e-08
1000,440,9.62821348861416686279e-07,5.77692809316849990591e-08
1000,444.999999999999943157,9.48412184297701099792e-07,5.69047310578620606936e-08
1000,450,9.33933667404404776612e-07,5.60360200442642868614e-08
1000,455,9.19402869575894066541e-07,5.51641721745536434631e-08
1000,460.000000000000056843,9.04836073325107540786e-07,5.42901643995064490061e-08
1000,465,8.90248793386895252369e-07,5.34149276032137114364e-08
1000,470,8.7565579767501399666e-07,5.25393478605008368879e-08
1000,475.000000000000056843,8.61071125905842840239e-07,5.16642675543505667086e-08
1000,480,8.46508105296315559838e-07,5.07904863177789317374e-08
1000,485,8.31979364328613669827e-07,4.9918761859716820719e-08
1000,490.000000000000056843,8.17496846448404632793e-07,4.90498107869042734677e-08
1000,495,8.03071825451307048884e-07,4.81843095270784200214e-08
1000,499.999999999999943157,7.88714923435970389785e-07,4.73228954061582233871e-08
1000,505,7.74436131086009034842e-07,4.64661678651605418258e-08
1000,510,7.60244829223009088567e-07,4.56146897533805429317e-08
1000,515,7.46149810356491596986e-07,4.47689886213894960839e-08
1000,520,7.32159299320798599062e-07,4.39295579592479164731e-08
1000,525,7.1828097274768919342e-07,4.30968583648613476347e-08
1000,530,7.04521977730837691924e-07,4.2271318663850257545e-08
1000,535,6.90888950305927936063e-07,4.14533370183556727227e-08
1000,540,6.77388034262297908244e-07,4.06432820557378707889e-08
1000,545,6.64024900413018479403e-07,3.98414940247811047937e-08
1000,550,6.50804766044147682937e-07,3.90482859626488564764e-08
1000,555,6.37732414011811982562e-07,3.82639448407087144538e-08
1000,560,6.24812210984633837501e-07,3.74887326590780299854e-08
1000,565,6.12048124578085695025e-07,3.67228874746851427603e-08
1000,570,5.99443739478651102514e-07,3.59666243687190664155e-08
1000,575,5.87002272928433698577e-07,3.52201363757060205911e-08
1000,580,5.74726590055578996839e-07,3.44835954033347353105e-08
1000,585,5.62619219427775743029e-07,3.37571531656665435229e-08
1000,590,5.50682368972912173392e-07,3.30409421383747293447e-08
1000,595,5.38917942125376344532e-07,3.23350765275225796132e-08
1000,600,5.27327553853663324544e-07,3.16396532312198007962e-08
1000,605,5.15912546149215960735e-07,3.09547527689529557912e-08
1000,610,5.04674002634777969172e-07,3.02804401580866741799e-08
1000,615,4.93612762134082084142e-07,2.9616765728044922931e-08
1000,620,4.82729431252967643057e-07,2.89637658751780571276e-08
1000,625,4.72024396198745030627e-07,2.83214637719247007788e-08
1000,630,4.61497834145894835149e-07,2.7689870048753687859e-08
1000,635,4.51149724433054717647e-07,2.70689834659832813383e-08
1000,640,4.40979859771770245174e-07,2.64587915863062121958e-08
1000,645,4.3098785749689968102e-07,2.58592714498139784789e-08
1000,650,4.21173170743096462611e-07,2.52703902445857853744e-08
1000,655,4.11535099336587282807e-07,2.46921059601952361743e-08
1000,660,4.02072800165429126849e-07,2.41243680099257468169e-08
1000,665,3.92785296838097273831e-07,2.35671178102858351064e-08
1000,670,3.83671488550148314463e-07,2.30202893130088990002e-08
1000,675,3.74730158195899568368e-07,2.24838094917539739697e-08
1000,680,3.65959979885965604964e-07,2.19575987931579341803e-08
1000,685,3.57359526092498214239e-07,2.14415715655498929867e-08
1000,690,3.4892727465570456242e-07,2.09356364793422738776e-08
1000,695,3.40661615830386277992e-07,2.04396969498231768119e-08
1000,700,3.3256085945200780381e-07,1.99536515671204666404e-08
1000,705,3.2462324218383575491e-07,1.94773945310301434417e-08
1000,710,3.16846934702700045498e-07,1.90108160821620022005e-08
1000,715,3.09230048616814777801e-07,1.85538029170088850799e-08
1000,720,3.01770642902598289864e-07,1.81062385741558965978e-08
1000,725,2.94466729694205818719e-07,1.7668003781652347535e-08
1000,730,2.87316279352954191759e-07,1.72389767611772496527e-08
1000,735,2.8031722485120744322e-07,1.68190334910724471226e-08
1000,740,2.73467465608334234199e-07,1.64080479365000533902e-08
1000,745,2.66764870979348835885e-07,1.60058922587609286973e-08
1000,750,2.60207283618519514816e-07,1.56124370171111687714e-08
1000,755,2.53792522907205732446e-07,1.52275513744323419615e-08
1000,760,2.47518388562748637196e-07,1.48511033137649173053e-08
1000,765,2.41382664454575832132e-07,1.44829598672745497294e-08
1000,770,2.35383122558515661615e-07,1.41229873535109385719e-08
1000,775,2.2951752691321033971e-07,1.377105161479261939e-08
1000,780,2.23783637406209281753e-07,1.34270182443725563758e-08
1000,785,2.18179213224607636772e-07,1.3090752793476458471e-08
1000,790,2.1270201584888961292e-07,1.27621209509333757826e-08
1000,795,2.07349811534943991845e-07,1.24409886920966383858e-08
1000,800,2.02120373307362861247e-07,1.21272223984417718071e-08
1000,805,1.97011482553056866321e-07,1.18206889531834109205e-08
1000,810,1.92020930350186958868e-07,1.15212558210112179291e-08
1000,815,1.87146518683379617416e-07,1.12287911210027762509e-08
1000,820,1.82386061679833685008e-07,1.09431637007900203725e-08
1000,825,1.77737386961062397938e-07,1.06642432176637440086e-08
1000,830,1.73198337148815660275e-07,1.03919002289289388886e-08
1000,835,1.68766771506994543319e-07,1.0126006290419671408e-08
1000,840,1.64440567651690765665e-07,9.86643405910144580754e-09
1000,845,1.60217623234418745141e-07,9.61305739406512457609e-09
1000,850,1.56095857496550256019e-07,9.36575144979301489789e-09
1000,855,1.52073212609174914842e-07,9.1243927565504943611e-09
1000,859.999999999999886313,1.4814765474729796736e-07,8.88885928483787784309e-09
1000,865.000000000000113687,1.44317174886891118588e-07,8.65903049321346757853e-09
1000,870,1.40579789354721444731e-07,8.43478736128328615448e-09
1000,875,1.36933540191543768495e-07,8.21601241149262531562e-09
1000,880,1.33376495403925592481e-07,8.00258972423553548266e-09
1000,885,1.29906749180147565334e-07,7.79440495080885299362e-09
1000,889.999999999999886313,1.26522422128688837363e-07,7.59134532772132951386e-09
1000,895.000000000000113687,1.2322166157302067832e-07,7.39329969438124003743e-09
1000,900,1.20002641906976079929e-07,7.20015851441856459725e-09
1000,905,1.16863564990275866957e-07,7.01181389941655188507e-09
1000,910,1.13802660546778455948e-07,6.82815963280670729072e-09
1000,914.999999999999886313,1.10818186521744548394e-07,6.64909119130467306906e-09
1000,920.000000000000113687,1.07908429360437622615e-07,6.47450576162625729073e-09
1000,925.000000000000113687,1.05071704183094748821e-07,6.30430225098568509469e-09
1000,930,1.02306354849721565548e-07,6.1383812909832938005e-09
1000,935,9.96107539252257168668e-08,5.97664523551354268114e-09
1000,940,9.69833025691775789443e-08,5.81899815415065427343e-09
1000,944.999999999999886313,9.44224303807849930131e-08,5.66534582284709908448e-09
1000,950.000000000000113687,9.19265952302612478492e-08,5.51559571381567454008e-09
1000,955,8.94942831000135225314e-08,5.36965698600081115336e-09
1000,960,8.71240079498191434496e-08,5.22744047698914814376e-09
1000,965,8.4814311607804701583e-08,5.08885869646828179719e-09
1000,970,8.25637636791246643639e-08,4.95382582074747972949e-09
1000,974.999999999999886313,8.03709614572112354639e-08,4.82225768743267426018e-09
1000,980.000000000000113687,7.82345298200961853253e-08,4.69407178920577055703e-09
1000,985,7.61531210949718181427e-08,4.56918726569830932017e-09
1000,990,7.41254148788521402472e-08,4.44752489273112831557e-09
1000,995,7.21501178085978695078e-08,4.32900706851587223664e-09
1000,999.999999999999886313,7.02259632801424966061e-08,4.21355779680854963093e-09
1000,1005.00000000000011369,6.8351711120946933969e-08,4.10110266725681590579e-09
1000,1010,6.65261472242272766243e-08,3.99156883345363669672e-09
1000,1015,6.47480831544562876831e-08,3.88488498926737732716e-09
1000,1020,6.30163557343320543988e-08,3.78098134405992329701e-09
1000,1025,6.1329826622481294924e-08,3.67978959734887749692e-09
1000,1030,5.96873818899386362834e-08,3.58124291339631784613e-09
1000,1035,5.80879316016306526904e-08,3.48527589609783886364e-09
1000,1040,5.65304094080045858626e-08,3.39182456448027492015e-09
1000,1045,5.5013772150127165599e-08,3.30082632900762982013e-09
1000,1050,5.35369994802931462523e-08,3.21221996881758870897e-09
1000,1055,5.20990934989014153563e-08,3.12594560993408490483e-09
1000,1060,5.06990784064672435296e-08,3.04194470438803452906e-09
1000,1065,4.93360001685649224546e-08,2.96016001011389541345e-09
1000,1070,4.80089261901515243569e-08,2.88053557140909139524e-09
1000,1075,4.67169449945531675779e-08,2.80301669967318992233e-09
1000,1080,4.54591659029255610416e-08,2.72754995417553343089e-09
1000,1085,4.42347187099140508521e-08,2.65408312259484308421e-09
1000,1090,4.30427533530679966638e-08,2.58256520118407950205e-09
1000,1095,4.18824395747900349289e-08,2.51294637448740214537e-09
1000,1100,4.075296657811963712e-08,2.4451779946871779625e-09
1000,1105,3.96535426787279822247e-08,2.37921256072367873496e-09
1000,1110,3.85833949571857194326e-08,2.31500369743114295089e-09
1000,1115,3.75417689153409648161e-08,2.25250613492045785588e-09
1000,1120,3.65279281403042295959e-08,2.19167568841825370958e-09
1000,1125,3.55411539780795713673e-08,2.13246923868477424895e-09
1000,1130,3.4580745216666314831e-08,2.07484471299997887332e-09
1000,1135,3.36460177766799964935e-08,2.01876106660079988887e-09
1000,1140,3.27363044052965306389e-08,1.96417826431779163981e-09
1000,1145,3.18509543683165643458e-08,1.91105726209899397655e-09
1000,1150,3.09893331344811353978e-08,1.85935998806886810733e-09
1000,1155,3.01508220469307597182e-08,1.80904932281584558309e-09
1000,1160,2.93348179779260294184e-08,1.76008907867556173202e-09
1000,1165,2.85407329651327802869e-08,1.71244397790796684203e-09
1000,1170,2.77679938301015712437e-08,1.66607962980609429116e-09
1000,1175,2.7016041782259690936e-08,1.62096250693558138172e-09
1000,1180,2.62843320134851472693e-08,1.57705992080910876998e-09
1000,1185,2.55723332902123102845e-08,1.53433999741273858398e-09
1000,1190,2.4879527550536816283e-08,1.4927716530322089108e-09
1000,1195,2.42054095138820764379e-08,1.45232457083292444565e-09
1000,1200,2.35494863099207997514e-08,1.41296917859524796854e-09
1000,1205,2.29112771320896444886e-08,1.37467662792537863623e-09
1000,1210,2.22903129193164558978e-08,1.33741877515898736214e-09
1000,1215,2.16861360675145147895e-08,1.30116816405087079638e-09
1000,1220,2.10983001706538332923e-08,1.26589801023922990655e-09
1000,1225,2.05263697893398157928e-08,1.23158218736038894757e-09
1000,1230,1.99699202437455166979e-08,1.19819521462473105151e-09
1000,1235,1.94285374264247805562e-08,1.16571224558548678374e-09
1000,1240,1.89018176304282367464e-08,1.13410905782569421306e-09
1000,1245,1.83893673876219879949e-08,1.10336204325731916389e-09
1000,1250,1.7890803312534700961e-08,1.07344819875208192531e-09
1000,1255,1.74057519473472383879e-08,1.04434511684083427846e-09
1000,1260,1.69338496044490799257e-08,1.01603097626694472937e-09
1000,1265,1.64747422034660265586e-08,9.88484532207961568698e-10
1000,1270,1.60280851007006272586e-08,9.61685106042037701691e-10
1000,1275,1.55935429094934811635e-08,9.35612574569608861541e-10
1000,1280,1.51707893108821743894e-08,9.10247358652930438549e-10
1000,1285,1.47595068544110302296e-08,8.85570411264661797235e-10
1000,1290,1.43593867495969278929e-08,8.61563204975815594992e-10
1000,1295,1.39701286488295501926e-08,8.38207718929772961927e-10
1000,1300,1.3591440422927008551e-08,8.15486425375620484111e-10
1000,1305,1.32230379306627043835e-08,7.9338227583976224233e-10
1000,1310,1.28646447837612342314e-08,7.71878687025673979439e-10
1000,1315,1.25159921089849567514e-08,7.50959526539097343048e-10
1000,1320,1.2176818308952485208e-08,7.3060909853714912489e-10
1000,1325,1.18468688234454663361e-08,7.10812129406727996709e-10
1000,1330,1.152589589292711443e-08,6.91553753575626865799e-10
1000,1335,1.12136583261470259306e-08,6.72819499568821564108e-10
1000,1340,1.0909921273687549634e-08,6.54595276421252978043e-10
1000,1345,1.06144560092649536366e-08,6.36867360555897238873e-10
1000,1350,1.03270397207027109571e-08,6.19622383242162669832e-10
1000,1355,1.00474553122047324175e-08,6.02847318732283874743e-10
1000,1360,9.77549121947818528593e-09,5.86529473168691067525e-10
1000,1365,9.510941238954189327e-09,5.70656474337251297581e-10
1000,1370,9.25360437186614738175e-09,5.55216262311968838769e-10
1000,1375,9.00328468368619610499e-09,5.40197081021171708397e-10
1000,1380,8.75979117864400807976e-09,5.25587470718640497194e-10
1000,1385,8.52293768878073886374e-09,5.1137626132684426565e-10
1000,1390,8.29254277624840377176e-09,4.97552566574904172539e-10
1000,1395,8.06842964725965683485e-09,4.84105778835579418363e-10
1000,1400,7.85042607562552777281e-09,4.71025564537531662232e-10
1000,1405,7.63836433358864216096e-09,4.58301860015318529658e-10
1000,1410,7.43208112751618146245e-09,4.45924867650970871203e-10
1000,1415,7.23141753604566436004e-09,4.33885052162739824379e-10
1000,1420,7.03621894833964874956e-09,4.22173136900378912566e-10
1000,1425,6.84633500044514540136e-09,4.10780100026708713742e-10
1000,1430,6.66161950797344274406e-09,3.9969717047840655844e-10
1000,1435,6.48193039382908528281e-09,3.88915823629745123172e-10
1000,1440,6.30712961001933496883e-09,3.78427776601160089858e-10
1000,1445,6.13708305310418861024e-09,3.68224983186251279391e-10
1000,1450,5.97166047319958119923e-09,3.58299628391974847138e-10
1000,1455,5.81073537681426796536e-09,3.48644122608856046903e-10
1000,1460,5.65418492412632142357e-09,3.39251095447579270939e-10
1000,1465,5.50188982154650052987e-09,3.30113389292790009045e-10
1000,1470,5.35373421057263378752e-09,3.21224052634358029319e-10
1000,1475,5.20960555408985308283e-09,3.1257633324539118497e-10
1000,1480,5.06939452130546748552e-09,3.04163671278328044995e-10
1000,1485,4.93299487252254675576e-09,2.9597969235135277019e-10
1000,1490,4.80030334493921790975e-09,2.88018200696353053905e-10
1000,1495,4.67121954055741627677e-09,2.80273172433444968334e-10
1000,1500,4.54564581724207137877e-09,2.72738749034524297202e-10
1000,1505,4.42348718381702601629e-09,2.65409231029021573385e-10
1000,1510,4.30465119996420705576e-09,2.58279071997852425413e-10
1000,1515,4.18904788156631549098e-09,2.51342872893978896372e-10
1000,1520,4.07658961197145140233e-09,2.445953767182870738e-10
1000,1525,3.96719105950115838596e-09,2.38031463570069486614e-10
1000,1530,3.86076910137944011723e-09,2.31646146082766407034e-10
1000,1535,3.75724275409418233864e-09,2.25434565245650937217e-10
1000,1540,3.65653311008562765443e-09,2.19391986605137652028e-10
1000,1545,3.55856328047536445889e-09,2.13513796828521848922e-10
1000,1550,3.46325834348563895015e-09,2.07795500609138319431e-10
1000,1555,3.37054529803702457376e-09,2.02232717882221463052e-10
1000,1560,3.28035302197805432871e-09,1.96821181318683249383e-10
1000,1565,3.19261223430087886747e-09,1.91556734058052721708e-10
1000,1570,3.10725546067186785809e-09,1.86435327640312061146e-10
1000,1575,3.02421700158468449435e-09,1.81453020095081066559e-10
1000,1580,2.94343290243719434068e-09,1.76605974146231664577e-10
1000,1585,2.86484092484480487938e-09,1.71890455490688293797e-10
1000,1590,2.78838051858250285504e-09,1.67302831114950154759e-10
1000,1595,2.71399279353945607902e-09,1.62839567612367357504e-10
1000,1600,2.64162049120319265644e-09,1.58497229472191546979e-10
1000,1605,2.57120795523459126029e-09,1.54272477314075466312e-10
1000,1610,2.50270110081204071618e-09,1.50162066048722429529e-10
1000,1615,2.43604738249868928289e-09,1.46162842949921356974e-10
1000,1620,2.37119576053371923777e-09,1.4227174563202315013e-10
1000,1625,2.30809666549231417428e-09,1.38485799929538852525e-10
1000,1630,2.24670196140715845498e-09,1.34802117684429494891e-10
1000,1635,2.1869649075015090432e-09,1.31217894450090529151e-10
1000,1640,2.12884011876434103582e-09,1.27730407125860458013e-10
1000,1645,2.07228352564685367752e-09,1.24337011538811227889e-10
1000,1650,2.0172523332096395265e-09,1.21035139992578369522e-10
1000,1655,1.96370498005297554882e-09,1.17822298803178527759e-10
1000,1660,1.91160109736406514382e-09,1.1469606584184389984e-10
1000,1665,1.86090146840399180544e-09,1.11654088104239508844e-10
1000,1670,1.81156798871988374017e-09,1.08694079323193020791e-10
1000,1675,1.76356362732024117949e-09,1.05813817639214462498e-10
1000,1680,1.71685238902774991775e-09,1.03011143341664996099e-10
1000,1685,1.671399278144583155e-09,1.00283956688674981028e-10
1000,1690,1.62717026354805102712e-09,9.7630215812883058525e-11
1000,1695,1.58413224528578155502e-09,9.5047934717146895886e-11
1000,1700,1.54225302270699956609e-09,9.25351813624199713803e-11
1000,1705,1.50150126414079466128e-09,9.00900758484476786429e-11
1000,1710,1.46184647812791957221e-09,8.77107886876751701967e-11
1000,1715,1.42325898618676887893e-09,8.53955391712061342869e-11
1000,1719.99999999999977263,1.38570989709678519949e-09,8.31425938258071057658e-11
1000,1725,1.34917108267360641168e-09,8.09502649604163769457e-11
1000,1730.00000000000022737,1.31361515500765171547e-09,7.88169093004590998265e-11
1000,1735,1.27901544512341024998e-09,7.67409267074046170666e-11
1000,1740,1.24534598301313475896e-09,7.4720758980788077783e-11
1000,1744.99999999999977263,1.2125814789863602014e-09,7.27548887391816089821e-11
1000,1750,1.18069730625002847183e-09,7.08418383750017093438e-11
1000,1755.00000000000022737,1.14966948463553171369e-09,6.89801690781319048894e-11
1000,1760,1.11947466535587280755e-09,6.71684799213523658681e-11
1000,1765.00000000000022737,1.0900901166738712123e-09,6.54054070004322680853e-11
1000,1770,1.06149371034392805607e-09,6.36896226206356849149e-11
1000,1775,1.03366390868797840182e-09,6.20198345212787051434e-11
1000,1779.99999999999977263,1.00657975216155919295e-09,6.03947851296935453731e-11
1000,1785,9.80220847276327109041e-10,5.88132508365796239575e-11
1000,1790.00000000000022737,9.54567354749796732192e-10,5.72740412849877992786e-11
1000,1795,9.29599977771329745961e-10,5.57759986662797826897e-11
1000,1800,9.05299950301576765881e-10,5.4317997018094601817e-11
1000,1804.99999999999977263,8.81649025330521572044e-10,5.28989415198312925132e-11
1000,1810,8.58629463060499439743e-10,5.15177677836299640582e-11
1000,1815.00000000000022737,8.36224018991415734945e-10,5.01734411394849420287e-11
1000,1820,8.14415931915449961036e-10,4.88649559149269986961e-11
1000,1825,7.93188911843561038816e-10,4.75913347106136631045e-11
1000,1829.99999999999977263,7.72527127897769126016e-10,4.63516276738661457515e-11
1000,1835,7.52415196216679461052e-10,4.51449117730007637857e-11
1000,1840.00000000000022737,7.3283816791420312255e-10,4.39702900748521847681e-11
1000,1845,7.13781517143351646953e-10,4.28268910286010985587e-11
1000,1850.00000000000022737,6.95231129293025228021e-10,4.17138677575815131643e-11
1000,1855,6.77173289356091513031e-10,4.06303973613654918158e-11
1000,1860,6.59594670476906343618e-10,3.95756802286143759642e-11
1000,1864.99999999999977263,6.42482322695847205029e-10,3.85489393617508328187e-11
1000,1870,6.2582366188310766749e-10,3.75494197129864577229e-11
1000,1875.00000000000022737,6.09606458861997458335e-10,3.65763875317198464662e-11
1000,1880,5.93818828708466125816e-10,3.5629129722507968066e-11
1000,1885,5.78449220226326896045e-10,3.47069532135796119532e-11
1000,1889.99999999999977263,5.63486405586756221455e-10,3.38091843352053707024e-11
1000,1895,5.4891947014127605797e-10,3.29351682084765598593e-11
1000,1900.00000000000022737,5.34737802415147232303e-10,3.20842681449088300608e-11
1000,1905,5.20931084300000013134e-10,3.12558650579999994956e-11
1000,1910,5.07489281471228679877e-10,3.04493568882737220851e-11
1000,1914.99999999999977263,4.94402634058122338817e-10,2.9664158043487340846e-11
1000,1920,4.81661647605472266818e-10,2.88996988563283362676e-11
1000,1925.00000000000022737,4.6925708435064205583e-10,2.81554250610385217989e-11
1000,1930,4.57179954858107167826e-10,2.74307972914864283893e-11
1000,1935,4.45421510027005589907e-10,2.6725290601620333585e-11
1000,1940,4.33973233496978435904e-10,2.6038394009818706542e-11
1000,1945,4.2282683445759610474e-10,2.53696100674557644749e-11
1000,1949.99999999999977263,4.11974240865941564307e-10,2.4718454451956493083e-11
1000,1955,4.01407593060948955013e-10,2.40844555836569362668e-11
1000,1960.00000000000022737,3.91119237762527020429e-10,2.34671542657516201918e-11
1000,1965,3.81101722431931491706e-10,2.28661033459158882099e-11
1000,1970,3.7134778996589595695e-10,2.22808673979537581925e-11
1000,1974.99999999999977263,3.61850373699055995136e-10,2.17110224219433575109e-11
1000,1980,3.52602592678858856403e-10,2.11561555607315311257e-11
1000,1985.00000000000022737,3.43597747186382357937e-10,2.0615864831182941347e-11
1000,1990,3.34829314469783192942e-10,2.00897588681869906718e-11
1000,1995,3.26290944662201915028e-10,1.95774566797321142554e-11
1000,1999.99999999999977263,3.17976456855389325792e-10,1.90785874113233585135e-11
1000,2005,3.09879835302543902464e-10,1.85927901181526324676e-11
1000,2010.00000000000022737,3.01995225727093070833e-10,1.81197135436255836038e-11
1000,2015,2.94316931710871254178e-10,1.76590159026522747337e-11
1000,2020,2.8683941114554637488e-10,1.72103646687327813296e-11
1000,2025,2.79557272723549762058e-10,1.6773436363412984431e-11
1000,2030,2.72465272457914522341e-10,1.63479163474748708235e-11
1000,2034.99999999999977263,2.65558310214847167108e-10,1.5933498612890828217e-11
1000,2040,2.58831426254169036068e-10,1.55298855752501410009e-11
1000,2045.00000000000022737,2.52279797769049344046e-10,1.51367878661429605135e-11
1000,2050,2.45898735428255907059e-10,1.47539241256953553282e-11
1000,2055,2.39683679918972693908e-10,1.43810207951383615698e-11
1000,2060,2.33630198499615975122e-10,1.40178119099769572795e-11
1000,2065,2.27733981566537567767e-10,1.36640388939922532259e-11
1000,2070,2.2199083924655640714e-10,1.3319450354793383976e-11
1000,2075,2.16396698023156317695e-10,1.29838018813893788679e-11
1000,2080,2.10947597405536676937e-10,1.26568558443321995176e-11
1000,2085,2.05639686652116430732e-10,1.23383811991269856501e-11
1000,2090,2.00469221551486138211e-10,1.20281532930891673879e-11
1000,2095,1.9543256127196120679e-10,1.17259536763176718904e-11
1000,2100,1.90526165280327854859e-10,1.14315699168196703222e-11
1000,2105,1.85746590335145654812e-10,1.11447954201087385779e-11
1000,2110,1.81090487555904451104e-10,1.0865429253354265903e-11
1000,2115,1.76554599569657754514e-10,1.0593275974179465077e-11
1000,2120,1.721357577358652103e-10,1.03281454641519119718e-11
1000,2125,1.67830879449898986171e-10,1.00698527669939389117e-11
1000,2130,1.63636965527946516151e-10,9.81821793167679122756e-12
1000,2135,1.59551097671889951599e-10,9.57306586031339748367e-12
1000,2140,1.5557043601938113111e-10,9.33422616116286709114e-12
1000,2145,1.51692216778717943604e-10,9.10153300672307603465e-12
1000,2150,1.47913749951482021156e-10,8.87482499708892120473e-12
1000,2155,1.44232417144612156087e-10,8.6539450286767296237e-12
1000,2160,1.40645669472422727077e-10,8.43874016834536362464e-12
1000,2165,1.37151025549774637046e-10,8.22906153298647783502e-12
1000,2170,1.33746069573308028289e-10,8.02476417439848118032e-12
1000,2175,1.3042844949086080027e-10,7.82570696945164853318e-12
1000,2180,1.2719587525223907404e-10,7.63175251513434437778e-12
1000,2185,1.24046117138708005704e-10,7.44276702832248008374e-12
1000,2190,1.20977004162526134511e-10,7.258620249751568103e-12
1000,2195,1.17986422531998432521e-10,7.07918535191990598359e-12
1000,2200,1.15072314170525287735e-10,6.90433885023151665016e-12
1000,2205,1.12232675285457027111e-10,6.73396051712742162665e-12
1000,2210,1.09465554975586291566e-10,6.5679332985351775909e-12
1000,2215,1.06769053872842933433e-10,6.40614323237057613523e-12
1000,2220,1.04141322809747667163e-10,6.24847936858485941587e-12
1000,2225,1.01580561509853263121e-10,6.09483369059119565799e-12
1000,2230,9.90850172966495887977e-11,5.94510103779897487549e-12
1000,2235,9.66529838199303939855e-11,5.79917902919582334832e-12
1000,2240,9.42827998014428521723e-11,5.65696798808657074259e-12
1000,2245,9.19728477994626195395e-11,5.51837086796775688156e-12
1000,2250,8.97215529993898634542e-11,5.38329317996339183956e-12
1000,2255,8.75273820319552614895e-11,5.25164292191731565706e-12
1000,2260,8.53888418274941770794e-11,5.12333050964965075401e-12
1000,2265,8.3304478509578864201e-11,4.9982687105747313997e-12
1000,2270,8.1272876334925701688e-11,4.87637258009554164891e-12
1000,2275,7.92926566827335260286e-11,4.7575594009640117879e-12
1000,2280,7.73624770958954426544e-11,4.64174862575372643002e-12
1000,2285,7.54810303755336463447e-11,4.52886182253201858681e-12
1000,2290,7.36470437261142293629e-11,4.41882262356685369715e-12
1000,2295,7.18592779489733811775e-11,4.31155667693840280603e-12
1000,2300,7.01165266775031826415e-11,4.20699160065019076462e-12
1000,2305,6.8417615647864380965e-11,4.10505693887186301946e-12
1000,2310,6.67614019963359313767e-11,4.00568411978015581798e-12
1000,2315,6.51467735752426146775e-11,3.90880641451455691296e-12
1000,2320,6.35726482787330834189e-11,3.814358896723985199e-12
1000,2325,6.20379733702068021611e-11,3.72227840221240809736e-12
1000,2330,6.0541724805183106233e-11,3.63250348831098608317e-12
1000,2335,5.908290654380041414e-11,3.54497439262802471915e-12
1000,2340,5.76605498501439199616e-11,3.45963299100863518154e-12
1000,2345,5.62737125759825015527e-11,3.37642275455895004469e-12
1000,2350,5.4921478430960158473e-11,3.29528870585760947607e-12
1000,2355,5.36029562392473110832e-11,3.21617737435483853575e-12
1000,2360,5.23172791889256475395e-11,3.13903675133553890083e-12
1000,2365,5.10636040767891623475e-11,3.06381624460734949851e-12
1000,2370,4.98411105565859043744e-11,2.99046663339515413322e-12
1000,2375,4.8649000395481428397e-11,2.91894002372888562304e-12
1000,2380,4.74864967465836836904e-11,2.84918980479502079524e-12
1000,2385,4.63528434426555136213e-11,2.78117060655933091422e-12
1000,2390,4.52473043175066218659e-11,2.71483825905039711808e-12
1000,2395,4.41691625591290857722e-11,2.65014975354774516248e-12
1000,2400,4.31177200983934159555e-11,2.58706320590360490886e-12
1000,2405,4.20922970358410975516e-11,2.52553782215046590156e-12
1000,2410,4.10922311065023851213e-11,2.46553386639014288109e-12
1000,2415,4.01168771838115582278e-11,2.40701263102869320286e-12
1000,2420,3.91656068189745112198e-11,2.34993640913847039854e-12
1000,2425,3.82378078147029251182e-11,2.29426846888217542632e-12
1000,2430,3.73328838276977931647e-11,2.23997302966186747679e-12
1000,2435,3.64502539960016209593e-11,2.18701523976009712831e-12
1000,2440,3.55893525854687738844e-11,2.13536115512812615841e-12
1000,2445,3.4749628649329576635e-11,2.08497771895977466272e-12
1000,2450,3.39305456956080532281e-11,2.03583274173648324215e-12
1000,2455,3.31315813564623578708e-11,1.98789488138774143994e-12
1000,2460,3.23522270547830504006e-11,1.94113362328698276554e-12
1000,2465,3.15919876638447735641e-11,1.89551925983068651078e-12
1000,2470,3.08503811574071413846e-11,1.85102286944442838614e-12
1000,2475,3.01269382483290421151e-11,1.80761629489974248652e-12
1000,2480,2.94212020156017599177e-11,1.76527212093610549812e-12
1000,2485,2.87327275208326841438e-11,1.72396365124996092746e-12
1000,2490,2.8061081416779392876e-11,1.68366488500676344331e-12
1000,2495,2.74058415512731480561e-11,1.64435049307638885913e-12
1000,2500,2.67665965710375196229e-11,1.60599579426225120161e-12
1000,2505,2.6142945530988418913e-11,1.568576731859305054e-12
1000,2510,2.55344975134690203523e-11,1.53206985080814118883e-12
1000,2515,2.49408712639098211626e-11,1.49645227583458914051e-12
1000,2520,2.43616948469387900843e-11,1.46170169081632730812e-12
1000,2525,2.37966053281400895296e-11,1.42779631968840523445e-12
1000,2530,2.32452484842531154269e-11,1.39471490905518678021e-12
1000,2535,2.27072785448678024434e-11,1.362436712692068187e-12
1000,2540,2.21823579662337139947e-11,1.33094147797402270236e-12
1000,2545,2.16701572377185487983e-11,1.30020943426311286327e-12
1000,2550,2.11703547190697063726e-11,1.27022128314418235812e-12
1000,2555,2.06826365064728369353e-11,1.24095819038837026459e-12
1000,2560,2.020669632357203324e-11,1.21240177941432201863e-12
1000,2565,1.97422354328580557568e-11,1.18453412597148340195e-12
1000,2570,1.92889625626198609134e-11,1.15733775375719157403e-12
1000,2575,1.88465938429373071341e-11,1.13079563057623846036e-12
1000,2580,1.84148527456546352656e-11,1.10489116473927809978e-12
1000,2585,1.79934700213515968029e-11,1.07960820128109582433e-12
1000,2590,1.75821836283591402627e-11,1.05493101770154838345e-12
1000,2595,1.71807386481487736109e-11,1.03084431888892630356e-12
1000,2600,1.67888871831498995247e-11,1.00733323098899397956e-12
1000,2605,1.64063882336026328459e-11,9.84383294016157857665e-13
1000,2610,1.60330075515985890957e-11,9.61980453095915256884e-13
1000,2615,1.56685174718562586024e-11,9.40111048311375524221e-13
1000,2620,1.53126967200536749103e-11,9.1876180320322041384e-13
1000,2625,1.49653302012418437927e-11,8.97919812074510558902e-13
1000,2630,1.46262087717988645813e-11,8.77572526307931794101e-13
1000,2635,1.42951289999275434667e-11,8.57707739995652571648e-13
1000,2640,1.39718929198594047233e-11,8.38313575191564238969e-13
1000,2645,1.36563077860928231354e-11,8.19378467165569376009e-13
1000,2650,1.33481858334672161431e-11,8.00891150008032891847e-13
1000,2655,1.30473440490279023672e-11,7.82840642941674089528e-13
1000,2660,1.27536039608997176928e-11,7.65216237653983017138e-13
1000,2665,1.24667914484309087198e-11,7.48007486905854527224e-13
1000,2670,1.2186736576896189853e-11,7.31204194613771391179e-13
1000,2675,1.1913273458634599301e-11,7.14796407518075945943e-13
1000,2680,1.16462401412660769323e-11,6.98774408475964615938e-13
1000,2685,1.13854785221138929569e-11,6.83128711326833528946e-13
1000,2690,1.11308342870353104811e-11,6.67850057222118628864e-13
1000,2695,1.08821568701244544534e-11,6.52929412207467242971e-13
1000,2700,1.06392994305550656834e-11,6.38357965833303965239e-13
1000,2705,1.04021188414602481934e-11,6.24127130487614879487e-13
1000,2710,1.01704756859117688275e-11,6.10228541154706069067e-13
1000,2715,9.9442342544042827383e-12,5.96654055264256988532e-13
1000,2720,9.72326253876330327157e-12,5.83395752325798216489e-13
1000,2725,9.50743221760759155812e-12,5.70445933056455457136e-13
1000,2730,9.29661862898212182313e-12,5.5779711773892726092e-13
1000,2735,9.09070072702759986221e-12,5.45442043621655955382e-13
1000,2740,8.88956101981509512549e-12,5.33373661188905675217e-13
1000,2745,8.69308548726520418645e-12,5.21585129235912263304e-13
1000,2750,8.50116347849345523071e-12,5.10069808709607269414e-13
1000,2755,8.31368758957110001857e-12,4.98821255374265952647e-13
1000,2760,8.13055352335757547981e-12,4.87833211401454557061e-13
1000,2765,7.95165993425136894054e-12,4.77099596055082083926e-13
1000,2770,7.77690826154152025327e-12,4.66614495692491231352e-13
1000,2775,7.60620255554686508024e-12,4.56372153332811896736e-13
1000,2780,7.4394493014657569479e-12,4.4636695808794539466e-13
1000,2785,7.27655724585584560195e-12,4.36593434751350744195e-13
1000,2790,7.1174372309096739753e-12,4.27046233854580438518e-13
1000,2795,6.96200204104792909415e-12,4.17720122462875737571e-13
1000,2800,6.81016626642403467716e-12,4.08609975985442062454e-13
1000,2805,6.66184618646245071e-12,3.99710771187747016347e-13
1000,2810,6.51695967624394468437e-12,3.91017580574636666926e-13
1000,2815,6.37542613698893306126e-12,3.82525568219335973578e-13
1000,2820,6.2371664509948076117e-12,3.74229987059688442566e-13
1000,2825,6.10210295993610331868e-12,3.66126177596166168828e-13
1000,2830,5.97015946450288797132e-12,3.58209567870173258084e-13
1000,2835,5.84126124205475210499e-12,3.50475674523285134377e-13
1000,2840,5.7153350783745004181e-12,3.42920104702470006911e-13
1000,2845,5.59230930879773752284e-12,3.35538558527864239253e-13
1000,2850,5.47211386374187598377e-12,3.28326831824512542871e-13
1000,2855,5.35468031362376175645e-12,3.21280818817425709426e-13
1000,2860,5.23994190828232185304e-12,3.14396514496939317241e-13
1000,2865,5.12783360671177825575e-12,3.07670016402706689286e-13
1000,2870,5.01829209343113784112e-12,3.01097525605868282584e-13
1000,2875,4.91125577890864831759e-12,2.94675346734518895016e-13
1000,2880,4.80666478237287281332e-12,2.88399886942372374857e-13
1000,2885,4.7044608964042770218e-12,2.8226765378425661323e-13
1000,2890,4.60458753389118755515e-12,2.76275252033471261387e-13
1000,2895,4.50698965867136078005e-12,2.70419379520281650842e-13
1000,2900,4.41161370235341945255e-12,2.64696822141205144939e-13
1000,2905,4.31840747018096785949e-12,2.59104448210858085706e-13
1000,2910,4.22732003967068815761e-12,2.53639202380241303593e-13
1000,2915,4.13830165573971174857e-12,2.48298099344382700875e-13
1000,2920,4.05130362650547879837e-12,2.43078217590328719824e-13
1000,2925,3.96627822362416894912e-12,2.37976693417450140986e-13
1000,2930,3.88317859099023569608e-12,2.32990715459414141765e-13
1000,2935,3.80195866525086518423e-12,2.28117519915051907015e-13
1000,2940,3.72257311087184495071e-12,2.23354386652310680887e-13
1000,2945,3.64497727226111262731e-12,2.18698636335666737444e-13
1000,2950,3.56912714427931756589e-12,2.14147628656759039817e-13
1000,2955,3.49497936217146283679e-12,2.09698761730287763139e-13
1000,2960,3.42249121065684104387e-12,2.05349472639410459603e-13
1000,2965,3.35162065152277829921e-12,2.01097239091366697953e-13
1000,2970,3.28232636787394982935e-12,1.96939582072436973605e-13
1000,2975,3.21456782270670401272e-12,1.92874069362402228647e-13
1000,2980,3.14830532854437892518e-12,1.88898319712662736521e-13
1000,2985,3.0835001245685106133e-12,1.85010007474110620642e-13
1000,2990,3.02011445702290747705e-12,1.81206867421374439535e-13
1000,2995,2.95811165864989990979e-12,1.77486699518993991558e-13
1000,3000,2.89745622270644454586e-12,1.73847373362386668713e-13
2000,5,1.0152025976417876598e-09,4.06081039056715089771e-11
2000,10,4.057064644428178687e-09,1.6228258577712715782e-10
2000,15,9.11446654110258269863e-09,3.64578661644103330693e-10
2000,20,1.61688658710175725958e-08,6.46754634840702936919e-10
2000,25,2.51942958927299134043e-08,1.00777183570919646173e-09
2000,30,3.615750131284033798e-08,1.44630005251361356883e-09
2000,35,4.90181642457649174949e-08,1.96072656983059665017e-09
2000,40,6.37292359413097192763e-08,2.54916943765238882068e-09
2000,45,8.0237358586533715607e-08,3.20949434346134859119e-09
2000,50,9.84833120942099452053e-08,3.93933248376839764277e-09
2000,55,1.18402494798937194623e-07,4.73609979195748808269e-09
2000,60,1.39925447892557379024e-07,5.59701791570229545876e-09
2000,65,1.62978382853316503659e-07,6.51913531413265998092e-09
2000,70,1.87483722379563415084e-07,7.49934889518253673571e-09
2000,75,2.13360660693636112344e-07,8.53442642774544508932e-09
2000,80,2.40525697092126643794e-07,9.62102788368506634734e-09
2000,85,2.68893123340059925974e-07,1.07557249336023980316e-08
2000,90,2.98375505148575351519e-07,1.19350202059430135975e-08
2000,95,3.28884179874225176053e-07,1.31553671949690070421e-08
2000,100,3.60329731617257235892e-07,1.44131892646902889724e-08
2000,105,3.92622409635368606843e-07,1.57048963854147452002e-08
2000,110,4.25672511781320477687e-07,1.70269004712528206957e-08
2000,115.000000000000014211,4.59390765256984404833e-07,1.83756306102793767227e-08
2000,120,4.93688693864113994515e-07,1.97475477545645611041e-08
2000,124.999999999999985789,5.28478939046090815473e-07,2.11391575618436328836e-08
2000,130,5.63675531678093989953e-07,2.25470212671237613186e-08
2000,135,5.99194143386635125014e-07,2.39677657354654048682e-08
2000,140,6.34952335834101458502e-07,2.53980934333640588695e-08
2000,145,6.70869794123437706233e-07,2.68347917649375094404e-08
2000,150,7.06868521318731944558e-07,2.8274740852749278047e-08
2000,155,7.42872991303220620887e-07,2.97149196521288254972e-08
2000,160,7.7881027608530412465e-07,3.1152411043412167633e-08
2000,165,8.14610161113602062103e-07,3.25844064445440859252e-08
2000,170,8.50205249275653226252e-07,3.40082099710261295795e-08
2000,175,8.85531049021827413021e-07,3.54212419608730941386e-08
2000,180,9.20526045189766136138e-07,3.68210418075906454455e-08
2000,185,9.55131752488287342329e-07,3.82052700995314968695e-08
2000,190,9.89292748815932387868e-07,3.9571709952637297897e-08
2000,195,1.02295668567347980226e-06,4.09182674269391934138e-08
2000,200,1.05607427940372143646e-06,4.22429711761488563997e-08
2000,205,1.08859929347677379919e-06,4.35439717390709517029e-08
2000,210,1.1204885203387123569e-06,4.48195408135484966585e-08
2000,214.999999999999971578,1.15170176205759396101e-06,4.60680704823037581756e-08
2000,220,1.18220180119306078498e-06,4.72880720477224345755e-08
2000,225,1.2119543545133724961e-06,4.84781741805349032852e-08
2000,230.000000000000028422,1.24092801083967161167e-06,4.96371204335868631433e-08
2000,235,1.26909416192761155896e-06,5.07637664771044650054e-08
2000,240,1.29642693501621344962e-06,5.18570774006485366614e-08
2000,245.000000000000028422,1.32290312829545270059e-06,5.29161251318181117295e-08
2000,249.999999999999971578,1.34850214303985303563e-06,5.39400857215941201016e-08
2000,255,1.3732059049781446118e-06,5.49282361991257823544e-08
2000,260,1.39699877324348938645e-06,5.58799509297395788992e-08
2000,265,1.41986744287557796414e-06,5.6794697715023119889e-08
2000,270,1.44180085020167687009e-06,5.76720340080670750684e-08
2000,275,1.46279008724785278153e-06,5.85116034899141131142e-08
2000,280,1.48282832431991360323e-06,5.93131329727965467761e-08
2000,285,1.50191073422084451399e-06,6.00764293688337826771e-08
2000,290,1.52003441063728699194e-06,6.08013764254914802069e-08
2000,295,1.53719827697775783847e-06,6.14879310791103119508e-08
2000,300,1.55340298727613862629e-06,6.2136119491045542934e-08
2000,305,1.56865082445331999512e-06,6.2746032978132797687e-08
2000,310,1.58294560169784381718e-06,6.33178240679137600989e-08
2000,315,1.59629257068810776941e-06,6.38517028275243086586e-08
2000,320,1.60869833752874057234e-06,6.4347933501149620776e-08
2000,325,1.62017078512989077906e-06,6.48068314051956290447e-08
2000,330,1.6307189997190876697e-06,6.52287599887635099644e-08
2000,335,1.64035319910139953675e-06,6.56141279640559804111e-08
2000,340,1.64908466061543027399e-06,6.5963386424617209901e-08
2000,345,1.65692564744673590991e-06,6.62770258978694326905e-08
2000,350,1.66388933291396159065e-06,6.65555733165584636259e-08
2000,355,1.66998972353258804745e-06,6.67995889413035224275e-08
2000,360,1.67524158272327161918e-06,6.70096633089308600027e-08
2000,365,1.67966035751258142389e-06,6.71864143005032648964e-08
2000,370,1.68326211023378133541e-06,6.73304844093512539456e-08
2000,375,1.68606345618585558675e-06,6.7442538247434227705e-08
2000,380,1.68808150688751076842e-06,6.75232602755004360308e-08
2000,385,1.68933381755510561224e-06,6.75733527022042218428e-08
2000,390,1.68983833705330859967e-06,6.75935334821323476924e-08
2000,395,1.68961335889418944708e-06,6.75845343557675852947e-08
2000,400,1.68867747261473463051e-06,6.75470989045893926321e-08
2000,405,1.68704951564079212085e-06,6.74819806256316922457e-08
2000,410,1.68474852631069379757e-06,6.73899410524277471383e-08
2000,415,1.68179369888424876368e-06,6.72717479553699473707e-08
2000,420,1.67820434119221406651e-06,6.71281736476885700721e-08
2000,425,1.67399983522270859104e-06,6.69599934089083447003e-08
2000,429.999999999999943157,1.66919960054922576775e-06,6.67679840219690312394e-08
2000,435,1.66382306024816356877e-06,6.65529224099265401039e-08
2000,440,1.65788960885542390584e-06,6.63155843542169588804e-08
2000,444.999999999999943157,1.65141858201989938957e-06,6.60567432807959761124e-08
2000,450,1.64442922771533914018e-06,6.57771691086135640191e-08
2000,455,1.63694067910964928226e-06,6.54776271643859697021e-08
2000,460.000000000000056843,1.62897192933988056338e-06,6.51588771735952188296e-08
2000,465,1.62054180843950339827e-06,6.48216723375801348718e-08
2000,470,1.61166896250409347215e-06,6.44667585001637436507e-08
2000,475.000000000000056843,1.60237183492465801454e-06,6.40948733969863248169e-08
2000,480,1.59266864928565985281e-06,6.37067459714263967592e-08
2000,485,1.58257739341103728944e-06,6.33030957364414884013e-08
2000,490.000000000000056843,1.57211580413059627835e-06,6.28846321652238468989e-08
2000,495,1.56130135257493570182e-06,6.24520541029974259554e-08
2000,499.999999999999943157,1.55015123012699280001e-06,6.20060492050797114709e-08
2000,505,1.53868233540413165918e-06,6.15472934161652658377e-08
2000,510,1.52691126274482246518e-06,6.10764505097928954309e-08
2000,515,1.51485429255301838199e-06,6.05941717021207421617e-08
2000,520,1.50252738360710380216e-06,6.01010953442841552626e-08
2000,525,1.4899461671144608228e-06,5.95978466845784329121e-08
2000,530,1.47712594206866439775e-06,5.90850376827465772336e-08
2000,535,1.46408167137664060314e-06,5.85632668550656238609e-08
2000,540,1.45082797831763015481e-06,5.8033119132705210163e-08
2000,545,1.43737914310515663785e-06,5.74951657242062639257e-08
2000,550,1.42374909957363732831e-06,5.69499639829454933972e-08
2000,555,1.40995143219234683816e-06,5.63980572876938751146e-08
2000,560,1.39599937369653595351e-06,5.58399749478614405225e-08
2000,565,1.38190580357038165005e-06,5.52762321428152665314e-08
2000,570,1.36768324750440997433e-06,5.47073299001764002966e-08
2000,575,1.35334387780139550257e-06,5.41337551120558198383e-08
2000,580,1.33889951461167757914e-06,5.35559805844671068712e-08
2000,585,1.32436162782767338157e-06,5.2974465113106937645e-08
2000,590,1.30974133950347750942e-06,5.23896535801390990533e-08
2000,595,1.2950494267154013026e-06,5.18019770686160534273e-08
2000,600,1.28029632482940264715e-06,5.12118529931761090625e-08
2000,605,1.26549213116828886241e-06,5.06196852467315537025e-08
2000,610,1.2506466090501982693e-06,5.0025864362007929184e-08
2000,615,1.23576919213441644041e-06,4.94307676853766592046e-08
2000,620,1.22086898896510296873e-06,4.88347595586041198079e-08
2000,625,1.20595478759464547441e-06,4.82381915037858184471e-08
2000,630,1.19103506017451655726e-06,4.76414024069806620258e-08
2000,635,1.17611796747179365543e-06,4.70447186988717488644e-08
2000,640,1.16121136332226768837e-06,4.64484545328907072702e-08
2000,645,1.14632279910917127003e-06,4.58529119643668513307e-08
2000,650,1.13145952838236489005e-06,4.5258381135294593749e-08
2000,655,1.1166285117491155273e-06,4.46651404699646253273e-08
2000,660,1.10183642212896178802e-06,4.40734568851584694033e-08
2000,665,1.0870896504054252028e-06,4.34835860162170094355e-08
2000,670,1.07239431146206018236e-06,4.28957724584824065003e-08
2000,675,1.05775625051801757632e-06,4.23102500207207022585e-08
2000,680,1.04318104966556968569e-06,4.17272419866227868982e-08
2000,685,1.02867403448702259137e-06,4.11469613794809068311e-08
2000,690,1.01424028064994232152e-06,4.05696112259976915374e-08
2000,695,9.99884620396773374698e-07,3.99953848158709344585e-08
2000,700,9.85611648875710563074e-07,3.9424465955028425964e-08
2000,705,9.71425730283938870121e-07,3.88570292113575582459e-08
2000,710,9.57331003820932310819e-07,3.82932401528372961385e-08
2000,715,9.43331389457952253912e-07,3.77332555783180938622e-08
2000,720,9.29430593556774303069e-07,3.71772237422709702699e-08
2000,725,9.15632114361337048436e-07,3.66252845744534798199e-08
2000,730,9.01939247414616973059e-07,3.60775698965846778636e-08
2000,735,8.88355090939977209313e-07,3.55342036375990889019e-08
2000,740,8.74882551235854417275e-07,3.49953020494341798674e-08
2000,745,8.61524348122807863469e-07,3.44609739249123142741e-08
2000,750,8.48283020464499335186e-07,3.39313208185799763191e-08
2000,755,8.35160931773637870958e-07,3.34064372709455161618e-08
2000,760,8.22160275881073232467e-07,3.28864110352429327397e-08
2000,765,8.09283082636620501208e-07,3.237132330546482296e-08
2000,770,7.96531223589877439302e-07,3.18612489435950965133e-08
2000,775,7.83906417590675470146e-07,3.13562567036270219822e-08
2000,780,7.71410236256386608887e-07,3.08564094502554672672e-08
2000,785,7.59044109261806424831e-07,3.0361764370472254611e-08
2000,790,7.4680932942577969558e-07,2.98723731770311904702e-08
2000,795,7.34707057588243957873e-07,2.93882823035297588443e-08
2000,800,7.22738327293743500044e-07,2.89095330917497407959e-08
2000,805,7.10904049308144567701e-07,2.8436161972325781914e-08
2000,810,6.99205016005219203663e-07,2.79682006402087702641e-08
2000,815,6.87641905657429661557e-07,2.75056762262971876534e-08
2000,820,6.76215286660896771232e-07,2.70486114664358725698e-08
2000,825,6.64925621713295824552e-07,2.6597024868531832188e-08
2000,830,6.53773271944158209281e-07,2.61509308777663279742e-08
2000,835,6.42758500999083121572e-07,2.57103400399633245982e-08
2000,840,6.31881479058201416422e-07,2.52752591623280570539e-08
2000,845,6.21142286774465248562e-07,2.48456914709786119277e-08
2000,850,6.10540919116281647352e-07,2.44216367646512656294e-08
2000,855,6.0007728910161586601e-07,2.40030915640646364933e-08
2000,859.999999999999886313,5.89751231422116925893e-07,2.35900492568846786239e-08
2000,865.000000000000113687,5.79562505955884056831e-07,2.31825002382353643908e-08
2000,870,5.69510801177621342775e-07,2.2780432047104853711e-08
2000,875,5.59595737472151943269e-07,2.23838294988860795836e-08
2000,880,5.49816870359523145176e-07,2.19926748143809247483e-08
2000,885,5.40173693635277570727e-07,2.16069477454111016379e-08
2000,889.999999999999886313,5.30665642427454482341e-07,2.12266256970981811465e-08
2000,895.000000000000113687,5.21292096164046999441e-07,2.08516838465618797129e-08
2000,900,5.12052381451237629149e-07,2.04820952580495054306e-08
2000,905,5.02945774851191571318e-07,2.0117830994047662191e-08
2000,910,4.93971505561562543821e-07,1.9758860222462503341e-08
2000,914.999999999999886313,4.85128757993178577195e-07,1.94051503197271432201e-08
2000,920.000000000000113687,4.7641667425446376432e-07,1.90566669701785503081e-08
2000,925.000000000000113687,4.67834356547618711695e-07,1.87133742619047482031e-08
2000,930,4.59380869488654158118e-07,1.83752347795461655306e-08
2000,935,4.51055242361582128341e-07,1.80422096944632857954e-08
2000,940,4.42856471313893250983e-07,1.77142588525557296423e-08
2000,944.999999999999886313,4.34783521498979161934e-07,1.73913408599591655509e-08
2000,950.000000000000113687,4.26835329164257025352e-07,1.70734131665702824699e-08
2000,955,4.19010803680617647178e-07,1.67604321472247069459e-08
2000,960,4.11308829505839694182e-07,1.64523531802335869732e-08
2000,965,4.03728268071967141757e-07,1.61491307228786856703e-08
2000,970,3.96267959589010877958e-07,1.58507183835604341919e-08
2000,974.999999999999886313,3.88926724759886336864e-07,1.55570689903954541363e-08
2000,980.000000000000113687,3.81703366406454600605e-07,1.52681346562581827007e-08
2000,985,3.74596671008934106692e-07,1.49838668403573654588e-08
2000,990,3.67605410171550396947e-07,1.47042164068620157455e-08
2000,995,3.60728342023223415703e-07,1.44291336809289366943e-08
2000,999.999999999999886313,3.53964212567686094025e-07,1.41585685027074442242e-08
2000,1005.00000000000011369,3.47311756997209316307e-07,1.3892470279888372917e-08
2000,1010,3.40769700976432447195e-07,1.36307880390572980202e-08
2000,1015,3.34336761902902781794e-07,1.33734704761161121982e-08
2000,1020,3.28011650142903974308e-07,1.31204660057161595017e-08
2000,1025,3.21793070237692576581e-07,1.28717228095077036588e-08
2000,1030,3.15679722071062493332e-07,1.26271888828425007921e-08
2000,1035,3.09670301987076318583e-07,1.23868120794830538021e-08
2000,1040,3.03763503847300996658e-07,1.21505401538920408589e-08
2000,1045,2.97958020020898969697e-07,1.1918320800835959582e-08
2000,1050,2.92252542300017742545e-07,1.16901016920007102974e-08
2000,1055,2.86645762743515960438e-07,1.14658305097406394763e-08
2000,1060,2.81136374453486316177e-07,1.1245454978139452978e-08
2000,1065,2.75723072292081428058e-07,1.1028922891683257387e-08
2000,1070,2.70404553552211732863e-07,1.0816182142088469116e-08
2000,1075,2.65179518594061364271e-07,1.06071807437624551664e-08
2000,1080,2.60046671459094554201e-07,1.04018668583637828298e-08
2000,1085,2.55004720470755781841e-07,1.02001888188302316045e-08
2000,1090,2.50052378828621352132e-07,1.00020951531448535559e-08
2000,1095,2.45188365197036842714e-07,9.80753460788147423796e-09
2000,1100,2.4041140428729253651e-07,9.61645617149170132805e-09
2000,1105,2.35720227428453086214e-07,9.42880909713812377942e-09
2000,1110,2.31113573119886926073e-07,9.24454292479547763848e-09
2000,1115,2.26590187559613475361e-07,9.06360750238453994087e-09
2000,1120,2.2214882514131996956e-07,8.8859530056527993118e-09
2000,1125,2.17788248915410572688e-07,8.71152995661642290753e-09
2000,1130,2.13507231012402254608e-07,8.54028924049608958874e-09
2000,1135,2.09304553027671957853e-07,8.37218212110687877733e-09
2000,1140,2.05179006370156186273e-07,8.20716025480624784796e-09
2000,1145,2.01129392578319043602e-07,8.04517570313276128088e-09
2000,1150,1.97154523607425733924e-07,7.88618094429702895991e-09
2000,1155,1.93253222092464367821e-07,7.730128883698574779e-09
2000,1160,1.89424321589825823343e-07,7.57697286359303359545e-09
2000,1165,1.85666666801100306233e-07,7.42666667204401231548e-09
2000,1170,1.81979113778191116195e-07,7.27916455112764458163e-09
2000,1175,1.78360530111959763329e-07,7.1344212044783904008e-09
2000,1180,1.74809795101425828599e-07,6.99239180405703287924e-09
2000,1185,1.71325799903961972541e-07,6.85303199615847943104e-09
2000,1190,1.6790744766369295982e-07,6.71629790654771875678e-09
2000,1195,1.64553653618389205468e-07,6.58214614473556871504e-09
2000,1200,1.61263345184624476317e-07,6.45053380738497878798e-09
2000,1205,1.58035462022568061641e-07,6.32141848090272259799e-09
2000,1210,1.54868956082192935062e-07,6.19475824328771727012e-09
2000,1215,1.51762791634432299792e-07,6.07051166537729179317e-09
2000,1220,1.48715945290471055181e-07,5.9486378116188423065e-09
2000,1225,1.45727406013649177187e-07,5.82909624054596718675e-09
2000,1230,1.42796175126624678971e-07,5.7118470050649875228e-09
2000,1235,1.39921266318739303523e-07,5.59685065274957230634e-09
2000,1240,1.37101705654293823799e-07,5.48406822617175295196e-09
2000,1245,1.34336531585223890779e-07,5.37346126340895606131e-09
2000,1250,1.3162479496790749648e-07,5.26499179871630025624e-09
2000,1255,1.28965559084530215377e-07,5.15862236338120858198e-09
2000,1260,1.26357899667722851744e-07,5.0543159867089139705e-09
2000,1265,1.23800904927567444051e-07,4.9520361971026975635e-09
2000,1270,1.21293675578156935932e-07,4.85174702312627730494e-09
2000,1275,1.18835324861981228274e-07,4.75341299447924909788e-09
2000,1280,1.16424978569345780104e-07,4.65699914277383090639e-09
2000,1285,1.14061775050294417887e-07,4.56247100201177704636e-09
2000,1290,1.11744865217148819711e-07,4.46979460868595265609e-09
2000,1295,1.09473412535272520969e-07,4.3789365014109007726e-09
2000,1300,1.07246593000440602761e-07,4.28986372001762384576e-09
2000,1305,1.05063595101982786961e-07,4.20254380407931131301e-09
2000,1310,1.02923619770271205137e-07,4.11694479081084843711e-09
2000,1315,1.00825880308657793996e-07,4.03303521234631179291e-09
2000,1320,9.87696023096697158441e-08,3.95078409238678840215e-09
2000,1325,9.67540235560323410979e-08,3.87016094224129410714e-09
2000,1330,9.47783939074597346925e-08,3.79113575629838985092e-09
2000,1335,9.28419751740327860602e-08,3.71367900696131135969e-09
2000,1340,9.09440409781627628131e-08,3.63776163912651042981e-09
2000,1345,8.90838766066391526391e-08,3.5633550642655660063e-09
2000,1350,8.72607788545637236559e-08,3.49043115418254888006e-09
2000,1355,8.54740558636758899313e-08,3.41896223454703556416e-09
2000,1360,8.37230269568729270705e-08,3.34892107827491721517e-09
2000,1365,8.2007022471442763899e-08,3.28028089885771077103e-09
2000,1370,8.03253835928872090491e-08,3.21301534371548857703e-09
2000,1375,7.86774621916704984735e-08,3.14709848766682015401e-09
2000,1380,7.70626206645096600921e-08,3.08250482658038640368e-09
2000,1385,7.54802317818334091128e-08,3.01920927127333641414e-09
2000,1390,7.39296785427291190073e-08,2.95718714170916471066e-09
2000,1395,7.24103540382110971007e-08,2.89641416152844391711e-09
2000,1400,7.09216613232307695731e-08,2.83686645292923065057e-09
2000,1405,6.94630132974786052314e-08,2.77852053189914435815e-09
2000,1410,6.80338325948666711536e-08,2.72135330379466679651e-09
2000,1415,6.66335514807753570243e-08,2.6653420592310143306e-09
2000,1420,6.52616117561924065634e-08,2.61046447024769629563e-09
2000,1425,6.3917464667735836852e-08,2.55669858670943354025e-09
2000,1430,6.26005708219961036497e-08,2.50402283287984439414e-09
2000,1435,6.131040010312245584e-08,2.45241600412489831632e-09
2000,1440,6.00464315920911796711e-08,2.40185726368364703795e-09
2000,1445,5.88081534865983445065e-08,2.35232613946393366445e-09
2000,1450,5.75950630204239139909e-08,2.30380252081695655964e-09
2000,1455,5.64066663812283896587e-08,2.2562666552491358345e-09
2000,1460,5.52424786260019755219e-08,2.20969914504007912014e-09
2000,1465,5.41020235937330261359e-08,2.16408094374932091309e-09
2000,1470,5.29848338142539937935e-08,2.11939335257015965248e-09
2000,1475,5.18904504134561785608e-08,2.07561801653824725824e-09
2000,1480,5.08184230140103464885e-08,2.03273692056041371065e-09
2000,1485,4.97683096315677123648e-08,1.99073238526270841188e-09
2000,1490,4.87396765660929976521e-08,1.94958706264371992263e-09
2000,1495,4.77320982880962523493e-08,1.90928393152385009397e-09
2000,1500,4.67451573196857784498e-08,1.86980629278743115454e-09
2000,1505,4.57784441102503483526e-08,1.83113776441001406645e-09
2000,1510,4.48315569069581242664e-08,1.79326227627832509473e-09
2000,1515,4.39041016200637222515e-08,1.7561640648025489645e-09
2000,1520,4.2995691683623100372e-08,1.71982766734492394871e-09
2000,1525,4.21059479117663082889e-08,1.68423791647065235637e-09
2000,1530,4.12344983518325621174e-08,1.64937993407330249297e-09
2000,1535,4.03809781346026498714e-08,1.61523912538410610239e-09
2000,1540,3.95450293233863204168e-08,1.5818011729354527505e-09
2000,1545,3.872630076271026992e-08,1.54905203050841073063e-09
2000,1550,3.79244479281921398593e-08,1.51697791712768553647e-09
2000,1555,3.71391327787270076254e-08,1.48556531114908028847e-09
2000,1560,3.63700236125054174255e-08,1.45480094450021680455e-09
2000,1565,3.56167949277501324735e-08,1.42467179711000543129e-09
2000,1570,3.48791272894981414733e-08,1.39516509157992561757e-09
2000,1575,3.41567072028875274118e-08,1.36626828811550111302e-09
2000,1580,3.34492269938620619519e-08,1.33796907975448257734e-09
2000,1585,3.27563846971895190429e-08,1.31025538788758081135e-09
2000,1590,3.20778839522082178808e-08,1.28311535808832875659e-09
2000,1595,3.14134339057263951477e-08,1.25653735622905575628e-09
2000,1600,3.07627491218885489743e-08,1.23050996487554206651e-09
2000,1605,3.01255494981446486704e-08,1.20502197992578594682e-09
2000,1610,2.95015601868029393207e-08,1.1800624074721175811e-09
2000,1615,2.88905115210612742708e-08,1.15562046084245095429e-09
2000,1620,2.82921389448164924912e-08,1.13168555779265976582e-09
2000,1625,2.77061829453433682038e-08,1.10824731781373478606e-09
2000,1630,2.7132388987973246478e-08,1.08529555951892978467e-09
2000,1635,2.65705074521046215932e-08,1.06282029808418492163e-09
2000,1640,2.60202935679303714488e-08,1.04081174271721484141e-09
2000,1645,2.54815073532731971251e-08,1.019260294130927885e-09
2000,1650,2.49539135502903679063e-08,9.98156542011614832056e-10
2000,1655,2.44372815615844248933e-08,9.77491262463377086721e-10
2000,1660,2.3931385385592808115e-08,9.57255415423712316326e-10
2000,1665,2.34360035511495883429e-08,9.37440142045983500629e-10
2000,1670,2.29509190509784120716e-08,9.18036762039136495271e-10
2000,1675,2.24759192743010779272e-08,8.9903677097204311295e-10
2000,1680,2.20107959382383565901e-08,8.80431837529534271874e-10
2000,1685,2.15553450181911352503e-08,8.62213800727645385195e-10
2000,1690,2.11093666770509029725e-08,8.44374667082036089949e-10
2000,1695,2.06726651932531063374e-08,8.26906607730124257634e-10
2000,1700,2.0245048887613292268e-08,8.09801955504531740349e-10
2000,1705,1.9826330048980266774e-08,7.93053201959210732997e-10
2000,1710,1.94163248586650892566e-08,7.76652994346603628168e-10
2000,1715,1.90148533137185983126e-08,7.60594132548743903554e-10
2000,1719.99999999999977263,1.86217391491382415708e-08,7.44869565965529629744e-10
2000,1725,1.82368097591408531812e-08,7.29472390365634160336e-10
2000,1730.00000000000022737,1.7859896117683484423e-08,7.143958447073393976e-10
2000,1735,1.74908326985260291919e-08,6.99633307941041217305e-10
2000,1740,1.71294573950332776689e-08,6.85178295801331073669e-10
2000,1744.99999999999977263,1.67756114401676483554e-08,6.71024457606705967303e-10
2000,1750,1.64291393270110675453e-08,6.57165573080442759716e-10
2000,1755.00000000000022737,1.60898887301373691388e-08,6.43595549205494736602e-10
2000,1760,1.57577104283348385036e-08,6.30308417133393552551e-10
2000,1765.00000000000022737,1.54324582289885571011e-08,6.17298329159542346081e-10
2000,1770,1.51139888945192504647e-08,6.04559555780770002042e-10
2000,1775,1.48021620711022562273e-08,5.92086482844090244957e-10
2000,1779.99999999999977263,1.44968402200710340356e-08,5.79873608802841390376e-10
2000,1785,1.41978885520640265825e-08,5.67915542082561117066e-10
2000,1790.00000000000022737,1.39051749640961053771e-08,5.56206998563844223354e-10
2000,1795,1.36185699796642076454e-08,5.44742799186568355447e-10
2000,1800,1.33379466918183826402e-08,5.33517867672735367646e-10
2000,1804.99999999999977263,1.30631807091960917262e-08,5.22527228367843631824e-10
2000,1810,1.27941501048998260165e-08,5.11766004195993028252e-10
2000,1815.00000000000022737,1.25307353680524135305e-08,5.0122941472209659085e-10
2000,1820,1.227281935786824747e-08,4.90912774314729944295e-10
2000,1825,1.20202872600478828566e-08,4.80811490401915310128e-10
2000,1829.99999999999977263,1.17730265452402984957e-08,4.70921061809611993594e-10
2000,1835,1.15309269293566356513e-08,4.61237077174265436391e-10
2000,1840.00000000000022737,1.12938803355784310949e-08,4.51755213423137258271e-10
2000,1845,1.10617808577029512186e-08,4.42471234308118057015e-10
2000,1850.00000000000022737,1.08345247247741467999e-08,4.33380988990965871995e-10
2000,1855,1.06120102666862695963e-08,4.2448041066745077765e-10
2000,1860,1.0394137880658467112e-08,4.15765515226338670003e-10
2000,1864.99999999999977263,1.01808099983731219764e-08,4.07232399934924862511e-10
2000,1870,9.97193105364770462088e-09,3.98877242145908217922e-10
2000,1875.00000000000022737,9.76740745052496427795e-09,3.90696298020998575254e-10
2000,1880,9.56714753164396103309e-09,3.82685901265758426848e-10
2000,1885,9.37106154679740542076e-09,3.74842461871896200287e-10
2000,1889.99999999999977263,9.17906162161495612075e-09,3.67162464864598259306e-10
2000,1895,8.9910617262518546239e-09,3.59642469050074213907e-10
2000,1900.00000000000022737,8.80697764405882922001e-09,3.52279105762353166732e-10
2000,1905,8.62672694017522669879e-09,3.45069077607009051408e-10
2000,1910,8.4502289300137668469e-09,3.38009157200550665604e-10
2000,1914.99999999999977263,8.27740464755896954895e-09,3.31096185902358806773e-10
2000,1920,8.10817681357626127158e-09,3.24327072543050452931e-10
2000,1925.00000000000022737,7.94246980358346895352e-09,3.17698792143338741597e-10
2000,1930,7.78020961572257080304e-09,3.11208384628902836257e-10
2000,1935,7.62132383844989914886e-09,3.04852953537995974226e-10
2000,1940,7.46574161813999059828e-09,2.98629664725599621863e-10
2000,1945,7.3133936265721477746e-09,2.92535745062885913052e-10
2000,1949.99999999999977263,7.16421202841953057299e-09,2.86568481136781210512e-10
2000,1955,7.01813044870745892667e-09,2.80725217948298357067e-10
2000,1960.00000000000022737,6.87508394036500996568e-09,2.75003357614600390355e-10
2000,1965,6.7350089518869445258e-09,2.694003580754777831e-10
2000,1970,6.59784329519165230157e-09,2.6391373180766611481e-10
2000,1974.99999999999977263,6.46352611373327305786e-09,2.58541044549330930586e-10
2000,1980,6.33199785094246497074e-09,2.53279914037698619509e-10
2000,1985.00000000000022737,6.20320021905951465896e-09,2.4812800876238061531e-10
2000,1990,6.07707616843223090264e-09,2.43083046737289256785e-10
2000,1995,5.95356985733990786082e-09,2.38142794293596295821e-10
2000,1999.99999999999977263,5.83262662242657298453e-09,2.33305064897062937993e-10
2000,2005,5.71419294976618851018e-09,2.28567717990647540407e-10
2000,2010.00000000000022737,5.59821644666777841855e-09,2.23928657866711150184e-10
2000,2015,5.48464581422619915908e-09,2.19385832569047970499e-10
2000,2020,5.37343082069491200877e-09,2.14937232827796488623e-10
2000,2025,5.26452227570443262943e-09,2.10580891028177302075e-10
2000,2030,5.15787200537088734813e-09,2.06314880214835486688e-10
2000,2034.99999999999977263,5.05343282830368994816e-09,2.0213731313214761447e-10
2000,2040,4.95115853254185277459e-09,1.98046341301674118222e-10
2000,2045.00000000000022737,4.85100385342959120395e-09,1.94040154137183647124e-10
2000,2050,4.75292445239793821161e-09,1.90116978095917523295e-10
2000,2055,4.65687689669439477517e-09,1.8627507586777580238e-10
2000,2060,4.56281863997821982572e-09,1.82512745599128804403e-10
2000,2065,4.47070800380335365248e-09,1.78828320152134157473e-10
2000,2070,4.38050415991514392778e-09,1.75220166396605750907e-10
2000,2075,4.2921671133312736945e-09,1.71686684533250953984e-10
2000,2080,4.20565768615007476093e-09,1.68226307446002982165e-10
2000,2085,4.12093750202191651936e-09,1.64837500080876654571e-10
2000,2090,4.03796897123862027776e-09,1.6151875884954480594e-10
2000,2095,3.95671527633953639231e-09,1.58268611053581470168e-10
2000,2100,3.87714035823303598531e-09,1.55085614329321454922e-10
2000,2105,3.79920890268983192889e-09,1.51968356107593269918e-10
2000,2110,3.72288632722930285036e-09,1.48915453089172105743e-10
2000,2115,3.64813876827376409904e-09,1.45925550730950566029e-10
2000,2120,3.57493306856444542396e-09,1.4299732274257780972e-10
2000,2125,3.50323676478173056412e-09,1.40129470591269221531e-10
2000,2130,3.43301807532105320485e-09,1.37320723012842141636e-10
2000,2135,3.36424588820692341109e-09,1.34569835528276929206e-10
2000,2140,3.29688974911022259705e-09,1.31875589964408914222e-10
2000,2145,3.23091984945733208746e-09,1.29236793978293289702e-10
2000,2150,3.16630701461149274432e-09,1.26652280584459707705e-10
2000,2155,3.10302269211130871186e-09,1.24120907684452349509e-10
2000,2160,3.04103893998305966039e-09,1.21641557599322384348e-10
2000,2165,2.98032841509087846347e-09,1.19213136603635150946e-10
2000,2170,2.92086436156379546066e-09,1.1683457446255181429e-10
2000,2175,2.86262059926315864677e-09,1.14504823970526351041e-10
2000,2180,2.80557151232295122055e-09,1.12222860492918049339e-10
2000,2185,2.74969203775506100936e-09,1.09987681510202441408e-10
2000,2190,2.69495765412193616255e-09,1.07798306164877449087e-10
2000,2195,2.64134437028788669586e-09,1.0565377481151546525e-10
2000,2200,2.58882871425289233888e-09,1.03553148570115692004e-10
2000,2205,2.53738772206906475084e-09,1.01495508882762590551e-10
2000,2210,2.48699892685952544958e-09,9.94799570743810205683e-11
2000,2215,2.43764034792739927802e-09,9.75056139170959742228e-11
2000,2220,2.38929047997851832144e-09,9.55716191991407307898e-11
2000,2225,2.34192828245986534971e-09,9.36771312983946119205e-11
2000,2230,2.29553316901745345453e-09,9.18213267606981443852e-11
2000,2235,2.25008499708935748623e-09,9.0003399883574300483e-11
2000,2240,2.20556405764172407297e-09,8.82225623056689686058e-11
2000,2245,2.16195106504908950177e-09,8.64780426019635805879e-11
2000,2250,2.11922714715041392257e-09,8.47690858860165641406e-11
2000,2255,2.077373835452729655e-09,8.30949534181091846491e-11
2000,2260,2.03637305554815080798e-09,8.14549222219260297343e-11
2000,2265,1.99620711768840538487e-09,7.98482847075362190139e-11
2000,2270,1.95685870758918256467e-09,7.82743483035673046549e-11
2000,2275,1.91831087742403958748e-09,7.6732435096961587635e-11
2000,2280,1.88054703704742195321e-09,7.52218814818968843323e-11
2000,2285,1.84355094543768657312e-09,7.37420378175074608569e-11
2000,2290,1.80730670237677447029e-09,7.22922680950709767438e-11
2000,2295,1.77179874036482138567e-09,7.08719496145928595628e-11
2000,2300,1.73701181677751570181e-09,6.94804726711006296235e-11
2000,2305,1.70293100626952770957e-09,6.81172402507811052809e-11
2000,2310,1.66954169342930830964e-09,6.67816677371723375553e-11
2000,2315,1.63682956567555121834e-09,6.54731826270220549377e-11
2000,2320,1.60478060641091909734e-09,6.41912242564367649277e-11
2000,2325,1.57338108841297881994e-09,6.29352435365191600356e-11
2000,2330,1.54261756747371485133e-09,6.17047026989485966381e-11
2000,2335,1.51247687626852403735e-09,6.0499075050740965113e-11
2000,2340,1.48294611846063592184e-09,5.93178447384254425607e-11
2000,2345,1.45401266301754586558e-09,5.81605065207018372082e-11
2000,2350,1.42566413874400508357e-09,5.70265655497602069617e-11
2000,2355,1.39788842899950773452e-09,5.59155371599803119658e-11
2000,2360,1.37067366661411668924e-09,5.4826946664564666277e-11
2000,2365,1.34400822895489986341e-09,5.37603291581959976384e-11
2000,2370,1.31788073316091349242e-09,5.27152293264365394384e-11
2000,2375,1.29228003150796776948e-09,5.16912012603187146566e-11
2000,2380,1.26719520690470223615e-09,5.06878082761880935819e-11
2000,2385,1.24261556849509553626e-09,4.97046227398038242939e-11
2000,2390,1.21853064736157873708e-09,4.87412258944631481907e-11
2000,2395,1.19493019231727322557e-09,4.77972076926909282472e-11
2000,2400,1.17180416577875029458e-09,4.68721666311500117832e-11
2000,2405,1.1491427397058219304e-09,4.59657095882328798009e-11
2000,2410,1.12693629161120416698e-09,4.50774516644481651282e-11
2000,2415,1.1051754006271862125e-09,4.42070160250874490168e-11
2000,2420,1.08385084363665505474e-09,4.3354033745466205033e-11
2000,2425,1.0629535914511589328e-09,4.25181436580463591215e-11
2000,2430,1.0424748050564881855e-09,4.16989922022595297463e-11
2000,2435,1.02240583189948484947e-09,4.08962332759793947543e-11
2000,2440,1.00273820224014100266e-09,4.01095280896056419157e-11
2000,2445,9.83463625550892931565e-10,3.93385450220357201061e-11
2000,2450,9.64573986969949217741e-10,3.85829594787979681926e-11
2000,2455,9.46061343809730766477e-10,3.78424537523892319516e-11
2000,2460,9.27917922112031237325e-10,3.711671688448125001e-11
2000,2465,9.10136113250969385444e-10,3.64054445300387769687e-11
2000,2470,8.92708470585750807321e-10,3.57083388234300356533e-11
2000,2475,8.75627706151653495803e-10,3.50251082460661416416e-11
2000,2480,8.58886687396464591645e-10,3.43554674958585867677e-11
2000,2485,8.42478433951158586706e-10,3.36991373580463463117e-11
2000,2490,8.26396114437814267744e-10,3.30558445775125704513e-11
2000,2495,8.106330433113149572e-10,3.24253217324525980295e-11
2000,2500,7.95182677735987725681e-10,3.18073071094395113537e-11
2000,2505,7.80038614488077833118e-10,3.12015445795231109983e-11
2000,2510,7.65194586901116930784e-10,3.06077834760446764559e-11
2000,2515,7.50644461833131416416e-10,3.00257784733252553642e-11
2000,2520,7.3638223667950412812e-10,2.94552894671801671928e-11
2000,2525,7.22402036414985366072e-10,2.88960814565994147721e-11
2000,2530,7.08698110682492765187e-10,2.83479244272997115122e-11
2000,2535,6.95264830923412680267e-10,2.78105932369365082447e-11
2000,2540,6.82096687555786436436e-10,2.72838675022314569405e-11
2000,2545,6.69188287206020231678e-10,2.67675314882408084916e-11
2000,2550,6.56534349996353733509e-10,2.62613739998541511498e-11
2000,2555,6.44129706892720615183e-10,2.5765188275708826546e-11
2000,2560,6.31969297119575462944e-10,2.52787718847830182593e-11
2000,2565,6.2004816563735903855e-10,2.48019266254943607665e-11
2000,2570,6.08361460697270084103e-10,2.43344584278908047858e-11
2000,2575,5.96904431462195549247e-10,2.38761772584878240378e-11
2000,2580,5.85672425707654826205e-10,2.34268970283061938237e-11
2000,2585,5.74660887589556603659e-10,2.29864355035822641463e-11
2000,2590,5.63865355493983292872e-10,2.25546142197593319734e-11
2000,2595,5.53281459949056185962e-10,2.21312583979622484725e-11
2000,2600,5.42904921611426677691e-10,2.17161968644570690463e-11
2000,2605,5.32731549316017645996e-10,2.13092619726407063568e-11
2000,2610,5.22757238183807785913e-10,2.09102895273523113073e-11
2000,2615,5.12977967789771102585e-10,2.05191187115908448789e-11
2000,2620,5.03389800377994236914e-10,2.01355920151197688303e-11
2000,2625,4.93988879122819051076e-10,1.975955516491276256e-11
2000,2630,4.84771426434278254297e-10,1.93908570573711315936e-11
2000,2635,4.75733742294587628121e-10,1.90293496917835056418e-11
2000,2640,4.66872202633553273794e-10,1.86748881053421322442e-11
2000,2645,4.58183257729956828672e-10,1.83273303091982740516e-11
2000,2650,4.49663430643873049938e-10,1.79865372257549229022e-11
2000,2655,4.41309315673761922953e-10,1.76523726269504762719e-11
2000,2660,4.33117576844504717451e-10,1.73247030737801893443e-11
2000,2665,4.25084946418019334405e-10,1.70033978567207726007e-11
2000,2670,4.17208223440207183172e-10,1.66883289376082875854e-11
2000,2675,4.09484272312063089996e-10,1.63793708924825224366e-11
2000,2680,4.01910021398864259215e-10,1.60764008559545720488e-11
2000,2685,3.94482461674575208278e-10,1.57792984669830098821e-11
2000,2690,3.87198645402273368213e-10,1.54879458160909340823e-11
2000,2695,3.80055684857513784784e-10,1.52022273943005507451e-11
2000,2700,3.73050751090405613824e-10,1.49220300436162263624e-11
2000,2705,3.66181072730940598328e-10,1.46472429092376240624e-11
2000,2710,3.5944393483710084529e-10,1.43777573934840341993e-11
2000,2715,3.52836677781429828929e-10,1.41134671112571930279e-11
2000,2720,3.46356696180345470538e-10,1.385426784721381908e-11
2000,2725,3.40001437857736752788e-10,1.36000575143094695945e-11
2000,2730,3.33768402844821812443e-10,1.33507361137928726916e-11
2000,2735,3.27655142406850266992e-10,1.31062056962740110674e-11
2000,2740,3.21659258099428636785e-10,1.28663703239771451483e-11
2000,2745,3.1577840084314507026e-10,1.26311360337258038444e-11
2000,2750,3.10010270018444536247e-10,1.24004108007377822254e-11
2000,2755,3.04352612570160109151e-10,1.21741045028064050769e-11
2000,2760,2.98803222122558546901e-10,1.19521288849023423284e-11
2000,2765,2.93359938098904239595e-10,1.17343975239561699069e-11
2000,2770,2.88020644842266979296e-10,1.15208257936906793657e-11
2000,2775,2.82783270737664489144e-10,1.13113308295065794365e-11
2000,2780,2.77645787330074270978e-10,1.11058314932029714853e-11
2000,2785,2.7260620844176163309e-10,1.09042483376704650005e-11
2000,2790,2.67662589285897916328e-10,1.07065035714359175579e-11
2000,2795,2.62813025580123505895e-10,1.05125210232049404297e-11
2000,2800,2.58055652658992184762e-10,1.03222261063596879721e-11
2000,2805,2.5338864459205866832e-10,1.01355457836823461512e-11
2000,2810,2.48810213304275679001e-10,9.95240853217102780628e-12
2000,2815,2.44318607709600423199e-10,9.77274430838401660483e-12
2000,2820,2.39912112854419495258e-10,9.59648451417677961645e-12
2000,2825,2.3558904907913080951e-10,9.42356196316523315587e-12
2000,2830,2.31347771199099834154e-10,9.25391084796399284919e-12
2000,2835,2.27186667708805239085e-10,9.08746670835220982188e-12
2000,2840,2.23104160009356454368e-10,8.92416640037425830397e-12
2000,2845,2.19098701667237012509e-10,8.76394806668948050038e-12
2000,2850,2.15168777695723082652e-10,8.60675110782892369382e-12
2000,2855,2.11312903871616102889e-10,8.45251615486464495566e-12
2000,2860,2.07529626073880757856e-10,8.30118504295523115434e-12
2000,2865,2.03817519655008677049e-10,8.15270078620034682347e-12
2000,2870,2.00175188833856724124e-10,8.00700755335426870647e-12
2000,2875,1.96601266115021343639e-10,7.86405064460085458567e-12
2000,2880,1.93094411725128518685e-10,7.72377646900514100588e-12
2000,2885,1.89653313071426663323e-10,7.58613252285706659756e-12
2000,2890,1.86276684208650364732e-10,7.45106736834601433077e-12
2000,2895,1.8296326532389965379e-10,7.31853061295598641011e-12
2000,2900,1.79711822223022056056e-10,7.18847288892088224223e-12
2000,2905,1.76521145828720186405e-10,7.06084583314880800549e-12
2000,2910,1.73390051676793353468e-10,6.93560206707173397718e-12
2000,2915,1.70317379419089899427e-10,6.81269517676359620327e-12
2000,2920,1.67301992321330839062e-10,6.69207969285323395022e-12
2000,2925,1.64342776767263912035e-10,6.5737110706905567076e-12
2000,2930,1.61438641755374870815e-10,6.45754567021499483261e-12
2000,2935,1.58588518403744869118e-10,6.34354073614979473241e-12
2000,2940,1.55791359449028173014e-10,6.23165437796112737294e-12
2000,2945,1.53046138754802086864e-10,6.1218455501920832807e-12
2000,2950,1.50351850819265060932e-10,6.0140740327706024696e-12
2000,2955,1.47707510294360541405e-10,5.90830041177442165622e-12
2000,2960,1.45112151509579586601e-10,5.80448606038318320556e-12
2000,2965,1.42564828011860417895e-10,5.70259312047441694197e-12
2000,2970,1.40064612113182456401e-10,5.60258448452729857917e-12
2000,2975,1.376105944586404986e-10,5.50442377834561987939e-12
2000,2980,1.35201883606508357946e-10,5.40807534426033454402e-12
2000,2985,1.32837605630194384228e-10,5.31350422520777575685e-12
2000,2990,1.3051690373528405937e-10,5.22067614941136256869e-12
2000,2995,1.28238937899030155409e-10,5.12955751596120599019e-12
2000,3000,1.26002884524980530318e-10,5.04011538099922098654e-12
