temperature,wavenumber,cia_coefficient,uncertainty
165,5,7.49993409254362835173e-09,1.27498879573241701005e-09
165,10,2.97285684351063251777e-08,5.05385663396807580961e-09
165,15,6.52748099364960931814e-08,1.10967176892043361717e-08
165,20,1.11237478155276113435e-07,1.89103712863969415338e-08
165,25,1.63948661727267248768e-07,2.78712724936354352022e-08
165,30,2.19656803536701191195e-07,3.73416566012392067383e-08
165,35,2.74984327461563093438e-07,4.67473356684657287962e-08
165,40,3.27193704285892409719e-07,5.56229297286017154756e-08
165,45,3.74258188255073128375e-07,6.36238920033624360589e-08
165,50,4.14847407497257629751e-07,7.05240592745337997047e-08
165,55,4.48218371595559340253e-07,7.6197123171245087843e-08
165,60,4.74149444880176117742e-07,8.06054056296299500747e-08
165,65,4.92763306008972145132e-07,8.37697620215252763192e-08
165,70,5.04477263047842431889e-07,8.57611347181332261267e-08
165,75,5.09880434873175397965e-07,8.66796739284398255949e-08
165,80,5.09665714445748336321e-07,8.66431714557772208803e-08
165,85,5.04576577120198905131e-07,8.57780181104338144017e-08
165,90,4.95363404213114730151e-07,8.42117787162295157724e-08
165,95,4.82743191630108261037e-07,8.20663425771184059646e-08
165,100,4.67395872844008216531e-07,7.94572983834813989279e-08
165,105,4.49936740556316255234e-07,7.64892458945737628604e-08
165,110,4.30913019756598552965e-07,7.3255213358621754004e-08
165,115.000000000000014211,4.10811986965218145856e-07,6.98380377840870916776e-08
165,120,3.9004899272243188439e-07,6.63083287628134266991e-08
165,124.999999999999985789,3.6897507960071846835e-07,6.27257635321221406782e-08
165,130,3.47890361576555911224e-07,5.91413614680145083492e-08
165,135,3.2703178010611563495e-07,5.55954026180396595297e-08
165,140,3.06596580078648690866e-07,5.2121418613370281153e-08
165,145,2.86739368728606328527e-07,4.87456926838630808788e-08
165,150,2.67574453634843477844e-07,4.54876571179233941452e-08
165,155,2.49190473053510716031e-07,4.23623804190968222546e-08
165,160,2.31646352091180438087e-07,3.93798798555006797687e-08
165,165,2.1497968796632248931e-07,3.6546546954274826359e-08
165,170,1.99211860996414346813e-07,3.38660163693904384288e-08
165,175,1.84346643609296903087e-07,3.13389294135804735248e-08
165,180,1.70376757508142539012e-07,2.89640487763842345437e-08
165,185,1.5728666267016898936e-07,2.67387326539287311029e-08
165,190,1.45051770963581749529e-07,2.46588010638088998022e-08
165,195,1.33641799319317377552e-07,2.27191058842839543162e-08
165,200,1.23023735508300575865e-07,2.09140350364111000146e-08
165,205,1.13161626652595552517e-07,1.92374765309412468395e-08
165,210,1.0401647492694868804e-07,1.7682800737581278158e-08
165,214.999999999999971578,9.55486158953142459669e-08,1.62432647022034224761e-08
165,220,8.77194213459521029987e-08,1.49123016288118571127e-08
165,225,8.04901054737213986995e-08,1.36833179305326389039e-08
165,230.000000000000028422,7.38216186875453269069e-08,1.25496751768827062359e-08
165,235,6.76765689338132584703e-08,1.15050167187482551973e-08
165,240,6.20196613897156999213e-08,1.05433424362516689204e-08
165,245.000000000000028422,5.68166955943894463861e-08,9.65883825104620601799e-09
165,249.999999999999971578,5.20344824887904300534e-08,8.84586202309437410169e-09
165,255,4.76418028201696418985e-08,8.09910647942883985067e-09
165,260,4.360976560464959162e-08,7.41366015279043120407e-09
165,265,3.99110296543900654188e-08,6.78487504124631145206e-09
165,270,3.65194457474861252835e-08,6.20830577707264199303e-09
165,275,3.34107282100699478021e-08,5.67982379571189188736e-09
165,280,3.05626338059286345732e-08,5.19564774700786857228e-09
165,285,2.79543416433380963851e-08,4.75223807936747674943e-09
165,290,2.55663171114135594564e-08,4.34627390894030550463e-09
165,295,2.33805980219697254506e-08,3.97470166373485352513e-09
165,300,2.13806292608832018689e-08,3.63470697435014459895e-09
165,305,1.95509614609678947493e-08,3.32366344836454227282e-09
165,310,1.78773123054739773837e-08,3.03914309193057650264e-09
165,315,1.63466093475269362143e-08,2.77892358907957940459e-09
165,320,1.49468099962388432598e-08,2.54095769936060342035e-09
165,325,1.36668360193957821795e-08,2.32336212329728302015e-09
165,330,1.24966198670852382916e-08,2.12442537740449084044e-09
165,335,1.14269699415837150678e-08,1.94258489006923149535e-09
165,340,1.04493441939752088311e-08,1.77638851297578565018e-09
165,345,9.55579495776367204169e-09,1.62448514281982428017e-09
165,350,8.73902443727348718522e-09,1.48563415433649296211e-09
165,355,7.99237167282746336546e-09,1.35870318438066887966e-09
165,360,7.30975808668996870839e-09,1.24265887473729486241e-09
165,365,6.6856725619635464092e-09,1.13656433553380304673e-09
165,370,6.11514977007400364208e-09,1.03957546091258068533e-09
165,375,5.59368796364716087128e-09,9.50926953820017472195e-10
165,380,5.11714775118404324595e-09,8.69915117701287417986e-10
165,385,4.68168347657528004914e-09,7.95886191017797678664e-10
165,390,4.2837084339193576447e-09,7.28230433766290878182e-10
165,395,3.91988794239881356113e-09,6.6638095020779833848e-10
165,400,3.5871639376204003378e-09,6.09817869395468069834e-10
165,405,3.28278984883571345454e-09,5.58074274302071357582e-10
165,410,3.00433484445822821326e-09,5.10736923557898787983e-10
165,415,2.74964202650361815998e-09,4.67439144505615145099e-10
165,420,2.51676225554510925037e-09,4.27849583442668599446e-10
165,425,2.30389346368068085889e-09,3.91661888825715752215e-10
165,429.999999999999943157,2.10934045769838820467e-09,3.58587877808726040289e-10
165,435,1.93149842955860115872e-09,3.28354733024962211457e-10
165,440,1.76885996083838276606e-09,3.00706193342525107454e-10
165,444.999999999999943157,1.62003888701539394112e-09,2.75406610792617003078e-10
165,450,1.48379481947072752085e-09,2.52245119310023688885e-10
165,455,1.35904034064903626401e-09,2.31036857910336174188e-10
165,460.000000000000056843,1.24482422499850978361e-09,2.11620118249746679758e-10
165,465,1.14029913952181389465e-09,1.93850853718708363125e-10
165,470,1.0446878498058877747e-09,1.77596934467000932038e-10
165,475.000000000000056843,9.57257677084984983642e-10,1.62733805104447458593e-10
165,480,8.7730760929551286069e-10,1.49142293580237201827e-10
165,485,8.04169501155062569791e-10,1.36708815196360637898e-10
165,490.000000000000056843,7.37220615643550046002e-10,1.25327504659403519194e-10
165,495,6.75898713610568053778e-10,1.14902781313796582584e-10
165,499.999999999999943157,6.19709331522224950519e-10,1.05350586358778248309e-10
165,505,5.68221104693745672555e-10,9.65975877979367705382e-11
165,510,5.21052978487614725064e-10,8.85790063428945146345e-11
165,515,4.77859893845483328883e-10,8.123618195373217108e-11
165,520,4.38321189706008759595e-10,7.4514602250021495852e-11
165,525,4.02133258364313184786e-10,6.83626539219332439985e-11
165,530,3.6900711673044852505e-10,6.27312098441762590812e-11
165,535,3.38670750665083622903e-10,5.75740276130642189955e-11
165,540,3.10874161277568570828e-10,5.28486074171866622106e-11
165,545,2.85393509499353179742e-10,4.85168966148900421071e-11
165,550,2.62031396177322065053e-10,4.45453373501447523514e-11
165,555,2.40612958074599669589e-10,4.0904202872681948483e-11
165,560,2.20980100093005372361e-10,3.75666170158109156279e-11
165,565,2.02986795051812324997e-10,3.45077551588081006778e-11
165,570,1.86496809918257064402e-10,3.17044576861037040503e-11
165,575,1.71383198801503328396e-10,2.91351437962555702217e-11
165,580,1.57528275643498815206e-10,2.67798068593948009115e-11
165,585,1.44823586434734011452e-10,2.46200096939047844025e-11
165,590,1.33170082697381369043e-10,2.26389140585548348053e-11
165,595,1.22478357717347210389e-10,2.08213208119490266708e-11
165,600,1.1266825389932901486e-10,1.91536031628859331725e-11
165,605,1.03667432286033607865e-10,1.76234634886257161805e-11
165,610,9.54094310713925218901e-11,1.62196032821367313062e-11
165,615,8.78322370736025317612e-11,1.49314803025124305286e-11
165,620,8.08778783363007978831e-11,1.37492393171711366741e-11
165,625,7.44926873967323649936e-11,1.26637568574445030829e-11
165,630,6.8627615866836775055e-11,1.16666946973622520178e-11
165,635,6.32383051224933933169e-11,1.07505118708238775747e-11
165,640,5.82849291788895947395e-11,9.90843796041123220431e-12
165,645,5.37318404823175709501e-11,9.13441288199398706151e-12
165,650,4.95469644613073361153e-11,8.42298395842224836745e-12
165,655,4.57009676545713384811e-11,7.76916450127712825265e-12
165,660,4.21664432761646873483e-11,7.16829535694799746313e-12
165,665,3.89174474577425766145e-11,6.6159660678162383799e-12
165,670,3.59295378706589605714e-11,6.10802143801202407262e-12
165,675,3.31801603621636319937e-11,5.64062726156781753586e-12
165,680,3.06490283773189146007e-11,5.21033482414421625761e-12
165,685,2.83181791204117522351e-11,4.8140904504699985262e-12
165,690,2.6171642885602769779e-11,4.44917929055247157329e-12
165,695,2.41949272636730388574e-11,4.11313763482441709043e-12
165,700,2.2374583585543676874e-11,3.80367920954242516552e-12
165,705,2.06979830278279414417e-11,3.51865711473075043283e-12
165,710,1.91532616649299481304e-11,3.25605448303809145682e-12
165,715,1.77293405247413796003e-11,3.01398788920603472592e-12
165,720,1.64159716407924871234e-11,2.79071517893472297253e-12
165,725,1.52037980960034591141e-11,2.58464567632058842098e-12
165,730,1.40843972885800350384e-11,2.39434753905860616655e-12
165,735,1.3050257503024362496e-11,2.21854377551414173742e-12
165,740,1.20946727510812039948e-11,2.05609436768380485683e-12
165,745,1.12115949361591817413e-11,1.90597113914706084756e-12
165,750,1.03954922631178855992e-11,1.76723368473004076189e-12
165,755,9.64123328302578328297e-12,1.63900965811438321465e-12
165,760,8.94399972388892649759e-12,1.5204799530611175369e-12
165,765,8.29924306830935915121e-12,1.4108713216125911688e-12
165,770,7.70270145589762360134e-12,1.30945924750259605262e-12
165,775,7.15045954834987277476e-12,1.21557812321947846865e-12
165,780,6.63899728651047058453e-12,1.12862953870678012054e-12
165,785,6.16518272559433668901e-12,1.04808106335103730175e-12
165,790,5.72621216838219173009e-12,9.73456068624972666817e-13
165,795,5.31953282012983527182e-12,9.0432057942207206891e-13
165,800,4.94277454975589543899e-12,8.40271673458502248863e-13
165,805,4.59369796690633835408e-12,7.8092865437407757674e-13
165,810,4.27016448455435916758e-12,7.25927962374241135229e-13
165,815,3.97013925976663201428e-12,6.74923674160327482818e-13
165,820,3.69172631228799049301e-12,6.27593473088958472669e-13
165,825,3.43321102848857350263e-12,5.83645874843057507564e-13
165,830,3.19307761892823238052e-12,5.42823195217799512766e-13
165,835,2.96999168117658682302e-12,5.04898585800019836654e-13
165,840,2.76276668330119289763e-12,4.69670336161202776441e-13
165,845,2.570335641515467542e-12,4.36957059057629526568e-13
165,850,2.39172924573031573977e-12,4.06593971774153695955e-13
165,855,2.22605010125188560136e-12,3.78428517212820578484e-13
165,859.999999999999886313,2.0724421719747048938e-12,3.52315169235699862239e-13
165,865.000000000000113687,1.93006712041874785391e-12,3.28111410471187137184e-13
165,870,1.79809651859773292398e-12,3.05676408161614609194e-13
165,875,1.67571636580364503654e-12,2.84871782186619672367e-13
165,880,1.56213672213293279935e-12,2.65563242762598618298e-13
165,885,1.45660806876905351384e-12,2.47623371690739093314e-13
165,889.999999999999886313,1.35844996429233086285e-12,2.30936493929696272937e-13
165,895.000000000000113687,1.26708403279849603475e-12,2.15404285575744339034e-13
165,900,1.18204650366057309004e-12,2.00947905622297440452e-13
165,905,1.10296082721889043442e-12,1.875033406272113789e-13
165,910,1.02947959494379180524e-12,1.75011531140444616989e-13
165,914.999999999999886313,9.6122998547907934861e-13,1.63409097531443512488e-13
165,920.000000000000113687,8.97793942578054010954e-13,1.52624970238269200038e-13
165,925.000000000000113687,8.38728075620001455671e-13,1.42583772855400261601e-13
165,930,7.8360526090824219252e-13,1.33212894354401192923e-13
165,935,7.32056827438912347308e-13,1.24449660664615111159e-13
165,940,6.83802728546079697767e-13,1.16246463852833557708e-13
165,944.999999999999886313,6.38661536604066972194e-13,1.08572461222691397895e-13
165,950.000000000000113687,5.96531864782264868196e-13,1.01410417012985030118e-13
165,955,5.57344496337450031715e-13,9.47485643773665139743e-14
165,960,5.21003678269487717145e-13,8.85706253058129134292e-14
165,965,4.87350043370009729244e-13,8.28495073729016580105e-14
165,970,4.56167506839533337445e-13,7.75484761627206784728e-14
165,974.999999999999886313,4.2722618213580159087e-13,7.26284509630862795356e-14
165,980.000000000000113687,4.00329235515058633804e-13,6.80559700375599733003e-14
165,985,3.75334701117491587826e-13,6.38068991899735759889e-14
165,990,3.52146854864837568077e-13,5.9864965327022394651e-14
165,995,3.30691319150050758585e-13,5.62175242555086299691e-14
165,999.999999999999886313,3.10889457212197693315e-13,5.28512077260736108927e-14
165,1005.00000000000011369,2.92638486561114753038e-13,4.9748542715389511803e-14
165,1010,2.75799567507648228759e-13,4.68859264763002021706e-14
165,1015,2.60200150542028703629e-13,4.42340255921448818888e-14
165,1020,2.4565741492645491685e-13,4.17617605374973406608e-14
165,1025,2.32017378627662326306e-13,3.94429543667025962293e-14
165,1030,2.1918762559452441816e-13,3.72618963510691508348e-14
165,1035,2.07139638250681306297e-13,3.52137385026158261094e-14
165,1040,1.95876532572906496635e-13,3.32990105373941074572e-14
165,1045,1.85387921118209198748e-13,3.15159465900955660591e-14
165,1050,1.75622279444582455349e-13,2.98557875055790163996e-14
165,1055,1.66491402420593692671e-13,2.83035384115009296474e-14
165,1060,1.57897147306410972055e-13,2.6842515042089866764e-14
165,1065,1.49759520365959107579e-13,2.54591184622130487934e-14
165,1070,1.42033057568718831734e-13,2.41456197866822037928e-14
165,1075,1.34711823287685247967e-13,2.29010099589064937952e-14
165,1080,1.27827048503113445633e-13,2.17305982455292858839e-14
165,1085,1.21435749644360784855e-13,2.06440774395413362022e-14
165,1090,1.15596477081656245988e-13,1.96514011038815620704e-14
165,1095,1.10337228862601950643e-13,1.87573289066423335026e-14
165,1100,1.05632355405678346026e-13,1.79575004189653193293e-14
165,1105,1.01405257436554030572e-13,1.72388937642141877215e-14
165,1110,9.7557804218270890048e-14,1.65848267171060534539e-14
165,1115,9.40080777313131810008e-14,1.59813732143232407701e-14
165,1120,9.07125602497876865013e-14,1.54211352424639088509e-14
165,1125,8.76621219632148340958e-14,1.49025607337465240682e-14
165,1130,8.48606845390759447099e-14,1.44263163716429104745e-14
165,1135,8.23042663850657291073e-14,1.39917252854611743269e-14
165,1140,7.99713063108028826112e-14,1.35951220728364909274e-14
165,1145,7.78228352989070244411e-14,1.32298820008141943443e-14
165,1150,7.58061520931646553696e-14,1.28870458558379929274e-14
165,1155,7.38603505056680574361e-14,1.25562595859635710263e-14
165,1160,7.19273325678980911118e-14,1.22276465365426763094e-14
165,1165,6.9969237982961376496e-14,1.18947704571034350141e-14
165,1170,6.79843727707506021702e-14,1.15573433710276036942e-14
165,1175,6.60091188217918047118e-14,1.12215501997046081263e-14
165,1180,6.41004073422233306217e-14,1.08970692481779667106e-14
165,1185,6.23075605096911205313e-14,1.05922852866474918787e-14
165,1190,6.06507761681399067336e-14,1.03106319485837853438e-14
165,1195,5.91182152518939312737e-14,1.00500965928219688214e-14
165,1200,5.76794466806618656635e-14,9.80550593571251829875e-15
165,1205,5.6302579559135225404e-14,9.57143852505298882355e-15
165,1210,5.49638927330936203222e-14,9.34386176462591665384e-15
165,1215,5.36486650998433332285e-14,9.12027306697336753238e-15
165,1220,5.23496299680903139113e-14,8.89943709457535443777e-15
165,1225,5.10681857906889883707e-14,8.68159158441712846478e-15
165,1230,4.98163414629171273245e-14,8.46877804869591183449e-15
165,1235,4.8613431082594009516e-14,8.2642832840409822488e-15
165,1240,4.74759420707254586995e-14,8.07091015202332804203e-15
165,1245,4.64068576291886539224e-14,7.88916579696207173479e-15
165,1250,4.53936539445679949416e-14,7.71692117057655926629e-15
165,1255,4.4417797491779978381e-14,7.55102557360259676653e-15
165,1260,4.34687906208920470142e-14,7.38969440555164843418e-15
165,1265,4.25516513609638666027e-14,7.23378073136385732245e-15
165,1270,4.16821321933359680628e-14,7.08596247286711498089e-15
165,1275,4.08741520892606564711e-14,6.94860585517431210496e-15
165,1280,4.01297855649713849055e-14,6.82206354604513619125e-15
165,1285,3.94388088782115704864e-14,6.704597509295967456e-15
165,1290,3.87858897191757031495e-14,6.5936012522598698194e-15
165,1295,3.81575472429082381456e-14,6.48678303129440114739e-15
165,1300,3.75431459334779207088e-14,6.38233480869124705693e-15
165,1305,3.69314436582452662567e-14,6.27834542190169592628e-15
165,1310,3.63089559465844710801e-14,6.17252251091936049382e-15
165,1315,3.56641112823668613631e-14,6.06289891800236690505e-15
165,1320,3.49945379207540828322e-14,5.94907144652819474412e-15
165,1325,3.4310611220784545628e-14,5.83280390753337288298e-15
165,1330,3.36308511599440373932e-14,5.71724469719048660928e-15
165,1335,3.29717312938564818259e-14,5.60519431995560200507e-15
165,1340,3.23394777503948456683e-14,5.49771121756712430003e-15
165,1345,3.17297884706062895941e-14,5.39406404000306945188e-15
165,1350,3.11345527943618751491e-14,5.29287397504151896467e-15
165,1355,3.05488728261730929946e-14,5.19330838044942615618e-15
165,1360,2.99721614829026859004e-14,5.09526745209345710793e-15
165,1365,2.94031030310069126249e-14,4.99852751527117571421e-15
165,1370,2.88340868984527547295e-14,4.9017947727369689351e-15
165,1375,2.82511366723079876945e-14,4.80269323429235800272e-15
165,1380,2.76402822751125577656e-14,4.69884798676913554591e-15
165,1385,2.69955396328474172193e-14,4.58924173758406149526e-15
165,1390,2.63222951870605404387e-14,4.4747901818002920639e-15
165,1395,2.56339364719803438116e-14,4.35776920023665901595e-15
165,1400,2.4945206611302993447e-14,4.24068512392150958019e-15
165,1405,2.42679368048977654469e-14,4.12554925683262040997e-15
165,1410,2.36118239490980807739e-14,4.01401007134667382622e-15
165,1415,2.29878356203296429116e-14,3.90793205545603970518e-15
165,1420,2.24094631353571856794e-14,3.80960873301072178637e-15
165,1425,2.1889445900518875519e-14,3.72120580308820934311e-15
165,1430,2.14342722205929432602e-14,3.64382627750080085911e-15
165,1435,2.10412633494286052158e-14,3.57701476940286310757e-15
165,1440,2.07010987969898177078e-14,3.51918679548826908922e-15
165,1445,2.04040333060108705746e-14,3.46868566202184809235e-15
165,1450,2.0144859903953605734e-14,3.42462618367211329033e-15
165,1455,1.99226652426850159148e-14,3.38685309125645311573e-15
165,1460,1.97357574420293919247e-14,3.35507876514499687963e-15
165,1465,1.957613083865230007e-14,3.32794224257089116967e-15
165,1470,1.94281334317984125394e-14,3.30278268340573055769e-15
165,1475,1.92725084507780668671e-14,3.27632643663227152518e-15
165,1480,1.90927872031615309484e-14,3.24577382453746046634e-15
165,1485,1.88796054812063978359e-14,3.20953293180508786876e-15
165,1490,1.86307708201372099901e-14,3.1672310394233259192e-15
165,1495,1.83485414371302970783e-14,3.11925204431215073997e-15
165,1500,1.80373834991226373887e-14,3.06635519485084856119e-15
165,1505,1.77041204769433053394e-14,3.0097004810803622548e-15
165,1510,1.73593756638867808542e-14,2.95109386286075288721e-15
165,1515,1.70174003014136457745e-14,2.89295805124032001832e-15
165,1520,1.66925002195167538006e-14,2.83772503731784824077e-15
165,1525,1.63934175872712844656e-14,2.7868809898361187378e-15
165,1530,1.61194101901608603032e-14,2.74029973232734637776e-15
165,1535,1.58611660411992891159e-14,2.69639822700387918126e-15
165,1540,1.56064053244236128262e-14,2.65308890515201436978e-15
165,1545,1.53466714806740677226e-14,2.60893415171459156017e-15
165,1550,1.50810796315433371165e-14,2.56378353736236760958e-15
165,1555,1.48151785754243075029e-14,2.51858035782213246482e-15
165,1560,1.4556596071267199961e-14,2.47462133211542411958e-15
165,1565,1.43110240945475224294e-14,2.43287409607307889188e-15
165,1570,1.4081089533521323118e-14,2.39378522069862494584e-15
165,1575,1.38678514457150862899e-14,2.3575347457715649375e-15
165,1580,1.36725092934614186172e-14,2.32432657988844152781e-15
165,1585,1.34961339335295431011e-14,2.29434276870002232719e-15
165,1590,1.33374820912645033614e-14,2.26737195551496568189e-15
165,1595,1.31911336896533015114e-14,2.24249272724106132005e-15
165,1600,1.30483068806491131942e-14,2.21821216971034941656e-15
165,1605,1.29005880932105128184e-14,2.19309997584578716335e-15
165,1610,1.27442473242259247624e-14,2.16652204511840720962e-15
165,1615,1.25819892502896729775e-14,2.13893817254924457973e-15
165,1620,1.24206779717752921036e-14,2.11151525520179979961e-15
165,1625,1.22664779234710393267e-14,2.08530124699007671709e-15
165,1630,1.21207144760339501984e-14,2.06052146092577159684e-15
165,1635,1.19791599014798805801e-14,2.03645718325157980905e-15
165,1640,1.18349009196935698578e-14,2.01193315634790706515e-15
165,1645,1.16824154036599843241e-14,1.98601061862219761908e-15
165,1650,1.15198647673056362367e-14,1.95837701044195836534e-15
165,1655,1.1348264595086226728e-14,1.92920498116465862264e-15
165,1660,1.11687385507729728405e-14,1.89868555363140571421e-15
165,1665,1.09804633550815480388e-14,1.86667877036386329281e-15
165,1670,1.07811283251923767755e-14,1.83279181528270409917e-15
165,1675,1.05694965045674479534e-14,1.7968144057764664203e-15
165,1680,1.03478330513745635082e-14,1.7591316187336758595e-15
165,1685,1.01220262067359286675e-14,1.72074445514510802336e-15
165,1690,9.89907953411093798446e-15,1.68284352079885962302e-15
165,1695,9.68378265147886182614e-15,1.64624305075140672344e-15
165,1700,9.47706337277398164643e-15,1.61110077337157706133e-15
165,1705,9.27723582663217926118e-15,1.57713009052747049807e-15
165,1710,9.08309704166188553726e-15,1.54412649708252055711e-15
165,1715,8.8963525954341478414e-15,1.5123799412238052277e-15
165,1719.99999999999977263,8.72132458642032852695e-15,1.48262517969145586536e-15
165,1725,8.56197501702788888849e-15,1.45553575289474122148e-15
165,1730.00000000000022737,8.41838787312363388946e-15,1.4311259384310177691e-15
165,1735,8.28537975185259781998e-15,1.40851455781494172406e-15
165,1740,8.1544416477306401805e-15,1.38625508011420898057e-15
165,1744.99999999999977263,8.01785625735849883643e-15,1.36303556375094482586e-15
165,1750,7.87233635072552277914e-15,1.33829717962333902234e-15
165,1755.00000000000022737,7.71995200750533307344e-15,1.31239184127590666193e-15
165,1760,7.56607180309028367967e-15,1.28623220652534834387e-15
165,1765.00000000000022737,7.41605552102773594472e-15,1.26072943857471528415e-15
165,1770,7.27306041141136506799e-15,1.23642026993993221933e-15
165,1775,7.13819584141541197184e-15,1.21349329304062010621e-15
165,1779.99999999999977263,7.01231780125549414414e-15,1.1920940262134340045e-15
165,1785,6.89750119021085497182e-15,1.17257520233584543198e-15
165,1790.00000000000022737,6.79660760962852959092e-15,1.15542329363685007779e-15
165,1795,6.71105540140533270156e-15,1.14087941823890670126e-15
165,1800,6.63855824818068387631e-15,1.1285549021907163063e-15
165,1804.99999999999977263,6.57290339835998514993e-15,1.11739357772119753071e-15
165,1810,6.50649596034334170719e-15,1.10610431325836825588e-15
165,1815.00000000000022737,6.4343654028173911921e-15,1.09384211847895651843e-15
165,1820,6.35711180056747906601e-15,1.08070900609647144122e-15
165,1825,6.28078366377900227672e-15,1.06773322284243042649e-15
165,1829.99999999999977263,6.21360534294758316798e-15,1.05631290830108930422e-15
165,1835,6.16148965777248786304e-15,1.04745324182132294461e-15
165,1840.00000000000022737,6.12500507225023500813e-15,1.04125086228253999083e-15
165,1845,6.09944385932131344278e-15,1.03690545608462334838e-15
165,1850.00000000000022737,6.07759747346654477669e-15,1.03319157048931271459e-15
165,1855,6.05320226824311704596e-15,1.02904438560132998459e-15
165,1860,6.02286490796995808369e-15,1.02388703435489292156e-15
165,1864.99999999999977263,5.98562355652254313461e-15,1.01755600460883231711e-15
165,1870,5.9411006722218221246e-15,1.00998711427770987951e-15
165,1875.00000000000022737,5.88813457236259862979e-15,1.00098287730164193273e-15
165,1880,5.82520664461832272545e-15,9.90285129585115028986e-16
165,1885,5.75239385560443121564e-15,9.7790695545275340921e-16
165,1889.99999999999977263,5.67318581024629199714e-15,9.64441587741869742065e-16
165,1895,5.59436625106585453339e-15,9.51042262681195389006e-16
165,1900.00000000000022737,5.5234172041328539562e-15,9.38980924702585196219e-16
165,1905,5.46469696457015796184e-15,9.28998483976926869289e-16
165,1910,5.41670043209562217089e-15,9.2083907345625576905e-16
165,1914.99999999999977263,5.3722452406908730876e-15,9.13281690917448401227e-16
165,1920,5.32169574092163768636e-15,9.04688275956678469791e-16
165,1925.00000000000022737,5.25747044184809889071e-15,8.93769975114176898196e-16
165,1930,5.1773087899259109044e-15,8.80142494287404869526e-16
165,1935,5.08459508296355234428e-15,8.64381164103803961637e-16
165,1940,4.98588406075390700315e-15,8.47600290328164218145e-16
165,1945,4.88741625889320520368e-15,8.30860764011844939846e-16
165,1949.99999999999977263,4.79280230983146033878e-15,8.14776392671348336479e-16
165,1955,4.70301945739785685741e-15,7.99513307757635705203e-16
165,1960.00000000000022737,4.61818040076290379315e-15,7.85090668129693704e-16
165,1965,4.53937346708058948612e-15,7.71693489403700224474e-16
165,1970,4.46899369060923983683e-15,7.59728927403570843258e-16
165,1974.99999999999977263,4.40924396031278720642e-15,7.49571473253173923698e-16
165,1980,4.35996230164674036627e-15,7.41193591279945913542e-16
165,1985.00000000000022737,4.31756777932829210967e-15,7.33986522485809729642e-16
165,1990,4.27624754294614429451e-15,7.26962082300844573454e-16
165,1995,4.23097591217620131274e-15,7.19265905069954309941e-16
165,1999.99999999999977263,4.1806095123674512465e-15,7.10703617102466790792e-16
165,2005,4.12907191972470283769e-15,7.01942226353199490297e-16
165,2010.00000000000022737,4.08371637151893736069e-15,6.94231783158219442037e-16
165,2015,4.05166118801327257842e-15,6.88782401962256381718e-16
165,2020,4.03613932253240075622e-15,6.86143684830508175889e-16
165,2025,4.03489730565170071535e-15,6.85932541960789137386e-16
165,2030,4.0414333773403973296e-15,6.87043674147867565753e-16
165,2034.99999999999977263,4.04818073074871114696e-15,6.88190724227280977814e-16
165,2040,4.04967917172780586889e-15,6.88445459193727064765e-16
165,2045.00000000000022737,4.04397186104030694458e-15,6.87475216376852239744e-16
165,2050,4.03173037577392665561e-15,6.85394163881567622173e-16
165,2055,4.01409279254421131849e-15,6.82395774732515979363e-16
165,2060,3.99093349166238759938e-15,6.78458693582605907672e-16
165,2065,3.96082757953382950483e-15,6.73340688520751090762e-16
165,2070,3.92267733356084847031e-15,6.66855146705344259674e-16
165,2075,3.87772547299424781255e-15,6.59213330409022218853e-16
165,2080,3.83032819608723688394e-15,6.51155793334830278159e-16
165,2085,3.78663644351028448282e-15,6.43728195396748362079e-16
165,2090,3.75172824250249974925e-15,6.3779380122542497315e-16
165,2095,3.72683368369383801727e-15,6.33561726227952490546e-16
165,2100,3.70837083380642642702e-15,6.30423041747092555703e-16
165,2105,3.68949435945797202361e-15,6.27214041107855303179e-16
165,2110,3.66337546483401736267e-15,6.22773829021782955599e-16
165,2115,3.62640402771853851461e-15,6.16488684712151582982e-16
165,2120,3.57956473603859618942e-15,6.08526005126561371923e-16
165,2125,3.52734031651259876396e-15,5.99647853807141813538e-16
165,2130,3.47494819242826466048e-15,5.90741192712805083e-16
165,2135,3.4256322921765469067e-15,5.82357489670012993861e-16
165,2140,3.37957215106814509507e-15,5.74527265681584685883e-16
165,2145,3.33487540124464097844e-15,5.66928818211588962391e-16
165,2150,3.28979715686640195953e-15,5.59265516667288419895e-16
165,2155,3.24460686981743771983e-15,5.5158316786896444787e-16
165,2160,3.20182852829257177908e-15,5.44310849809737210332e-16
165,2165,3.16469090242465864759e-15,5.37997453412192041088e-16
165,2170,3.13482110485389637763e-15,5.32919587825162415751e-16
165,2175,3.11073736466135051177e-15,5.2882535199242964222e-16
165,2180,3.08821941555662067379e-15,5.24997300644625522432e-16
165,2185,3.06246111930674417038e-15,5.20618390282146516854e-16
165,2190,3.03077567341922638776e-15,5.15231864481268489864e-16
165,2195,2.99423472492635439197e-15,5.09019903237480278189e-16
165,2200,2.95722111896588002556e-15,5.02727590224199620122e-16
165,2205,2.92509855814987505765e-15,4.97266754885478779522e-16
165,2210,2.90131134528502763152e-15,4.93222928698454764411e-16
165,2215,2.88555873781552081961e-15,4.90544985428638586665e-16
165,2220,2.8740496127705815601e-15,4.88588434170998896771e-16
165,2225,2.86162513814212962737e-15,4.8647627348416210765e-16
165,2230,2.84447056422507762435e-15,4.83559995918263196139e-16
165,2235,2.82184867717252779693e-15,4.79714275119329784643e-16
165,2240,2.79592728061433662408e-15,4.7530763770443730498e-16
165,2245,2.76993672490913268932e-15,4.70889243234552549295e-16
165,2250,2.74587542125001399914e-15,4.66798821612502419298e-16
165,2255,2.723201929839510393e-15,4.62944328072716758922e-16
165,2260,2.69930036658627999929e-15,4.58881062319667659045e-16
165,2265,2.67139377456014133364e-15,4.54136941675224010941e-16
165,2270,2.63868518881480074921e-15,4.48576482098516170753e-16
165,2275,2.60336169908145495102e-15,4.42571488843847369284e-16
165,2280,2.56977970982203985455e-15,4.36862550669746800912e-16
165,2285,2.54224488857622042748e-15,4.32181631057957488448e-16
165,2290,2.52265448320511430919e-15,4.28851262144869440451e-16
165,2295,2.50937777928522907756e-15,4.26594222478488970795e-16
165,2300,2.49805041888202865047e-15,4.24668571209944913968e-16
165,2305,2.4838626666255263952e-15,4.22256653326339532544e-16
165,2310,2.46407021310329615276e-15,4.188919362275603933e-16
165,2315,2.43933848192436207439e-15,4.14687541927141574341e-16
165,2320,2.41320516274510786333e-15,4.1024487766666835846e-16
165,2325,2.39001200346422388857e-15,4.06302040588918086695e-16
165,2330,2.37250052981689009892e-15,4.0332509006887133851e-16
165,2335,2.36041334336772275843e-15,4.01270268372512910348e-16
165,2340,2.35082753371388893671e-15,3.9964068073136112713e-16
165,2345,2.33993995165422901649e-15,3.97789791781218972247e-16
165,2350,2.325209763298087239e-15,3.95285659760674838518e-16
165,2355,2.30660132882533425159e-15,3.92122225900306828687e-16
165,2360,2.28623613896864971651e-15,3.88660143624670475472e-16
165,2365,2.26671469280311590773e-15,3.8534149777652971023e-16
165,2370,2.2491520297503486989e-15,3.82355845057559308396e-16
165,2375,2.23213512110523920176e-15,3.79462970587890715575e-16
165,2380,2.21226903068888632497e-15,3.76085735217110685105e-16
165,2385,2.18605020273547700809e-15,3.71628534465031120957e-16
165,2390,2.15202532857367325606e-15,3.65844305857524500863e-16
165,2395,2.11200676184750313753e-15,3.59041149514075539296e-16
165,2400,2.07062210266847399179e-15,3.52005757453640616076e-16
165,2405,2.03338615515727637789e-15,3.45675646376736986213e-16
165,2410,2.0042872199667536365e-15,3.40728827394348135954e-16
165,2415,1.98413418974439071885e-15,3.3730281225654644587e-16
165,2420,1.97048542162017537921e-15,3.34982521675429838132e-16
165,2425,1.95912116700323886455e-15,3.33050598390550646417e-16
165,2430,1.94620783765848542968e-15,3.3085533240194253685e-16
165,2435,1.92997743364010193772e-15,3.28096163718817360968e-16
165,2440,1.91107202551275617698e-15,3.24882244337168554031e-16
165,2445,1.89148147936751247861e-15,3.21551851492477137142e-16
165,2450,1.87278961772354215461e-15,3.18374235013002213615e-16
165,2455,1.85480415817933913105e-15,3.15316706890487672001e-16
165,2460,1.83539113241166121038e-15,3.12016492509982423514e-16
165,2465,1.81162234063884600178e-15,3.07975797908603861717e-16
165,2470,1.78158177690679289493e-15,3.02868902074154817777e-16
165,2475,1.74578985627805144096e-15,2.96784275567268774545e-16
165,2480,1.70740259425111345966e-15,2.90258441022689327584e-16
165,2485,1.67101054218887800318e-15,2.8407179217210929604e-16
165,2490,1.64062817146554276419e-15,2.78906789149142285689e-16
165,2495,1.61790982415066672091e-15,2.75044670105613364248e-16
165,2500,1.60151470345269331923e-15,2.72257499586957870186e-16
165,2505,1.58793760025141545461e-15,2.6994939204274066081e-16
165,2510,1.57335493716892603873e-15,2.6747033931871746011e-16
165,2515,1.55551899360422744333e-15,2.64438228912718671282e-16
165,2520,1.53473658999517038576e-15,2.60905220299179005022e-16
165,2525,1.51347795269833626291e-15,2.57291251958717180472e-16
165,2530,1.49489324325527725052e-15,2.54131851353397144422e-16
165,2535,1.481073808778864942e-15,2.51782547492407071695e-16
165,2540,1.47199128078651606442e-15,2.50238517733707754618e-16
165,2545,1.46564459655996953018e-15,2.49159581415194835909e-16
165,2550,1.45927408014694269862e-15,2.48076593624980290319e-16
165,2555,1.45092961234515268084e-15,2.46658034098675985325e-16
165,2560,1.4405096910402238088e-15,2.4488664747683804158e-16
165,2565,1.42970011653415629518e-15,2.4304901981080660568e-16
165,2570,1.42085623266757206789e-15,2.41545559553487285068e-16
165,2575,1.415454638944659029e-15,2.40627288620592074373e-16
165,2580,1.41297735747070389378e-15,2.4020615077001966786e-16
165,2585,1.41086153568071806704e-15,2.39846461065722081258e-16
165,2590,1.40557919152478885141e-15,2.38948462559214116572e-16
165,2595,1.39430985815660738501e-15,2.37032675886623292923e-16
165,2600,1.37635226773057413903e-15,2.33979885514197611524e-16
165,2605,1.35355234895866617939e-15,2.30103899322973262329e-16
165,2610,1.32952937478052000805e-15,2.26019993712688430951e-16
165,2615,1.30809211859449434937e-15,2.22375660161064067002e-16
165,2620,1.29163496947707745649e-15,2.19577944811103174506e-16
165,2625,1.28028993398580113055e-15,2.17649288777586196138e-16
165,2630,1.27220261044580814274e-15,2.16274443775787395113e-16
165,2635,1.26471968727735507932e-15,2.15002346837150369401e-16
165,2640,1.25582569860061195287e-15,2.13490368762104036918e-16
165,2645,1.24507432294857505093e-15,2.11662634901257778379e-16
165,2650,1.23356014167086009911e-15,2.09705224084046238543e-16
165,2655,1.22300246337517481533e-15,2.0791041877377972748e-16
165,2660,1.21448379093974166956e-15,2.06462244459756099603e-16
165,2665,1.20755750226800182478e-15,2.05284775385560335851e-16
165,2670,1.20022942941119844511e-15,2.04039002999903759335e-16
165,2675,1.18984410117405110913e-15,2.02273497199588694468e-16
165,2680,1.17442105711339984774e-15,1.9965157970927799581e-16
165,2685,1.15374304815959434298e-15,1.96136318187131045209e-16
165,2690,1.1296193152553169302e-15,1.92035283593403884051e-16
165,2695,1.10516661701662152366e-15,1.87878324892825666911e-16
165,2700,1.08344963050401521466e-15,1.84186437185682604242e-16
165,2705,1.06614499035855315096e-15,1.81244648360954054398e-16
165,2710,1.05287777573413236691e-15,1.78989221874802506319e-16
165,2715,1.04153865217770851588e-15,1.77061570870210460518e-16
165,2720,1.02940156497019075834e-15,1.74998266044932452584e-16
165,2725,1.01447386752161280591e-15,1.72460557478674199685e-16
165,2730,9.96414648009649410683e-16,1.69390490161640422496e-16
165,2735,9.7659336008745365791e-16,1.66020871214867142552e-16
165,2740,9.57302940250999820373e-16,1.62741499842669984255e-16
165,2745,9.40562695929223666867e-16,1.59895658307968041117e-16
165,2750,9.27135398813352388128e-16,1.57613017798269920773e-16
165,2755,9.16250904615196690964e-16,1.55762653784583446339e-16
165,2760,9.06150457915236716903e-16,1.54045577845590240887e-16
165,2765,8.95139650807756540517e-16,1.52173740637318612874e-16
165,2770,8.82581310257838394734e-16,1.50038822743832526119e-16
165,2775,8.69299053561252128374e-16,1.47780839105412878587e-16
165,2780,8.5717253353537197134e-16,1.45719330701013257807e-16
165,2785,8.48125459240610708537e-16,1.44181328070903829326e-16
165,2790,8.43023573037901953802e-16,1.43314007416443334118e-16
165,2795,8.41052845101758234907e-16,1.42978983667298897962e-16
165,2800,8.39912834738866389065e-16,1.42785181905607289099e-16
165,2805,8.36756054647398732308e-16,1.42248529290057787451e-16
165,2810,8.29433977696237062239e-16,1.41003776208360306497e-16
165,2815,8.17457244307831627566e-16,1.38967731532331377672e-16
165,2820,8.02214819693680570837e-16,1.36376519347925697042e-16
165,2825,7.86353817794725485714e-16,1.33680149025103341446e-16
165,2830,7.72621748469510546332e-16,1.31345697239816801751e-16
165,2835,7.62721110688997025204e-16,1.29662588817129497243e-16
165,2840,7.56704625250158349051e-16,1.28639786292526919339e-16
165,2845,7.53163771291603840403e-16,1.28037841119572671604e-16
165,2850,7.50073534522618784811e-16,1.27512500868845207223e-16
165,2855,7.45845252557783319315e-16,1.26793692934823174144e-16
165,2860,7.40056886153218804771e-16,1.25809670646047205686e-16
165,2865,7.33510328830763284977e-16,1.24696755901229755488e-16
165,2870,7.27613919754171406201e-16,1.23694366358209156804e-16
165,2875,7.23430651017008732922e-16,1.22983210672891491499e-16
165,2880,7.2090012105019624243e-16,1.22553020578533369102e-16
165,2885,7.18654021671025634154e-16,1.2217118368407435682e-16
165,2890,7.14546076740064022029e-16,1.21472833045810900508e-16
165,2895,7.06656484816252079561e-16,1.20131602418762856484e-16
165,2900,6.94286251115156328913e-16,1.18028662689576573943e-16
165,2905,6.7844825664120137713e-16,1.15336203629004252848e-16
165,2910,6.61593520539958650099e-16,1.12470898491792974461e-16
165,2915,6.46671029497114609477e-16,1.09934075014509493472e-16
165,2920,6.35935457249974840229e-16,1.08109027732495734179e-16
165,2925,6.30038846869371663658e-16,1.0710660396779319219e-16
165,2930,6.2781252151164571607e-16,1.06728128656979780114e-16
165,2935,6.26826406259968763835e-16,1.06560489064194693303e-16
165,2940,6.24456468595719355879e-16,1.06157599661272294444e-16
165,2945,6.18965435337060258675e-16,1.05224124007300255808e-16
165,2950,6.10111262128014846361e-16,1.03718914561762533742e-16
165,2955,5.99033009099865278221e-16,1.01835611546977098777e-16
165,2960,5.87509588603318543153e-16,9.98766300625641621968e-17
165,2965,5.7697855163627769788e-16,9.80863537781672135699e-17
165,2970,5.67803519323022678818e-16,9.65265982849138608225e-17
165,2975,5.5914545358528500896e-16,9.50547271094984549744e-17
165,2980,5.49491397026138675223e-16,9.34135374944435866208e-17
165,2985,5.37570235717727871418e-16,9.13869400720137445505e-17
165,2990,5.23193492737858513446e-16,8.89428937654359551745e-17
165,2995,5.07590817693125950063e-16,8.62904390078314218645e-17
165,3000,4.93048682781892182451e-16,8.38182760729216823566e-17
295,5,5.41956712084089249917e-09,6.50348054500907087493e-10
295,10,2.15555698875421022584e-08,2.58666838650505208903e-09
295,15,4.77754126116616238595e-08,5.73304951339939453227e-09
295,20,8.2725881958476583289e-08,9.92710583501718986234e-09
295,25,1.24632513080151639432e-07,1.49559015696181955406e-08
295,30,1.71463948225243586274e-07,2.05756737870292292941e-08
295,35,2.21154831773224527571e-07,2.65385798127869437056e-08
295,40,2.71765548038779498923e-07,3.26118657646535414589e-08
295,45,3.21577523536034172586e-07,3.85893028243240991221e-08
295,50,3.69157505782166800496e-07,4.42989006938600152655e-08
295,55,4.1337029941727180369e-07,4.96044359300726114135e-08
295,60,4.53370967907528890455e-07,5.44045161489034631488e-08
295,65,4.88587086604148817661e-07,5.86304503924978565311e-08
295,70,5.1868316084176388404e-07,6.22419793010116592027e-08
295,75,5.43525914731744085281e-07,6.52231097678092934101e-08
295,80,5.63149898749256874376e-07,6.75779878499108249251e-08
295,85,5.77713572279034771656e-07,6.9325628673484163599e-08
295,90,5.87479213719632065956e-07,7.04975056463558516205e-08
295,95,5.9277858241745445351e-07,7.11334298900945275391e-08
295,100,5.93986888335247091812e-07,7.12784266002296436059e-08
295,105,5.91508480862969368491e-07,7.0981017703556326866e-08
295,110,5.85755728618016189412e-07,7.02906874341619374355e-08
295,115.000000000000014211,5.77139141896489029759e-07,6.92566970275786867474e-08
295,120,5.66060912377517979531e-07,6.79273094853021596613e-08
295,124.999999999999985789,5.52898892741321156165e-07,6.634786712895852974e-08
295,130,5.38010617626158570864e-07,6.45612741151390210921e-08
295,135,5.21726226414541493084e-07,6.26071471697449823465e-08
295,140,5.04346338773174576424e-07,6.05215606527809454652e-08
295,145,4.8614424259883733146e-07,5.83373091118604787164e-08
295,150,4.67362214206764244807e-07,5.6083465704811707524e-08
295,155,4.4821577154289685846e-07,5.37858925851476195741e-08
295,160,4.28894059914066901005e-07,5.14672871896880281206e-08
295,165,4.09559538429441298004e-07,4.91471446115329554958e-08
295,170,3.90352909160461460538e-07,4.68423490992553726176e-08
295,175,3.71393759632681329991e-07,4.45672511559217606578e-08
295,180,3.52780497038568602407e-07,4.23336596446282314948e-08
295,185,3.34594296997236452748e-07,4.01513156396683740651e-08
295,190,3.16902552883502246931e-07,3.80283063460202709552e-08
295,195,2.99758161121469320541e-07,3.59709793345763150239e-08
295,200,2.83199753983299106736e-07,3.39839704779958912201e-08
295,205,2.67255980402880052419e-07,3.20707176483456023198e-08
295,210,2.51947815914663066548e-07,3.02337379097595653388e-08
295,214.999999999999971578,2.37287475067912218219e-07,2.8474497008149466451e-08
295,220,2.23279048092352358753e-07,2.67934857710822817268e-08
295,225,2.09921335825512952014e-07,2.51905602990615545063e-08
295,230.000000000000028422,1.97209155737221434399e-07,2.36650986884665715984e-08
295,235,1.85132769818624206648e-07,2.22159323782349029449e-08
295,240,1.73678384676415436671e-07,2.084140616116985068e-08
295,245.000000000000028422,1.62830000579511602876e-07,1.9539600069541391551e-08
295,249.999999999999971578,1.52570092710523091105e-07,1.8308411125262768815e-08
295,255,1.42879132134726990171e-07,1.71454958561672393499e-08
295,260,1.33735954121139997664e-07,1.60483144945367981315e-08
295,265,1.25118754922053389383e-07,1.50142505906464055349e-08
295,270,1.17005472578295240258e-07,1.40406567093954279707e-08
295,275,1.09373832478790703707e-07,1.31248598974548844449e-08
295,280,1.02201516429428004716e-07,1.22641819715313599042e-08
295,285,9.54662261917247051396e-08,1.14559471430069644844e-08
295,290,8.91458117198717412074e-08,1.06974974063846079523e-08
295,295,8.32186764846319404748e-08,9.98624117815583259228e-09
295,300,7.76639890689918125523e-08,9.31967868827901638132e-09
295,305,7.24614942005856288371e-08,8.69537930407027579132e-09
295,310,6.7591434394801301254e-08,8.11097212737615615048e-09
295,315,6.30347906148221478812e-08,7.56417487377865774575e-09
295,320,5.87734542084310239595e-08,7.05281450501172267662e-09
295,325,5.47901404461422601113e-08,6.57481685353707111409e-09
295,330,5.10682568313737498645e-08,6.12819081976484955361e-09
295,335,4.75918795548293160794e-08,5.71102554657951769792e-09
295,340,4.43458033857884405588e-08,5.32149640629461240384e-09
295,345,4.1315615314180869072e-08,4.95787383770170442099e-09
295,350,3.84877482273831750058e-08,4.61852978728598057056e-09
295,355,3.58494615726821291588e-08,4.30193538872185506892e-09
295,360,3.33887615648484888839e-08,4.00665138778181820285e-09
295,365,3.10943280232537004233e-08,3.73131936279044368684e-09
295,370,2.89554676367523132726e-08,3.47465611641027742727e-09
295,375,2.69620613531117863255e-08,3.23544736237341429289e-09
295,380,2.51045057990553002817e-08,3.01254069588663578565e-09
295,385,2.3373693837078532812e-08,2.80484326044942382164e-09
295,390,2.17610537126698999849e-08,2.6113264455203877004e-09
295,395,2.02586062219292427711e-08,2.43103274663150886784e-09
295,400,1.88589838365294887699e-08,2.2630780603835384704e-09
295,405,1.75553906839260587521e-08,2.10664688207112678555e-09
295,410,1.6341519665361334511e-08,1.96098235984336027367e-09
295,415,1.52114563843663952026e-08,1.82537476612396733332e-09
295,420,1.41595980505142805094e-08,1.69915176606171358668e-09
295,425,1.31806090742520051369e-08,1.5816730889102405089e-09
295,429.999999999999943157,1.22694194165912249988e-08,1.47233032999094696677e-09
295,435,1.14212514535757430498e-08,1.37055017442908908325e-09
295,440,1.06316528742461326886e-08,1.27579834490953585646e-09
295,444.999999999999943157,9.89651996045317988551e-09,1.18758239525438157799e-09
295,450,9.21210271516760691407e-09,1.10545232582011282969e-09
295,455,8.57498326042343141943e-09,1.02899799125081165453e-09
295,460.000000000000056843,7.98202341662730551291e-09,9.57842809995276570559e-10
295,465,7.43029462787619572301e-09,8.91635355345143408179e-10
295,470,6.91701862712553130589e-09,8.30042235255063715348e-10
295,475.000000000000056843,6.43954105390317765771e-09,7.72744926468381327197e-10
295,480,5.99533666921725423991e-09,7.19440400306070446751e-10
295,485,5.582027360303290975e-09,6.69843283236394879777e-10
295,490.000000000000056843,5.19739648506468740392e-09,6.23687578207762467791e-10
295,495,4.83939546948496544312e-09,5.80727456338195791136e-10
295,499.999999999999943157,4.50614468659128290995e-09,5.40737362390953940922e-10
295,505,4.19592773886151520496e-09,5.03511328663381783236e-10
295,510,3.90717569969959490481e-09,4.68861083963951367897e-10
295,515,3.63844219638393526247e-09,4.36613063566072233564e-10
295,520,3.38837711020349137995e-09,4.06605253224418932506e-10
295,525,3.15570785304729056057e-09,3.78684942365674836249e-10
295,530,2.93923128973517538723e-09,3.52707754768221038196e-10
295,535,2.73781280719353457188e-09,3.28537536863224138286e-10
295,540,2.55038754886605900644e-09,3.06046505863927062161e-10
295,545,2.3759614272410686175e-09,2.85115371268928246507e-10
295,550,2.21361147185567165716e-09,2.65633376622680602996e-10
295,555,2.06248463214059023476e-09,2.47498155856870838511e-10
295,560,1.92179376758350131876e-09,2.3061525211002013964e-10
295,565,1.79081123371905412119e-09,2.14897348046286490407e-10
295,570,1.66886254213607099993e-09,2.00263505056328507584e-10
295,575,1.55532213956072964553e-09,1.86638656747287541954e-10
295,580,1.44961069765818834187e-09,1.73953283718982589651e-10
295,585,1.35119166853799048517e-09,1.62143000224558852016e-10
295,590,1.25956609051436735284e-09,1.51147930861724085443e-10
295,595,1.17426704061038667249e-09,1.40912044873246402767e-10
295,600,1.09485590370420351613e-09,1.31382708444504426072e-10
295,605,1.0209211041298908716e-09,1.2251053249558690666e-10
295,610,9.52078025177831708737e-10,1.14249363021339806082e-10
295,615,8.8796850192522795106e-10,1.06556220231027351542e-10
295,620,8.28259440754208475125e-10,9.93911328905050102941e-11
295,625,7.72641250167431713249e-10,9.27169500200918045559e-11
295,630,7.20826779864814708855e-10,8.64992135837777573078e-11
295,635,6.72550646742035853603e-10,8.07060776090442982965e-11
295,640,6.27568221449870045317e-10,7.53081865739843971662e-11
295,645,5.85653779207119283985e-10,7.02784535048543135612e-11
295,650,5.46598048856674527964e-10,6.55917658628009428387e-11
295,655,5.1020587208727151927e-10,6.12247046504725750746e-11
295,660,4.76294553046028622327e-10,5.71553463655234302849e-11
295,665,4.44692977856439694438e-10,5.33631573427727604891e-11
295,670,4.15241181284128509827e-10,4.98289417540954185942e-11
295,675,3.87789983819225367033e-10,4.6534798058307040942e-11
295,680,3.62200512934747578715e-10,4.34640615521697058269e-11
295,685,3.38343617549561795386e-10,4.06012341059474146709e-11
295,690,3.16099258437590587319e-10,3.79319110125108707368e-11
295,695,2.95355924587472874402e-10,3.54427109504967464792e-11
295,700,2.76010058749468111807e-10,3.31212070499361728998e-11
295,705,2.57965450948320424018e-10,3.09558541137984485558e-11
295,710,2.4113260781575464827e-10,2.89359129378905574047e-11
295,715,2.25428178666220608769e-10,2.70513814399464733108e-11
295,720,2.10774528387127754212e-10,2.52929434064553306347e-11
295,725,1.97099461694084578711e-10,2.36519354032901493161e-11
295,730,1.8433599604975511643e-10,2.21203195259706121621e-11
295,735,1.72422058425044893122e-10,2.06906470110053863991e-11
295,740,1.61300067046948310656e-10,1.93560080456337975373e-11
295,745,1.50916467551740858592e-10,1.81099761062089034188e-11
295,750,1.41221325716828347326e-10,1.69465590860194015499e-11
295,755,1.32168025032230560792e-10,1.58601630038676681997e-11
295,760,1.23713046233664557042e-10,1.48455655480397467158e-11
295,765,1.15815781934914678298e-10,1.38978938321897602325e-11
295,770,1.08438361499849766622e-10,1.30126033799819715422e-11
295,775,1.01545485124888218871e-10,1.21854582149865859414e-11
295,780,9.51042678934663958183e-11,1.14125121472159671751e-11
295,785,8.90840902790449334736e-11,1.06900908334853922107e-11
295,790,8.34564568353490062746e-11,1.00147748202418799128e-11
295,795,7.8194868543775114878e-11,9.38338422525301423772e-12
295,800,7.32747052032683955268e-11,8.79296462439220720472e-12
295,805,6.86731044466408785206e-11,8.24077253359690555172e-12
295,810,6.4368828862570399441e-11,7.72425946350844760981e-12
295,815,6.03421266783183279045e-11,7.24105520139819928392e-12
295,820,5.657459797665680452e-11,6.78895175719881621928e-12
295,825,5.30490735170740340006e-11,6.36588882204888349846e-12
295,830,4.97495088403648211681e-11,5.96994106084377854017e-12
295,835,4.66609007480381295895e-11,5.59930808976457535687e-12
295,840,4.37692355439651754638e-11,5.25230826527582070023e-12
295,845,4.10614646880369655122e-11,4.92737576256443560297e-12
295,850,3.85254825847268125959e-11,4.62305791016721728533e-12
295,855,3.61500765255535944609e-11,4.33800918306643101219e-12
295,859.999999999999886313,3.39248389260665056665e-11,4.07098067112798055073e-12
295,865.000000000000113687,3.18400611040230023688e-11,3.82080733248276005807e-12
295,870,2.98866420602459743796e-11,3.58639704722951692555e-12
295,875,2.80560349794225219538e-11,3.36672419753070231134e-12
295,880,2.63402298725489320392e-11,3.16082758470587173162e-12
295,885,2.47317530628856067819e-11,2.96781036754627253918e-12
295,889.999999999999886313,2.32236617073169414127e-11,2.78683940487803303415e-12
295,895.000000000000113687,2.1809518135394832091e-11,2.61714217624737981861e-12
295,900,2.04833386530968800698e-11,2.45800063837162560837e-12
295,905,1.92395249971455774744e-11,2.30874299965746910306e-12
295,910,1.80728004351147408389e-11,2.16873605221376881989e-12
295,914.999999999999886313,1.69781753854285277231e-11,2.03738104625142319752e-12
295,920.000000000000113687,1.59509518478396747104e-11,1.91411422174076078754e-12
295,925.000000000000113687,1.49867508174617857496e-11,1.79841009809541428187e-12
295,930,1.40815326555100867367e-11,1.68978391866121029532e-12
295,935,1.32315884669326747949e-11,1.58779061603192085422e-12
295,940,1.24335019531835514003e-11,1.49202023438202615996e-12
295,944.999999999999886313,1.1684097593447221087e-11,1.40209171121366640927e-12
295,950.000000000000113687,1.0980392770494854713e-11,1.31764713245938258979e-12
295,955,1.03195638492948300478e-11,1.23834766191537953303e-12
295,960,9.69892948037463940421e-12,1.16387153764495678505e-12
295,965,9.11595148197380928246e-12,1.09391417783685702504e-12
295,970,8.56824980239070247569e-12,1.028189976286884289e-12
295,974.999999999999886313,8.05362077482654512425e-12,9.66434492979185326052e-13
295,980.000000000000113687,7.5700430579674505795e-12,9.08405166956094053384e-13
295,985,7.11566096069731994422e-12,8.538793152836783408e-13
295,990,6.68874883392012415477e-12,8.02649860070414878378e-13
295,995,6.28767222852519868367e-12,7.54520667423023858197e-13
295,999.999999999999886313,5.91086235140566244927e-12,7.09303482168679497951e-13
295,1005.00000000000011369,5.55681071453911010525e-12,6.66817285744693184358e-13
295,1010,5.22407955334800891836e-12,6.26889546401761013658e-13
295,1015,4.9113183922725384982e-12,5.89358207072704627862e-13
295,1020,4.61727818916248243352e-12,5.5407338269949782336e-13
295,1025,4.34081688480222302926e-12,5.20898026176266787745e-13
295,1030,4.08089182939028516865e-12,4.89707019526834208121e-13
295,1035,3.83653830317393639481e-12,4.60384596380872302754e-13
295,1040,3.60684085671217615799e-12,4.328209028054611329e-13
295,1045,3.39091092895490627793e-12,4.06909311474588751332e-13
295,1050,3.18788293260111008684e-12,3.82545951912133206382e-13
295,1055,2.9969301759502083142e-12,3.59631621114024967411e-13
295,1060,2.81728914436956041415e-12,3.38074697324347215367e-13
295,1065,2.6482760359263561689e-12,3.17793124311162707957e-13
295,1070,2.48928620430239821875e-12,2.98714344516287800386e-13
295,1075,2.33977861814434158935e-12,2.80773434177320986683e-13
295,1080,2.19925411781649487087e-12,2.63910494137979378446e-13
295,1085,2.06723516008758673144e-12,2.48068219210510393636e-13
295,1090,1.94325073382360732528e-12,2.33190088058832891151e-13
295,1095,1.82682852960863411578e-12,2.19219423553036082787e-13
295,1100,1.71749690090405482255e-12,2.06099628108486566589e-13
295,1105,1.61479746070115529784e-12,1.93775695284138617566e-13
295,1110,1.51830351862648221888e-12,1.82196422235177860207e-13
295,1115,1.42763397139033760971e-12,1.71316076566840505087e-13
295,1120,1.34245305976284536893e-12,1.61094367171541427106e-13
295,1125,1.26245512844825371093e-12,1.51494615413790439254e-13
295,1130,1.18734398394506989321e-12,1.42481278073408391225e-13
295,1135,1.11681994998524651133e-12,1.34018393998229586408e-13
295,1140,1.05058137570266644247e-12,1.26069765084319964009e-13
295,1145,9.88336906508186009103e-13,1.18600428780982310995e-13
295,1150,9.29818965161662614352e-13,1.11578275819399507159e-13
295,1155,8.74791090208143153206e-13,1.04974930824977168287e-13
295,1160,8.2304812249587077985e-13,9.87657746995044930772e-14
295,1165,7.74412248608311447956e-13,9.29294698329973722401e-14
295,1170,7.28726963522283892155e-13,8.74472356226740599904e-14
295,1175,6.85848314221466440143e-13,8.23017977065759713026e-14
295,1180,6.45633150702141587302e-13,7.74759780842569899714e-14
295,1185,6.07928014021394546105e-13,7.29513616825673465424e-14
295,1190,5.72565150721906612384e-13,6.87078180866287854082e-14
295,1195,5.39369604688105922828e-13,6.47243525625727087199e-14
295,1200,5.08174351153141201511e-13,6.09809221383769381229e-14
295,1205,4.78834686483327950216e-13,5.74601623779993489772e-14
295,1210,4.51233604542365847892e-13,5.41480325450838984654e-14
295,1215,4.25276367860813512093e-13,5.10331641432976211987e-14
295,1220,4.00879614650531947428e-13,4.81055537580638341962e-14
295,1225,3.77962567492517049598e-13,4.53555080991020424177e-14
295,1230,3.56444229103946607152e-13,4.27733074924735898291e-14
295,1235,3.36244995114372365705e-13,4.03493994137246846419e-14
295,1240,3.17288808814820579947e-13,3.80746570577784665645e-14
295,1245,2.99503818838911131096e-13,3.59404582606693316925e-14
295,1250,2.82822366887384195989e-13,3.39386840264861014991e-14
295,1255,2.67181724436132892566e-13,3.2061806932335948875e-14
295,1260,2.52525125654978459923e-13,3.0303015078597412414e-14
295,1265,2.38800896645445025847e-13,2.86561075974534005773e-14
295,1270,2.25958268415642316295e-13,2.71149922098770761883e-14
295,1275,2.13941515448126617835e-13,2.56729818537751922469e-14
295,1280,2.02686579474420326291e-13,2.43223895369304377665e-14
295,1285,1.92123588418858436545e-13,2.30548306102630123854e-14
295,1290,1.82184790657964415641e-13,2.1862174878955728741e-14
295,1295,1.72813541052665752657e-13,2.07376249263198899402e-14
295,1300,1.63969325010180643696e-13,1.96763190012216753502e-14
295,1305,1.5562667123047492895e-13,1.86752005476569917264e-14
295,1310,1.47769570587981905539e-13,1.77323484705578277811e-14
295,1315,1.40384856000297508111e-13,1.68461827200356989539e-14
295,1320,1.33457177982841439229e-13,1.60148613579409734648e-14
295,1325,1.26966203615299638038e-13,1.5235944433835955681e-14
295,1330,1.20885453830382536972e-13,1.45062544596459041843e-14
295,1335,1.15182470624963242763e-13,1.38218964749955885636e-14
295,1340,1.0982076459102973061e-13,1.31784917509235673576e-14
295,1345,1.04763767160797049378e-13,1.25716520592956461147e-14
295,1350,9.99795810037996337994e-14,1.19975497204559556142e-14
295,1355,9.54441027644109516847e-14,1.14532923317293140128e-14
295,1360,9.11406474931632427505e-14,1.09368776991795885621e-14
295,1365,8.70564568294884702152e-14,1.04467748195386164258e-14
295,1370,8.31786510770397791374e-14,9.98143812924477324405e-15
295,1375,7.94924962278932090297e-14,9.5390995473471846418e-15
295,1380,7.5983070945491785508e-14,9.11796851345901426095e-15
295,1385,7.26389708825800067859e-14,8.71667650590960012011e-15
295,1390,6.94554372983208110458e-14,8.33465247579849625265e-15
295,1395,6.64350300711645344927e-14,7.97220360853974331871e-15
295,1400,6.35858161891657710945e-14,7.63029794269989196337e-15
295,1405,6.09183402078542744146e-14,7.31020082494251274042e-15
295,1410,5.84424767777837303931e-14,7.01309721333404726852e-15
295,1415,5.61643005754707987313e-14,6.73971606905649524822e-15
295,1420,5.40827506699598376582e-14,6.48993008039517998256e-15
295,1425,5.21866694821076372764e-14,6.26240033785291634695e-15
295,1430,5.04538535347435793464e-14,6.05446242416922901669e-15
295,1435,4.88536714754738094221e-14,5.862440577056856752e-15
295,1440,4.73531569194849001273e-14,5.68237883033818788906e-15
295,1445,4.59243023378252619162e-14,5.51091628053903092508e-15
295,1450,4.45492422010174989191e-14,5.3459090641220998703e-15
295,1455,4.32210608774325252904e-14,5.18652730529190297174e-15
295,1460,4.19404754199120470549e-14,5.03285705038944567815e-15
295,1465,4.071085930867206543e-14,4.88530311704064763072e-15
295,1470,3.95344563401019576617e-14,4.74413476081223482474e-15
295,1475,3.841112057958616431e-14,4.609334469550339307e-15
295,1480,3.73389214861691828148e-14,4.48067057834030152757e-15
295,1485,3.63150831071057326973e-14,4.35780997285268798678e-15
295,1490,3.53364030950221787223e-14,4.24036837140266116268e-15
295,1495,3.4399540572577779274e-14,4.12794486870933332355e-15
295,1500,3.35020329682489189582e-14,4.02024395618986977011e-15
295,1505,3.26441294709723971798e-14,3.91729553651668763003e-15
295,1510,3.18302683237846745081e-14,3.81963219885416109874e-15
295,1515,3.10685631909866460187e-14,3.72822758291839711203e-15
295,1520,3.03676793038685160782e-14,3.64412151646422155073e-15
295,1525,2.97323816609082568402e-14,3.5678857993089906315e-15
295,1530,2.91603499127313967997e-14,3.49924198952776742664e-15
295,1535,2.86424033927962937234e-14,3.43708840713555523103e-15
295,1540,2.81662223141324525376e-14,3.37994667769589411519e-15
295,1545,2.7721440718008019068e-14,3.32657288616096206727e-15
295,1550,2.7303226177120099995e-14,3.27638714125441199939e-15
295,1555,2.69126214004465935054e-14,3.22951456805359128376e-15
295,1560,2.65540375932726256689e-14,3.1864845111927151276e-15
295,1565,2.62318081650919631342e-14,3.14781697981103556033e-15
295,1570,2.59477006820614448517e-14,3.11372408184737309821e-15
295,1575,2.57000402652419516796e-14,3.08400483182903390179e-15
295,1580,2.54837940392688497434e-14,3.058055284712261701e-15
295,1585,2.52906668194848377371e-14,3.03488001833818060734e-15
295,1590,2.51090561638546955601e-14,3.01308673966256318322e-15
295,1595,2.49247041438952387123e-14,2.99096449726742839304e-15
295,1600,2.47229820271066432728e-14,2.96675784325279705074e-15
295,1605,2.44926725333057105851e-14,2.93912070399668508089e-15
295,1610,2.42296850016706381819e-14,2.90756220020047662915e-15
295,1615,2.39385890860561783667e-14,2.87263069032674123045e-15
295,1620,2.36307820822587176218e-14,2.83569384987104592529e-15
295,1625,2.33199566293605511294e-14,2.79839479552326605665e-15
295,1630,2.30170473848782093829e-14,2.76204568618538496817e-15
295,1635,2.27270071503370887532e-14,2.72724085804045053995e-15
295,1640,2.24485474532940176499e-14,2.69382569439528192866e-15
295,1645,2.21762603578267902615e-14,2.66115124293921491027e-15
295,1650,2.19034780596412310393e-14,2.62841736715694756695e-15
295,1655,2.16244218248087313249e-14,2.59493061897704780632e-15
295,1660,2.13352637365166691253e-14,2.56023164838200002682e-15
295,1665,2.10346798048553218193e-14,2.52416157658263847632e-15
295,1670,2.07245415488345087251e-14,2.48694498586014082613e-15
295,1675,2.04106400316859265806e-14,2.44927680380231115811e-15
295,1680,2.01025549559451239276e-14,2.41230659471341488708e-15
295,1685,1.98117938953783527864e-14,2.37741526744540209771e-15
295,1690,1.95482810578691380053e-14,2.34579372694429632398e-15
295,1695,1.93165104804254172041e-14,2.3179812576510499225e-15
295,1700,1.91132460494386696882e-14,2.29358952593264022059e-15
295,1705,1.89280450778277386532e-14,2.27136540933932870149e-15
295,1710,1.87464259597661172747e-14,2.24957111517193399408e-15
295,1715,1.85541271777728237252e-14,2.22649526133273894169e-15
295,1719.99999999999977263,1.83405058941200117104e-14,2.20086070729440145257e-15
295,1725,1.80999086865794412698e-14,2.17198904238953284193e-15
295,1730.00000000000022737,1.78311928122264806537e-14,2.13974313746717763111e-15
295,1735,1.75365138986659667329e-14,2.10438166783991600795e-15
295,1740,1.72204467415917791122e-14,2.0664536089910133988e-15
295,1744.99999999999977263,1.68896785807876987287e-14,2.02676142969452383166e-15
295,1750,1.65526729122907884618e-14,1.98632074947489450497e-15
295,1755.00000000000022737,1.62185437988998383747e-14,1.94622525586798063652e-15
295,1760,1.58950194512029491596e-14,1.90740233414435389915e-15
295,1765.00000000000022737,1.55862862502760454794e-14,1.87035435003312556796e-15
295,1770,1.52919427712050947269e-14,1.83503313254461125679e-15
295,1775,1.50078525015484067974e-14,1.80094230018580870525e-15
295,1779.99999999999977263,1.47286119707355841626e-14,1.76743343648827009162e-15
295,1785,1.44503777168008116292e-14,1.73404532601609731662e-15
295,1790.00000000000022737,1.41726010557414335964e-14,1.70071212668897189747e-15
295,1795,1.38979363409209685278e-14,1.66775236091051617601e-15
295,1800,1.36307096344254349725e-14,1.63568515613105204682e-15
295,1804.99999999999977263,1.33750939947626627579e-14,1.60501127937151943628e-15
295,1810,1.31340643432318655911e-14,1.57608772118782391038e-15
295,1815.00000000000022737,1.29094396842554457097e-14,1.54913276211065344572e-15
295,1820,1.27024731467234616196e-14,1.52429677760681524447e-15
295,1825,1.25141342489975697011e-14,1.50169610987970821424e-15
295,1829.99999999999977263,1.23446262879414653617e-14,1.48135515455297575663e-15
295,1835,1.21924467635218814809e-14,1.46309361162262576193e-15
295,1840.00000000000022737,1.20538257065385987063e-14,1.44645908478463171065e-15
295,1845,1.19232478247486225976e-14,1.43078973896983460128e-15
295,1850.00000000000022737,1.17950520924175244506e-14,1.41540625109010296563e-15
295,1855,1.16653197053605836383e-14,1.39983836464326998137e-15
295,1860,1.15329848956834192007e-14,1.38395818748201026464e-15
295,1864.99999999999977263,1.1399545714100833861e-14,1.36794548569210011065e-15
295,1870,1.12676100976578625775e-14,1.35211321171894350141e-15
295,1875.00000000000022737,1.11391972590131347521e-14,1.33670367108157616237e-15
295,1880,1.10147750888433488485e-14,1.32177301066120174349e-15
295,1885,1.08934424360235053355e-14,1.30721309232282068759e-15
295,1889.99999999999977263,1.07738815116795996237e-14,1.29286578140155182863e-15
295,1895,1.06552554893121191414e-14,1.2786306587174542733e-15
295,1900.00000000000022737,1.05373979308758974886e-14,1.26448775170510763552e-15
295,1905,1.04202715432234336987e-14,1.2504325851868119413e-15
295,1910,1.03032803036915538894e-14,1.23639363644298643517e-15
295,1914.99999999999977263,1.01851510174002450511e-14,1.22221812208802933513e-15
295,1920,1.00646622605389451604e-14,1.20775947126467342714e-15
295,1925.00000000000022737,9.94181329007083332191e-15,1.19301759480849991974e-15
295,1930,9.81860119381470298361e-15,1.17823214325776423182e-15
295,1935,9.69873950078927623153e-15,1.163848740094713203e-15
295,1940,9.58631457933383470256e-15,1.15035774952006021164e-15
295,1945,9.48408854973419185583e-15,1.13809062596810292804e-15
295,1949.99999999999977263,9.39242956961773805868e-15,1.12709154835412855126e-15
295,1955,9.30949106154870942102e-15,1.11713892738584516208e-15
295,1960.00000000000022737,9.23250266106246582722e-15,1.10790031932749593871e-15
295,1965,9.15937099410285786946e-15,1.09912451929234283389e-15
295,1970,9.08964431728105198518e-15,1.09075731807372619878e-15
295,1974.99999999999977263,9.02435089187633863547e-15,1.08292210702516062837e-15
295,1980,8.96495998449857283095e-15,1.07579519813982863716e-15
295,1985.00000000000022737,8.9122403364258469345e-15,1.06946884037110167947e-15
295,1990,8.86576538611924742679e-15,1.06389184633430958866e-15
295,1995,8.8242821282518837377e-15,1.05891385539022600119e-15
295,1999.99999999999977263,8.7865090700084568206e-15,1.05438108840101482636e-15
295,2005,8.7516179732082811051e-15,1.05019415678499368528e-15
295,2010.00000000000022737,8.71890138804148111041e-15,1.04626816656497763859e-15
295,2015,8.68676305840380879892e-15,1.04241156700845704798e-15
295,2020,8.65174978364253551016e-15,1.03820997403710431644e-15
295,2025,8.60845745960516320994e-15,1.03301489515261964041e-15
295,2030,8.55068419631682142026e-15,1.02608210355801858621e-15
295,2034.99999999999977263,8.4734448235567456516e-15,1.01681337882680944664e-15
295,2040,8.37488367151116665116e-15,1.00498604058133991136e-15
295,2045.00000000000022737,8.25710024811648332141e-15,9.90852029773977888129e-16
295,2050,8.12546274807210480563e-15,9.75055529768652466235e-16
295,2055,7.98679061347133631176e-15,9.58414873616560270637e-16
295,2060,7.84735315648353204405e-15,9.41682378778023805843e-16
295,2065,7.71162667341918669053e-15,9.25395200810302426529e-16
295,2070,7.58220762643492086179e-15,9.09864915172190448194e-16
295,2075,7.46055712728826185386e-15,8.95266855274591461907e-16
295,2080,7.34780992052186441558e-15,8.81737190462623650983e-16
295,2085,7.24497929634807786257e-15,8.69397515561769288289e-16
295,2090,7.15243087689283701812e-15,8.58291705227140446119e-16
295,2095,7.06910276645113717178e-15,8.48292331974136444837e-16
295,2100,6.99220652512474169904e-15,8.39064783014968988107e-16
295,2105,6.91787724431630294413e-15,8.30145269317956337518e-16
295,2110,6.84262082532223133438e-15,8.21114499038667697017e-16
295,2115,6.7648345977937113338e-15,8.11780151735245324558e-16
295,2120,6.68553068645744050667e-15,8.02263682374892845023e-16
295,2125,6.60778190223996887725e-15,7.92933828268796277103e-16
295,2130,6.53511334528677854331e-15,7.84213601434413413364e-16
295,2135,6.46965934464563935826e-15,7.76359121357476695381e-16
295,2140,6.41103790729006372533e-15,7.69324548874807572097e-16
295,2145,6.35648631354719583854e-15,7.62778357625663512457e-16
295,2150,6.30209803943704356412e-15,7.56251764732445192196e-16
295,2155,6.24441958117129582575e-15,7.49330349740555506979e-16
295,2160,6.18153930609183633396e-15,7.41784716731020296966e-16
295,2165,6.1131798926882435995e-15,7.33581587122589212218e-16
295,2170,6.03993762803579365645e-15,7.2479251536429520722e-16
295,2175,5.96230287816173650892e-15,7.1547634537940838107e-16
295,2180,5.88015820495804917552e-15,7.05618984594965877396e-16
295,2185,5.79307021011540092603e-15,6.95168425213848063791e-16
295,2190,5.70112579888018076201e-15,6.84135095865621711162e-16
295,2195,5.60567548828860889454e-15,6.72681058594633079177e-16
295,2200,5.50937877746386250202e-15,6.61125453295663437133e-16
295,2205,5.41537782117737218836e-15,6.49845338541284611327e-16
295,2210,5.32598690886252741521e-15,6.39118429063503289826e-16
295,2215,5.24162764507744441544e-15,6.28995317409293341685e-16
295,2220,5.16064765109077491484e-15,6.19277718130892981892e-16
295,2225,5.0801816750874035612e-15,6.096218010104884234e-16
295,2230,4.99762919316246296917e-15,5.9971550317949552869e-16
295,2235,4.91197586394106364041e-15,5.89437103672927597406e-16
295,2240,4.82427836537649162633e-15,5.78913403845178979383e-16
295,2245,4.7371036935117386914e-15,5.68452443221408615358e-16
295,2250,4.65328602649735054374e-15,5.58394323179682061304e-16
295,2255,4.57470857961790654211e-15,5.48965029554148765332e-16
295,2260,4.50174936819818050495e-15,5.40209924183781664538e-16
295,2265,4.43360751426771257833e-15,5.32032901712125525177e-16
295,2270,4.36920984939922156078e-15,5.24305181927906547851e-16
295,2275,4.30808846798971936538e-15,5.16970616158766347511e-16
295,2280,4.25068824470596469245e-15,5.10082589364715743372e-16
295,2285,4.19795161733100431212e-15,5.03754194079720474067e-16
295,2290,4.15049176169891115841e-15,4.98059011403869323232e-16
295,2295,4.10792269379010530362e-15,4.9295072325481260488e-16
295,2300,4.06881454659292780773e-15,4.88257745591151340872e-16
295,2305,4.03135043868055622121e-15,4.83762052641666718936e-16
295,2310,3.99431722339993557429e-15,4.7931806680799230047e-16
295,2315,3.95783335634783043676e-15,4.74940002761739593247e-16
295,2320,3.92334096777480895687e-15,4.70800916132977031437e-16
295,2325,3.89279601473261993124e-15,4.67135521767914352306e-16
295,2330,3.86744638662615236869e-15,4.64093566395138240855e-16
295,2335,3.8468327943728923835e-15,4.61619935324747022911e-16
295,2340,3.82854338427776457866e-15,4.5942520611333174944e-16
295,2345,3.8088604808774823694e-15,4.5706325770529787644e-16
295,2350,3.78397674471516461419e-15,4.5407720936581971426e-16
295,2355,3.75118175613324525929e-15,4.50141810735989399561e-16
295,2360,3.70947326798389014779e-15,4.45136792158066817735e-16
295,2365,3.65938772738650707784e-15,4.39126527286380837508e-16
295,2370,3.60227129333269812572e-15,4.32272555199923735644e-16
295,2375,3.53948418684037000608e-15,4.24738102420844386925e-16
295,2380,3.47200448917796748839e-15,4.16640538701356078886e-16
295,2385,3.40060492441568281778e-15,4.08072590929881940106e-16
295,2390,3.32640002520924512883e-15,3.99168003025109403627e-16
295,2395,3.25132342332573336929e-15,3.90158810799087974733e-16
295,2400,3.17813059089087218305e-15,3.81375670906904658021e-16
295,2405,3.10980601700146580924e-15,3.73176722040175867527e-16
295,2410,3.04861904259858749762e-15,3.65834285111830487882e-16
295,2415,2.99530802121526045349e-15,3.59436962545831224836e-16
295,2420,2.94884131531681696163e-15,3.53860957838018043284e-16
295,2425,2.90691995407161713069e-15,3.48830394488594065543e-16
295,2430,2.86700602943372008802e-15,3.44040723532046392813e-16
295,2435,2.82739118439871144477e-15,3.39286942127845347734e-16
295,2440,2.78780550787132733377e-15,3.34536660944559287941e-16
295,2445,2.74931207909399100167e-15,3.29917449491278896534e-16
295,2450,2.71359986524784883694e-15,3.25631983829741872265e-16
295,2455,2.68207931677208186764e-15,3.21849518012649820173e-16
295,2460,2.65524985084144788455e-15,3.18629982100973757979e-16
295,2465,2.63262345673912071994e-15,3.15914814808694486393e-16
295,2470,2.6131666848245987747e-15,3.13580002178951862825e-16
295,2475,2.5959457094578587857e-15,3.11513485134943060201e-16
295,2480,2.58057421741826106566e-15,3.09668906090191335768e-16
295,2485,2.56720780681669672916e-15,3.08064936818003585805e-16
295,2490,2.55611108587349842039e-15,3.06733330304819796642e-16
295,2495,2.54708174040564179027e-15,3.05649808848677014833e-16
295,2500,2.53910468069088529472e-15,3.04692561682906215645e-16
295,2505,2.53048131767173246585e-15,3.03657758120607866319e-16
295,2510,2.51940822527333475693e-15,3.02328987032800145193e-16
295,2515,2.50471884364900629353e-15,3.0056626123788073353e-16
295,2520,2.48639687283214012586e-15,2.98367624739856785521e-16
295,2525,2.46557834368909187617e-15,2.95869401242691029084e-16
295,2530,2.44402161915408307985e-15,2.93282594298489939999e-16
295,2535,2.42329930823562293051e-15,2.90795916988274763494e-16
295,2540,2.40410745253892002652e-15,2.88492894304670389378e-16
295,2545,2.38602275630947909019e-15,2.86322730757137492795e-16
295,2550,2.36780555341700714352e-15,2.84136666410040823695e-16
295,2555,2.34807009578838787862e-15,2.81768411494606519796e-16
295,2560,2.32596941782785760672e-15,2.79116330139342918723e-16
295,2565,2.30155632964499853223e-15,2.76186759557399825839e-16
295,2570,2.27566972695876865456e-15,2.73080367235052214881e-16
295,2575,2.24945068073954070423e-15,2.6993408168874489634e-16
295,2580,2.22377862008817400984e-15,2.66853434410580891041e-16
295,2585,2.19893925816247032832e-15,2.6387271097949643151e-16
295,2590,2.17468833948926792748e-15,2.60962600738712159187e-16
295,2595,2.15064473891091885919e-15,2.58077368669310253242e-16
295,2600,2.12676081957014428978e-15,2.55211298348417312801e-16
295,2605,2.10357748029699963907e-15,2.52429297635639968522e-16
295,2610,2.08209535663826146013e-15,2.49851442796591381133e-16
295,2615,2.0633121715890182973e-15,2.47597460590682168065e-16
295,2620,2.04766938728414331305e-15,2.45720326474097207427e-16
295,2625,2.03471417026265826144e-15,2.4416570043151896179e-16
295,2630,2.02318073580874349095e-15,2.4278168829704919722e-16
295,2635,2.01148151425192263379e-15,2.41377781710230716055e-16
295,2640,1.9983852352994024803e-15,2.3980622823592827397e-16
295,2645,1.98355740370028924446e-15,2.38026888444034689614e-16
295,2650,1.96770137275977914843e-15,2.3612416473117347809e-16
295,2655,1.95223258064889144259e-15,2.3426790967786696325e-16
295,2660,1.93864457844207134691e-15,2.32637349413048539935e-16
295,2665,1.92786887894647203227e-15,2.31344265473576620207e-16
295,2670,1.91992145230054833408e-15,2.30390574276065776423e-16
295,2675,1.91397600850411730259e-15,2.29677121020494076311e-16
295,2680,1.90878961962805057445e-15,2.29054754355366066962e-16
295,2685,1.90324013420257651696e-15,2.28388816104309189923e-16
295,2690,1.89669925636710933115e-15,2.27603910764053129599e-16
295,2695,1.88907267812189224167e-15,2.26688721374627080833e-16
295,2700,1.88052798371740306341e-15,2.25663358046088359721e-16
295,2705,1.8711006367520362642e-15,2.24532076410244365509e-16
295,2710,1.86042954509732238394e-15,2.23251545411678695934e-16
295,2715,1.84779624820699336882e-15,2.2173554978483919144e-16
295,2720,1.83246849351649367141e-15,2.19896219221979225778e-16
295,2725,1.81417254385285660426e-15,2.1770070526234278265e-16
295,2730,1.7934328219583715737e-15,2.15211938635004586871e-16
295,2735,1.77156883833125914532e-15,2.12588260599751088563e-16
295,2740,1.7503032706674890006e-15,2.10036392480098682044e-16
295,2745,1.73112947790701720596e-15,2.07735537348842061757e-16
295,2750,1.7147139359039141895e-15,2.05765672308469703726e-16
295,2755,1.7006048535111297404e-15,2.04072582421335563918e-16
295,2760,1.68738347037383229295e-15,2.02486016444859875154e-16
295,2765,1.67319444684266455821e-15,2.00783333621119747971e-16
295,2770,1.65642323057878016029e-15,1.98770787669453613318e-16
295,2775,1.63623172400251935582e-15,1.96347806880302304949e-16
295,2780,1.61274331268774874479e-15,1.9352919752252985036e-16
295,2785,1.58684151250221442039e-15,1.904209815002657196e-16
295,2790,1.55972592938309356272e-15,1.87167111525971223582e-16
295,2795,1.53246758345345660753e-15,1.83896110014414782057e-16
295,2800,1.50577858660340223433e-15,1.80693430392408264176e-16
295,2805,1.48007791047193284516e-15,1.7760934925663192367e-16
295,2810,1.45576693125334018267e-15,1.74692031750400814031e-16
295,2815,1.43351252982479284377e-15,1.72021503578975136322e-16
295,2820,1.41433058559288649959e-15,1.69719670271146368117e-16
295,2825,1.39937050670585807066e-15,1.67924460804702968479e-16
295,2830,1.38946654850024043e-15,1.66735985820028855545e-16
295,2835,1.38465966669087420697e-15,1.66159160002904906809e-16
295,2840,1.38393346320429793035e-15,1.66072015584515743753e-16
295,2845,1.38532677290196383747e-15,1.66239212748235652607e-16
295,2850,1.38642032368215430916e-15,1.66370438841858513155e-16
295,2855,1.38502373657506264861e-15,1.6620284838900751093e-16
295,2860,1.37979356752653928448e-15,1.65575228103184709207e-16
295,2865,1.3705390212226418695e-15,1.64464682546717017438e-16
295,2870,1.35810749887908500841e-15,1.62972899865490201995e-16
295,2875,1.34392347396446260498e-15,1.61270816875735495834e-16
295,2880,1.32939670135859268831e-15,1.59527604163031115695e-16
295,2885,1.31545496628143709343e-15,1.57854595953772452198e-16
295,2890,1.30237841155080623526e-15,1.56285409386096743301e-16
295,2895,1.28995850765387563564e-15,1.54795020918465062472e-16
295,2900,1.27785050196641621495e-15,1.53342060235969932975e-16
295,2905,1.26590657259995885348e-15,1.51908788711995056501e-16
295,2910,1.25430402972496162744e-15,1.5051648356699538346e-16
295,2915,1.24340205240422348537e-15,1.49208246288506823174e-16
295,2920,1.23341093210622912273e-15,1.48009311852747479936e-16
295,2925,1.2240643585057456085e-15,1.46887723020689462173e-16
295,2930,1.21449460481080699463e-15,1.45739352577296827522e-16
295,2935,1.20341708457924532914e-15,1.44410050149509434567e-16
295,2940,1.18957952014657605817e-15,1.4274954241758911712e-16
295,2945,1.17229497883553288943e-15,1.40675397460263932926e-16
295,2950,1.1518231884497122733e-15,1.38218782613965456032e-16
295,2955,1.12941836226983939671e-15,1.35530203472380710842e-16
295,2960,1.10700090751900412891e-15,1.32840108902280486595e-16
295,2965,1.08657185886506313725e-15,1.30388623063807577456e-16
295,2970,1.06959936447823416579e-15,1.28351923737388090034e-16
295,2975,1.05661631780105286124e-15,1.26793958136126328557e-16
295,2980,1.04717394275972150195e-15,1.25660873131166570373e-16
295,2985,1.04014186454195307823e-15,1.24817023745034360512e-16
295,2990,1.03420118939322032547e-15,1.24104142727186422293e-16
295,2995,1.02830707864068623553e-15,1.23396849436882335445e-16
295,3000,1.02192971780357544274e-15,1.22631566136429048198e-16
1000,5,3.23644407727592965553e-09,1.94186644636555759686e-10
1000,10,1.29045853176927420526e-08,7.74275119061564539698e-10
1000,15,2.88620598851845515531e-08,1.73172359311107297738e-09
1000,20,5.08427047664514594419e-08,3.05056228598708745071e-09
1000,25,7.84616300322976964124e-08,4.70769780193786198327e-09
1000,30,1.1122836151476753923e-07,6.67370169088605198984e-09
1000,35,1.48569009787940770357e-07,8.91414058727644655228e-09
1000,40,1.89850351541730666863e-07,1.13910210925038388206e-08
1000,45,2.34402512541169152719e-07,1.40641507524701485675e-08
1000,50,2.81540782114511862736e-07,1.68924469268707125582e-08
1000,55,3.30584658002652161473e-07,1.9835079480159129159e-08
1000,60,3.8087226769558812809e-07,2.28523360617352879501e-08
1000,65,4.31773244989620802177e-07,2.59063946993772477336e-08
1000,70,4.82698103144017255233e-07,2.89618861886410350493e-08
1000,75,5.33105331198379130865e-07,3.19863198719027462637e-08
1000,80,5.82506248644506881141e-07,3.49503749186704133979e-08
1000,85,6.30466337217382860342e-07,3.78279802330429702971e-08
1000,90,6.76606970948606162448e-07,4.05964182569163649823e-08
1000,95,7.20605260550048323039e-07,4.32363156330028972647e-08
1000,100,7.6219199925438831622e-07,4.57315199552632944734e-08
1000,105,8.01149450196852535424e-07,4.80689670118111510666e-08
1000,110,8.37307724851066809832e-07,5.02384634910640043547e-08
1000,115.000000000000014211,8.70541662211212859048e-07,5.22324997326727702194e-08
1000,120,9.0076778915727576594e-07,5.40460673494365448976e-08
1000,124.999999999999985789,9.27939503840632852409e-07,5.56763702304379674388e-08
1000,130,9.5204351848894960688e-07,5.71226111093369713835e-08
1000,135,9.73095953591547781423e-07,5.83857572154928674148e-08
1000,140,9.91138616645345960662e-07,5.9468316998720753934e-08
1000,145,1.00623563817979406737e-06,6.03741382907876477479e-08
1000,150,1.0184696561159851842e-06,6.11081793669591121107e-08
1000,155,1.02793887044489929982e-06,6.16763322266939579893e-08
1000,160,1.03475421137748579182e-06,6.20852526826491480386e-08
1000,165,1.03903663643199595331e-06,6.2342198185919755081e-08
1000,170,1.0409150310967570571e-06,6.2454901865805418132e-08
1000,175,1.04052382319502949526e-06,6.24314293917017633629e-08
1000,180,1.03800062107385924142e-06,6.22800372644315507795e-08
1000,185,1.03348490631188094177e-06,6.20090943787128575651e-08
1000,190,1.0271171530489334614e-06,6.16270291829360076838e-08
1000,195,1.01903715638968174736e-06,6.11422293833809053708e-08
1000,200,1.00938226871326386422e-06,6.056293612279582603e-08
1000,205,9.98286751066553861128e-07,5.98972050639932327265e-08
1000,210,9.85881608693443792262e-07,5.91528965216066280651e-08
1000,214.999999999999971578,9.7229391988848785969e-07,5.83376351933092723755e-08
1000,220,9.57646022304420489551e-07,5.74587613382652264614e-08
1000,225,9.42055126652967542401e-07,5.65233075991780485736e-08
1000,230.000000000000028422,9.25633068721987560504e-07,5.55379841233192544244e-08
1000,235,9.08485931811836254196e-07,5.45091559087101757812e-08
1000,240,8.90713921575798593712e-07,5.34428352945479132405e-08
1000,245.000000000000028422,8.7241165022673040902e-07,5.23446990136038221589e-08
1000,249.999999999999971578,8.53668320475213476033e-07,5.12200992285128064444e-08
1000,255,8.34567524888915926893e-07,5.00740514933349529666e-08
1000,260,8.15187028737651666695e-07,4.89112217242590962959e-08
1000,265,7.95598883219149898072e-07,4.77359329931489922961e-08
1000,270,7.75869789644518011168e-07,4.65521873786710774937e-08
1000,275,7.56061460194149173593e-07,4.53636876116489477686e-08
1000,280,7.36230797782863373824e-07,4.41738478669718016354e-08
1000,285,7.16429921649446360713e-07,4.29857952989667797899e-08
1000,290,6.96706258518824489854e-07,4.18023755111294685971e-08
1000,295,6.77102828903287194233e-07,4.06261697341972268894e-08
1000,300,6.57658589819942707089e-07,3.94595153891965629547e-08
1000,305,6.3840866534534537631e-07,3.83045199207207241668e-08
1000,310,6.19384501207539007153e-07,3.71630700724523420174e-08
1000,315,6.00614062151918000076e-07,3.60368437291150818574e-08
1000,320,5.82122082804731866404e-07,3.49273249682839101313e-08
1000,325,5.63930301206932611948e-07,3.38358180724159577757e-08
1000,330,5.46057638942801789921e-07,3.27634583365681055424e-08
1000,335,5.28520357264794405883e-07,3.17112214358876606472e-08
1000,340,5.113322382480196433e-07,3.06799342948811793921e-08
1000,345,4.94504804696663049762e-07,2.96702882817997811329e-08
1000,350,4.78047540109853389567e-07,2.86828524065912021829e-08
1000,355,4.6196805856953356823e-07,2.77180835141720115792e-08
1000,360,4.46272219570323259008e-07,2.67763331742193955405e-08
1000,365,4.30964230200078533408e-07,2.58578538120047121368e-08
1000,370,4.16046774111024281622e-07,2.49628064466614546474e-08
1000,375,4.01521167892221635107e-07,2.40912700735332963859e-08
1000,380,3.87387519564913936674e-07,2.32432511738948340829e-08
1000,385,3.73644868874241319029e-07,2.24186921324544775535e-08
1000,390,3.60291304549786663817e-07,2.1617478272987199035e-08
1000,395,3.47324060393024690132e-07,2.08394436235814812756e-08
1000,400,3.3473959203372969306e-07,2.00843755220237817159e-08
1000,405,3.22533638671230020151e-07,1.9352018320273800812e-08
1000,410,3.10701279765167984089e-07,1.86420767859100771925e-08
1000,415,2.99236999123702112104e-07,1.79542199474221276527e-08
1000,420,2.88134763749516419214e-07,1.72880858249709844911e-08
1000,425,2.77388114084360575946e-07,1.66432868450616342921e-08
1000,429.999999999999943157,2.66990252937188114751e-07,1.60194151762312854292e-08
1000,435,2.56934119822155402225e-07,1.541604718932932281e-08
1000,440,2.47212446419713540819e-07,1.48327467851828111918e-08
1000,444.999999999999943157,2.37817798681056974486e-07,1.42690679208634178074e-08
1000,450,2.2874261197091867982e-07,1.37245567182551198628e-08
1000,455,2.19979218532528671605e-07,1.31987531119517195684e-08
1000,460.000000000000056843,2.11519862518399284403e-07,1.26911917511039569319e-08
1000,465,2.0335670424123281025e-07,1.22014022544739680194e-08
1000,470,1.95481825808356817577e-07,1.17289095485014089223e-08
1000,475.000000000000056843,1.87887252242859944425e-07,1.12732351345715967317e-08
1000,480,1.80564991791461626575e-07,1.08338995074876974622e-08
1000,485,1.73507085931371684079e-07,1.04104251558823006477e-08
1000,490.000000000000056843,1.66705655286768380842e-07,1.0002339317206102652e-08
1000,495,1.60152933787027240651e-07,9.60917602722163390968e-09
1000,499.999999999999943157,1.53841291717506579149e-07,9.23047750305039455043e-09
1000,505,1.47763251006299445228e-07,8.86579506037796658136e-09
1000,510,1.41911493107414757026e-07,8.51468958644488456128e-09
1000,515,1.36278856867678084286e-07,8.17673141206068518949e-09
1000,520,1.30858325172903122185e-07,7.85149951037418726494e-09
1000,525,1.2564300417014297553e-07,7.53858025020857846561e-09
1000,530,1.20626103464133676162e-07,7.23756620784802070208e-09
1000,535,1.15800926498911487071e-07,6.94805558993468922426e-09
1000,540,1.11160876631969216083e-07,6.66965259791815309734e-09
1000,545,1.06699477892074855225e-07,6.40196867352449131347e-09
1000,550,1.02410403236343574508e-07,6.144624194180613908e-09
1000,555,9.8287500551666932884e-08,5.89725003310001610539e-09
1000,560,9.43248091077789218958e-08,5.65948854646673504905e-09
1000,565,9.05165649209191638626e-08,5.43099389525514940162e-09
1000,570,8.68571985343872747146e-08,5.21143191206323628435e-09
1000,575,8.3341329874106205354e-08,5.00047979244637195728e-09
1000,580,7.99637622855103591596e-08,4.79782573713062151649e-09
1000,585,7.67194747424250391952e-08,4.60316848454550241789e-09
1000,590,7.36036105232819629346e-08,4.41621663139691734594e-09
1000,595,7.06114626627692323103e-08,4.23668775976615410406e-09
1000,600,6.7738459038216966748e-08,4.06430754229301807105e-09
1000,605,6.49801507635790840562e-08,3.89880904581474507646e-09
1000,610,6.23322061913145785424e-08,3.73993237147887438167e-09
1000,615,5.97904105494038202096e-08,3.58742463296422917949e-09
1000,620,5.73506695984294907973e-08,3.44104017590576938166e-09
1000,625,5.50090152615777315518e-08,3.30054091569466369458e-09
1000,630,5.27616115467171226317e-08,3.16569669280302710975e-09
1000,635,5.06047595794850654798e-08,3.03628557476910401151e-09
1000,640,4.85349008961374444082e-08,2.91209405376824658177e-09
1000,645,4.65486184012440726012e-08,2.79291710407464435607e-09
1000,650,4.46426347289099350933e-08,2.67855808373459600633e-09
1000,655,4.28138081250285948654e-08,2.56882848750171541068e-09
1000,660,4.10591262471163213039e-08,2.46354757482697934441e-09
1000,665,3.93756983954448597906e-08,2.36254190372669162053e-09
1000,670,3.7760746738311373095e-08,2.26564480429868220372e-09
1000,675,3.62115971933421201109e-08,2.17269583160052705776e-09
1000,680,3.47256707715761984504e-08,2.08354024629457175813e-09
1000,685,3.33004762322782981079e-08,1.99802857393669772104e-09
1000,690,3.19336046881927491575e-08,1.91601628129156491636e-09
1000,695,3.06227263443455160252e-08,1.83736358066073096151e-09
1000,700,2.9365589036379321671e-08,1.76193534218275917618e-09
1000,705,2.81600178987307768296e-08,1.68960107392384646915e-09
1000,710,2.70039154730867615947e-08,1.62023492838520565432e-09
1000,715,2.58952617981495658769e-08,1.55371570788897386989e-09
1000,720,2.48321143035735578738e-08,1.48992685821441351379e-09
1000,725,2.38126074858140329894e-08,1.42875644914884194628e-09
1000,730,2.28349523240252544384e-08,1.37009713944151529112e-09
1000,735,2.18974352880821758847e-08,1.31384611728493044555e-09
1000,740,2.09984167245340505532e-08,1.25990500347204295875e-09
1000,745,2.01363284576649785808e-08,1.20817970745989874794e-09
1000,750,1.93096705953290663388e-08,1.15858023571974397206e-09
1000,755,1.85170077103745195411e-08,1.1110204626224712221e-09
1000,760,1.7756964699755189397e-08,1.06541788198531132246e-09
1000,765,1.7028222660961993698e-08,1.02169335965771958052e-09
1000,770,1.63295150688039591203e-08,9.7977090412823747277e-10
1000,775,1.56596244191738732044e-08,9.39577465150432259915e-10
1000,780,1.50173793820998643955e-08,9.01042762925991785148e-10
1000,785,1.4401652420819802392e-08,8.64099145249188118706e-10
1000,790,1.38113578088983411383e-08,8.28681468533900439346e-10
1000,795,1.32454499999830924265e-08,7.94726999998985545592e-10
1000,800,1.27029223375982222506e-08,7.62175340255893256456e-10
1000,805,1.21828060996722379881e-08,7.30968365980334204841e-10
1000,810,1.1684169839126055041e-08,7.01050190347563294187e-10
1000,815,1.12061189223254585608e-08,6.72367135339527534325e-10
1000,820,1.07477951145709011934e-08,6.44867706874254038518e-10
1000,825,1.0308376049044525648e-08,6.18502562942671468567e-10
1000,830,9.88707445625319843276e-09,5.93224467375191930781e-10
1000,835,9.48313710977711798261e-09,5.689882265866270955e-10
1000,840,9.09584352729984104968e-09,5.45750611637990421622e-10
1000,845,8.72450451981620469243e-09,5.23470271188972265002e-10
1000,850,8.36846069138784594995e-09,5.02107641483270773541e-10
1000,855,8.02708096635798945605e-09,4.8162485798147930946e-10
1000,859.999999999999886313,7.69976118102726875409e-09,4.61985670861636116974e-10
1000,865.000000000000113687,7.3859227432522717921e-09,4.43155364595136272371e-10
1000,870,7.08501134544273665146e-09,4.25100680726564161864e-10
1000,875,6.7964957130753127285e-09,4.07789742784518734758e-10
1000,880,6.51986637851298459908e-09,3.91191982710779073877e-10
1000,885,6.25463448521125279091e-09,3.75278069112675142639e-10
1000,889.999999999999886313,6.00033064762590344353e-09,3.60019838857554204544e-10
1000,895.000000000000113687,5.75650390965646565682e-09,3.4539023457938790839e-10
1000,900,5.52272085005890890134e-09,3.31363251003534519605e-10
1000,905,5.2985648694754797417e-09,3.17913892168528784502e-10
1000,910,5.08363566109525716823e-09,3.05018139665715411482e-10
1000,914.999999999999886313,4.87754882507330434561e-09,2.92652929504398242125e-10
1000,920.000000000000113687,4.67993555234559191244e-09,2.80796133140735487863e-10
1000,925.000000000000113687,4.49044229357049339273e-09,2.69426537614229611835e-10
1000,930,4.30873035070779195635e-09,2.58523821042467509109e-10
1000,935,4.1344753735479395972e-09,2.48068522412876361357e-10
1000,940,3.96736678933144087687e-09,2.38042007359886446408e-10
1000,944.999999999999886313,3.80710721893295491939e-09,2.28426433135977282755e-10
1000,950.000000000000113687,3.65341192783867902645e-09,2.19204715670320741587e-10
1000,955,3.50600833172883289422e-09,2.10360499903729969517e-10
1000,960,3.36463554320449485982e-09,2.01878132592269680216e-10
1000,965,3.22904392590883146382e-09,1.93742635554529885761e-10
1000,970,3.09899462342030763774e-09,1.8593967740521845723e-10
1000,974.999999999999886313,2.97425904892128672074e-09,1.78455542935277190836e-10
1000,980.000000000000113687,2.85461834620850444569e-09,1.71277100772510263639e-10
1000,985,2.73986285093742038536e-09,1.64391771056245213816e-10
1000,990,2.6297915855150173347e-09,1.57787495130901034912e-10
1000,995,2.52421181154372365794e-09,1.51452708692623417409e-10
1000,999.999999999999886313,2.42293864595742347999e-09,1.45376318757445409833e-10
1000,1005.00000000000011369,2.32579472995325547315e-09,1.39547683797195327355e-10
1000,1010,2.23260993067009622769e-09,1.33956595840205761254e-10
1000,1015,2.14322105703991487876e-09,1.28593263422394889624e-10
1000,1020,2.05747158008906495259e-09,1.23448294805343905427e-10
1000,1025,1.97521135796798750741e-09,1.18512681478079248377e-10
1000,1030,1.89629637206211899577e-09,1.13777782323727129407e-10
1000,1035,1.82058848090175866655e-09,1.09235308854105517408e-10
1000,1040,1.74795519525120981879e-09,1.04877311715072587576e-10
1000,1045,1.67826947336264072184e-09,1.00696168401758440725e-10
1000,1050,1.61140953197961846098e-09,9.66845719187771050738e-11
1000,1055,1.5472586668072443017e-09,9.28355200084346555169e-11
1000,1060,1.48570507613243188183e-09,8.91423045679459056718e-11
1000,1065,1.4266416826853330692e-09,8.55985009611199789821e-11
1000,1070,1.36996595133607983432e-09,8.21979570801647885082e-11
1000,1075,1.31557970276733545636e-09,7.89347821660401196268e-11
1000,1080,1.26338892514767447249e-09,7.58033355088604636967e-11
1000,1085,1.21330358666923257088e-09,7.27982152001539464982e-11
1000,1090,1.16523745212612281586e-09,6.9914247127567364299e-11
1000,1095,1.11910790672036501595e-09,6.7146474403221896821e-11
1000,1100,1.07483578988723237411e-09,6.44901473932339367599e-11
1000,1105,1.03234524063535841047e-09,6.19407144381215041112e-11
1000,1110,9.9156355393278837829e-10,5.94938132359672964935e-11
1000,1115,9.52421045776698511111e-10,5.71452627466019080817e-11
1000,1120,9.14850923811278164718e-10,5.48910554286766901416e-11
1000,1125,8.78789161204458416905e-10,5.27273496722675034633e-11
1000,1130,8.44174373322175321674e-10,5.0650462399330516457e-11
1000,1135,8.10947698288822806977e-10,4.86568618973293676432e-11
1000,1140,7.79052683003488522891e-10,4.67431609802093103395e-11
1000,1145,7.48435175777620463403e-10,4.49061105466572293551e-11
1000,1150,7.19043226257736625664e-10,4.31425935754641980568e-11
1000,1155,6.9082699312123360346e-10,4.14496195872740167246e-11
1000,1160,6.63738659830777718949e-10,3.98243195898466587426e-11
1000,1165,6.37732357992282413255e-10,3.82639414795369437613e-11
1000,1170,6.12764096527811384316e-10,3.6765845791668680991e-11
1000,1175,5.88791693812288988063e-10,3.53275016287373348894e-11
1000,1180,5.65774710115693713091e-10,3.39464826069416238194e-11
1000,1185,5.43674379289570053387e-10,3.26204627573742021692e-11
1000,1190,5.22453540529312399905e-10,3.13472124317587403754e-11
1000,1195,5.02076571868603288547e-10,3.01245943121161936939e-11
1000,1200,4.82509326397718631178e-10,2.89505595838631158027e-11
1000,1205,4.63719070820286807198e-10,2.78231442492172073979e-11
1000,1210,4.45674425246199697405e-10,2.67404655147719821028e-11
1000,1215,4.28345303684279173301e-10,2.57007182210567485886e-11
1000,1220,4.11702856071341566615e-10,2.47021713642804920582e-11
1000,1225,3.95719413624519082993e-10,2.37431648174711449796e-11
1000,1230,3.80368438971971590236e-10,2.28221063383182947679e-11
1000,1235,3.65624481150327689708e-10,2.19374688690196594438e-11
1000,1240,3.5146313418965220346e-10,2.10877880513791324661e-11
1000,1245,3.37860997478059351841e-10,2.0271659848683559818e-11
1000,1250,3.2479563648184081715e-10,1.94877381889104468318e-11
1000,1255,3.12245543196042115451e-10,1.87347325917625262808e-11
1000,1260,3.00190096324490058592e-10,1.80114057794694013183e-11
1000,1265,2.88609521469940254048e-10,1.73165712881964133042e-11
1000,1270,2.77484851706864087251e-10,1.66490911024118461398e-11
1000,1275,2.66797889069513067971e-10,1.6007873344170783949e-11
1000,1280,2.56531167702864000217e-10,1.53918700621718398838e-11
1000,1285,2.46667919468895376227e-10,1.48000751681337212811e-11
1000,1290,2.37192042459520866761e-10,1.42315225475712512948e-11
1000,1295,2.28088072335437205465e-10,1.36852843401262311001e-11
1000,1300,2.19341156065467426557e-10,1.31604693639280453349e-11
1000,1305,2.1093702768685846266e-10,1.2656221661211507178e-11
1000,1310,2.02861986036578140485e-10,1.21717191621946880413e-11
1000,1315,1.95102874666511759859e-10,1.17061724799907043637e-11
1000,1320,1.87647064126576577475e-10,1.12588238475945940022e-11
1000,1325,1.80482436440748549594e-10,1.08289461864449125879e-11
1000,1330,1.735973711135793569e-10,1.04158422668147613494e-11
1000,1335,1.66980731654938153994e-10,1.00188438992962885934e-11
1000,1340,1.60621851518433845453e-10,9.63731109110603014556e-12
1000,1345,1.54510518452046856988e-10,9.27063110712281174239e-12
1000,1350,1.48636956461689505549e-10,8.91821738770137046217e-12
1000,1355,1.42991804916753541893e-10,8.57950829500521193197e-12
1000,1360,1.37566094882844261915e-10,8.25396569297065526251e-12
1000,1365,1.32351223513090881981e-10,7.94107341078545266039e-12
1000,1370,1.27338928021074440517e-10,7.64033568126446623717e-12
1000,1375,1.22521261098942205574e-10,7.35127566593653162356e-12
1000,1380,1.17890569511883924828e-10,7.07343417071303516654e-12
1000,1385,1.13439477050618981438e-10,6.80636862303713859544e-12
1000,1390,1.09160872289438587468e-10,6.54965233736631521575e-12
1000,1395,1.05047900931282796286e-10,6.3028740558769672925e-12
1000,1400,1.01093962030651845913e-10,6.0656377218391105286e-12
1000,1405,9.72927070495029594212e-11,5.83756242297017733909e-12
1000,1410,9.36380404318366232927e-11,5.61828242591019710675e-12
1000,1415,9.01241202210781145889e-11,5.40744721326468642297e-12
1000,1420,8.67453573179490853211e-11,5.20472143907694479615e-12
1000,1425,8.34964123168570193568e-11,5.00978473901142093522e-12
1000,1430,8.03721893439817714069e-11,4.82233136063890631673e-12
1000,1435,7.73678267612776068636e-11,4.64206960567665660568e-12
1000,1440,7.44786848949638637793e-11,4.46872109369783147133e-12
1000,1445,7.17003311349179132499e-11,4.30201986809507450419e-12
1000,1450,6.90285229503829152298e-11,4.14171137702297491379e-12
1000,1455,6.64591896568141311941e-11,3.98755137940884751622e-12
1000,1460,6.39884141223976622566e-11,3.83930484734385921841e-12
1000,1465,6.16124158662264706206e-11,3.69674495197358820492e-12
1000,1470,5.93275369812366584156e-11,3.55965221887419942416e-12
1000,1475,5.71302319580281308752e-11,3.42781391748168791714e-12
1000,1480,5.50170619129141001531e-11,3.30102371477484576685e-12
1000,1485,5.29846931400656746237e-11,3.17908158840394031586e-12
1000,1490,5.10298994290232188482e-11,3.06179396574139314705e-12
1000,1495,4.91495672045182432297e-11,2.94897403227109449685e-12
1000,1500,4.73407022212358327205e-11,2.84044213327414991476e-12
1000,1505,4.56004363248347983566e-11,2.7360261794900876429e-12
1000,1510,4.39260327643817138824e-11,2.63556196586290283294e-12
1000,1515,4.23148887994700536559e-11,2.53889332796820292855e-12
1000,1520,4.07645348750649382875e-11,2.44587209250389618416e-12
1000,1525,3.92726302857499788591e-11,2.35635781714499861845e-12
1000,1530,3.78369557771813463083e-11,2.27021734663088052e-12
1000,1535,3.64554037643719534401e-11,2.18732422586231723872e-12
1000,1540,3.5125966797414851156e-11,2.10755800784489087549e-12
1000,1545,3.38467248079990248783e-11,2.03080348847994142808e-12
1000,1550,3.26158317416602218579e-11,1.95694990449961332763e-12
1000,1555,3.14315024595778093155e-11,1.88589014757466831659e-12
1000,1560,3.02920010980214110349e-11,1.81752006588128467825e-12
1000,1565,2.91956321341548065687e-11,1.75173792804928841836e-12
1000,1570,2.81407350819249697816e-11,1.68844410491549813843e-12
1000,1575,2.71256831046466581721e-11,1.62754098627879940955e-12
1000,1580,2.61488851356328995606e-11,1.5689331081379739494e-12
1000,1585,2.52087906278525889094e-11,1.51252743767115525378e-12
1000,1590,2.43038959303951194831e-11,1.45823375582370702358e-12
1000,1595,2.34327514161465513106e-11,1.40596508496879310287e-12
1000,1600,2.25939686394223937195e-11,1.35563811836534363933e-12
1000,1605,2.17862268287802464386e-11,1.30717360972681483478e-12
1000,1610,2.10082779434364767851e-11,1.26049667660618848594e-12
1000,1615,2.02589495120891840054e-11,1.21553697072535108071e-12
1000,1620,1.9537144668242637141e-11,1.17222868009455812345e-12
1000,1625,1.88418391892705869194e-11,1.13051035135623511015e-12
1000,1630,1.81720757996769535078e-11,1.09032454798061720239e-12
1000,1635,1.75269563401816785259e-11,1.05161738041090061462e-12
1000,1640,1.69056325430746762829e-11,1.01433795258448051235e-12
1000,1645,1.63072961212290794563e-11,9.78437767273744678521e-13
1000,1650,1.57311687929559169266e-11,9.43870127577355007517e-13
1000,1655,1.51764928375843511287e-11,9.10589570255060995018e-13
1000,1660,1.46425228096660898253e-11,8.78551368579965320858e-13
1000,1665,1.41285190408679570564e-11,8.47711142452077366836e-13
1000,1670,1.36337434322348923972e-11,8.1802460593409355999e-13
1000,1675,1.31574577785573014188e-11,7.89447466713438101287e-13
1000,1680,1.26989245636176562968e-11,7.61935473817059321261e-13
1000,1685,1.22574099417711240062e-11,7.35444596506267452487e-13
1000,1690,1.18321885230307061638e-11,7.09931311381842385985e-13
1000,1695,1.14225495517294288507e-11,6.85352973103765694691e-13
1000,1700,1.10278040178373003233e-11,6.61668241070237983046e-13
1000,1705,1.06472921102205248655e-11,6.3883752661323142327e-13
1000,1710,1.0280390255968434189e-11,6.16823415358106059417e-13
1000,1715,9.92651690200162099912e-12,5.95591014120097215519e-13
1000,1719.99999999999977263,9.58513629250145868325e-12,5.75108177550087480605e-13
1000,1725,9.25575980031789788793e-12,5.55345588019073836925e-13
1000,1730.00000000000022737,8.93794477021409020315e-12,5.36276686212845391994e-13
1000,1735,8.63129115945260233737e-12,5.17877469567156160437e-13
1000,1740,8.33543640919927048756e-12,5.00126184551956196942e-13
1000,1744.99999999999977263,8.05004897172702951205e-12,4.83002938303621758606e-13
1000,1750,7.77482087614638133622e-12,4.66489252568782872095e-13
1000,1755.00000000000022737,7.50945975533131965423e-12,4.50567585319879150981e-13
1000,1760,7.25368090131665379502e-12,4.3522085407899922972e-13
1000,1765.00000000000022737,7.00720007503026510989e-12,4.2043200450181587832e-13
1000,1770,6.76972782947081107458e-12,4.06183669768248670534e-13
1000,1775,6.54096591937468980097e-12,3.92457955162481361805e-13
1000,1779.99999999999977263,6.32060599987585644463e-12,3.79236359992551392736e-13
1000,1785,6.10833040592144543245e-12,3.66499824355286729986e-13
1000,1790.00000000000022737,5.90381452333941659381e-12,3.54228871400364987551e-13
1000,1795,5.70673020313560014505e-12,3.42403812188136010723e-13
1000,1800,5.51674978883042769789e-12,3.31004987329825667932e-13
1000,1804.99999999999977263,5.33355048511133413334e-12,3.20013029106680015689e-13
1000,1810,5.15681886464517173178e-12,3.09409131878710271595e-13
1000,1815.00000000000022737,4.9862552512804055978e-12,2.99175315076824333848e-13
1000,1820,4.82157760579880707567e-12,2.89294656347928394248e-13
1000,1825,4.66252449158082888283e-12,2.79751469494849720853e-13
1000,1829.99999999999977263,4.50885678886292747989e-12,2.70531407331775650813e-13
1000,1835,4.36035804565726532921e-12,2.6162148273943592783e-13
1000,1840.00000000000022737,4.21683360669628189166e-12,2.53010016401776927636e-13
1000,1845,4.07810883071266360488e-12,2.44686529842759798118e-13
1000,1850.00000000000022737,3.94402672787042843857e-12,2.3664160367222572247e-13
1000,1855,3.8144452540229160201e-12,2.28866715241374932933e-13
1000,1860,3.68923438007146425163e-12,2.21354062804287842981e-13
1000,1864.99999999999977263,3.56827300220263678677e-12,2.14096380132158195089e-13
1000,1870,3.45144579305307124878e-12,2.07086747583184258771e-13
1000,1875.00000000000022737,3.33864017221152336431e-12,2.00318410332691390752e-13
1000,1880,3.22974362795364830719e-12,1.93784617677218890354e-13
1000,1885,3.12464160396335675843e-12,1.87478496237801393389e-13
1000,1889.99999999999977263,3.02321608141566480475e-12,1.81392964884939891314e-13
1000,1895,2.92534488499431293743e-12,1.75520693099658768168e-13
1000,1900.00000000000022737,2.83090167255892755115e-12,1.6985410035353564802e-13
1000,1905,2.73975654556650463413e-12,1.64385392733990281077e-13
1000,1910,2.65177721549550114298e-12,1.59106632929730072618e-13
1000,1914.99999999999977263,2.56683063891570290073e-12,1.54009838334942170005e-13
1000,1920,2.48478497368465063528e-12,1.49087098421079036098e-13
1000,1925.00000000000022737,2.40551163558141076344e-12,1.44330698134884652874e-13
1000,1930,2.32888720074269932426e-12,1.39733232044561957436e-13
1000,1935,2.25479494405011444906e-12,1.35287696643006867953e-13
1000,1940,2.18312591825668983416e-12,1.30987555095401376923e-13
1000,1945,2.11377960307796135173e-12,1.26826776184677664948e-13
1000,1949.99999999999977263,2.04666422158513196116e-12,1.22799853295107903533e-13
1000,1955,1.98169680143977096296e-12,1.18901808086386257778e-13
1000,1960.00000000000022737,1.91880297729539869811e-12,1.15128178637723912799e-13
1000,1965,1.8579164523872717167e-12,1.11474987143236297449e-13
1000,1970,1.798978027042744076e-12,1.07938681622564643045e-13
1000,1974.99999999999977263,1.7419341826547617175e-12,1.04516050959285692953e-13
1000,1980,1.68673534484851572331e-12,1.01204120690910940369e-13
1000,1985.00000000000022737,1.6333340638901279013e-12,9.80000438334076760972e-14
1000,1990,1.58168337713060027541e-12,9.4901002627836018039e-14
1000,1995,1.53173554452683179531e-12,9.190413267160990166e-14
1000,1999.99999999999977263,1.48344121977133004493e-12,8.90064731862797981521e-14
1000,2005,1.43674901013275686007e-12,8.62049406079654141283e-14
1000,2010.00000000000022737,1.3916053410367834748e-12,8.3496320462206999905e-14
1000,2015,1.34795457809955293154e-12,8.08772746859731758923e-14
1000,2020,1.30573941918069747125e-12,7.83443651508418427215e-14
1000,2025,1.26490158928203572445e-12,7.58940953569221424575e-14
1000,2030,1.22538282076087807493e-12,7.35229692456526875251e-14
1000,2034.99999999999977263,1.18712600299269959627e-12,7.12275601795619712326e-14
1000,2040,1.15007630100329714682e-12,6.90045780601978293142e-14
1000,2045.00000000000022737,1.11418203021427492251e-12,6.6850921812856493836e-14
1000,2050,1.0793951530233623573e-12,6.47637091814017343697e-14
1000,2055,1.04567139728017292055e-12,6.27402838368103691744e-14
1000,2060,1.01297011829281927699e-12,6.07782070975691520756e-14
1000,2065,9.81254072387530793061e-13,5.88752443432518410204e-14
1000,2070,9.50489224898157505761e-13,5.70293534938894493359e-14
1000,2075,9.20644615085784608557e-13,5.52386769051470727269e-14
1000,2080,8.91692212194736704334e-13,5.35015327316841984735e-14
1000,2085,8.63606672758042152899e-13,5.18164003654825248825e-14
1000,2090,8.36364956564715784089e-13,5.01818973938829450259e-14
1000,2095,8.09945837516750929837e-13,4.85967502510050520037e-14
1000,2100,7.84329398967323982411e-13,4.70597639380394394495e-14
1000,2105,7.59496595087707457137e-13,4.5569795705262444399e-14
1000,2110,7.3542889883568462049e-13,4.41257339301410736953e-14
1000,2115,7.12107989287618619676e-13,4.27264793572571126367e-14
1000,2120,6.89515407047267055549e-13,4.13709244228360233329e-14
1000,2125,6.67632148076147514484e-13,4.00579288845688511215e-14
1000,2130,6.46438250174492719885e-13,3.87862950104695624358e-14
1000,2135,6.25912498805992286051e-13,3.75547499283595384253e-14
1000,2140,6.06032387743104422352e-13,3.63619432645862633217e-14
1000,2145,5.86774399827096985489e-13,3.52064639896258178672e-14
1000,2150,5.68114555485264853754e-13,3.40868733291158914777e-14
1000,2155,5.50029074324308147341e-13,3.3001744459458484549e-14
1000,2160,5.32494963826967463358e-13,3.19496978296180442674e-14
1000,2165,5.15490403595676358856e-13,3.09294242157405802692e-14
1000,2170,4.98994899849312045967e-13,2.99396939909587212434e-14
1000,2175,4.82989281824578953601e-13,2.89793569094747359539e-14
1000,2180,4.674556484467681908e-13,2.80473389068060904383e-14
1000,2185,4.52377338037690283812e-13,2.71426402822614145044e-14
1000,2190,4.37738919182066203781e-13,2.62643351509239710909e-14
1000,2195,4.23526141352852000576e-13,2.54115684811711183937e-14
1000,2200,4.09725782904232685087e-13,2.45835469742539590857e-14
1000,2205,3.96325394229790862306e-13,2.37795236537874502238e-14
1000,2210,3.8331301660464113032e-13,2.29987809962784681978e-14
1000,2215,3.70677005757647478593e-13,2.22406203454588484632e-14
1000,2220,3.58406064010488882755e-13,2.15043638406293310721e-14
1000,2225,3.46489489877621545795e-13,2.07893693926572911069e-14
1000,2230,3.34917537584037180944e-13,2.0095052255042228711e-14
1000,2235,3.23681705877899956023e-13,1.94209023526739963516e-14
1000,2240,3.12774789645717642508e-13,1.87664873787430572883e-14
1000,2245,3.02190626290297151458e-13,1.81314375774178285826e-14
1000,2250,2.91923602064760837898e-13,1.75154161238856504001e-14
1000,2255,2.81968085355843460839e-13,1.69180851213506084076e-14
1000,2260,2.72317975785542627732e-13,1.63390785471325567804e-14
1000,2265,2.62966494304902971206e-13,1.57779896582941789035e-14
1000,2270,2.53906227947221517948e-13,1.52343736768332914555e-14
1000,2275,2.45129343095390004735e-13,1.47077605857234009152e-14
1000,2280,2.3662784045351732851e-13,1.41976704272110392057e-14
1000,2285,2.28393754702816670507e-13,1.37036252821689997256e-14
1000,2290,2.20419272196816467746e-13,1.32251563318089878123e-14
1000,2295,2.12696802058369572945e-13,1.2761808123502173367e-14
1000,2300,2.05219051841121547706e-13,1.23131431104672917895e-14
1000,2305,1.97979123535357556038e-13,1.18787474121214525419e-14
1000,2310,1.90970588070482753671e-13,1.14582352842289648416e-14
1000,2315,1.84187460596907341901e-13,1.10512476358144400092e-14
1000,2320,1.77624015311059512214e-13,1.06574409186635707329e-14
1000,2325,1.71274445836897321498e-13,1.0276466750213838217e-14
1000,2330,1.65132461600682217262e-13,9.90794769604093196285e-15
1000,2335,1.5919096522817010088e-13,9.55145791369020491683e-15
1000,2340,1.5344194840993009584e-13,9.20651690459580593974e-15
1000,2345,1.4787667358635438763e-13,8.87260041518126344714e-15
1000,2350,1.4248610808159830858e-13,8.54916648489589864104e-15
1000,2355,1.3726149373471562861e-13,8.23568962408293695927e-15
1000,2360,1.32194905792768565542e-13,7.93169434756611336452e-15
1000,2365,1.27279687065846031389e-13,7.63678122395076213579e-15
1000,2370,1.22510711897090455009e-13,7.35064271382542730056e-15
1000,2375,1.17884497308190982384e-13,7.07306983849145853283e-15
1000,2380,1.13399202792512416131e-13,6.80395216755074471545e-15
1000,2385,1.09054540632074727422e-13,6.54327243792448317199e-15
1000,2390,1.04851578123295610856e-13,6.29109468739773658825e-15
1000,2395,1.00792387992177546094e-13,6.04754327953065286033e-15
1000,2400,9.6879520335138743323e-14,5.81277122010832456782e-15
1000,2405,9.31153297012764937216e-14,5.5869197820765892762e-15
1000,2410,8.95012673617463324017e-14,5.37007604170477950234e-15
1000,2415,8.60372994948406876705e-14,5.16223796969044113401e-15
1000,2420,8.27216032602781255316e-14,4.9632961956166871848e-15
1000,2425,7.95506192939155077668e-14,4.77303715763492999269e-15
1000,2430,7.65194282664398539186e-14,4.59116569598639088802e-15
1000,2435,7.3622317757728779903e-14,4.41733906546372663641e-15
1000,2440,7.08533571985429271225e-14,4.25120143191257578512e-15
1000,2445,6.82068212623042453538e-14,4.09240927573825459501e-15
1000,2450,6.56773814307873246336e-14,3.94064288584723932024e-15
1000,2455,6.32600823578505664454e-14,3.79560494147103417605e-15
1000,2460,6.09501903163777010345e-14,3.65701141898266168342e-15
1000,2465,5.8743019115928073481e-14,3.52458114695568436153e-15
1000,2470,5.66338063038183962385e-14,3.39802837822910352188e-15
1000,2475,5.46176559056202813942e-14,3.27705935433721658388e-15
1000,2480,5.26895180441666677171e-14,3.16137108265000006303e-15
1000,2485,5.08441646744654991894e-14,3.05064988046792980937e-15
1000,2490,4.9076146477311521378e-14,2.94456878863869099869e-15
1000,2495,4.7379759301417398368e-14,2.84278555808504390208e-15
1000,2500,4.57490800625891920363e-14,2.74494480375535134863e-15
1000,2505,4.4178129384249069871e-14,2.65068776305494401871e-15
1000,2510,4.26611783476786369987e-14,2.55967070086071815681e-15
1000,2515,4.11931573996555820199e-14,2.4715894439793347792e-15
1000,2520,3.97700754923607526182e-14,2.38620452954164496776e-15
1000,2525,3.83893408220861929307e-14,2.30336044932517163895e-15
1000,2530,3.70498987202810520419e-14,2.22299392321686309096e-15
1000,2535,3.57521558806473225833e-14,2.145129352838839355e-15
1000,2540,3.44977195504693155306e-14,2.06986317302815883717e-15
1000,2545,3.32890217103977661499e-14,1.99734130262386574812e-15
1000,2550,3.21289086482236591128e-14,1.92773451889341929433e-15
1000,2555,3.10202586333846826072e-14,1.86121551800308097221e-15
1000,2560,2.99656599992679523466e-14,1.79793959995607726701e-15
1000,2565,2.89671566481083566522e-14,1.73802939888650140702e-15
1000,2570,2.80260583145603823992e-14,1.68156349887362280196e-15
1000,2575,2.71428176589176946477e-14,1.62856905953506167886e-15
1000,2580,2.63169853718138753529e-14,1.5790191223088325054e-15
1000,2585,2.55472566636026243365e-14,1.53283539981615746019e-15
1000,2590,2.48316119218792308171e-14,1.48989671531275377803e-15
1000,2595,2.41675340494706176672e-14,1.45005204296823706003e-15
1000,2600,2.35522647880953668965e-14,1.41313588728572198223e-15
1000,2605,2.29830527949204864622e-14,1.3789831676952290694e-15
1000,2610,2.24573523992734905839e-14,1.34744114395640945081e-15
1000,2615,2.19729502177615430645e-14,1.3183770130656926312e-15
1000,2620,2.15280172266969348754e-14,1.29168103360181595842e-15
1000,2625,2.11210965279997948808e-14,1.26726579167998771651e-15
1000,2630,2.0751037949393565568e-14,1.24506227696361397352e-15
1000,2635,2.04168838133729300699e-14,1.22501302880237583575e-15
1000,2640,2.01177051093888396404e-14,1.20706230656333033898e-15
1000,2645,1.98523923786184271669e-14,1.19114354271710558268e-15
1000,2650,1.9619422829692969711e-14,1.1771653697815782221e-15
1000,2655,1.94166472807129805422e-14,1.16499883684277888775e-15
1000,2660,1.92411545005143111392e-14,1.15446927003085859736e-15
1000,2665,1.9089264525309791659e-14,1.14535587151858750743e-15
1000,2670,1.89566734074230752337e-14,1.13740040444538446669e-15
1000,2675,1.88387284062710783956e-14,1.13032370437626475896e-15
1000,2680,1.87307721310344814943e-14,1.123846327862068795e-15
1000,2685,1.86284742154047641196e-14,1.11770845292428573673e-15
1000,2690,1.85280791405209507942e-14,1.1116847484312570871e-15
1000,2695,1.84265347014970394945e-14,1.10559208208982240911e-15
1000,2700,1.83215114143704743368e-14,1.09929068486222843654e-15
1000,2705,1.82113580457238048503e-14,1.09268148274342824369e-15
1000,2710,1.80950467023864733082e-14,1.08570280214318831172e-15
1000,2715,1.79721401463220458467e-14,1.0783284087793227508e-15
1000,2720,1.78427767122181756944e-14,1.07056660273309043122e-15
1000,2725,1.7707635654336452736e-14,1.06245813926018716416e-15
1000,2730,1.75678370270817929402e-14,1.05407022162490747386e-15
1000,2735,1.74247521397922954858e-14,1.04548512838753778437e-15
1000,2740,1.72797441567631572399e-14,1.03678464940578934762e-15
1000,2745,1.71339026621054537032e-14,1.02803415972632709597e-15
1000,2750,1.69878582257334057858e-14,1.0192714935440043787e-15
1000,2755,1.68417492072387814578e-14,1.01050495243432678492e-15
1000,2760,1.66953655887031416259e-14,1.00172193532218842655e-15
1000,2765,1.65484316145169318398e-14,9.92905896871015902501e-16
1000,2770,1.64009370537181901324e-14,9.84056223223091352723e-16
1000,2775,1.62534085084886784291e-14,9.7520451050932067419e-16
1000,2780,1.61070353548773052772e-14,9.66422121292638371854e-16
1000,2785,1.59636195185101168031e-14,9.57817171110607063409e-16
1000,2790,1.58253806641231794018e-14,9.49522839847390693109e-16
1000,2795,1.56946925742671976861e-14,9.41681554456031758614e-16
1000,2800,1.55738357241384248891e-14,9.34430143448305524898e-16
1000,2805,1.54648246783453613475e-14,9.27889480700721743961e-16
1000,2810,1.5369322403517887931e-14,9.2215934421107332319e-16
1000,2815,1.52886104022505930247e-14,9.17316624135035613039e-16
1000,2820,1.52235640808547868641e-14,9.13413844851287180293e-16
1000,2825,1.51745946221707490624e-14,9.10475677330244967411e-16
1000,2830,1.5141553503865093667e-14,9.08493210231905493805e-16
1000,2835,1.51236344640878124917e-14,9.07418067845268654839e-16
1000,2840,1.51193294269479653888e-14,9.07159765616877962769e-16
1000,2845,1.51264873713677750324e-14,9.07589242282066486167e-16
1000,2850,1.514249048940332175e-14,9.08549429364199257671e-16
1000,2855,1.5164515408729013913e-14,9.09870924523740771674e-16
1000,2860,1.51898104112729948307e-14,9.11388624676379729288e-16
1000,2865,1.52159101696494743337e-14,9.12954610178968412688e-16
1000,2870,1.52407324221346361221e-14,9.14443945328078183101e-16
1000,2875,1.52625464394849165541e-14,9.15752786369094953805e-16
1000,2880,1.52798510232588670301e-14,9.16791061395532077025e-16
1000,2885,1.52912297065816746317e-14,9.17473782394900462127e-16
1000,2890,1.52952512400715133679e-14,9.17715074404290849406e-16
1000,2895,1.52904560526526444799e-14,9.17427363159158645126e-16
1000,2900,1.52754277513146463755e-14,9.16525665078878711534e-16
1000,2905,1.52489118520791596474e-14,9.14934711124749594621e-16
1000,2910,1.52099275749703233152e-14,9.12595654498219454135e-16
1000,2915,1.51578282540105656319e-14,9.0946969524063395369e-16
1000,2920,1.50922949727033573377e-14,9.05537698362201440263e-16
1000,2925,1.50132808838148018779e-14,9.00796853028887986455e-16
1000,2930,1.49209439983041272426e-14,8.95256639898247681885e-16
1000,2935,1.48156049981862157746e-14,8.88936299891172970144e-16
1000,2940,1.4697745747781534032e-14,8.81864744866891978813e-16
1000,2945,1.45680354536461624263e-14,8.74082127218769714025e-16
1000,2950,1.44273500759298110433e-14,8.65641004555788595548e-16
1000,2955,1.42767481140954536862e-14,8.5660488684572720934e-16
1000,2960,1.41173843201986239946e-14,8.47043059211917400232e-16
1000,2965,1.39503738211446612593e-14,8.37022429268679691335e-16
1000,2970,1.37766477383072480162e-14,8.26598864298434806029e-16
1000,2975,1.35968535547944948324e-14,8.15811213287669642611e-16
1000,2980,1.34113427446379540799e-14,8.04680564678277169851e-16
1000,2985,1.32202583893330641268e-14,7.93215503359983835775e-16
1000,2990,1.30236992205445498323e-14,7.81421953232672934717e-16
1000,2995,1.2821908988719189172e-14,7.69314539323151370044e-16
1000,3000,1.26154326881066891366e-14,7.56925961286401289029e-16
2000,5,2.57913924852469072151e-09,1.03165569940987635581e-10
2000,10,1.02951653342542426312e-08,4.11806613370169709384e-10
2000,15,2.30806429156805985075e-08,9.23225716627223977522e-10
2000,20,4.08168514884431004576e-08,1.63267405953772411756e-09
2000,25,6.33334612812083013023e-08,2.53333845124833195283e-09
2000,30,9.04111063472647963369e-08,3.61644425389059198583e-09
2000,35,1.21786218281987617279e-07,4.87144873127950498894e-09
2000,40,1.57157095249987198964e-07,6.286283809999488124e-09
2000,45,1.96190765241646940022e-07,7.84763060966587832879e-09
2000,50,2.38529925366674949664e-07,9.54119701466699831743e-09
2000,55,2.83799756306133220238e-07,1.13519902522453295375e-08
2000,60,3.31614535472441549155e-07,1.32645814188976629588e-08
2000,65,3.81583750475647914311e-07,1.52633500190259165724e-08
2000,70,4.33317180775385824392e-07,1.73326872310154348286e-08
2000,75,4.86429816312583602325e-07,1.94571926525033458136e-08
2000,80,5.40546372410169909056e-07,2.16218548964067953035e-08
2000,85,5.95304410757110923542e-07,2.38121764302844372064e-08
2000,90,6.50357266625549756705e-07,2.6014290665021991724e-08
2000,95,7.05376586790933780697e-07,2.82150634716373501691e-08
2000,100,7.6005400021887197457e-07,3.04021600087548808357e-08
2000,105,8.1410245633635782175e-07,3.25640982534543115465e-08
2000,110,8.6725722746551935295e-07,3.46902890986207717357e-08
2000,115.000000000000014211,9.19276423488684916989e-07,3.67710569395473980031e-08
2000,120,9.69941210087302425733e-07,3.8797648403492099941e-08
2000,124.999999999999985789,1.01905551518841253048e-06,4.07622206075365009545e-08
2000,130,1.06644552091565407589e-06,4.26578208366261609178e-08
2000,135,1.11195940313059629819e-06,4.4478376125223852457e-08
2000,140,1.15546679891071546631e-06,4.62186719564286183877e-08
2000,145,1.19685779243471183636e-06,4.78743116973884758365e-08
2000,150,1.23604181965104569951e-06,4.94416727860418319508e-08
2000,155,1.27294649595276057029e-06,5.09178598381104257232e-08
2000,160,1.30751660429610711506e-06,5.23006641718442824849e-08
2000,165,1.33971313915565265542e-06,5.35885255662261083345e-08
2000,170,1.36951207507016211683e-06,5.47804830028064881142e-08
2000,175,1.39690311276828935743e-06,5.58761245107315750911e-08
2000,180,1.42188854466451878241e-06,5.68755417865807502377e-08
2000,185,1.44448216300300790604e-06,5.77792865201203191534e-08
2000,190,1.46470818784659681035e-06,5.85883275138638763846e-08
2000,195,1.48260015154730464106e-06,5.93040060618921893481e-08
2000,200,1.49819981463382402985e-06,5.99279925853529606646e-08
2000,205,1.51155623243200152741e-06,6.04622492972800621554e-08
2000,210,1.52272489388565344816e-06,6.09089957554261368676e-08
2000,214.999999999999971578,1.53176684336070558621e-06,6.12706737344282266246e-08
2000,220,1.5387478267130698556e-06,6.15499130685227889301e-08
2000,225,1.5437374993249323322e-06,6.17494999729972975232e-08
2000,230.000000000000028422,1.54680869299667183764e-06,6.18723477198668729763e-08
2000,235,1.54803677047747736236e-06,6.19214708190990976708e-08
2000,240,1.54749907835309039306e-06,6.1899963134123620487e-08
2000,245.000000000000028422,1.54527442260786643762e-06,6.18109769043146643868e-08
2000,249.999999999999971578,1.54144251605564502093e-06,6.1657700642225799249e-08
2000,255,1.53608347016012624713e-06,6.14433388064050498852e-08
2000,260,1.52927739769252479433e-06,6.11710959077009933613e-08
2000,265,1.52110406825068794555e-06,6.08441627300275125281e-08
2000,270,1.51164254947175704862e-06,6.04657019788702845916e-08
2000,275,1.50097087947685671778e-06,6.00388351790742755934e-08
2000,280,1.48916583867611485728e-06,5.95666335470445942912e-08
2000,285,1.47630278410648251544e-06,5.90521113642593032646e-08
2000,290,1.46245545822189909625e-06,5.84982183288759625265e-08
2000,295,1.44769576521777631635e-06,5.79078306087110526539e-08
2000,300,1.43209358660515511148e-06,5.72837434642062086942e-08
2000,305,1.41571667503809158402e-06,5.66286670015236668017e-08
2000,310,1.39863059402804468706e-06,5.59452237611217874824e-08
2000,315,1.38089866302278783773e-06,5.52359465209115132446e-08
2000,320,1.36258190123154236197e-06,5.45032760492616928906e-08
2000,325,1.34373897729340668947e-06,5.37495590917362654612e-08
2000,330,1.32442616812320647883e-06,5.29770467249282575651e-08
2000,335,1.30469733483465974834e-06,5.21878933933863928453e-08
2000,340,1.2846039265525621575e-06,5.13841570621024894762e-08
2000,345,1.26419500994817683877e-06,5.05678003979270746096e-08
2000,350,1.24351730750970888442e-06,4.97406923003883593474e-08
2000,355,1.22261522888362807883e-06,4.89046091553451258001e-08
2000,360,1.20153089451324468563e-06,4.80612357805297913956e-08
2000,365,1.18030416449238302311e-06,4.72121665796953196009e-08
2000,370,1.15897268569216647915e-06,4.63589074276866602246e-08
2000,375,1.13757195555904083126e-06,4.55028782223616348386e-08
2000,380,1.11613538639393853876e-06,4.46454154557575423443e-08
2000,385,1.09469435745220743153e-06,4.3787774298088300173e-08
2000,390,1.07327826176468438196e-06,4.29311304705873758079e-08
2000,395,1.05191456726638894761e-06,4.20765826906555568455e-08
2000,400,1.03062890173426199337e-06,4.12251560693704799996e-08
2000,405,1.00944514853857415171e-06,4.037780594154296448e-08
2000,410,9.88385528827565750025e-07,3.95354211531026294716e-08
2000,415,9.67470656251791890132e-07,3.8698826250071673223e-08
2000,420,9.46719571748781812507e-07,3.78687828699512730297e-08
2000,425,9.26149779754204234772e-07,3.70459911901681678027e-08
2000,429.999999999999943157,9.05777304057229691063e-07,3.62310921622891881719e-08
2000,435,8.85616766802536169107e-07,3.54246706721014483524e-08
2000,440,8.65681480248276237896e-07,3.46272592099310505746e-08
2000,444.999999999999943157,8.45983536239010593343e-07,3.38393414495604229396e-08
2000,450,8.26533882757008833289e-07,3.30613553102803559785e-08
2000,455,8.07342384468541986304e-07,3.22936953787416799816e-08
2000,460.000000000000056843,7.88417869963669239213e-07,3.1536714798546770892e-08
2000,465,7.69768171183423898924e-07,3.07907268473369588686e-08
2000,470,7.51400161152174624105e-07,3.00560064460869865524e-08
2000,475.000000000000056843,7.33319795293955745537e-07,2.93327918117582319391e-08
2000,480,7.15532159150205145503e-07,2.86212863660082078054e-08
2000,485,6.98041521994702005306e-07,2.79216608797880795505e-08
2000,490.000000000000056843,6.80851393269073762794e-07,2.72340557307629499824e-08
2000,495,6.6396457831842134492e-07,2.65585831327368548556e-08
2000,499.999999999999943157,6.47383231338688650179e-07,2.58953292535475471983e-08
2000,505,6.31108905101660672289e-07,2.52443562040664284798e-08
2000,510,6.15142597584683747184e-07,2.46057039033873496226e-08
2000,515,5.99484794938067857775e-07,2.39793917975227148404e-08
2000,520,5.84135509397682924284e-07,2.33654203759073185595e-08
2000,525,5.69094310873166229712e-07,2.27637724349266506443e-08
2000,530,5.54360352256090884434e-07,2.2174414090243634848e-08
2000,535,5.39932390294759080297e-07,2.15972956117903641383e-08
2000,540,5.25808805025046209319e-07,2.10323522010018471816e-08
2000,545,5.11987620652271395702e-07,2.04795048260908578133e-08
2000,550,4.98466529593037516471e-07,1.99386611837215010559e-08
2000,555,4.85242919930272010008e-07,1.94097167972108814591e-08
2000,560,4.72313905455158186251e-07,1.88925562182063279794e-08
2000,565,4.59676357012722028776e-07,1.83870542805088820775e-08
2000,570,4.47326933772219464751e-07,1.78930773508887799135e-08
2000,575,4.35262113110340424153e-07,1.74104845244136160397e-08
2000,580,4.23478217893727989302e-07,1.69391287157491185133e-08
2000,585,4.1197144017477517512e-07,1.64788576069910087253e-08
2000,590,4.00737860628483934669e-07,1.60295144251393581809e-08
2000,595,3.89773463412693607018e-07,1.55909385365077444131e-08
2000,600,3.79074146496355719065e-07,1.51629658598542304832e-08
2000,605,3.68635727989164925544e-07,1.47454291195665968894e-08
2000,610,3.58453949647243618641e-07,1.43381579858897444809e-08
2000,615,3.48524479383774371082e-07,1.39409791753509745124e-08
2000,620,3.38842914890492319666e-07,1.35537165956196923234e-08
2000,625,3.29404790072624164654e-07,1.31761916029049671817e-08
2000,630,3.20205584999321002636e-07,1.28082233999728400393e-08
2000,635,3.11240738889917011129e-07,1.24496295555966800481e-08
2000,640,3.02505664859103558333e-07,1.21002265943641424657e-08
2000,645,2.93995764977907900571e-07,1.17598305991163160228e-08
2000,650,2.85706444576302688562e-07,1.14282577830521074763e-08
2000,655,2.77633125210322925017e-07,1.1105325008412916736e-08
2000,660,2.69771256054416906727e-07,1.07908502421766762029e-08
2000,665,2.6211632354247348603e-07,1.04846529416989401029e-08
2000,670,2.54663859005569031123e-07,1.01865543602227611126e-08
2000,675,2.47409444047557099606e-07,9.89637776190228385189e-09
2000,680,2.40348713543655810161e-07,9.61394854174623326671e-09
2000,685,2.33477356433340640815e-07,9.33909425733362569876e-09
2000,690,2.26791114773052691578e-07,9.07164459092210733226e-09
2000,695,2.20285781706284491051e-07,8.8114312682513791788e-09
2000,700,2.13957199047283147923e-07,8.55828796189132638012e-09
2000,705,2.07801255094988889536e-07,8.31205020379955624318e-09
2000,710,2.0181388314970278549e-07,8.07255532598811175048e-09
2000,715,1.95991061077792492643e-07,7.83964244311170016892e-09
2000,720,1.90328812139652455608e-07,7.61315248558609895226e-09
2000,725,1.84823207162944148118e-07,7.3929282865177657262e-09
2000,730,1.7947036796846482096e-07,7.17881471873859287147e-09
2000,735,1.74266471763087794787e-07,6.97065887052351198999e-09
2000,740,1.69207756066797816099e-07,6.76831024267191290865e-09
2000,745,1.64290523688144695844e-07,6.57162094752578780067e-09
2000,750,1.59511147330342090378e-07,6.38044589321368344967e-09
2000,755,1.5486607352740517575e-07,6.19464294109620693072e-09
2000,760,1.50351825713530147912e-07,6.01407302854120634663e-09
2000,765,1.45965006273240486279e-07,5.83860025092961964967e-09
2000,770,1.41702297422437961747e-07,5.66809189689751870148e-09
2000,775,1.37560460807311439762e-07,5.50241843229245739194e-09
2000,780,1.33536335817101697721e-07,5.34145343268406767722e-09
2000,785,1.29626836804768002291e-07,5.18507347219072055487e-09
2000,790,1.25828949601230505734e-07,5.03315798404922003084e-09
2000,795,1.2213972782322861771e-07,4.88558911292914441061e-09
2000,800,1.1855628943822720827e-07,4.7422515775290880992e-09
2000,805,1.15075813884432112938e-07,4.60303255537728481531e-09
2000,810,1.11695539829464959534e-07,4.46782159317859808357e-09
2000,815,1.08412763476228280188e-07,4.33651053904913094281e-09
2000,820,1.05224837260347297716e-07,4.20899349041389180939e-09
2000,825,1.02129168828264405899e-07,4.08516675313057593816e-09
2000,830,9.91232202853688783048e-08,3.9649288114147548675e-09
2000,835,9.62045077980415990843e-08,3.84818031192166399646e-09
2000,840,9.33706016510063006318e-08,3.73482406604025235614e-09
2000,845,9.06191268053714922595e-08,3.6247650722148598889e-09
2000,850,8.794776388240376101e-08,3.51791055529615050657e-09
2000,855,8.53542503755974422894e-08,3.41417001502389784047e-09
2000,859.999999999999886313,8.28363818170246680852e-08,3.31345527268098673995e-09
2000,865.000000000000113687,8.03920126150516929554e-08,3.21568050460206768513e-09
2000,870,7.80190563516410660622e-08,3.12076225406564252668e-09
2000,875,7.57154854403706946318e-08,3.02861941761482773564e-09
2000,880,7.3479330169411511212e-08,2.9391732067764605312e-09
2000,885,7.13086772474533961078e-08,2.85234708989813605938e-09
2000,889.999999999999886313,6.92016680156452543258e-08,2.76806672062581032192e-09
2000,895.000000000000113687,6.71564964840450992054e-08,2.68625985936180408402e-09
2000,900,6.51714073120912638142e-08,2.60685629248365078418e-09
2000,905,6.32446938026626545591e-08,2.52978775210650633125e-09
2000,910,6.13746959393960509722e-08,2.45498783757584207198e-09
2000,914.999999999999886313,5.95597984760912796892e-08,2.38239193904365103867e-09
2000,920.000000000000113687,5.77984290891896579054e-08,2.3119371635675864982e-09
2000,925.000000000000113687,5.60890566144606474179e-08,2.24356226457842586363e-09
2000,930,5.44301894044969202591e-08,2.17720757617987700889e-09
2000,935,5.28203738489910051408e-08,2.11281495395964017255e-09
2000,940,5.12581930965490307558e-08,2.0503277238619611806e-09
2000,944.999999999999886313,4.97422660049707616488e-08,1.98969064019883058176e-09
2000,950.000000000000113687,4.82712463281883830022e-08,1.93084985312753532009e-09
2000,955,4.68438221288051192369e-08,1.87375288515220495146e-09
2000,960,4.54587153851174678896e-08,1.81834861540469869904e-09
2000,965,4.41146817465140146583e-08,1.76458726986056055324e-09
2000,970,4.28105103785646018511e-08,1.71242041514258407404e-09
2000,974.999999999999886313,4.15450238351123447113e-08,1.6618009534044939208e-09
2000,980.000000000000113687,4.03170778970363240175e-08,1.61268311588145294416e-09
2000,985,3.91255613279604416581e-08,1.56502245311841775731e-09
2000,990,3.79693955144848517549e-08,1.51877582057939410328e-09
2000,995,3.68475339764863030046e-08,1.47390135905945212018e-09
2000,999.999999999999886313,3.57589617508501990648e-08,1.43035847003400789642e-09
2000,1005.00000000000011369,3.47026946625614052002e-08,1.38810778650245615838e-09
2000,1010,3.36777785026830523776e-08,1.34711114010732216128e-09
2000,1015,3.26832881335533736233e-08,1.30733152534213487049e-09
2000,1020,3.17183265390966847538e-08,1.2687330615638674646e-09
2000,1025,3.0782023837227251818e-08,1.23128095348909001482e-09
2000,1030,2.987353627069493257e-08,1.19494145082779733589e-09
2000,1035,2.8992045193242715573e-08,1.15968180772970858156e-09
2000,1040,2.81367560699759104391e-08,1.1254702427990363762e-09
2000,1045,2.73068975106073899802e-08,1.0922759004242956902e-09
2000,1050,2.65017203523920151229e-08,1.06006881409568069591e-09
2000,1055,2.57204968048446025254e-08,1.02881987219378411756e-09
2000,1060,2.49625196617972232601e-08,9.98500786471889004852e-10
2000,1065,2.42271015803962116803e-08,9.69084063215848492028e-10
2000,1070,2.35135744222892795695e-08,9.40542976891571248953e-10
2000,1075,2.28212886523943535611e-08,9.12851546095774183804e-10
2000,1080,2.21496127916978219238e-08,8.8598451166791293072e-10
2000,1085,2.14979329241440042641e-08,8.59917316965760187109e-10
2000,1090,2.08656522583969541085e-08,8.34626090335878131252e-10
2000,1095,2.0252190744816392011e-08,8.10087629792655734207e-10
2000,1100,1.9656984744233845906e-08,7.86279389769353890007e-10
2000,1105,1.90794867397279922031e-08,7.63179469589119704667e-10
2000,1110,1.85191650774437276306e-08,7.40766603097749072136e-10
2000,1115,1.7975503719160071131e-08,7.19020148766402816289e-10
2000,1120,1.74480019884529250323e-08,6.97920079538116976475e-10
2000,1125,1.69361742952784178813e-08,6.77446971811136682166e-10
2000,1130,1.64395498288356608059e-08,6.57581993153426415692e-10
2000,1135,1.59576722150852409714e-08,6.38306888603409700896e-10
2000,1140,1.54900991413724063648e-08,6.19603965654896254594e-10
2000,1145,1.50364019550484666056e-08,6.01456078201938705581e-10
2000,1150,1.45961652457618518288e-08,5.83846609830474089697e-10
2000,1155,1.41689864210993276582e-08,5.66759456843973114601e-10
2000,1160,1.37544752840206568602e-08,5.50179011360826249594e-10
2000,1165,1.33522536178982189298e-08,5.34090144715928794416e-10
2000,1170,1.29619547819242633198e-08,5.18478191276970570013e-10
2000,1175,1.25832233174648856079e-08,5.03328932698595424315e-10
2000,1180,1.22157145643613534561e-08,4.88628582574454154787e-10
2000,1185,1.18590942862722916716e-08,4.74363771450891695814e-10
2000,1190,1.15130383047798805994e-08,4.60521532191195259132e-10
2000,1195,1.11772321429305192401e-08,4.47089285717220777878e-10
2000,1200,1.0851370679481698616e-08,4.34054827179267969455e-10
2000,1205,1.05351578157233968764e-08,4.21406312628935908145e-10
2000,1210,1.0228306156991530535e-08,4.09132246279661213128e-10
2000,1215,9.93053671112011912193e-09,3.97221468444804787625e-10
2000,1220,9.64157860638257945775e-09,3.85663144255303190718e-10
2000,1225,9.36116883087390701778e-09,3.74446753234956274507e-10
2000,1230,9.08905199443321135141e-09,3.63562079777328454056e-10
2000,1235,8.824980112766156214e-09,3.52999204510646252696e-10
2000,1240,8.56871241153040454851e-09,3.4274849646121620262e-10
2000,1245,8.32001514698624527984e-09,3.32800605879449829805e-10
2000,1250,8.07866143860442522922e-09,3.23146457544177031916e-10
2000,1255,7.84443110905721485083e-09,3.1377724436228857749e-10
2000,1260,7.61711052752247625114e-09,3.04684421100899039706e-10
2000,1265,7.39649245347983832546e-09,2.95859698139193526815e-10
2000,1270,7.18237587950025347316e-09,2.8729503518001015547e-10
2000,1275,6.97456587319194175753e-09,2.78982634927677690981e-10
2000,1280,6.77287341919602215061e-09,2.70914936767840902568e-10
2000,1285,6.5771152622358932963e-09,2.6308461048943573392e-10
2000,1290,6.38711375181228183031e-09,2.55484550072491300096e-10
2000,1295,6.20269668804512616144e-09,2.48107867521805046457e-10
2000,1300,6.02369716753867755821e-09,2.40947886701547089921e-10
2000,1305,5.84995342799751384289e-09,2.33998137119900576463e-10
2000,1310,5.68130869069901544404e-09,2.27252347627960632237e-10
2000,1315,5.51761100085237430453e-09,2.20704440034094964943e-10
2000,1320,5.35871306686640680492e-09,2.14348522674656263925e-10
2000,1325,5.20447210038676542498e-09,2.08178884015470630441e-10
2000,1330,5.05474965963614628397e-09,2.02189986385445854461e-10
2000,1335,4.90941149866039999125e-09,1.96376459946416012058e-10
2000,1340,4.7683274247325375803e-09,1.90733096989301499076e-10
2000,1345,4.63137116509388171404e-09,1.85254846603755276834e-10
2000,1350,4.49842024281674033688e-09,1.79936809712669619679e-10
2000,1355,4.36935586033488413201e-09,1.74774234413395359077e-10
2000,1360,4.24406278813310892745e-09,1.69762511525324363302e-10
2000,1365,4.12242925623949777555e-09,1.64897170249579908954e-10
2000,1370,4.00434684671041226424e-09,1.60173873868416504011e-10
2000,1375,3.88971038645368572059e-09,1.5558841545814742262e-10
2000,1380,3.77841784078001907644e-09,1.51136713631200758922e-10
2000,1385,3.67037020888000935949e-09,1.46814808355200368176e-10
2000,1390,3.56547142272365285799e-09,1.42618856908946129829e-10
2000,1395,3.46362825076806513861e-09,1.38545130030722621054e-10
2000,1400,3.36475020750029440547e-09,1.34590008300011766913e-10
2000,1405,3.26874946931245846058e-09,1.30749978772498352899e-10
2000,1410,3.17554079652365748753e-09,1.27021631860946315011e-10
2000,1415,3.08504146081630175938e-09,1.23401658432652084851e-10
2000,1420,2.99717117693469631578e-09,1.19886847077387846427e-10
2000,1425,2.91185203755191846498e-09,1.16474081502076746871e-10
2000,1430,2.82900845046073407657e-09,1.13160338018429365648e-10
2000,1435,2.74856707776397402376e-09,1.09942683110558958882e-10
2000,1440,2.67045677711447475918e-09,1.06818271084578987782e-10
2000,1445,2.5946085450742014397e-09,1.03784341802968061207e-10
2000,1450,2.52095546249912727243e-09,1.0083821849996509038e-10
2000,1455,2.44943264138794709382e-09,9.79773056555178837528e-11
2000,1460,2.37997717228920527735e-09,9.51990868915682162638e-11
2000,1465,2.3125280712887303965e-09,9.2501122851549216377e-11
2000,1470,2.24702622560567475597e-09,8.98810490242269912729e-11
2000,1475,2.18341433727398566532e-09,8.73365734909594281637e-11
2000,1480,2.12163686460549246064e-09,8.48654745842196994597e-11
2000,1485,2.06163996168738450263e-09,8.2465598467495384758e-11
2000,1490,2.00337141653281124905e-09,8.01348566613124535808e-11
2000,1495,1.94678058896825236327e-09,7.7871223558730091946e-11
2000,1500,1.89181834968853018519e-09,7.56727339875412094755e-11
2000,1505,1.83843702204642443855e-09,7.35374808818569842627e-11
2000,1510,1.7865903280766610967e-09,7.1463613123066448004e-11
2000,1515,1.7362333397991556877e-09,6.94493335919662342289e-11
2000,1520,1.68732243634027548508e-09,6.74928974536110261241e-11
2000,1525,1.63981526678965439972e-09,6.55926106715861790905e-11
2000,1530,1.5936707181662189992e-09,6.37468287266487553151e-11
2000,1535,1.54884888746987133091e-09,6.19539554987948516856e-11
2000,1540,1.50531105646829572567e-09,6.02124422587318259248e-11
2000,1545,1.46301966770914951322e-09,5.85207867083659758757e-11
2000,1550,1.42193830021642687412e-09,5.68775320086570770329e-11
2000,1555,1.38203164351131521456e-09,5.5281265740452607807e-11
2000,1560,1.34326546898604276842e-09,5.37306187594417125464e-11
2000,1565,1.30560659814924557756e-09,5.22242639259698241365e-11
2000,1570,1.26902286782747484034e-09,5.07609147130989954232e-11
2000,1575,1.23348309284663545153e-09,4.93393237138654162516e-11
2000,1580,1.19895702703924675792e-09,4.79582810815698744527e-11
2000,1585,1.16541532362345922521e-09,4.66166129449383728859e-11
2000,1590,1.1328294960413966407e-09,4.53131798416558689885e-11
2000,1595,1.10117188040529154745e-09,4.4046875216211665517e-11
2000,1600,1.07041560066397431518e-09,4.2816624026558976226e-11
2000,1605,1.04053453741531689135e-09,4.16213814966126761708e-11
2000,1610,1.01150330107571063535e-09,4.04601320430284236045e-11
2000,1615,9.83297209658466933228e-10,3.93318883863386786216e-11
2000,1620,9.55892271030539941135e-10,3.82356908412215981624e-11
2000,1625,9.29265169054034212881e-10,3.71706067621613667058e-11
2000,1630,9.03393252800690577853e-10,3.61357301120276241481e-11
2000,1635,8.78254527849801753937e-10,3.51301811139920737764e-11
2000,1640,8.53827648722039674566e-10,3.41531059488815849147e-11
2000,1645,8.30091911535475935999e-10,3.32036764614190410589e-11
2000,1650,8.07027246088201574568e-10,3.22810898435280658261e-11
2000,1655,7.84614206613243378605e-10,3.13845682645297356612e-11
2000,1660,7.62833960561444913918e-10,3.05133584224577983662e-11
2000,1665,7.41668274852960738463e-10,2.96667309941184285045e-11
2000,1670,7.21099499215471681407e-10,2.8843979968618868678e-11
2000,1675,7.01110546417396540422e-10,2.80444218566958614876e-11
2000,1680,6.81684869494859875478e-10,2.72673947797943963116e-11
2000,1685,6.62806436354460948967e-10,2.65122574541784383464e-11
2000,1690,6.44459702451148402474e-10,2.57783880980459381669e-11
2000,1695,6.26629582507463637731e-10,2.50651833002985462847e-11
2000,1700,6.09301422404601915116e-10,2.43720568961840773801e-11
2000,1705,5.92460972470045700501e-10,2.36984388988018287955e-11
2000,1710,5.76094363311974414805e-10,2.30437745324789784016e-11
2000,1715,5.60188085208766278742e-10,2.24075234083506517959e-11
2000,1719.99999999999977263,5.44728971793434276572e-10,2.17891588717373700289e-11
2000,1725,5.29704188460797714841e-10,2.11881675384319085937e-11
2000,1730.00000000000022737,5.15101225571331774855e-10,2.06040490228532715112e-11
2000,1735,5.00907896110430530237e-10,2.00363158444172227605e-11
2000,1740,4.87112337077438513432e-10,1.94844934830975395033e-11
2000,1744.99999999999977263,4.73703013513573517904e-10,1.89481205405429399407e-11
2000,1750,4.60668723828029342023e-10,1.84267489531211756196e-11
2000,1755.00000000000022737,4.47998604996378338282e-10,1.79199441998551348238e-11
2000,1760,4.3568213628735032471e-10,1.74272854514940141516e-11
2000,1765.00000000000022737,4.23709140446517132985e-10,1.69483656178606844147e-11
2000,1770,4.12069781579238343429e-10,1.64827912631695342542e-11
2000,1775,4.00754559366999294286e-10,1.60301823746799728054e-11
2000,1779.99999999999977263,3.89754299567181724257e-10,1.55901719826872684533e-11
2000,1785,3.79060141021135529127e-10,1.51624056408454210358e-11
2000,1790.00000000000022737,3.68663519638405142028e-10,1.47465407855362049057e-11
2000,1795,3.58556150002594827895e-10,1.43422460001037933097e-11
2000,1800,3.48730005443938597078e-10,1.39492002177575447232e-11
2000,1804.99999999999977263,3.39177297536075484824e-10,1.35670919014430193929e-11
2000,1810,3.29890456013904998977e-10,1.31956182405562009931e-11
2000,1815.00000000000022737,3.2086211007886190748e-10,1.28344844031544772685e-11
2000,1820,3.12085071879705194991e-10,1.24834028751882085751e-11
2000,1825,3.03552322778685582751e-10,1.21420929111474228577e-11
2000,1829.99999999999977263,2.95257002767952759774e-10,1.18102801107181112957e-11
2000,1835,2.87192403198537192661e-10,1.14876961279414875772e-11
2000,1840.00000000000022737,2.79351962796408930161e-10,1.11740785118563568833e-11
2000,1845,2.717292667690033242e-10,1.08691706707601329034e-11
2000,1850.00000000000022737,2.64318048658412899603e-10,1.05727219463365169535e-11
2000,1855,2.57112194434278834463e-10,1.02844877773711542833e-11
2000,1860,2.50105748194102199829e-10,1.00042299277640878639e-11
2000,1864.99999999999977263,2.43292918741193053833e-10,9.7317167496477218302e-12
2000,1870,2.3666808625661765229e-10,9.46672345026470693171e-12
2000,1875.00000000000022737,2.30225808303629490683e-10,9.20903233214518059666e-12
2000,1880,2.23960824444790452693e-10,8.95843297779161817233e-12
2000,1885,2.17868058863517231685e-10,8.71472235454068881505e-12
2000,1889.99999999999977263,2.11942620514935086201e-10,8.47770482059740396504e-12
2000,1895,2.06179800519764049613e-10,8.24719202079056276001e-12
2000,1900.00000000000022737,2.00575066738392262564e-10,8.02300266953569089032e-12
2000,1905,1.95124055698588111783e-10,7.80496222794352460056e-12
2000,1910,1.89822562283931699372e-10,7.59290249135726791024e-12
2000,1914.99999999999977263,1.84666527761151940205e-10,7.38666111044607760822e-12
2000,1920,1.79652026806750583825e-10,7.1860810722700239023e-12
2000,1925.00000000000022737,1.74775254197710179977e-10,6.99101016790840755451e-12
2000,1930,1.70032511758832425205e-10,6.80130047035329713744e-12
2000,1935,1.65420196070685548746e-10,6.61680784282742191753e-12
2000,1940,1.60934787367233099196e-10,6.43739149468932432325e-12
2000,1945,1.56572839998418966946e-10,6.26291359993675913021e-12
2000,1949.99999999999977263,1.52330974796480746623e-10,6.09323899185922992953e-12
2000,1955,1.48205873629891974955e-10,5.9282349451956789659e-12
2000,1960.00000000000022737,1.44194276325909918956e-10,5.767771053036396629e-12
2000,1965,1.4029297999412164324e-10,5.61171919976486602039e-12
2000,1970,1.36498840600118315865e-10,5.45995362400473253765e-12
2000,1974.99999999999977263,1.32808776455334230341e-10,5.3123510582133694075e-12
2000,1980,1.29219773148360567419e-10,5.16879092593442243826e-12
2000,1985.00000000000022737,1.25728889362834542741e-10,5.02915557451338174194e-12
2000,1990,1.22333263005529943744e-10,4.89333052022119787901e-12
2000,1995,1.19030117106729419274e-10,4.76120468426917654479e-12
2000,1999.99999999999977263,1.15816765003276456563e-10,4.63267060013105868257e-12
2000,2005,1.12690614403848800211e-10,4.50762457615395204074e-12
2000,2010.00000000000022737,1.09649170012002781436e-10,4.38596680048011161289e-12
2000,2015,1.06690034484263443902e-10,4.2676013793705381115e-12
2000,2020,1.03810907610312973041e-10,4.15243630441251895395e-12
2000,2025,1.01009583708376868513e-10,4.04038334833507496671e-12
2000,2030,9.82839473580485331445e-11,3.9313578943219413904e-12
2000,2034.99999999999977263,9.56319676831181407272e-11,3.82527870732472601683e-12
2000,2040,9.30516914924021022815e-11,3.72206765969608428513e-12
2000,2045.00000000000022737,9.05412356395445912898e-11,3.62164942558178392624e-12
2000,2050,8.80987789943474719718e-11,3.52395115977389907274e-12
2000,2055,8.57225544285642689776e-11,3.4289021771425707591e-12
2000,2060,8.34108411846170194138e-11,3.33643364738468092195e-12
2000,2065,8.11619579560359450715e-11,3.24647831824143796442e-12
2000,2070,7.89742569344231581527e-11,3.15897027737692648767e-12
2000,2075,7.68461190016101461877e-11,3.07384476006440594444e-12
2000,2080,7.4775950175887175407e-11,2.99103800703548716168e-12
2000,2085,7.27621793488264848466e-11,2.91048717395305958773e-12
2000,2090,7.08032573019143094114e-11,2.8321302920765723603e-12
2000,2095,6.88976569389486688401e-11,2.75590627755794697978e-12
2000,2100,6.70438746214889917057e-11,2.68175498485955952282e-12
2000,2105,6.52404324430231531229e-11,2.60961729772092636725e-12
2000,2110,6.34858812195866602594e-11,2.53943524878346653962e-12
2000,2115,6.17788039345984478253e-11,2.47115215738393805842e-12
2000,2120,6.01178193481519278884e-11,2.40471277392607697013e-12
2000,2125,5.8501585487008681728e-11,2.3400634194803473499e-12
2000,2130,5.69288027622175863867e-11,2.27715211048870332622e-12
2000,2135,5.53982165078136888212e-11,2.21592866031254779519e-12
2000,2140,5.39086187880776215453e-11,2.15634475152310486181e-12
2000,2145,5.24588493662851978786e-11,2.09835397465140810901e-12
2000,2150,5.10477957768389895403e-11,2.04191183107355948468e-12
2000,2155,4.96743924894118690153e-11,1.98697569957647466368e-12
2000,2160,4.83376192098931642536e-11,1.93350476839572669939e-12
2000,2165,4.70364984266974493978e-11,1.88145993706789820209e-12
2000,2170,4.57700923683085222981e-11,1.83080369473234094039e-12
2000,2175,4.45374995820659615372e-11,1.78149998328263845341e-12
2000,2180,4.33378513494908036239e-11,1.73351405397963223381e-12
2000,2185,4.21703081305267402157e-11,1.68681232522106956016e-12
2000,2190,4.10340561740309958331e-11,1.64136224696123980909e-12
2000,2195,3.99283043736046552749e-11,1.59713217494418623523e-12
2000,2200,3.8852281401910889525e-11,1.55409125607643566986e-12
2000,2205,3.7805233132449727782e-11,1.51220932529798907897e-12
2000,2210,3.67864203639637131439e-11,1.47145681455854846113e-12
2000,2215,3.57951168751238844987e-11,1.43180467500495550112e-12
2000,2220,3.48306078544853460028e-11,1.39322431417941379164e-12
2000,2225,3.38921887478562229929e-11,1.35568754991424892779e-12
2000,2230,3.29791645492525482125e-11,1.31916658197010188811e-12
2000,2235,3.20908495371151336816e-11,1.28363398148460539573e-12
2000,2240,3.12265674282213030539e-11,1.24906269712885213023e-12
2000,2245,3.03856519075596926433e-11,1.2154260763023877542e-12
2000,2250,2.9567447479780905374e-11,1.18269789919123627151e-12
2000,2255,2.87713105846832759855e-11,1.15085242338733109597e-12
2000,2260,2.7996610913300704285e-11,1.11986443653202821179e-12
2000,2265,2.72427328465137699705e-11,1.08970931386055076651e-12
2000,2270,2.65090769274680260496e-11,1.06036307709872109045e-12
2000,2275,2.57950612639174669473e-11,1.03180245055669871828e-12
2000,2280,2.51001227586957950127e-11,1.00400491034783192168e-12
2000,2285,2.4423718079894863648e-11,9.7694872319579454592e-13
2000,2290,2.37653243053208275919e-11,9.50612972212833127911e-13
2000,2295,2.31244392112720680658e-11,9.24977568450882698399e-13
2000,2300,2.25005812002583833963e-11,9.00023248010335372202e-13
2000,2305,2.18932888879522695515e-11,8.75731555518090798215e-13
2000,2310,2.13021203840208120362e-11,8.52084815360832513759e-13
2000,2315,2.0726652312641880925e-11,8.29066092505675281427e-13
2000,2320,2.01664786319851512487e-11,8.06659145279406090338e-13
2000,2325,1.96212093171067277284e-11,7.84848372684269105096e-13
2000,2330,1.90904689768630100148e-11,7.63618759074520404633e-13
2000,2335,1.85738954662347685855e-11,7.42955818649390731303e-13
2000,2340,1.80711385383047664041e-11,7.22845541532190692515e-13
2000,2345,1.75818585565669100811e-11,7.03274342262676423438e-13
2000,2350,1.71057252637740715501e-11,6.84229010550962890275e-13
2000,2355,1.66424165955924611442e-11,6.65696663823698474041e-13
2000,2360,1.61916175314185695692e-11,6.47664701256742790846e-13
2000,2365,1.57530189968866651288e-11,6.30120759875466665738e-13
2000,2370,1.53263168588602339258e-11,6.13052674354409389343e-13
2000,2375,1.49112110719468105718e-11,5.96448442877872398639e-13
2000,2380,1.45074050385491415243e-11,5.80296201541965624622e-13
2000,2385,1.41146052243902211171e-11,5.64584208975608897192e-13
2000,2390,1.37325210403029361671e-11,5.49300841612117450721e-13
2000,2395,1.33608649663209840513e-11,5.34434598652839341858e-13
2000,2400,1.29993528686972948815e-11,5.19974114747891795261e-13
2000,2405,1.26477044536113696426e-11,5.05908178144454769548e-13
2000,2410,1.23056438059792296514e-11,4.92225752239169218368e-13
2000,2415,1.19728999775575144097e-11,4.78915999102300580426e-13
2000,2420,1.16492076001807418176e-11,4.65968304007229636352e-13
2000,2425,1.13343075049822216861e-11,4.53372300199288863406e-13
2000,2430,1.10279473236305553901e-11,4.41117892945222217623e-13
2000,2435,1.07298820384846695424e-11,4.29195281539386775638e-13
2000,2440,1.0439874443106782623e-11,4.17594977724271319057e-13
2000,2445,1.01576954767342039839e-11,4.06307819069368169455e-13
2000,2450,9.88312440991504051275e-12,3.95324976396601638685e-13
2000,2455,9.61594887781642053007e-12,3.84637955112656845437e-13
2000,2460,9.35596477699705147027e-12,3.7423859107988206083e-13
2000,2465,9.102976055195358449e-12,3.64119042207814362194e-13
2000,2470,8.85679442800703497676e-12,3.54271777120281386954e-13
2000,2475,8.61723905333798154184e-12,3.44689562133519273791e-13
2000,2480,8.38413618507137316262e-12,3.35365447402854938622e-13
2000,2485,8.15731881768938254155e-12,3.26292752707575289545e-13
2000,2490,7.93662632344227247184e-12,3.17465052937690929166e-13
2000,2495,7.72190407658910117203e-12,3.08876163063564046881e-13
2000,2500,7.51300305435403977836e-12,3.00520122174161587095e-13
2000,2505,7.30977940124284254209e-12,2.92391176049713705722e-13
2000,2510,7.11209394586064250776e-12,2.8448375783442570233e-13
2000,2515,6.91981166466965307105e-12,2.76792466586786116783e-13
2000,2520,6.73280109911351641119e-12,2.69312043964540640292e-13
2000,2525,6.55093374640006269852e-12,2.62037349856002513999e-13
2000,2530,6.37408345713949422616e-12,2.54963338285579762988e-13
2000,2535,6.20212588120023849642e-12,2.48085035248009535818e-13
2000,2540,6.03493800105185444629e-12,2.4139752004207418391e-13
2000,2545,5.87239778257557473387e-12,2.34895911303023005511e-13
2000,2550,5.71438395896135364833e-12,2.28575358358454166128e-13
2000,2555,5.56077594924099004035e-12,2.22431037969639603634e-13
2000,2560,5.41145390547929098596e-12,2.1645815621917163338e-13
2000,2565,5.26629887857660380458e-12,2.10651955143064152183e-13
2000,2570,5.12519309291019868712e-12,2.05007723716407945465e-13
2000,2575,4.98802031769195599185e-12,1.9952081270767825482e-13
2000,2580,4.85466631346131700077e-12,1.94186652538452674982e-13
2000,2585,4.72501931866571987332e-12,1.89000772746628790894e-13
2000,2590,4.5989705243710075424e-12,1.83958820974840294628e-13
2000,2595,4.47641447672460217281e-12,1.79056579068984093981e-13
2000,2600,4.35724935170197446228e-12,1.74289974068078973442e-13
2000,2605,4.24137706850571108011e-12,1.69655082740228446234e-13
2000,2610,4.12870324256061123625e-12,1.65148129702424454499e-13
2000,2615,4.01913701458677884634e-12,1.60765480583471147795e-13
2000,2620,3.91259081787686063915e-12,1.56503632715074432634e-13
2000,2625,3.8089801507381563878e-12,1.52359206029526266619e-13
2000,2630,3.70822340470779391713e-12,1.48328936188311750627e-13
2000,2635,3.61024176827750880406e-12,1.44409670731100367308e-13
2000,2640,3.51495919149067766736e-12,1.40598367659627110734e-13
2000,2645,3.42230237445187311499e-12,1.36892094978074935707e-13
2000,2650,3.3322007369838521215e-12,1.33288029479354093948e-13
2000,2655,3.24458633974326527008e-12,1.29783453589730608784e-13
2000,2660,3.15939374959267945871e-12,1.26375749983707190465e-13
2000,2665,3.0765598631685035922e-12,1.23062394526740140659e-13
2000,2670,2.99602371329839217608e-12,1.19840948531935676946e-13
2000,2675,2.91772627861834103948e-12,1.16709051144733650667e-13
2000,2680,2.84161030256755631982e-12,1.13664412102702261376e-13
2000,2685,2.76762011134852090506e-12,1.10704804453940835698e-13
2000,2690,2.69570141210422913704e-12,1.07828056484169163967e-13
2000,2695,2.62580105680532372907e-12,1.05032042272212945629e-13
2000,2700,2.55786677270289080395e-12,1.02314670908115633672e-13
2000,2705,2.49184688095169329288e-12,9.96738752380677286861e-14
2000,2710,2.4276900400182202597e-12,9.71076016007288113979e-14
2000,2715,2.36534505498535836434e-12,9.4613802199414340632e-14
2000,2720,2.30476078385435252404e-12,9.2190431354174098942e-14
2000,2725,2.24588615238963394772e-12,8.9835446095585365482e-14
2000,2730,2.18867026746068973168e-12,8.75468106984275917917e-14
2000,2735,2.13306260180732793014e-12,8.5322504072293119225e-14
2000,2740,2.07901321688518359381e-12,8.31605286754073482963e-14
2000,2745,2.02647299261098830999e-12,8.10589197044395318946e-14
2000,2750,1.97539384131423837284e-12,7.90157536525695344088e-14
2000,2755,1.92572889188001290542e-12,7.70291556752005212654e-14
2000,2760,1.87743263564792959923e-12,7.5097305425917188008e-14
2000,2765,1.83046102863709381037e-12,7.3218441145483759483e-14
2000,2770,1.78477154625693478802e-12,7.13908618502773889963e-14
2000,2775,1.74032319114999687743e-12,6.96129276459998766118e-14
2000,2780,1.69707646270804344874e-12,6.7883058508321736435e-14
2000,2785,1.65499330658145253287e-12,6.61997322632581018195e-14
2000,2790,1.61403707000541922634e-12,6.45614828002167690535e-14
2000,2795,1.57417248865110337743e-12,6.29668995460441340875e-14
2000,2800,1.53536572123758039981e-12,6.14146288495032180118e-14
2000,2805,1.49758443083139763722e-12,5.99033772332559019547e-14
2000,2810,1.46079789235639392378e-12,5.84319156942557569513e-14
2000,2815,1.42497709205812927563e-12,5.69990836823251685009e-14
2000,2820,1.39009478145281810304e-12,5.56037912581127228593e-14
2000,2825,1.35612545832200281867e-12,5.42450183328801137567e-14
2000,2830,1.32304526603606705726e-12,5.29218106414426805235e-14
2000,2835,1.29083182332440623113e-12,5.16332729329762515169e-14
2000,2840,1.25946401125623505602e-12,5.03785604502494009786e-14
2000,2845,1.22892174788888500742e-12,4.91568699155554038311e-14
2000,2850,1.19918577356370653287e-12,4.79674309425482620721e-14
2000,2855,1.17023745654187380473e-12,4.68094982616749506744e-14
2000,2860,1.14205861606232408014e-12,4.56823446424929659823e-14
2000,2865,1.11463135476219191709e-12,4.45852541904876802177e-14
2000,2870,1.0879378961829471e-12,4.35175158473178834953e-14
2000,2875,1.06196043365784147604e-12,4.24784173463136610613e-14
2000,2880,1.0366810073015906703e-12,4.14672402920636305985e-14
2000,2885,1.01208143007949811797e-12,4.04832572031799254762e-14
2000,2890,9.8814327760355374514e-13,3.95257311041421493007e-14
2000,2895,9.64847941525024201283e-13,3.85939176610009708281e-14
2000,2900,9.42176728214604662527e-13,3.76870691285841877633e-14
2000,2905,9.2011097164221596679e-13,3.68044388656886376619e-14
2000,2910,8.98632127086406174911e-13,3.59452850834562497732e-14
2000,2915,8.77721822688772816206e-13,3.51088729075509126482e-14
2000,2920,8.57361865004227466688e-13,3.4294474600169100687e-14
2000,2925,8.37534214605127680662e-13,3.35013685842051072265e-14
2000,2930,8.18220961149687902759e-13,3.27288384459875148482e-14
2000,2935,7.99404327983605915282e-13,3.19761731193442366113e-14
2000,2940,7.81066724857457808056e-13,3.12426689942983156039e-14
2000,2945,7.63190849235967930951e-13,3.05276339694387210246e-14
2000,2950,7.4575981926782318313e-13,2.98303927707129293447e-14
2000,2955,7.28757313161373793836e-13,2.91502925264549507437e-14
2000,2960,7.12167692028007536054e-13,2.84867076811203021995e-14
2000,2965,6.95976095314950287019e-13,2.78390438125980105972e-14
2000,2970,6.80168512333966078281e-13,2.72067404933586446459e-14
2000,2975,6.64731843397491499018e-13,2.65892737358996603394e-14
2000,2980,6.49653964430647555815e-13,2.59861585772259032424e-14
2000,2985,6.34923798770450704169e-13,2.53969519508180289241e-14
2000,2990,6.20531384315073403939e-13,2.48212553726029362838e-14
2000,2995,6.06467910223020317919e-13,2.42587164089208143576e-14
2000,3000,5.92725692398201972982e-13,2.37090276959280789193e-14
