temperature,wavenumber,cia_coefficient,uncertainty
77,5,2.70440118902e-11,1.16289251128e-11
77,10,1.02736708537e-10,4.4176784671e-11
77,15,2.17144066813e-10,9.33719487298e-11
77,20,3.58758183027e-10,1.54266018702e-10
77,25,5.16007955285e-10,2.21883420772e-10
77,30,6.78326190306e-10,2.91680261831e-10
77,35,8.36755528342e-10,3.59804877187e-10
77,40,9.84233244803e-10,4.23220295265e-10
77,45,1.11555884915e-09,4.79690305136e-10
77,50,1.22730042107e-09,5.27739181061e-10
77,55,1.31754045701e-09,5.66542396513e-10
77,60,1.385631945e-09,5.95821736351e-10
77,65,1.43190955507e-09,6.15721108682e-10
77,70,1.45746643073e-09,6.26710565215e-10
77,75,1.46393787599e-09,6.29493286676e-10
77,80,1.45328195245e-09,6.24911239553e-10
77,85,1.42764977494e-09,6.13889403224e-10
77,90,1.38927057977e-09,5.97386349302e-10
77,95,1.34034162158e-09,5.76346897277e-10
77,100,1.28296496811e-09,5.51674936287e-10
77,105,1.21910490522e-09,5.24215109246e-10
77,110,1.15055416762e-09,4.94738292078e-10
77,115,1.07891898404e-09,4.63935163135e-10
77,120,1.00561272968e-09,4.32413473762e-10
77,125,9.31853971398e-10,4.00697207701e-10
77,130,8.5867590545e-10,3.69230639343e-10
77,135,7.86941415908e-10,3.38384808841e-10
77,140,7.17354515069e-10,3.0846244148e-10
77,145,6.50471777632e-10,2.79702864382e-10
77,150,5.86719181912e-10,2.52289248222e-10
77,155,5.26410460431e-10,2.26356497985e-10
77,160,4.69761706591e-10,2.01997533834e-10
77,165,4.16903400435e-10,1.79268462187e-10
77,170,3.6789302621e-10,1.5819400127e-10
77,175,3.227280397e-10,1.38773057071e-10
77,180,2.81357153462e-10,1.20983575989e-10
77,185,2.43689475055e-10,1.04786474274e-10
77,190,2.0960244096e-10,9.01290496129e-11
77,195,1.78949107787e-10,7.69481163484e-11
77,200,1.51564613058e-10,6.51727836149e-11
77,205,1.27271605873e-10,5.47267905256e-11
77,210,1.0588476282e-10,4.55304480126e-11
77,215,8.72145758074e-11,3.75022675972e-11
77,220,7.10704977902e-11,3.05603140498e-11
77,225,5.72635026754e-11,2.46233061504e-11
77,230,4.56081467757e-11,1.96115031136e-11
77,235,3.59242104547e-11,1.54474104955e-11
77,240,2.80379641982e-11,1.20563246052e-11
77,245,2.17831001656e-11,9.3667330712e-12
77,250,1.70013877994e-11,7.31059675376e-12
77,255,1.35431102754e-11,5.82353741842e-12
77,260,1.12673194518e-11,4.84494736428e-12
77,265,1.00419372111e-11,4.31803300079e-12
77,270,9.74373276488e-12,4.1898050889e-12
77,275,1.02582011545e-11,4.41102649642e-12
77,280,1.14793569467e-11,4.93612348709e-12
77,285,1.3309455776e-11,5.72306598366e-12
77,290,1.56586680212e-11,6.73322724911e-12
77,295,1.8444733596e-11,7.93123544629e-12
77,300,2.15926100332e-11,9.28482231426e-12
77,305,2.50341024195e-11,1.07646640404e-11
77,310,2.87074611492e-11,1.23442082942e-11
77,315,3.25569574448e-11,1.39994917013e-11
77,320,3.65324710877e-11,1.57089625677e-11
77,325,4.05891206964e-11,1.74533218995e-11
77,330,4.46869344994e-11,1.92153818347e-11
77,335,4.87905289809e-11,2.09799274618e-11
77,340,5.28687633083e-11,2.27335682226e-11
77,345,5.68943688619e-11,2.44645786106e-11
77,350,6.08435869481e-11,2.61627423877e-11
77,355,6.46958543691e-11,2.78192173787e-11
77,360,6.84335511586e-11,2.94264269982e-11
77,365,7.20417893049e-11,3.09779694011e-11
77,370,7.55082037529e-11,3.24685276137e-11
77,375,7.88227190067e-11,3.38937691729e-11
77,380,8.19772947231e-11,3.52502367309e-11
77,385,8.49656787641e-11,3.65352418686e-11
77,390,8.77831995508e-11,3.77467758069e-11
77,395,9.04266111019e-11,3.88834427738e-11
77,400,9.28939779268e-11,3.99444105085e-11
77,405,9.51845703013e-11,4.09293652295e-11
77,410,9.72987429142e-11,4.18384594531e-11
77,415,9.92377884756e-11,4.26722490445e-11
77,420,1.01003780306e-10,4.34316255314e-11
77,425,1.02599430502e-10,4.41177551159e-11
77,430,1.04027985965e-10,4.47320339649e-11
77,435,1.05293166604e-10,4.52760616395e-11
77,440,1.0639912968e-10,4.57516257624e-11
77,445,1.07350433707e-10,4.6160686494e-11
77,450,1.08151980751e-10,4.65053517228e-11
77,455,1.0880893379e-10,4.67878415296e-11
77,460,1.09326624879e-10,4.70104486978e-11
77,465,1.09710478568e-10,4.7175505784e-11
77,470,1.0996596825e-10,4.72853663476e-11
77,475,1.10098605426e-10,4.7342400333e-11
77,480,1.10113944453e-10,4.73489961149e-11
77,485,1.10017578942e-10,4.73075589448e-11
77,490,1.09815114034e-10,4.72204990348e-11
77,495,1.09512116107e-10,4.70902099259e-11
77,500,1.09114056886e-10,4.69190444611e-11
77,505,1.08626273566e-10,4.67092976332e-11
77,510,1.08053957802e-10,4.64632018549e-11
77,515,1.07402170449e-10,4.61829332932e-11
77,520,1.06675865288e-10,4.58706220738e-11
77,525,1.05879901775e-10,4.55283577632e-11
77,530,1.05019035274e-10,4.5158185168e-11
77,535,1.04097887747e-10,4.47620917314e-11
77,540,1.03120913731e-10,4.43419929043e-11
77,545,1.02092378967e-10,4.38997229559e-11
77,550,1.01016361461e-10,4.34370354283e-11
77,555,9.98967720176e-11,4.29556119675e-11
77,560,9.8737380969e-11,4.24570738167e-11
77,565,9.75418354856e-11,4.19429892588e-11
77,570,9.63136583034e-11,4.14148730705e-11
77,575,9.50562297893e-11,4.08741788094e-11
77,580,9.37727645785e-11,4.03222887688e-11
77,585,9.24662966788e-11,3.97605075719e-11
77,590,9.11396819666e-11,3.91900632456e-11
77,595,8.97956175916e-11,3.86121155644e-11
77,600,8.84366691938e-11,3.80277677533e-11
77,605,8.70652934535e-11,3.7438076185e-11
77,610,8.56838467057e-11,3.68440540834e-11
77,615,8.42945780435e-11,3.62466685587e-11
77,620,8.28996132747e-11,3.56468337081e-11
77,625,8.15009402698e-11,3.5045404316e-11
77,630,8.01004048781e-11,3.44431740976e-11
77,635,7.86997207927e-11,3.38408799408e-11
77,640,7.73004897149e-11,3.32392105774e-11
77,645,7.59042233879e-11,3.26388160568e-11
77,650,7.45123586601e-11,3.20403142238e-11
77,655,7.3126260557e-11,3.14442920395e-11
77,660,7.17472142538e-11,3.08513021291e-11
77,665,7.03764119348e-11,3.02618571319e-11
77,670,6.90149425214e-11,2.96764252842e-11
77,675,6.76637904807e-11,2.90954299067e-11
77,680,6.63238454906e-11,2.8519253561e-11
77,685,6.49959198148e-11,2.79482455204e-11
77,690,6.36807670374e-11,2.73827298261e-11
77,695,6.23790955797e-11,2.68230110993e-11
77,700,6.10915730342e-11,2.62693764047e-11
77,705,5.98188214479e-11,2.57220932226e-11
77,710,5.85614074211e-11,2.51814051911e-11
77,715,5.73198327066e-11,2.46475280638e-11
77,720,5.6094530331e-11,2.41206480423e-11
77,725,5.48858685749e-11,2.36009234872e-11
77,730,5.36941617309e-11,2.30884895443e-11
77,735,5.25196838394e-11,2.25834640509e-11
77,740,5.13626806152e-11,2.20859526646e-11
77,745,5.02233757849e-11,2.15960515875e-11
77,750,4.91019704809e-11,2.11138473068e-11
77,755,4.79986371342e-11,2.06394139677e-11
77,760,4.69135113468e-11,2.01728098791e-11
77,765,4.5846685783e-11,1.97140748867e-11
77,770,4.47982090893e-11,1.92632299084e-11
77,775,4.37680907438e-11,1.88202790198e-11
77,780,4.27563104226e-11,1.83852134817e-11
77,785,4.17628288345e-11,1.79580163988e-11
77,790,4.07875965838e-11,1.7538666531e-11
77,795,3.98305585202e-11,1.71271401637e-11
77,800,3.88916528121e-11,1.67234107092e-11
77,805,3.79708059093e-11,1.6327446541e-11
77,810,3.70679259427e-11,1.59392081554e-11
77,815,3.61828974741e-11,1.55586459138e-11
77,820,3.53155798016e-11,1.51856993147e-11
77,825,3.44658095803e-11,1.48202981195e-11
77,830,3.36334068961e-11,1.44623649653e-11
77,835,3.28181827359e-11,1.41118185764e-11
77,840,3.2019945409e-11,1.37685765259e-11
77,845,3.12385039912e-11,1.34325567162e-11
77,850,3.04736680232e-11,1.310367725e-11
77,855,2.97252440657e-11,1.27818549483e-11
77,860,2.89930307795e-11,1.24670032352e-11
77,865,2.82768146186e-11,1.2159030286e-11
77,870,2.7576367887e-11,1.18578381914e-11
77,875,2.68914499754e-11,1.15633234894e-11
77,880,2.62218114409e-11,1.12753789196e-11
77,885,2.55671996189e-11,1.09938958361e-11
77,890,2.4927363994e-11,1.07187665174e-11
77,895,2.43020597262e-11,1.04498856823e-11
77,900,2.36910484344e-11,1.01871508268e-11
77,905,2.30940962972e-11,9.9304614078e-12
77,910,2.25109704162e-11,9.67971727896e-12
77,915,2.19414348849e-11,9.43481700049e-12
77,920,2.13852480002e-11,9.19565664007e-12
77,925,2.08421615597e-11,8.96212947068e-12
77,930,2.03119224221e-11,8.73412664148e-12
77,935,1.97942757344e-11,8.5115385658e-12
77,940,1.92889687149e-11,8.29425654741e-12
77,945,1.87957537645e-11,8.08217411873e-12
77,950,1.83143899887e-11,7.87518769513e-12
77,955,1.78446427977e-11,7.67319640302e-12
77,960,1.73862819137e-11,7.4761012229e-12
77,965,1.69390786186e-11,7.28380380599e-12
77,970,1.65028032731e-11,7.09620540741e-12
77,975,1.60772239802e-11,6.9132063115e-12
77,980,1.56621068354e-11,6.73470593921e-12
77,985,1.52572176554e-11,6.56060359181e-12
77,990,1.48623246044e-11,6.39079957988e-12
77,995,1.44772008736e-11,6.22519637565e-12
77,1000,1.41016266038e-11,6.06369943963e-12
77,1005,1.37353895238e-11,5.90621749522e-12
77,1010,1.33782842146e-11,5.7526622123e-12
77,1015,1.30301103407e-11,5.60294744648e-12
77,1020,1.26906704832e-11,5.45698830776e-12
77,1025,1.23597682872e-11,5.31470036348e-12
77,1030,1.20372074758e-11,5.17599921461e-12
77,1035,1.1722791973e-11,5.0408005484e-12
77,1040,1.1416327007e-11,4.909020613e-12
77,1045,1.11176207706e-11,4.78057693134e-12
77,1050,1.08264860694e-11,4.65538900986e-12
77,1055,1.05427414361e-11,4.53337881753e-12
77,1060,1.02662113941e-11,4.41447089945e-12
77,1065,9.99672584589e-12,4.29859211373e-12
77,1070,9.73411883678e-12,4.18567109982e-12
77,1075,9.47822712306e-12,4.07563766291e-12
77,1080,9.2288890083e-12,3.96842227357e-12
77,1085,8.98594379661e-12,3.86395583254e-12
77,1090,8.74923200032e-12,3.76216976014e-12
77,1095,8.51859619935e-12,3.66299636572e-12
77,1100,8.2938822564e-12,3.56636937025e-12
77,1105,8.07494050117e-12,3.4722244155e-12
77,1110,7.86162652787e-12,3.38049940698e-12
77,1115,7.65380138557e-12,3.29113459579e-12
77,1120,7.45133113254e-12,3.20407238699e-12
77,1125,7.25408591257e-12,3.1192569424e-12
77,1130,7.06193883817e-12,3.03663370041e-12
77,1135,6.87476500015e-12,2.95614895006e-12
77,1140,6.69244086175e-12,2.87774957055e-12
77,1145,6.51484416431e-12,2.80138299066e-12
77,1150,6.341854313e-12,2.72699735459e-12
77,1155,6.17335307392e-12,2.65454182179e-12
77,1160,6.00922533583e-12,2.58396689441e-12
77,1165,5.84935968894e-12,2.51522466625e-12
77,1170,5.69364864475e-12,2.44826891724e-12
77,1175,5.54198843862e-12,2.38305502861e-12
77,1180,5.39427848326e-12,2.3195397478e-12
77,1185,5.25042063931e-12,2.2576808749e-12
77,1190,5.11031851274e-12,2.19743696048e-12
77,1195,4.97387696932e-12,2.13876709681e-12
77,1200,4.84100198421e-12,2.08163085321e-12
77,1205,4.71160084358e-12,2.02598836274e-12
77,1210,4.58558261607e-12,1.97180052491e-12
77,1215,4.46285874085e-12,1.91902925856e-12
77,1220,4.34334355541e-12,1.86763772883e-12
77,1225,4.2269546119e-12,1.81759048312e-12
77,1230,4.11361269642e-12,1.76885345946e-12
77,1235,4.00324155055e-12,1.72139386674e-12
77,1240,3.89576737365e-12,1.67517997067e-12
77,1245,3.79111823763e-12,1.63018084218e-12
77,1250,3.68922356007e-12,1.58636613083e-12
77,1255,3.59001375615e-12,1.54370591515e-12
77,1260,3.49342013414e-12,1.50217065768e-12
77,1265,3.39937503042e-12,1.46173126308e-12
77,1270,3.30781211718e-12,1.42235921039e-12
77,1275,3.21866677487e-12,1.38402671319e-12
77,1280,3.13187641207e-12,1.34670685719e-12
77,1285,3.04738063744e-12,1.3103736741e-12
77,1290,2.96512123444e-12,1.27500213081e-12
77,1295,2.88504194545e-12,1.24056803654e-12
77,1300,2.80708812262e-12,1.20704789273e-12
77,1305,2.73120633521e-12,1.17441872414e-12
77,1310,2.65734403021e-12,1.14265793299e-12
77,1315,2.5854493244e-12,1.11174320949e-12
77,1320,2.51547096879e-12,1.08165251658e-12
77,1325,2.44735848044e-12,1.05236414659e-12
77,1330,2.38106239499e-12,1.02385682985e-12
77,1335,2.31653456559e-12,9.96109863203e-13
77,1340,2.25372842607e-12,9.69103223211e-13
77,1345,2.19259914966e-12,9.42817634356e-13
77,1350,2.13310366361e-12,9.17234575351e-13
77,1355,2.07520051743e-12,8.92336222493e-13
77,1360,2.01884963805e-12,8.6810534436e-13
77,1365,1.96401203018e-12,8.44525172977e-13
77,1370,1.9106494898e-12,8.21579280616e-13
77,1375,1.85872439116e-12,7.992514882e-13
77,1380,1.80819958615e-12,7.77525822046e-13
77,1385,1.75903842566e-12,7.56386523033e-13
77,1390,1.7112048826e-12,7.35818099519e-13
77,1395,1.66466373359e-12,7.15805405444e-13
77,1400,1.61938074486e-12,6.96333720289e-13
77,1405,1.57532281085e-12,6.77388808664e-13
77,1410,1.53245800852e-12,6.58956943662e-13
77,1415,1.49075555324e-12,6.41024887895e-13
77,1420,1.4501856668e-12,6.23579836725e-13
77,1425,1.41071938864e-12,6.06609337117e-13
77,1430,1.37232837376e-12,5.90101200718e-13
77,1435,1.33498472162e-12,5.74043430296e-13
77,1440,1.29866087132e-12,5.58424174667e-13
77,1445,1.26332958133e-12,5.43231719974e-13
77,1450,1.22896399181e-12,5.2845451648e-13
77,1455,1.19553774892e-12,5.14081232036e-13
77,1460,1.1630251576e-12,5.00100817767e-13
77,1465,1.13140132456e-12,4.86502569561e-13
77,1470,1.10064225745e-12,4.73276170706e-13
77,1475,1.07072489766e-12,4.60411705995e-13
77,1480,1.04162708019e-12,4.47899644481e-13
77,1485,1.01332743041e-12,4.35730795078e-13
77,1490,9.85805220872e-13,4.23896244975e-13
77,1495,9.59040218551e-13,4.12387293977e-13
77,1500,9.3301255353e-13,4.01195398018e-13
77,1505,9.07702633183e-13,3.90312132269e-13
77,1510,8.83091114753e-13,3.79729179344e-13
77,1515,8.59158935503e-13,3.69438342266e-13
77,1520,8.35887387103e-13,3.59431576454e-13
77,1525,8.13258212011e-13,3.49701031165e-13
77,1530,7.91253696183e-13,3.40239089359e-13
77,1535,7.69856734851e-13,3.31038395986e-13
77,1540,7.49050855432e-13,3.22091867836e-13
77,1545,7.28820192112e-13,3.13392682608e-13
77,1550,7.09149417572e-13,3.04934249556e-13
77,1555,6.90023646583e-13,2.96710168031e-13
77,1560,6.71428331666e-13,2.88714182616e-13
77,1565,6.53349171822e-13,2.80940143884e-13
77,1570,6.35772051681e-13,2.73381982223e-13
77,1575,6.18683021122e-13,2.66033699082e-13
77,1580,6.02068316489e-13,2.5888937609e-13
77,1585,5.85914415776e-13,2.51943198784e-13
77,1590,5.70208113447e-13,2.45189488782e-13
77,1595,5.54936597281e-13,2.38622736831e-13
77,1600,5.40087510069e-13,2.3223762933e-13
77,1605,5.25648983044e-13,2.26029062709e-13
77,1610,5.11609634384e-13,2.19992142785e-13
77,1615,4.97958533617e-13,2.14122169455e-13
77,1620,4.84685139659e-13,2.08414610053e-13
77,1625,4.71779225152e-13,2.02865066816e-13
77,1630,4.59230801812e-13,1.97469244779e-13
77,1635,4.47030060422e-13,1.92222925982e-13
77,1640,4.35167335315e-13,1.87121954185e-13
77,1645,4.23633097571e-13,1.82162231955e-13
77,1650,4.1241797504e-13,1.77339729267e-13
77,1655,4.01512791914e-13,1.72650500523e-13
77,1660,3.90908617025e-13,1.68090705321e-13
77,1665,3.80596808887e-13,1.63656627821e-13
77,1670,3.70569046911e-13,1.59344690172e-13
77,1675,3.60817341623e-13,1.55151456898e-13
77,1680,3.51334021473e-13,1.51073629233e-13
77,1685,3.4211169872e-13,1.47108030449e-13
77,1690,3.33143221074e-13,1.43251585062e-13
77,1695,3.24421618363e-13,1.39501295896e-13
77,1700,3.15940054076e-13,1.35854223253e-13
77,1705,3.07691790268e-13,1.32307469815e-13
77,1710,2.99670171276e-13,1.28858173649e-13
77,1715,2.91868627776e-13,1.25503509944e-13
77,1720,2.84280698722e-13,1.22240700451e-13
77,1725,2.76900065358e-13,1.19067028104e-13
77,1730,2.69720589516e-13,1.15979853492e-13
77,1735,2.62736348004e-13,1.12976629642e-13
77,1740,2.55941656072e-13,1.10054912111e-13
77,1745,2.49331075443e-13,1.0721236244e-13
77,1750,2.42899405592e-13,1.04446744405e-13
77,1755,2.36641660221e-13,1.01755913895e-13
77,1760,2.30553033617e-13,9.91378044552e-14
77,1765,2.2462886323e-13,9.65904111889e-14
77,1770,2.18864595155e-13,9.41117759165e-14
77,1775,2.13255758219e-13,9.16999760342e-14
77,1780,2.07797950394e-13,8.93531186694e-14
77,1785,2.02486838614e-13,8.7069340604e-14
77,1790,1.97318170456e-13,8.48468132959e-14
77,1795,1.92287793924e-13,8.26837513872e-14
77,1800,1.87391680255e-13,8.05784225098e-14
77,1805,1.8262594437e-13,7.8529156079e-14
77,1810,1.7798685835e-13,7.65343490904e-14
77,1815,1.73470854947e-13,7.45924676272e-14
77,1820,1.69074520179e-13,7.27020436771e-14
77,1825,1.64794576247e-13,7.08616677862e-14
77,1830,1.60627857784e-13,6.90699788473e-14
77,1835,1.56571285612e-13,6.73256528131e-14
77,1840,1.52621842436e-13,6.56273922477e-14
77,1845,1.48776554407e-13,6.39739183951e-14
77,1850,1.45032481188e-13,6.23639669107e-14
77,1855,1.41386715545e-13,6.07962876845e-14
77,1860,1.37836391702e-13,5.92696484318e-14
77,1865,1.34378700178e-13,5.77828410765e-14
77,1870,1.31010905827e-13,5.63346895058e-14
77,1875,1.27730365388e-13,5.49240571169e-14
77,1880,1.24534541179e-13,5.3549852707e-14
77,1885,1.21421008464e-13,5.22110336394e-14
77,1890,1.18387455287e-13,5.09066057733e-14
77,1895,1.15431675024e-13,4.96356202604e-14
77,1900,1.12551553182e-13,4.83971678681e-14
77,1905,1.09745050927e-13,4.71903718987e-14
77,1910,1.0701018827e-13,4.60143809562e-14
77,1915,1.04345029686e-13,4.4868362765e-14
77,1920,1.01747674347e-13,4.37514999694e-14
77,1925,9.92162521484e-14,4.26629884238e-14
77,1930,9.67489255669e-14,4.16020379938e-14
77,1935,9.43438963318e-14,4.05678754227e-14
77,1940,9.19994150351e-14,3.95597484651e-14
77,1945,8.97137913898e-14,3.85769302976e-14
77,1950,8.74854028317e-14,3.76187232176e-14
77,1955,8.53126995838e-14,3.6684460821e-14
77,1960,8.31942050375e-14,3.57735081661e-14
77,1965,8.11285112107e-14,3.48852598206e-14
77,1970,7.91142699509e-14,3.40191360789e-14
77,1975,7.71501812901e-14,3.31745779548e-14
77,1980,7.52349808207e-14,3.23510417529e-14
77,1985,7.33674280605e-14,3.1547994066e-14
77,1990,7.15462975388e-14,3.07649079417e-14
77,1995,6.97703738003e-14,3.00012607341e-14
77,2000,6.8038450815e-14,2.92565338504e-14
77,2005,6.63493355238e-14,2.85302142752e-14
77,2010,6.47018545764e-14,2.78217974679e-14
77,2015,6.30948628375e-14,2.71307910201e-14
77,2020,6.15272520244e-14,2.64567183705e-14
77,2025,5.99979579161e-14,2.57991219039e-14
77,2030,5.85059649122e-14,2.51575649122e-14
77,2035,5.7050307247e-14,2.45316321162e-14
77,2040,5.5630066786e-14,2.3920928718e-14
77,2045,5.42443679225e-14,2.33250782067e-14
77,2050,5.28923705597e-14,2.27437193407e-14
77,2055,5.15732624298e-14,2.21765028448e-14
77,2060,5.0286252026e-14,2.16230883712e-14
77,2065,4.9030563228e-14,2.1083142188e-14
77,2070,4.78054323218e-14,2.05563358984e-14
77,2075,4.66101076398e-14,2.00423462851e-14
77,2080,4.54438515585e-14,1.95408561701e-14
77,2085,4.43059441799e-14,1.90515559974e-14
77,2090,4.31956877532e-14,1.85741457339e-14
77,2095,4.21124108052e-14,1.81083366462e-14
77,2100,4.10554710477e-14,1.76538525505e-14
77,2105,4.00242563883e-14,1.7210430247e-14
77,2110,3.90181837345e-14,1.67778190059e-14
77,2115,3.8036695686e-14,1.6355779145e-14
77,2120,3.70792555711e-14,1.59440798956e-14
77,2125,3.61453415588e-14,1.55424968703e-14
77,2130,3.52344407085e-14,1.51508095047e-14
77,2135,3.4346043802e-14,1.47687988348e-14
77,2140,3.34796416477e-14,1.43962459085e-14
77,2145,3.26347232859e-14,1.40329310129e-14
77,2150,3.18107762059e-14,1.36786337685e-14
77,2155,3.10072883751e-14,1.33331340013e-14
77,2160,3.02237516107e-14,1.29962131926e-14
77,2165,2.94596656516e-14,1.26676562302e-14
77,2170,2.87145422267e-14,1.23472531575e-14
77,2175,2.79879084709e-14,1.20348006425e-14
77,2180,2.72793091954e-14,1.1730102954e-14
77,2185,2.65883077431e-14,1.14329723295e-14
77,2190,2.59144854142e-14,1.11432287281e-14
77,2195,2.525743968e-14,1.08606990624e-14
77,2200,2.46167815844e-14,1.05852160813e-14
77,2205,2.39921328321e-14,1.03166171178e-14
77,2210,2.33831230698e-14,1.005474292e-14
77,2215,2.2789387789e-14,9.79943674926e-15
77,2220,2.22105671349e-14,9.55054386801e-15
77,2225,2.1646305727e-14,9.30791146262e-15
77,2230,2.10962534106e-14,9.07138896658e-15
77,2235,2.05600667016e-14,8.84082868168e-15
77,2240,2.00374105771e-14,8.61608654816e-15
77,2245,1.95279602224e-14,8.39702289565e-15
77,2250,1.90314023657e-14,8.18350301723e-15
77,2255,1.85474359171e-14,7.97539744435e-15
77,2260,1.80757717552e-14,7.77258185472e-15
77,2265,1.76161316467e-14,7.57493660807e-15
77,2270,1.71682464304e-14,7.38234596506e-15
77,2275,1.67318537072e-14,7.19469709411e-15
77,2280,1.63066953506e-14,7.01187900075e-15
77,2285,1.58925151694e-14,6.83378152282e-15
77,2290,1.54890570249e-14,6.66029452071e-15
77,2295,1.50960636281e-14,6.49130736009e-15
77,2300,1.47132761391e-14,6.32670873982e-15
77,2305,1.43404345773e-14,6.16638686822e-15
77,2310,1.39772789388e-14,6.01022994368e-15
77,2315,1.36235508295e-14,5.85812685669e-15
77,2320,1.32789953639e-14,5.70996800649e-15
77,2325,1.29433630627e-14,5.56564611697e-15
77,2330,1.26164115029e-14,5.42505694624e-15
77,2335,1.22979065295e-14,5.2880998077e-15
77,2340,1.19876229182e-14,5.15467785485e-15
77,2345,1.16853444664e-14,5.02469812054e-15
77,2350,1.13908635777e-14,4.89807133843e-15
77,2355,1.11039804739e-14,4.7747116038e-15
77,2360,1.08245022069e-14,4.65453594899e-15
77,2365,1.055224166e-14,4.5374639138e-15
77,2370,1.02870167038e-14,4.42341718265e-15
77,2375,1.0028649632e-14,4.31231934175e-15
77,2380,9.77696693793e-15,4.20409578331e-15
77,2385,9.53179943188e-15,4.09867375571e-15
77,2390,9.29298263197e-15,3.99598253174e-15
77,2395,9.06035731798e-15,3.89595364673e-15
77,2400,8.83377010782e-15,3.79852114636e-15
77,2405,8.61307391308e-15,3.70362178263e-15
77,2410,8.39812815046e-15,3.6111951047e-15
77,2415,8.18879862419e-15,3.5211834084e-15
77,2420,7.98495704724e-15,3.43353153031e-15
77,2425,7.78648022469e-15,3.34818649662e-15
77,2430,7.59324897438e-15,3.26509705898e-15
77,2435,7.40514689899e-15,3.18421316657e-15
77,2440,7.22205914561e-15,3.10548543261e-15
77,2445,7.04387129032e-15,3.02886465484e-15
77,2450,6.87046846807e-15,2.95430144127e-15
77,2455,6.70173483486e-15,2.88174597899e-15
77,2460,6.53755340522e-15,2.81114796425e-15
77,2465,6.3778062603e-15,2.74245669193e-15
77,2470,6.22237507658e-15,2.67562128293e-15
77,2475,6.07114188853e-15,2.61059101207e-15
77,2480,5.9239899751e-15,2.54731568929e-15
77,2485,5.78080475261e-15,2.48574604362e-15
77,2490,5.64147456535e-15,2.4258340631e-15
77,2495,5.50589128838e-15,2.367533254e-15
77,2500,5.37395069026e-15,2.31079879681e-15
77,2505,5.24555254143e-15,2.25558759281e-15
77,2510,5.12060049082e-15,2.20185821105e-15
77,2515,4.99900176371e-15,2.14957075839e-15
77,2520,4.88066675333e-15,2.09868670393e-15
77,2525,4.76550858616e-15,2.04916869205e-15
77,2530,4.65344273465e-15,2.0009803759e-15
77,2535,4.54438673503e-15,1.95408629606e-15
77,2540,4.43826004283e-15,1.90845181842e-15
77,2545,4.33498403154e-15,1.86404313356e-15
77,2550,4.23448211211e-15,1.82082730821e-15
77,2555,4.13667992967e-15,1.77877236976e-15
77,2560,4.04150557918e-15,1.73784739905e-15
77,2565,3.94888977801e-15,1.69802260455e-15
77,2570,3.85876593951e-15,1.65926935399e-15
77,2575,3.77107010659e-15,1.62156014584e-15
77,2580,3.6857407261e-15,1.58486851222e-15
77,2585,3.60271826908e-15,1.5491688557e-15
77,2590,3.52194472578e-15,1.51443623209e-15
77,2595,3.44336302366e-15,1.48064610017e-15
77,2600,3.36691642861e-15,1.4477740643e-15
77,2605,3.29254799382e-15,1.41579563734e-15
77,2610,3.22020011495e-15,1.38468604943e-15
77,2615,3.14981423807e-15,1.35442012237e-15
77,2620,3.08133074772e-15,1.32497222152e-15
77,2625,3.01468904123e-15,1.29631628773e-15
77,2630,2.94982777401e-15,1.26842594282e-15
77,2635,2.88668524147e-15,1.24127465383e-15
77,2640,2.82519985037e-15,1.21483593566e-15
77,2645,2.76531062528e-15,1.18908356887e-15
77,2650,2.70695769671e-15,1.16399180958e-15
77,2655,2.65008272473e-15,1.13953557163e-15
77,2660,2.59462922482e-15,1.11569056667e-15
77,2665,2.54054277853e-15,1.09243339477e-15
77,2670,2.48777112852e-15,1.06974158526e-15
77,2675,2.43626417251e-15,1.04759359418e-15
77,2680,2.38597388225e-15,1.02596876937e-15
77,2685,2.33685417992e-15,1.00484729736e-15
77,2690,2.28886080546e-15,9.84210146346e-16
77,2695,2.24195120407e-15,9.64039017751e-16
77,2700,2.19608445473e-15,9.44316315535e-16
77,2705,2.15122124975e-15,9.25025137392e-16
77,2710,2.10732392402e-15,9.06149287328e-16
77,2715,2.06435652192e-15,8.87673304424e-16
77,2720,2.02228488208e-15,8.69582499295e-16
77,2725,1.98107671602e-15,8.5186298789e-16
77,2730,1.94070165632e-15,8.34501712218e-16
77,2735,1.90113125406e-15,8.17486439246e-16
77,2740,1.86233891197e-15,8.00805732148e-16
77,2745,1.82429974887e-15,7.84448892014e-16
77,2750,1.78699040054e-15,7.68405872233e-16
77,2755,1.75038877102e-15,7.52667171538e-16
77,2760,1.71447375505e-15,7.37223714671e-16
77,2765,1.67922495636e-15,7.22066731237e-16
77,2770,1.64462242706e-15,7.07187643638e-16
77,2775,1.61064645088e-15,6.9257797388e-16
77,2780,1.57727738787e-15,6.78229276784e-16
77,2785,1.54449559108e-15,6.64133104166e-16
77,2790,1.51228139802e-15,6.5028100115e-16
77,2795,1.48061519192e-15,6.36664532525e-16
77,2800,1.44947752151e-15,6.23275334248e-16
77,2805,1.41884926329e-15,6.10105183214e-16
77,2810,1.3887118076e-15,5.97146077267e-16
77,2815,1.35904724984e-15,5.84390317433e-16
77,2820,1.32983856988e-15,5.7183058505e-16
77,2825,1.30106978617e-15,5.59460008055e-16
77,2830,1.27272607563e-15,5.47272212522e-16
77,2835,1.2447938551e-15,5.35261357692e-16
77,2840,1.21726082473e-15,5.23422154636e-16
77,2845,1.19011597751e-15,5.11749870328e-16
77,2850,1.16334958144e-15,5.00240320018e-16
77,2855,1.13695314274e-15,4.88889851376e-16
77,2860,1.11091935789e-15,4.77695323892e-16
77,2865,1.08524206178e-15,4.66654086566e-16
77,2870,1.05991617706e-15,4.55763956138e-16
77,2875,1.03493766764e-15,4.45023197086e-16
77,2880,1.01030349674e-15,4.34430503597e-16
77,2885,9.86011587729e-16,4.23984982723e-16
77,2890,9.62060784242e-16,4.13686137224e-16
77,2895,9.38450804917e-16,4.03533846114e-16
77,2900,9.15182188004e-16,3.93528340842e-16
77,2905,8.92256221439e-16,3.83670175219e-16
77,2910,8.69674855258e-16,3.73960187761e-16
77,2915,8.47440594917e-16,3.64399455814e-16
77,2920,8.25556376138e-16,3.54989241739e-16
77,2925,8.04025423982e-16,3.45730932312e-16
77,2930,7.82851100844e-16,3.36625973363e-16
77,2935,7.62036749593e-16,3.27675802325e-16
77,2940,7.41585539163e-16,3.1888178184e-16
77,2945,7.21500320349e-16,3.1024513775e-16
77,2950,7.01783499262e-16,3.01766904683e-16
77,2955,6.82436935036e-16,2.93447882065e-16
77,2960,6.63461866921e-16,2.85288602776e-16
77,2965,6.44858873946e-16,2.77289315797e-16
77,2970,6.26627868224e-16,2.69449983336e-16
77,2975,6.08768120669e-16,2.61770291888e-16
77,2980,5.91278315744e-16,2.5424967577e-16
77,2985,5.74156630046e-16,2.4688735092e-16
77,2990,5.57400828054e-16,2.39682356063e-16
77,2995,5.41008367592e-16,2.32633598065e-16
77,3000,5.24976507341e-16,2.25739898157e-16
77,3005,5.09302409174e-16,2.19000035945e-16
77,3010,4.93983229242e-16,2.12412788574e-16
77,3015,4.79016193204e-16,2.05976963078e-16
77,3020,4.64398652968e-16,1.99691420776e-16
77,3025,4.50128124199e-16,1.93555093406e-16
77,3030,4.36202305734e-16,1.87566991466e-16
77,3035,4.22619083498e-16,1.81726205904e-16
77,3040,4.09376522468e-16,1.76031904661e-16
77,3045,3.96472850563e-16,1.70483325742e-16
77,3050,3.83906438067e-16,1.65079768369e-16
77,3055,3.71675775326e-16,1.5982058339e-16
77,3060,3.59779450291e-16,1.54705163625e-16
77,3065,3.48216126087e-16,1.49732934217e-16
77,3070,3.36984517487e-16,1.44903342519e-16
77,3075,3.26083364225e-16,1.40215846617e-16
77,3080,3.15511398522e-16,1.35669901365e-16
77,3085,3.05267304304e-16,1.31264940851e-16
77,3090,2.95349666205e-16,1.27000356468e-16
77,3095,2.85756907628e-16,1.2287547028e-16
77,3100,2.76487218557e-16,1.18889503979e-16
77,3105,2.67538475456e-16,1.15041544446e-16
77,3110,2.58908157036e-16,1.11330507526e-16
77,3115,2.50593260833e-16,1.07755102158e-16
77,3120,2.42590226217e-16,1.04313797273e-16
77,3125,2.34894869501e-16,1.01004793885e-16
77,3130,2.275023363e-16,9.78260046091e-17
77,3135,2.20407075208e-16,9.47750423396e-17
77,3140,2.1360283536e-16,9.18492192049e-17
77,3145,2.07082688704e-16,8.90455561426e-17
77,3150,2.00839075996e-16,8.63608026783e-17
77,3155,1.94863873876e-16,8.37914657667e-17
77,3160,1.89148478982e-16,8.13338459621e-17
77,3165,1.83683904113e-16,7.89840787688e-17
77,3170,1.78460880968e-16,7.67381788162e-17
77,3175,1.73469963967e-16,7.45920845059e-17
77,3180,1.68701630171e-16,7.25417009736e-17
77,3185,1.64146371082e-16,7.05829395654e-17
77,3190,1.59794773229e-16,6.87117524884e-17
77,3195,1.55637585593e-16,6.69241618049e-17
77,3200,1.5166577312e-16,6.52162824414e-17
77,3205,1.47870556579e-16,6.3584339329e-17
77,3210,1.44243439852e-16,6.20246791362e-17
77,3215,1.40776226255e-16,6.05337772898e-17
77,3220,1.3746102577e-16,5.91082410813e-17
77,3225,1.34290255027e-16,5.77448096617e-17
77,3230,1.31256631701e-16,5.64403516314e-17
77,3235,1.28353164639e-16,5.51918607946e-17
77,3240,1.25573140665e-16,5.39964504858e-17
77,3245,1.22910108669e-16,5.28513467278e-17
77,3250,1.20357861331e-16,5.17538803725e-17
77,3255,1.17910414702e-16,5.07014783218e-17
77,3260,1.15561985874e-16,4.9691653926e-17
77,3265,1.13306969103e-16,4.87219967144e-17
77,3270,1.11139910921e-16,4.77901616962e-17
77,3275,1.09055485061e-16,4.68938585761e-17
77,3280,1.07048468203e-16,4.60308413273e-17
77,3285,1.05113717755e-16,4.51988986344e-17
77,3290,1.03246152931e-16,4.43958457603e-17
77,3295,1.01440740405e-16,4.36195183743e-17
77,3300,9.9692485656e-17,4.28677688321e-17
77,3305,9.79964309332e-17,4.21384653013e-17
77,3310,9.63476604713e-17,4.14294940027e-17
77,3315,9.47413132453e-17,4.07387646955e-17
77,3320,9.31726032137e-17,4.00642193819e-17
77,3325,9.16368466264e-17,3.94038440493e-17
77,3330,9.01294956361e-17,3.87556831235e-17
77,3335,8.86461771229e-17,3.81178561628e-17
77,3340,8.71827353469e-17,3.74885761992e-17
77,3345,8.57352768018e-17,3.68661690248e-17
77,3350,8.43002154462e-17,3.62490926418e-17
77,3355,8.28743163729e-17,3.56359560403e-17
77,3360,8.1454735946e-17,3.50255364568e-17
77,3365,8.00390565137e-17,3.44167943009e-17
77,3370,7.86253139882e-17,3.38088850149e-17
77,3375,7.72120168882e-17,3.32011672619e-17
77,3380,7.57981558312e-17,3.25932070074e-17
77,3385,7.43832029496e-17,3.19847772683e-17
77,3390,7.29671012199e-17,3.13758535246e-17
77,3395,7.15502442236e-17,3.07666050162e-17
77,3400,7.01334473398e-17,3.01573823561e-17
77,3405,6.87179117713e-17,2.95487020617e-17
77,3410,6.73051830842e-17,2.89412287262e-17
77,3415,6.58971060752e-17,2.83357556123e-17
77,3420,6.44957777614e-17,2.77331844374e-17
77,3425,6.31035001307e-17,2.71345050562e-17
77,3430,6.17227340182e-17,2.65407756278e-17
77,3435,6.03560551277e-17,2.59531037049e-17
77,3440,5.90061128531e-17,2.53726285268e-17
77,3445,5.76755922002e-17,2.48005046461e-17
77,3450,5.63671788333e-17,2.42378868983e-17
77,3455,5.5083527069e-17,2.36859166397e-17
77,3460,5.38272305482e-17,2.31457091357e-17
77,3465,5.26007953147e-17,2.26183419853e-17
77,3470,5.14066151058e-17,2.21048444955e-17
77,3475,5.02469487906e-17,2.160618798e-17
77,3480,4.91239000307e-17,2.11232770132e-17
77,3485,4.80393993753e-17,2.06569417314e-17
77,3490,4.69951891013e-17,2.02079313136e-17
77,3495,4.59928111541e-17,1.97769087962e-17
77,3500,4.50335985343e-17,1.93644473698e-17
77,3505,4.41186704126e-17,1.89710282774e-17
77,3510,4.32489311427e-17,1.85970403914e-17
77,3515,4.24250732197e-17,1.82427814845e-17
77,3520,4.1647584078e-17,1.79084611535e-17
77,3525,4.09167565035e-17,1.75942052965e-17
77,3530,4.02327023189e-17,1.73000619971e-17
77,3535,3.95953689211e-17,1.70260086361e-17
77,3540,3.90045581967e-17,1.67719600246e-17
77,3545,3.84599473034e-17,1.65377773405e-17
77,3550,3.79611107811e-17,1.63232776359e-17
77,3555,3.75075434378e-17,1.61282436783e-17
77,3560,3.70986834248e-17,1.59524338727e-17
77,3565,3.67339348945e-17,1.57955920046e-17
77,3570,3.64126896107e-17,1.56574565326e-17
77,3575,3.61343468729e-17,1.55377691553e-17
77,3580,3.58983311474e-17,1.54362823934e-17
77,3585,3.5704106859e-17,1.53527659494e-17
77,3590,3.55511899083e-17,1.52870116606e-17
77,3595,3.54391556448e-17,1.52388369273e-17
77,3600,3.5367643206e-17,1.52080865786e-17
77,3605,3.53363563549e-17,1.51946332326e-17
77,3610,3.53450611438e-17,1.51983762918e-17
77,3615,3.53935809125e-17,1.52192397924e-17
77,3620,3.54817892574e-17,1.52571693807e-17
77,3625,3.56096016591e-17,1.53121287134e-17
77,3630,3.57769664487e-17,1.53840955729e-17
77,3635,3.59838556894e-17,1.54730579464e-17
77,3640,3.62302563936e-17,1.55790102493e-17
77,3645,3.65161622895e-17,1.57019497845e-17
77,3650,3.68415661202e-17,1.58418734317e-17
77,3655,3.72064522476e-17,1.59987744665e-17
77,3660,3.76107891666e-17,1.61726393416e-17
77,3665,3.80545214371e-17,1.6363444218e-17
77,3670,3.85375605496e-17,1.65711510363e-17
77,3675,3.90597743365e-17,1.67957029647e-17
77,3680,3.96209747365e-17,1.70370191367e-17
77,3685,4.02209039832e-17,1.72949887128e-17
77,3690,4.08592195783e-17,1.75694644186e-17
77,3695,4.15354786913e-17,1.78602558373e-17
77,3700,4.22491228588e-17,1.81671228293e-17
77,3705,4.29994639774e-17,1.84897695103e-17
77,3710,4.37856726125e-17,1.88278392234e-17
77,3715,4.46067695272e-17,1.91809108967e-17
77,3720,4.54616211116e-17,1.9548497078e-17
77,3725,4.63489390856e-17,1.99300438068e-17
77,3730,4.72672844761e-17,2.03249323247e-17
77,3735,4.8215075514e-17,2.0732482471e-17
77,3740,4.91905987623e-17,2.11519574678e-17
77,3745,5.01920225492e-17,2.15825696962e-17
77,3750,5.12174116419e-17,2.2023487006e-17
77,3755,5.22647420851e-17,2.24738390966e-17
77,3760,5.33319152255e-17,2.2932723547e-17
77,3765,5.44167701493e-17,2.33992111642e-17
77,3770,5.5517094014e-17,2.3872350426e-17
77,3775,5.66306300437e-17,2.43511709188e-17
77,3780,5.77550832286e-17,2.48346857883e-17
77,3785,5.88881239715e-17,2.53218933077e-17
77,3790,6.00273900806e-17,2.58117777347e-17
77,3795,6.11704875486e-17,2.63033096459e-17
77,3800,6.23149905501e-17,2.67954459366e-17
77,3805,6.34584410207e-17,2.72871296389e-17
77,3810,6.45983480869e-17,2.77772896774e-17
77,3815,6.57321875349e-17,2.826484064e-17
77,3820,6.6857401452e-17,2.87486826244e-17
77,3825,6.79713981627e-17,2.922770121e-17
77,3830,6.90715526098e-17,2.97007676222e-17
77,3835,7.01552073867e-17,3.01667391763e-17
77,3840,7.12196746804e-17,3.06244601126e-17
77,3845,7.22622394255e-17,3.10727629529e-17
77,3850,7.32801639584e-17,3.15104705021e-17
77,3855,7.42706943972e-17,3.19363985908e-17
77,3860,7.52310688465e-17,3.2349359604e-17
77,3865,7.61585273581e-17,3.2748166764e-17
77,3870,7.70503233825e-17,3.31316390545e-17
77,3875,7.79037362631e-17,3.34986065931e-17
77,3880,7.8716084178e-17,3.38479161966e-17
77,3885,7.94847368798e-17,3.41784368583e-17
77,3890,8.0207127606e-17,3.44890648706e-17
77,3895,8.08807636829e-17,3.47787283837e-17
77,3900,8.1503235573e-17,3.50463912964e-17
77,3905,8.2072224421e-17,3.5291056501e-17
77,3910,8.25855084786e-17,3.55117686458e-17
77,3915,8.30409690855e-17,3.57076167068e-17
77,3920,8.34365970925e-17,3.58777367498e-17
77,3925,8.37705007029e-17,3.60213153022e-17
77,3930,8.40409156436e-17,3.61375937268e-17
77,3935,8.42462183368e-17,3.62258738848e-17
77,3940,8.43849423823e-17,3.62855252244e-17
77,3945,8.44557981735e-17,3.63159932146e-17
77,3950,8.44576949554e-17,3.63168088308e-17
77,3955,8.43897641485e-17,3.62875985839e-17
77,3960,8.42513823562e-17,3.62280944132e-17
77,3965,8.40421922519e-17,3.61381426683e-17
77,3970,8.37621195132e-17,3.60177113907e-17
77,3975,8.34113841545e-17,3.58668951864e-17
77,3980,8.29905050186e-17,3.5685917158e-17
77,3985,8.25002967511e-17,3.5475127603e-17
77,3990,8.19418592562e-17,3.52349994802e-17
77,3995,8.13165603215e-17,3.49661209382e-17
77,4000,8.06260127244e-17,3.46691854715e-17
1000,5,1.68614373982e-12,1.34891499186e-13
1000,10,6.71115966298e-12,5.36892773039e-13
1000,15,1.49837222971e-11,1.19869778377e-12
1000,20,2.63624679268e-11,2.10899743414e-12
1000,25,4.06627961525e-11,3.2530236922e-12
1000,30,5.7664677799e-11,4.61317422392e-12
1000,35,7.71208419775e-11,6.1696673582e-12
1000,40,9.87647521984e-11,7.90118017587e-12
1000,45,1.22318325464e-10,9.78546603712e-12
1000,50,1.4749898825e-10,1.179991906e-11
1000,55,1.7402597678e-10,1.39220781424e-11
1000,60,2.01625963582e-10,1.61300770865e-11
1000,65,2.30037905231e-10,1.84030324185e-11
1000,70,2.5901693593e-10,2.07213548744e-11
1000,75,2.88337535296e-10,2.30670028236e-11
1000,80,3.17796199798e-10,2.54236959838e-11
1000,85,3.47213335965e-10,2.77770668772e-11
1000,90,3.76434384062e-10,3.0114750725e-11
1000,95,4.05330521602e-10,3.24264417282e-11
1000,100,4.33798993554e-10,3.47039194844e-11
1000,105,4.61762953064e-10,3.69410362451e-11
1000,110,4.89170861728e-10,3.91336689382e-11
1000,115,5.1599559026e-10,4.12796472208e-11
1000,120,5.42233315267e-10,4.33786652214e-11
1000,125,5.67902231011e-10,4.54321784808e-11
1000,130,5.93041063575e-10,4.7443285086e-11
1000,135,6.17707423796e-10,4.94165939037e-11
1000,140,6.41976080813e-10,5.1358086465e-11
1000,145,6.65937201665e-10,5.32749761332e-11
1000,150,6.89694552104e-10,5.51755641683e-11
1000,155,7.13363669627e-10,5.70690935702e-11
1000,160,7.37070055709e-10,5.89656044567e-11
1000,165,7.60947421388e-10,6.0875793711e-11
1000,170,7.85135983056e-10,6.28108786445e-11
1000,175,8.09780801628e-10,6.47824641302e-11
1000,180,8.35030184033e-10,6.68024147226e-11
1000,185,8.61034176472e-10,6.88827341178e-11
1000,190,8.87943160914e-10,7.10354528731e-11
1000,195,9.15906546663e-10,7.3272523733e-11
1000,200,9.45071548796e-10,7.56057239037e-11
1000,205,9.75582056956e-10,7.80465645565e-11
1000,210,1.00757760371e-09,8.06062082968e-11
1000,215,1.04119243665e-09,8.32953949317e-11
1000,220,1.07655469115e-09,8.61243752923e-11
1000,225,1.11378565885e-09,8.9102852708e-11
1000,230,1.15299914909e-09,9.22399319272e-11
1000,235,1.19430094275e-09,9.55440754203e-11
1000,240,1.23778833597e-09,9.90230668773e-11
1000,245,1.28354976837e-09,1.02683981469e-10
1000,250,1.33166452896e-09,1.06533162317e-10
1000,255,1.38220253357e-09,1.10576202686e-10
1000,260,1.4352241698e-09,1.14817933584e-10
1000,265,1.49078020659e-09,1.19262416527e-10
1000,270,1.54891176545e-09,1.23912941236e-10
1000,275,1.60965034967e-09,1.28772027973e-10
1000,280,1.67301792739e-09,1.33841434191e-10
1000,285,1.73902706396e-09,1.39122165117e-10
1000,290,1.8076810982e-09,1.44614487856e-10
1000,295,1.87897435725e-09,1.5031794858e-10
1000,300,1.95289240452e-09,1.56231392362e-10
1000,305,2.02941231693e-09,1.62352985354e-10
1000,310,2.10850298878e-09,1.68680239102e-10
1000,315,2.19012546058e-09,1.75210036846e-10
1000,320,2.27423326986e-09,1.81938661589e-10
1000,325,2.3607728197e-09,1.88861825576e-10
1000,330,2.44968375953e-09,1.95974700763e-10
1000,335,2.54089937308e-09,2.03271949846e-10
1000,340,2.63434696976e-09,2.1074775758e-10
1000,345,2.72994827798e-09,2.18395862238e-10
1000,350,2.82761984048e-09,2.26209587238e-10
1000,355,2.92727341245e-09,2.34181872996e-10
1000,360,3.02881636307e-09,2.42305309046e-10
1000,365,3.13215208019e-09,2.50572166415e-10
1000,370,3.23718037572e-09,2.58974430058e-10
1000,375,3.34379788777e-09,2.67503831021e-10
1000,380,3.45189847389e-09,2.76151877911e-10
1000,385,3.56137359041e-09,2.84909887233e-10
1000,390,3.67211265504e-09,2.93769012403e-10
1000,395,3.78400339353e-09,3.02720271482e-10
1000,400,3.89693217422e-09,3.11754573938e-10
1000,405,4.010784335e-09,3.208627468e-10
1000,410,4.12544450509e-09,3.30035560407e-10
1000,415,4.24079692016e-09,3.39263753613e-10
1000,420,4.35672572547e-09,3.48538058038e-10
1000,425,4.47311526112e-09,3.5784922089e-10
1000,430,4.58985032565e-09,3.67188026052e-10
1000,435,4.70681641901e-09,3.76545313521e-10
1000,440,4.82389997022e-09,3.85911997618e-10
1000,445,4.94098855655e-09,3.95279084524e-10
1000,450,5.05797111883e-09,4.04637689506e-10
1000,455,5.17473817303e-09,4.13979053842e-10
1000,460,5.29118201293e-09,4.23294561034e-10
1000,465,5.4071968968e-09,4.32575751744e-10
1000,470,5.52267921189e-09,4.41814336951e-10
1000,475,5.63752761508e-09,4.51002209206e-10
1000,480,5.75164315309e-09,4.60131452247e-10
1000,485,5.8649293688e-09,4.69194349504e-10
1000,490,5.97729240065e-09,4.78183392052e-10
1000,495,6.08864107912e-09,4.8709128633e-10
1000,500,6.19888702001e-09,4.959109616e-10
1000,505,6.30794471078e-09,5.04635576862e-10
1000,510,6.41573158536e-09,5.13258526828e-10
1000,515,6.52216808399e-09,5.21773446719e-10
1000,520,6.62717769819e-09,5.30174215855e-10
1000,525,6.73068700374e-09,5.38454960299e-10
1000,530,6.83262568606e-09,5.46610054885e-10
1000,535,6.93292656155e-09,5.54634124924e-10
1000,540,7.03152559608e-09,5.62522047686e-10
1000,545,7.12836191899e-09,5.70268953519e-10
1000,550,7.22337782963e-09,5.77870226371e-10
1000,555,7.31651879308e-09,5.85321503446e-10
1000,560,7.40773342386e-09,5.92618673909e-10
1000,565,7.49697345888e-09,5.99757876711e-10
1000,570,7.58419372286e-09,6.06735497829e-10
1000,575,7.66935209044e-09,6.13548167235e-10
1000,580,7.75240944842e-09,6.20192755874e-10
1000,585,7.8333296595e-09,6.2666637276e-10
1000,590,7.91207952676e-09,6.32966362141e-10
1000,595,7.98862875622e-09,6.39090300498e-10
1000,600,8.0629499146e-09,6.45035993168e-10
1000,605,8.13501837969e-09,6.50801470375e-10
1000,610,8.20481228281e-09,6.56384982625e-10
1000,615,8.2723124445e-09,6.6178499556e-10
1000,620,8.33750230591e-09,6.67000184473e-10
1000,625,8.40036785926e-09,6.72029428741e-10
1000,630,8.46089757998e-09,6.76871806398e-10
1000,635,8.51908236213e-09,6.8152658897e-10
1000,640,8.57491545703e-09,6.85993236562e-10
1000,645,8.6283924136e-09,6.90271393088e-10
1000,650,8.67951101796e-09,6.94360881437e-10
1000,655,8.72827122977e-09,6.98261698382e-10
1000,660,8.77467511326e-09,7.0197400906e-10
1000,665,8.81872676244e-09,7.05498140995e-10
1000,670,8.86043222132e-09,7.08834577706e-10
1000,675,8.89979940138e-09,7.11983952111e-10
1000,680,8.93683799951e-09,7.14947039961e-10
1000,685,8.97155941962e-09,7.1772475357e-10
1000,690,9.0039767006e-09,7.20318136048e-10
1000,695,9.0341044515e-09,7.2272835612e-10
1000,700,9.06195879342e-09,7.24956703473e-10
1000,705,9.0875573058e-09,7.27004584464e-10
1000,710,9.11091897366e-09,7.28873517893e-10
1000,715,9.13206413212e-09,7.30565130569e-10
1000,720,9.15101440541e-09,7.32081152433e-10
1000,725,9.16779263887e-09,7.3342341111e-10
1000,730,9.18242282446e-09,7.34593825957e-10
1000,735,9.19493002203e-09,7.35594401762e-10
1000,740,9.20534028009e-09,7.36427222407e-10
1000,745,9.21368056007e-09,7.37094444806e-10
1000,750,9.21997866761e-09,7.37598293409e-10
1000,755,9.2242631931e-09,7.37941055448e-10
1000,760,9.226563462e-09,7.3812507696e-10
1000,765,9.22690949323e-09,7.38152759458e-10
1000,770,9.22533196293e-09,7.38026557035e-10
1000,775,9.22186216969e-09,7.37748973575e-10
1000,780,9.21653199755e-09,7.37322559804e-10
1000,785,9.20937387409e-09,7.36749909927e-10
1000,790,9.20042072196e-09,7.36033657757e-10
1000,795,9.18970590451e-09,7.35176472361e-10
1000,800,9.177263167e-09,7.3418105336e-10
1000,805,9.16312657671e-09,7.33050126137e-10
1000,810,9.14733046509e-09,7.31786437207e-10
1000,815,9.1299093753e-09,7.30392750024e-10
1000,820,9.11089801716e-09,7.28871841373e-10
1000,825,9.09033123042e-09,7.27226498434e-10
1000,830,9.06824395563e-09,7.25459516451e-10
1000,835,9.04467121076e-09,7.23573696861e-10
1000,840,9.01964807063e-09,7.21571845651e-10
1000,845,8.99320964644e-09,7.19456771715e-10
1000,850,8.96539106257e-09,7.17231285006e-10
1000,855,8.93622742947e-09,7.14898194357e-10
1000,860,8.90575381194e-09,7.12460304956e-10
1000,865,8.87400519423e-09,7.09920415539e-10
1000,870,8.84101644342e-09,7.07281315474e-10
1000,875,8.80682227393e-09,7.04545781914e-10
1000,880,8.77145721518e-09,7.01716577214e-10
1000,885,8.73495558433e-09,6.98796446747e-10
1000,890,8.69735146468e-09,6.95788117174e-10
1000,895,8.65867868943e-09,6.92694295154e-10
1000,900,8.61897082958e-09,6.89517666367e-10
1000,905,8.57826118396e-09,6.86260894717e-10
1000,910,8.5365827694e-09,6.82926621552e-10
1000,915,8.49396830947e-09,6.79517464757e-10
1000,920,8.45045022061e-09,6.76036017649e-10
1000,925,8.40606059571e-09,6.72484847657e-10
1000,930,8.36083118568e-09,6.68866494854e-10
1000,935,8.31479338024e-09,6.65183470419e-10
1000,940,8.26797818959e-09,6.61438255167e-10
1000,945,8.22041622815e-09,6.57633298252e-10
1000,950,8.17213770141e-09,6.53771016113e-10
1000,955,8.12317239632e-09,6.49853791706e-10
1000,960,8.07354967492e-09,6.45883973993e-10
1000,965,8.02329847054e-09,6.41863877643e-10
1000,970,7.97244728571e-09,6.37795782857e-10
1000,975,7.92102419057e-09,6.33681935246e-10
1000,980,7.86905682118e-09,6.29524545694e-10
1000,985,7.816572377e-09,6.2532579016e-10
1000,990,7.76359761742e-09,6.21087809394e-10
1000,995,7.71015885741e-09,6.16812708593e-10
1000,1000,7.65628196249e-09,6.12502556999e-10
1000,1005,7.60199234339e-09,6.08159387471e-10
1000,1010,7.54731495082e-09,6.03785196065e-10
1000,1015,7.49227427038e-09,5.99381941631e-10
1000,1020,7.43689431816e-09,5.94951545453e-10
1000,1025,7.38119863679e-09,5.90495890943e-10
1000,1030,7.32521029252e-09,5.86016823402e-10
1000,1035,7.26895187327e-09,5.81516149862e-10
1000,1040,7.21244548796e-09,5.76995639037e-10
1000,1045,7.15571276743e-09,5.72457021394e-10
1000,1050,7.09877486703e-09,5.67901989362e-10
1000,1055,7.04165247103e-09,5.63332197682e-10
1000,1060,6.98436579851e-09,5.58749263881e-10
1000,1065,6.92693461055e-09,5.54154768844e-10
1000,1070,6.86937821789e-09,5.49550257431e-10
1000,1075,6.81171548864e-09,5.44937239091e-10
1000,1080,6.75396485503e-09,5.40317188403e-10
1000,1085,6.69614431884e-09,5.35691545508e-10
1000,1090,6.63827145496e-09,5.31061716397e-10
1000,1095,6.58036341305e-09,5.26429073044e-10
1000,1100,6.52243691765e-09,5.21794953412e-10
1000,1105,6.46450826701e-09,5.17160661361e-10
1000,1110,6.40659333162e-09,5.1252746653e-10
1000,1115,6.34870755305e-09,5.07896604244e-10
1000,1120,6.29086594379e-09,5.03269275503e-10
1000,1125,6.23308308884e-09,4.98646647107e-10
1000,1130,6.17537314906e-09,4.94029851924e-10
1000,1135,6.11774986652e-09,4.89419989321e-10
1000,1140,6.06022657149e-09,4.84818125719e-10
1000,1145,6.00281619063e-09,4.80225295251e-10
1000,1150,5.9455312559e-09,4.75642500472e-10
1000,1155,5.88838391346e-09,4.71070713077e-10
1000,1160,5.83138593234e-09,4.66510874587e-10
1000,1165,5.77454871221e-09,4.61963896977e-10
1000,1170,5.71788329038e-09,4.5743066323e-10
1000,1175,5.66140034777e-09,4.52912027822e-10
1000,1180,5.6051102142e-09,4.48408817136e-10
1000,1185,5.54902287306e-09,4.43921829845e-10
1000,1190,5.4931479658e-09,4.39451837264e-10
1000,1195,5.43749479646e-09,4.34999583717e-10
1000,1200,5.38207233648e-09,4.30565786918e-10
1000,1205,5.32688922989e-09,4.26151138391e-10
1000,1210,5.2719537992e-09,4.21756303936e-10
1000,1215,5.21727405163e-09,4.17381924131e-10
1000,1220,5.16285768591e-09,4.13028614872e-10
1000,1225,5.10871209934e-09,4.08696967947e-10
1000,1230,5.05484439506e-09,4.04387551605e-10
1000,1235,5.0012613892e-09,4.00100911136e-10
1000,1240,4.94796961787e-09,3.9583756943e-10
1000,1245,4.8949753438e-09,3.91598027504e-10
1000,1250,4.84228456237e-09,3.8738276499e-10
1000,1255,4.78990300719e-09,3.83192240575e-10
1000,1260,4.73783615496e-09,3.79026892397e-10
1000,1265,4.68608922978e-09,3.74887138382e-10
1000,1270,4.6346672069e-09,3.70773376552e-10
1000,1275,4.58357481617e-09,3.66685985293e-10
1000,1280,4.53281654513e-09,3.6262532361e-10
1000,1285,4.48239664224e-09,3.58591731379e-10
1000,1290,4.43231912013e-09,3.5458552961e-10
1000,1295,4.38258775932e-09,3.50607020746e-10
1000,1300,4.33320611239e-09,3.46656488991e-10
1000,1305,4.28417750876e-09,3.42734200701e-10
1000,1310,4.23550506007e-09,3.38840404806e-10
1000,1315,4.18719166624e-09,3.34975333299e-10
1000,1320,4.13924002185e-09,3.31139201748e-10
1000,1325,4.09165262304e-09,3.27332209843e-10
1000,1330,4.0444317744e-09,3.23554541952e-10
1000,1335,3.99757959591e-09,3.19806367673e-10
1000,1340,3.95109802963e-09,3.1608784237e-10
1000,1345,3.90498884602e-09,3.12399107682e-10
1000,1350,3.85925364983e-09,3.08740291986e-10
1000,1355,3.81389388543e-09,3.05111510834e-10
1000,1360,3.76891084172e-09,3.01512867337e-10
1000,1365,3.72430565656e-09,2.97944452524e-10
1000,1370,3.68007932087e-09,2.9440634567e-10
1000,1375,3.63623268252e-09,2.90898614602e-10
1000,1380,3.59276645002e-09,2.87421316001e-10
1000,1385,3.54968119621e-09,2.83974495697e-10
1000,1390,3.50697736198e-09,2.80558188958e-10
1000,1395,3.46465525993e-09,2.77172420795e-10
1000,1400,3.42271507821e-09,2.73817206257e-10
1000,1405,3.38115688423e-09,2.70492550738e-10
1000,1410,3.33998062838e-09,2.6719845027e-10
1000,1415,3.29918614766e-09,2.63934891813e-10
1000,1420,3.25877316916e-09,2.60701853533e-10
1000,1425,3.21874131328e-09,2.57499305062e-10
1000,1430,3.17909009679e-09,2.54327207743e-10
1000,1435,3.13981893569e-09,2.51185514855e-10
1000,1440,3.10092714785e-09,2.48074171828e-10
1000,1445,3.06241395546e-09,2.44993116436e-10
1000,1450,3.02427848749e-09,2.41942278999e-10
1000,1455,2.98651978205e-09,2.38921582564e-10
1000,1460,2.94913678878e-09,2.35930943102e-10
1000,1465,2.91212837135e-09,2.32970269708e-10
1000,1470,2.87549331008e-09,2.30039464806e-10
1000,1475,2.83923030465e-09,2.27138424372e-10
1000,1480,2.80333797708e-09,2.24267038167e-10
1000,1485,2.76781487475e-09,2.2142518998e-10
1000,1490,2.73265947362e-09,2.1861275789e-10
1000,1495,2.69787018153e-09,2.15829614522e-10
1000,1500,2.66344534154e-09,2.13075627323e-10
1000,1505,2.62938323538e-09,2.1035065883e-10
1000,1510,2.59568208676e-09,2.07654566941e-10
1000,1515,2.5623400647e-09,2.04987205176e-10
1000,1520,2.52935528672e-09,2.02348422937e-10
1000,1525,2.49672582185e-09,1.99738065748e-10
1000,1530,2.46444969353e-09,1.97155975483e-10
1000,1535,2.43252488226e-09,1.94601990581e-10
1000,1540,2.40094932799e-09,1.92075946239e-10
1000,1545,2.36972093241e-09,1.89577674593e-10
1000,1550,2.33883756088e-09,1.87107004871e-10
1000,1555,2.30829704429e-09,1.84663763543e-10
1000,1560,2.27809718067e-09,1.82247774453e-10
1000,1565,2.24823573669e-09,1.79858858935e-10
1000,1570,2.21871044916e-09,1.77496835932e-10
1000,1575,2.1895190263e-09,1.75161522104e-10
1000,1580,2.16065914919e-09,1.72852731935e-10
1000,1585,2.13212847311e-09,1.70570277849e-10
1000,1590,2.10392462898e-09,1.68313970318e-10
1000,1595,2.07604522476e-09,1.66083617981e-10
1000,1600,2.04848784696e-09,1.63879027757e-10
1000,1605,2.02125006213e-09,1.6170000497e-10
1000,1610,1.99432941826e-09,1.59546353461e-10
1000,1615,1.96772344625e-09,1.574178757e-10
1000,1620,1.94142966118e-09,1.55314372895e-10
1000,1625,1.91544556355e-09,1.53235645084e-10
1000,1630,1.88976864037e-09,1.51181491229e-10
1000,1635,1.86439636615e-09,1.49151709292e-10
1000,1640,1.83932620383e-09,1.47146096306e-10
1000,1645,1.81455560553e-09,1.45164448442e-10
1000,1650,1.7900820134e-09,1.43206561072e-10
1000,1655,1.76590286044e-09,1.41272228836e-10
1000,1660,1.74201557134e-09,1.39361245707e-10
1000,1665,1.71841756342e-09,1.37473405074e-10
1000,1670,1.6951062478e-09,1.35608499824e-10
1000,1675,1.6720790305e-09,1.3376632244e-10
1000,1680,1.64933331386e-09,1.31946665108e-10
1000,1685,1.62686649787e-09,1.3014931983e-10
1000,1690,1.60467598174e-09,1.28374078539e-10
1000,1695,1.5827591653e-09,1.26620733224e-10
1000,1700,1.56111345043e-09,1.24889076034e-10
1000,1705,1.53973624242e-09,1.23178899394e-10
1000,1710,1.51862495109e-09,1.21489996087e-10
1000,1715,1.4977769918e-09,1.19822159344e-10
1000,1720,1.47718978622e-09,1.18175182897e-10
1000,1725,1.4568607629e-09,1.16548861032e-10
1000,1730,1.43678735774e-09,1.14942988619e-10
1000,1735,1.41696701421e-09,1.13357361137e-10
1000,1740,1.39739718356e-09,1.11791774684e-10
1000,1745,1.37807532497e-09,1.10246025997e-10
1000,1750,1.35899890573e-09,1.08719912458e-10
1000,1755,1.34016540145e-09,1.07213232116e-10
1000,1760,1.3215722964e-09,1.05725783712e-10
1000,1765,1.30321708394e-09,1.04257366716e-10
1000,1770,1.2850972671e-09,1.02807781368e-10
1000,1775,1.26721035923e-09,1.01376828739e-10
1000,1780,1.24955388476e-09,9.99643107805e-11
1000,1785,1.23212537995e-09,9.85700303963e-11
1000,1790,1.21492239375e-09,9.71937915001e-11
1000,1795,1.19794248844e-09,9.58353990752e-11
1000,1800,1.18118324033e-09,9.44946592267e-11
1000,1805,1.16464224029e-09,9.31713792229e-11
1000,1810,1.14831709409e-09,9.1865367527e-11
1000,1815,1.1322054227e-09,9.05764338161e-11
1000,1820,1.11630486239e-09,8.93043889912e-11
1000,1825,1.10061306471e-09,8.80490451766e-11
1000,1830,1.08512769642e-09,8.68102157135e-11
1000,1835,1.06984643938e-09,8.55877151501e-11
1000,1840,1.05476699038e-09,8.43813592307e-11
1000,1845,1.03988706108e-09,8.31909648866e-11
1000,1850,1.0252043779e-09,8.20163502318e-11
1000,1855,1.01071668206e-09,8.08573345648e-11
1000,1860,9.96421729715e-10,7.97137383772e-11
1000,1865,9.82317292112e-10,7.85853833689e-11
1000,1870,9.68401155875e-10,7.747209247e-11
1000,1875,9.54671123338e-10,7.6373689867e-11
1000,1880,9.41125012914e-10,7.52900010331e-11
1000,1885,9.27760659481e-10,7.42208527585e-11
1000,1890,9.14575914765e-10,7.31660731812e-11
1000,1895,9.01568647685e-10,7.21254918148e-11
1000,1900,8.88736744666e-10,7.10989395733e-11
1000,1905,8.76078109884e-10,7.00862487907e-11
1000,1910,8.63590665463e-10,6.9087253237e-11
1000,1915,8.51272351602e-10,6.81017881282e-11
1000,1920,8.39121126656e-10,6.71296901324e-11
1000,1925,8.27134967162e-10,6.61707973729e-11
1000,1930,8.15311867836e-10,6.52249494268e-11
1000,1935,8.03649841537e-10,6.4291987323e-11
1000,1940,7.92146919216e-10,6.33717535373e-11
1000,1945,7.80801149851e-10,6.24640919881e-11
1000,1950,7.69610600385e-10,6.15688480308e-11
1000,1955,7.58573355651e-10,6.06858684521e-11
1000,1960,7.47687518316e-10,5.98150014653e-11
1000,1965,7.36951208813e-10,5.8956096705e-11
1000,1970,7.2636256529e-10,5.81090052232e-11
1000,1975,7.15919743563e-10,5.7273579485e-11
1000,1980,7.05620917075e-10,5.6449673366e-11
1000,1985,6.95464276873e-10,5.56371421498e-11
1000,1990,6.85448031594e-10,5.48358425275e-11
1000,1995,6.75570407468e-10,5.40456325974e-11
1000,2000,6.65829648337e-10,5.3266371867e-11
1000,2005,6.5622401569e-10,5.24979212552e-11
1000,2010,6.46751788708e-10,5.17401430966e-11
1000,2015,6.37411264316e-10,5.09929011452e-11
1000,2020,6.28200757238e-10,5.02560605791e-11
1000,2025,6.19118600041e-10,4.95294880033e-11
1000,2030,6.10163143151e-10,4.8813051452e-11
1000,2035,6.01332754852e-10,4.81066203881e-11
1000,2040,5.92625821239e-10,4.74100656991e-11
1000,2045,5.84040746128e-10,4.67232596902e-11
1000,2050,5.75575950917e-10,4.60460760734e-11
1000,2055,5.67229874406e-10,4.53783899525e-11
1000,2060,5.59000972568e-10,4.47200778054e-11
1000,2065,5.50887718294e-10,4.40710174635e-11
1000,2070,5.42888601119e-10,4.34310880895e-11
1000,2075,5.35002126944e-10,4.28001701555e-11
1000,2080,5.2722681777e-10,4.21781454216e-11
1000,2085,5.1956121146e-10,4.15648969168e-11
1000,2090,5.12003861544e-10,4.09603089235e-11
1000,2095,5.04553337073e-10,4.03642669658e-11
1000,2100,4.97208222531e-10,3.97766578025e-11
1000,2105,4.89967117805e-10,3.91973694244e-11
1000,2110,4.828286382e-10,3.8626291056e-11
1000,2115,4.75791414497e-10,3.80633131598e-11
1000,2120,4.68854093044e-10,3.75083274435e-11
1000,2125,4.62015335844e-10,3.69612268675e-11
1000,2130,4.55273820647e-10,3.64219056518e-11
1000,2135,4.48628241014e-10,3.58902592811e-11
1000,2140,4.42077306333e-10,3.53661845067e-11
1000,2145,4.35619741803e-10,3.48495793442e-11
1000,2150,4.29254288339e-10,3.43403430671e-11
1000,2155,4.2297970244e-10,3.38383761952e-11
1000,2160,4.16794755986e-10,3.33435804789e-11
1000,2165,4.10698235998e-10,3.28558588799e-11
1000,2170,4.04688944364e-10,3.23751155491e-11
1000,2175,3.98765697538e-10,3.19012558031e-11
1000,2180,3.92927326247e-10,3.14341860997e-11
1000,2185,3.87172675196e-10,3.09738140157e-11
1000,2190,3.81500602815e-10,3.05200482252e-11
1000,2195,3.75909981026e-10,3.0072798482e-11
1000,2200,3.70399695061e-10,2.96319756049e-11
1000,2205,3.64968643332e-10,2.91974914665e-11
1000,2210,3.5961573733e-10,2.87692589864e-11
1000,2215,3.54339901584e-10,2.83471921267e-11
1000,2220,3.49140073632e-10,2.79312058906e-11
1000,2225,3.44015204028e-10,2.75212163222e-11
1000,2230,3.38964256351e-10,2.71171405081e-11
1000,2235,3.33986207212e-10,2.6718896577e-11
1000,2240,3.29080046251e-10,2.63264037001e-11
1000,2245,3.24244776106e-10,2.59395820885e-11
1000,2250,3.19479412361e-10,2.55583529888e-11
1000,2255,3.1478298345e-10,2.5182638676e-11
1000,2260,3.10154530544e-10,2.48123624435e-11
1000,2265,3.0559310739e-10,2.44474485912e-11
1000,2270,3.01097780137e-10,2.4087822411e-11
1000,2275,2.96667627137e-10,2.3733410171e-11
1000,2280,2.92301738734e-10,2.33841390987e-11
1000,2285,2.87999217052e-10,2.30399373642e-11
1000,2290,2.83759175785e-10,2.27007340628e-11
1000,2295,2.7958074e-10,2.23664592e-11
1000,2300,2.75463045951e-10,2.20370436761e-11
1000,2305,2.7140524092e-10,2.17124192736e-11
1000,2310,2.67406483073e-10,2.13925186458e-11
1000,2315,2.63465941338e-10,2.1077275307e-11
1000,2320,2.59582795305e-10,2.07666236244e-11
1000,2325,2.55756235134e-10,2.04604988108e-11
1000,2330,2.51985461484e-10,2.01588369188e-11
1000,2335,2.48269685437e-10,1.98615748349e-11
1000,2340,2.44608128429e-10,1.95686502744e-11
1000,2345,2.41000022184e-10,1.92800017747e-11
1000,2350,2.37444608628e-10,1.89955686902e-11
1000,2355,2.33941139805e-10,1.87152911844e-11
1000,2360,2.30488877784e-10,1.84391102227e-11
1000,2365,2.27087094543e-10,1.81669675635e-11
1000,2370,2.23735071862e-10,1.78988057489e-11
1000,2375,2.2043210119e-10,1.76345680952e-11
1000,2380,2.17177483522e-10,1.73741986817e-11
1000,2385,2.13970529266e-10,1.71176423413e-11
1000,2390,2.10810558109e-10,1.68648446487e-11
1000,2395,2.07696898892e-10,1.66157519114e-11
1000,2400,2.04628889483e-10,1.63703111587e-11
1000,2405,2.01605876662e-10,1.61284701329e-11
1000,2410,1.98627216006e-10,1.58901772805e-11
1000,2415,1.95692271792e-10,1.56553817434e-11
1000,2420,1.92800416893e-10,1.54240333514e-11
1000,2425,1.89951032687e-10,1.51960826149e-11
1000,2430,1.87143508971e-10,1.49714807177e-11
1000,2435,1.84377243869e-10,1.47501795095e-11
1000,2440,1.81651643749e-10,1.45321314999e-11
1000,2445,1.78966123128e-10,1.43172898502e-11
1000,2450,1.76320104586e-10,1.41056083669e-11
1000,2455,1.73713018665e-10,1.38970414932e-11
1000,2460,1.71144303774e-10,1.36915443019e-11
1000,2465,1.6861340608e-10,1.34890724864e-11
1000,2470,1.66119779408e-10,1.32895823526e-11
1000,2475,1.63662885128e-10,1.30930308102e-11
1000,2480,1.6124219205e-10,1.2899375364e-11
1000,2485,1.58857176318e-10,1.27085741055e-11
1000,2490,1.56507321303e-10,1.25205857042e-11
1000,2495,1.54192117503e-10,1.23353694002e-11
1000,2500,1.51911062452e-10,1.21528849961e-11
1000,2505,1.49663660626e-10,1.197309285e-11
1000,2510,1.47449423361e-10,1.17959538689e-11
1000,2515,1.45267868777e-10,1.16214295021e-11
1000,2520,1.43118521697e-10,1.14494817358e-11
1000,2525,1.41000913585e-10,1.12800730868e-11
1000,2530,1.38914582469e-10,1.11131665975e-11
1000,2535,1.36859072879e-10,1.09487258303e-11
1000,2540,1.34833935775e-10,1.0786714862e-11
1000,2545,1.32838728478e-10,1.06270982783e-11
1000,2550,1.30873014592e-10,1.04698411674e-11
1000,2555,1.28936363929e-10,1.03149091143e-11
1000,2560,1.27028352425e-10,1.0162268194e-11
1000,2565,1.25148562054e-10,1.00118849644e-11
1000,2570,1.2329658074e-10,9.86372645917e-12
1000,2575,1.2147200226e-10,9.71776018076e-12
1000,2580,1.19674426156e-10,9.57395409246e-12
1000,2585,1.17903457639e-10,9.43227661113e-12
1000,2590,1.16158707498e-10,9.29269659984e-12
1000,2595,1.14439792009e-10,9.1551833607e-12
1000,2600,1.12746332851e-10,9.01970662808e-12
1000,2605,1.11077957026e-10,8.88623656209e-12
1000,2610,1.09434296783e-10,8.7547437426e-12
1000,2615,1.07814989546e-10,8.62519916365e-12
1000,2620,1.06219677853e-10,8.49757422821e-12
1000,2625,1.04648009293e-10,8.37184074344e-12
1000,2630,1.03099636452e-10,8.24797091614e-12
1000,2635,1.01574216857e-10,8.12593734853e-12
1000,2640,1.00071412926e-10,8.00571303408e-12
1000,2645,9.85908919179e-11,7.88727135343e-12
1000,2650,9.71323258791e-11,7.77058607032e-12
1000,2655,9.56953915912e-11,7.65563132729e-12
1000,2660,9.42797705162e-11,7.5423816413e-12
1000,2665,9.28851487389e-11,7.43081189911e-12
1000,2670,9.15112169056e-11,7.32089735245e-12
1000,2675,9.01576701618e-11,7.21261361294e-12
1000,2680,8.88242080859e-11,7.10593664687e-12
1000,2685,8.75105346222e-11,7.00084276977e-12
1000,2690,8.62163580118e-11,6.89730864095e-12
1000,2695,8.49413907243e-11,6.79531125795e-12
1000,2700,8.36853493887e-11,6.69482795109e-12
1000,2705,8.24479547259e-11,6.59583637807e-12
1000,2710,8.12289314839e-11,6.49831451871e-12
1000,2715,8.00280083738e-11,6.40224066991e-12
1000,2720,7.884491801e-11,6.3075934408e-12
1000,2725,7.76793968521e-11,6.21435174817e-12
1000,2730,7.65311851508e-11,6.12249481206e-12
1000,2735,7.54000268959e-11,6.03200215167e-12
1000,2740,7.42856697667e-11,5.94285358133e-12
1000,2745,7.31878650849e-11,5.85502920679e-12
1000,2750,7.21063677692e-11,5.76850942153e-12
1000,2755,7.10409362903e-11,5.68327490322e-12
1000,2760,6.99913326278e-11,5.59930661022e-12
1000,2765,6.89573222264e-11,5.51658577811e-12
1000,2770,6.79386739529e-11,5.43509391623e-12
1000,2775,6.69351600524e-11,5.35481280419e-12
1000,2780,6.59465561047e-11,5.27572448837e-12
1000,2785,6.49726409796e-11,5.19781127837e-12
1000,2790,6.40131967924e-11,5.12105574339e-12
1000,2795,6.3068008859e-11,5.04544070872e-12
1000,2800,6.21368656502e-11,4.97094925202e-12
1000,2805,6.12195587468e-11,4.89756469974e-12
1000,2810,6.0315882794e-11,4.82527062352e-12
1000,2815,5.94256354569e-11,4.75405083656e-12
1000,2820,5.85486173755e-11,4.68388939004e-12
1000,2825,5.76846321208e-11,4.61477056967e-12
1000,2830,5.68334861512e-11,4.5466788921e-12
1000,2835,5.59949887696e-11,4.47959910157e-12
1000,2840,5.51689520807e-11,4.41351616646e-12
1000,2845,5.43551909498e-11,4.34841527598e-12
1000,2850,5.35535229611e-11,4.28428183688e-12
1000,2855,5.27637683774e-11,4.22110147019e-12
1000,2860,5.19857501002e-11,4.15886000801e-12
1000,2865,5.12192936303e-11,4.09754349042e-12
1000,2870,5.04642270292e-11,4.03713816234e-12
1000,2875,4.97203808814e-11,3.97763047051e-12
1000,2880,4.89875882569e-11,3.91900706056e-12
1000,2885,4.82656846758e-11,3.86125477406e-12
1000,2890,4.75545080722e-11,3.80436064577e-12
1000,2895,4.68538987605e-11,3.74831190084e-12
1000,2900,4.61636994022e-11,3.69309595218e-12
1000,2905,4.54837549735e-11,3.63870039788e-12
1000,2910,4.48139127338e-11,3.5851130187e-12
1000,2915,4.4154022196e-11,3.53232177568e-12
1000,2920,4.35039350963e-11,3.4803148077e-12
1000,2925,4.28635053653e-11,3.42908042922e-12
1000,2930,4.22325890994e-11,3.37860712795e-12
1000,2935,4.16110445323e-11,3.32888356259e-12
1000,2940,4.09987320066e-11,3.27989856053e-12
1000,2945,4.03955139449e-11,3.2316411156e-12
1000,2950,3.98012548215e-11,3.18410038572e-12
1000,2955,3.92158211323e-11,3.13726569058e-12
1000,2960,3.86390813652e-11,3.09112650922e-12
1000,2965,3.807090597e-11,3.0456724776e-12
1000,2970,3.75111673274e-11,3.00089338619e-12
1000,2975,3.69597397178e-11,2.95677917742e-12
1000,2980,3.64164992904e-11,2.91331994323e-12
1000,2985,3.5881324032e-11,2.87050592256e-12
1000,2990,3.53540937366e-11,2.82832749893e-12
1000,2995,3.48346899745e-11,2.78677519796e-12
1000,3000,3.43229960639e-11,2.74583968511e-12
1000,3005,3.38188970422e-11,2.70551176337e-12
1000,3010,3.33222796391e-11,2.66578237113e-12
1000,3015,3.28330322512e-11,2.62664258009e-12
1000,3020,3.23510449173e-11,2.58808359339e-12
1000,3025,3.18762092962e-11,2.5500967437e-12
1000,3030,3.14084186448e-11,2.51267349158e-12
1000,3035,3.09475677977e-11,2.47580542382e-12
1000,3040,3.04935531482e-11,2.43948425185e-12
1000,3045,3.00462726291e-11,2.40370181033e-12
1000,3050,2.96056256948e-11,2.36845005558e-12
1000,3055,2.9171513303e-11,2.33372106424e-12
1000,3060,2.87438378965e-11,2.29950703172e-12
1000,3065,2.83225033844e-11,2.26580027075e-12
1000,3070,2.79074151231e-11,2.23259320985e-12
1000,3075,2.74984798965e-11,2.19987839172e-12
1000,3080,2.70956058948e-11,2.16764847159e-12
1000,3085,2.66987026939e-11,2.13589621551e-12
1000,3090,2.63076812326e-11,2.10461449861e-12
1000,3095,2.59224537904e-11,2.07379630323e-12
1000,3100,2.55429339643e-11,2.04343471715e-12
1000,3105,2.51690366458e-11,2.01352293167e-12
1000,3110,2.48006779978e-11,1.98405423982e-12
1000,3115,2.44377754321e-11,1.95502203457e-12
1000,3120,2.40802475875e-11,1.926419807e-12
1000,3125,2.37280143087e-11,1.89824114469e-12
1000,3130,2.33809966259e-11,1.87047973007e-12
1000,3135,2.30391167364e-11,1.84312933891e-12
1000,3140,2.27022979864e-11,1.81618383891e-12
1000,3145,2.23704648546e-11,1.78963718837e-12
1000,3150,2.20435429366e-11,1.76348343493e-12
1000,3155,2.17214589305e-11,1.73771671444e-12
1000,3160,2.14041406228e-11,1.71233124982e-12
1000,3165,2.10915168754e-11,1.68732135004e-12
1000,3170,2.07835176129e-11,1.66268140903e-12
1000,3175,2.0480073809e-11,1.63840590472e-12
1000,3180,2.01811174745e-11,1.61448939796e-12
1000,3185,1.98865816435e-11,1.59092653148e-12
1000,3190,1.95964003597e-11,1.56771202878e-12
1000,3195,1.93105086625e-11,1.544840693e-12
1000,3200,1.9028842572e-11,1.52230740576e-12
1000,3205,1.87513390736e-11,1.50010712589e-12
1000,3210,1.84779361026e-11,1.47823488821e-12
1000,3215,1.82085725279e-11,1.45668580224e-12
1000,3220,1.79431881358e-11,1.43545505086e-12
1000,3225,1.76817236137e-11,1.41453788909e-12
1000,3230,1.74241205345e-11,1.39392964276e-12
1000,3235,1.7170321341e-11,1.37362570728e-12
1000,3240,1.69202693308e-11,1.35362154647e-12
1000,3245,1.66739086425e-11,1.3339126914e-12
1000,3250,1.64311842422e-11,1.31449473938e-12
1000,3255,1.61920419111e-11,1.29536335288e-12
1000,3260,1.59564282341e-11,1.27651425873e-12
1000,3265,1.57242905892e-11,1.25794324714e-12
1000,3270,1.54955771375e-11,1.239646171e-12
1000,3275,1.52702368138e-11,1.2216189451e-12
1000,3280,1.50482193176e-11,1.20385754541e-12
1000,3285,1.48294751047e-11,1.18635800837e-12
1000,3290,1.46139553781e-11,1.16911643025e-12
1000,3295,1.44016120795e-11,1.15212896636e-12
1000,3300,1.41923978797e-11,1.13539183038e-12
1000,3305,1.39862661694e-11,1.11890129355e-12
1000,3310,1.37831710487e-11,1.1026536839e-12
1000,3315,1.35830673164e-11,1.08664538531e-12
1000,3320,1.33859104587e-11,1.0708728367e-12
1000,3325,1.31916566373e-11,1.05533253099e-12
1000,3330,1.30002626773e-11,1.04002101418e-12
1000,3335,1.28116860543e-11,1.02493488434e-12
1000,3340,1.26258848821e-11,1.01007079057e-12
1000,3345,1.24428179002e-11,9.95425432016e-13
1000,3350,1.22624444613e-11,9.80995556903e-13
1000,3355,1.20847245196e-11,9.66777961565e-13
1000,3360,1.19096186195e-11,9.52769489563e-13
1000,3365,1.17370878856e-11,9.38967030849e-13
1000,3370,1.15670940124e-11,9.25367520989e-13
1000,3375,1.13995992558e-11,9.11967940465e-13
1000,3380,1.12345664256e-11,8.98765314045e-13
1000,3385,1.10719588777e-11,8.85756710213e-13
1000,3390,1.09117405083e-11,8.72939240662e-13
1000,3395,1.07538757479e-11,8.60310059833e-13
1000,3400,1.05983295561e-11,8.47866364491e-13
1000,3405,1.04450674165e-11,8.3560539332e-13
1000,3410,1.02940553316e-11,8.23524426528e-13
1000,3415,1.01452598181e-11,8.11620785445e-13
1000,3420,9.99864790123e-12,7.99891832098e-13
1000,3425,9.85418710955e-12,7.88334968764e-13
1000,3430,9.71184546846e-12,7.76947637477e-13
1000,3435,9.57159149362e-12,7.65727319489e-13
1000,3440,9.43339418375e-12,7.546715347e-13
1000,3445,9.2972230128e-12,7.43777841024e-13
1000,3450,9.16304792163e-12,7.3304383373e-13
1000,3455,9.0308393093e-12,7.22467144744e-13
1000,3460,8.90056802408e-12,7.12045441926e-13
1000,3465,8.77220535429e-12,7.01776428343e-13
1000,3470,8.64572301914e-12,6.91657841531e-13
1000,3475,8.52109315975e-12,6.8168745278e-13
1000,3480,8.39828833044e-12,6.71863066435e-13
1000,3485,8.27728149045e-12,6.62182519236e-13
1000,3490,8.15804599627e-12,6.52643679702e-13
1000,3495,8.04055559446e-12,6.43244447556e-13
1000,3500,7.92478441524e-12,6.33982753219e-13
1000,3505,7.81070696672e-12,6.24856557338e-13
1000,3510,7.69829812976e-12,6.15863850381e-13
1000,3515,7.58753315344e-12,6.07002652275e-13
1000,3520,7.47838765102e-12,5.98271012082e-13
1000,3525,7.37083759631e-12,5.89667007704e-13
1000,3530,7.26485932032e-12,5.81188745625e-13
1000,3535,7.16042950805e-12,5.72834360644e-13
1000,3540,7.0575251953e-12,5.64602015624e-13
1000,3545,6.95612376533e-12,5.56489901227e-13
1000,3550,6.85620294535e-12,5.48496235628e-13
1000,3555,6.75774080268e-12,5.40619264215e-13
1000,3560,6.66071574052e-12,5.32857259241e-13
1000,3565,6.5651064933e-12,5.25208519464e-13
1000,3570,6.47089212169e-12,5.17671369735e-13
1000,3575,6.37805200706e-12,5.10244160565e-13
1000,3580,6.28656584573e-12,5.02925267658e-13
1000,3585,6.19641364281e-12,4.95713091425e-13
1000,3590,6.10757570598e-12,4.88606056479e-13
1000,3595,6.02003263904e-12,4.81602611123e-13
1000,3600,5.93376533554e-12,4.74701226843e-13
1000,3605,5.84875497254e-12,4.67900397803e-13
1000,3610,5.76498300455e-12,4.61198640364e-13
1000,3615,5.68243115785e-12,4.54594492628e-13
1000,3620,5.60108142511e-12,4.48086514009e-13
1000,3625,5.52091606053e-12,4.41673284843e-13
1000,3630,5.44191757547e-12,4.35353406037e-13
1000,3635,5.36406873446e-12,4.29125498757e-13
1000,3640,5.28735255184e-12,4.22988204148e-13
1000,3645,5.21175228873e-12,4.16940183099e-13
1000,3650,5.1372514504e-12,4.10980116032e-13
1000,3655,5.06383378402e-12,4.05106702721e-13
1000,3660,4.99148327653e-12,3.99318662122e-13
1000,3665,4.92018415278e-12,3.93614732223e-13
1000,3670,4.84992087364e-12,3.87993669891e-13
1000,3675,4.78067813406e-12,3.82454250725e-13
1000,3680,4.71244086107e-12,3.76995268886e-13
1000,3685,4.64519421157e-12,3.71615536926e-13
1000,3690,4.57892356986e-12,3.66313885589e-13
1000,3695,4.51361454492e-12,3.61089163594e-13
1000,3700,4.44925296737e-12,3.5594023739e-13
1000,3705,4.38582488614e-12,3.50865990891e-13
1000,3710,4.32331656488e-12,3.4586532519e-13
1000,3715,4.26171447808e-12,3.40937158247e-13
1000,3720,4.20100530705e-12,3.36080424564e-13
1000,3725,4.14117593571e-12,3.31294074857e-13
1000,3730,4.08221344629e-12,3.26577075703e-13
1000,3735,4.02410511512e-12,3.21928409209e-13
1000,3740,3.96683840834e-12,3.17347072667e-13
1000,3745,3.91040097785e-12,3.12832078228e-13
1000,3750,3.85478065737e-12,3.0838245259e-13
1000,3755,3.79996545876e-12,3.03997236701e-13
1000,3760,3.74594356855e-12,2.99675485484e-13
1000,3765,3.69270334482e-12,2.95416267586e-13
1000,3770,3.64023331433e-12,2.91218665146e-13
1000,3775,3.58852216989e-12,2.87081773591e-13
1000,3780,3.53755876809e-12,2.83004701447e-13
1000,3785,3.48733212717e-12,2.78986570173e-13
1000,3790,3.43783142513e-12,2.7502651401e-13
1000,3795,3.38904599801e-12,2.71123679841e-13
1000,3800,3.34096533823e-12,2.67277227058e-13
1000,3805,3.29357909303e-12,2.63486327442e-13
1000,3810,3.24687706289e-12,2.59750165031e-13
1000,3815,3.20084919996e-12,2.56067935997e-13
1000,3820,3.15548560639e-12,2.52438848511e-13
1000,3825,3.11077653258e-12,2.48862122607e-13
1000,3830,3.06671237535e-12,2.45336990028e-13
1000,3835,3.02328367594e-12,2.41862694076e-13
1000,3840,2.98048111796e-12,2.38438489437e-13
1000,3845,2.93829552515e-12,2.35063642012e-13
1000,3850,2.89671785915e-12,2.31737428732e-13
1000,3855,2.85573921708e-12,2.28459137367e-13
1000,3860,2.81535082923e-12,2.25228066338e-13
1000,3865,2.77554405657e-12,2.22043524526e-13
1000,3870,2.73631038845e-12,2.18904831076e-13
1000,3875,2.69764144018e-12,2.15811315214e-13
1000,3880,2.65952895084e-12,2.12762316068e-13
1000,3885,2.62196478111e-12,2.09757182489e-13
1000,3890,2.58494091116e-12,2.06795272893e-13
1000,3895,2.54844943882e-12,2.03875955106e-13
1000,3900,2.51248257773e-12,2.00998606219e-13
1000,3905,2.47703265569e-12,1.98162612455e-13
1000,3910,2.44209211312e-12,1.9536736905e-13
1000,3915,2.40765350163e-12,1.9261228013e-13
1000,3920,2.37370948267e-12,1.89896758614e-13
1000,3925,2.34025282625e-12,1.872202261e-13
1000,3930,2.30727640971e-12,1.84582112777e-13
1000,3935,2.27477321654e-12,1.81981857323e-13
1000,3940,2.24273633515e-12,1.79418906812e-13
1000,3945,2.21115895766e-12,1.76892716613e-13
1000,3950,2.18003437867e-12,1.74402750294e-13
1000,3955,2.14935599396e-12,1.71948479517e-13
1000,3960,2.11911729911e-12,1.69529383928e-13
1000,3965,2.08931188811e-12,1.67144951049e-13
1000,3970,2.0599334519e-12,1.64794676152e-13
1000,3975,2.03097577679e-12,1.62478062143e-13
1000,3980,2.00243274292e-12,1.60194619433e-13
1000,3985,1.97429832258e-12,1.57943865806e-13
1000,3990,1.94656657859e-12,1.55725326288e-13
1000,3995,1.91923166262e-12,1.53538533009e-13
1000,4000,1.89228781345e-12,1.51383025076e-13
2000,5,1.68614373982e-12,9.93372085464e-14
2000,10,6.71115966298e-12,3.96886388275e-13
2000,15,1.49837222971e-11,8.91364241733e-13
2000,20,2.63624679268e-11,1.58074858048e-12
2000,25,4.06627961525e-11,2.46235669661e-12
2000,30,5.7664677799e-11,3.53294045887e-12
2000,35,7.71208419775e-11,4.78878887961e-12
2000,40,9.87647521984e-11,6.22583544925e-12
2000,45,1.22318325464e-10,7.83976514152e-12
2000,50,1.4749898825e-10,9.62611514526e-12
2000,55,1.7402597678e-10,1.15803705231e-11
2000,60,2.01625963582e-10,1.36980536457e-11
2000,65,2.30037905231e-10,1.59748036892e-11
2000,70,2.5901693593e-10,1.84064474471e-11
2000,75,2.88337535296e-10,2.09890623134e-11
2000,80,3.17796199798e-10,2.37190289927e-11
2000,85,3.47213335965e-10,2.65930743339e-11
2000,90,3.76434384062e-10,2.96083071535e-11
2000,95,4.05330521602e-10,3.27622469361e-11
2000,100,4.33798993554e-10,3.60528437091e-11
2000,105,4.61762953064e-10,3.94784898195e-11
2000,110,4.89170861728e-10,4.30380258933e-11
2000,115,5.1599559026e-10,4.67307418947e-11
2000,120,5.42233315267e-10,5.05563726676e-11
2000,125,5.67902231011e-10,5.45150877652e-11
2000,130,5.93041063575e-10,5.86074767624e-11
2000,135,6.17707423796e-10,6.28345314784e-11
2000,140,6.41976080813e-10,6.7197625468e-11
2000,145,6.65937201665e-10,7.16984904939e-11
2000,150,6.89694552104e-10,7.63391902242e-11
2000,155,7.13363669627e-10,8.11220920614e-11
2000,160,7.37070055709e-10,8.60498378472e-11
2000,165,7.60947421388e-10,9.11253136327e-11
2000,170,7.85135983056e-10,9.63516185539e-11
2000,175,8.09780801628e-10,1.01732033116e-10
2000,180,8.35030184033e-10,1.07269987334e-10
2000,185,8.61034176472e-10,1.12969029037e-10
2000,190,8.87943160914e-10,1.18832792489e-10
2000,195,9.15906546663e-10,1.24864967465e-10
2000,200,9.45071548796e-10,1.31069268999e-10
2000,205,9.75582056956e-10,1.37449408025e-10
2000,210,1.00757760371e-09,1.44009063038e-10
2000,215,1.04119243665e-09,1.50751852868e-10
2000,220,1.07655469115e-09,1.57681310632e-10
2000,225,1.11378565885e-09,1.6480085898e-10
2000,230,1.15299914909e-09,1.721137867e-10
2000,235,1.19430094275e-09,1.79623226748e-10
2000,240,1.23778833597e-09,1.87332135715e-10
2000,245,1.28354976837e-09,1.95243274764e-10
2000,250,1.33166452896e-09,2.03359192073e-10
2000,255,1.38220253357e-09,2.11682206796e-10
2000,260,1.4352241698e-09,2.20214394577e-10
2000,265,1.49078020659e-09,2.28957574561e-10
2000,270,1.54891176545e-09,2.37913297921e-10
2000,275,1.60965034967e-09,2.47082837833e-10
2000,280,1.67301792739e-09,2.56467180886e-10
2000,285,1.73902706396e-09,2.66067019823e-10
2000,290,1.8076810982e-09,2.75882747534e-10
2000,295,1.87897435725e-09,2.85914452233e-10
2000,300,1.95289240452e-09,2.96161913787e-10
2000,305,2.02941231693e-09,3.06624601254e-10
2000,310,2.10850298878e-09,3.17301671669e-10
2000,315,2.19012546058e-09,3.28191970097e-10
2000,320,2.27423326986e-09,3.39294030904e-10
2000,325,2.3607728197e-09,3.50606080138e-10
2000,330,2.44968375953e-09,3.62126038859e-10
2000,335,2.54089937308e-09,3.73851527266e-10
2000,340,2.63434696976e-09,3.85779869493e-10
2000,345,2.72994827798e-09,3.97908098966e-10
2000,350,2.82761984048e-09,4.10232964306e-10
2000,355,2.92727341245e-09,4.22750935762e-10
2000,360,3.02881636307e-09,4.35458212252e-10
2000,365,3.13215208019e-09,4.48350729035e-10
2000,370,3.23718037572e-09,4.61424166076e-10
2000,375,3.34379788777e-09,4.74673957037e-10
2000,380,3.45189847389e-09,4.88095298816e-10
2000,385,3.56137359041e-09,5.01683161486e-10
2000,390,3.67211265504e-09,5.15432298492e-10
2000,395,3.78400339353e-09,5.29337256993e-10
2000,400,3.89693217422e-09,5.43392388306e-10
2000,405,4.010784335e-09,5.57591858442e-10
2000,410,4.12544450509e-09,5.71929658753e-10
2000,415,4.24079692016e-09,5.86399616718e-10
2000,420,4.35672572547e-09,6.00995406849e-10
2000,425,4.47311526112e-09,6.1571056169e-10
2000,430,4.58985032565e-09,6.30538482856e-10
2000,435,4.70681641901e-09,6.45472452048e-10
2000,440,4.82389997022e-09,6.60505641971e-10
2000,445,4.94098855655e-09,6.75631127163e-10
2000,450,5.05797111883e-09,6.90841894681e-10
2000,455,5.17473817303e-09,7.06130854704e-10
2000,460,5.29118201293e-09,7.21490851043e-10
2000,465,5.4071968968e-09,7.36914671583e-10
2000,470,5.52267921189e-09,7.52395058615e-10
2000,475,5.63752761508e-09,7.67924719002e-10
2000,480,5.75164315309e-09,7.83496334096e-10
2000,485,5.8649293688e-09,7.99102569312e-10
2000,490,5.97729240065e-09,8.14736083324e-10
2000,495,6.08864107912e-09,8.30389536911e-10
2000,500,6.19888702001e-09,8.46055601511e-10
2000,505,6.30794471078e-09,8.61726967606e-10
2000,510,6.41573158536e-09,8.77396353017e-10
2000,515,6.52216808399e-09,8.93056511144e-10
2000,520,6.62717769819e-09,9.0870023912e-10
2000,525,6.73068700374e-09,9.24320385751e-10
2000,530,6.83262568606e-09,9.39909859114e-10
2000,535,6.93292656155e-09,9.5546163369e-10
2000,540,7.03152559608e-09,9.70968756977e-10
2000,545,7.12836191899e-09,9.86424355593e-10
2000,550,7.22337782963e-09,1.00182164097e-09
2000,555,7.31651879308e-09,1.01715391472e-09
2000,560,7.40773342386e-09,1.03241457382e-09
2000,565,7.49697345888e-09,1.04759711556e-09
2000,570,7.58419372286e-09,1.06269514243e-09
2000,575,7.66935209044e-09,1.07770236673e-09
2000,580,7.75240944842e-09,1.09261261492e-09
2000,585,7.8333296595e-09,1.10741983177e-09
2000,590,7.91207952676e-09,1.12211808418e-09
2000,595,7.98862875622e-09,1.13670156481e-09
2000,600,8.0629499146e-09,1.1511645955e-09
2000,605,8.13501837969e-09,1.16550163055e-09
2000,610,8.20481228281e-09,1.17970725982e-09
2000,615,8.2723124445e-09,1.19377621155e-09
2000,620,8.33750230591e-09,1.2077033549e-09
2000,625,8.40036785926e-09,1.2214837021e-09
2000,630,8.46089757998e-09,1.23511241016e-09
2000,635,8.51908236213e-09,1.24858478218e-09
2000,640,8.57491545703e-09,1.26189626824e-09
2000,645,8.6283924136e-09,1.27504246603e-09
2000,650,8.67951101796e-09,1.28801912138e-09
2000,655,8.72827122977e-09,1.30082212856e-09
2000,660,8.77467511326e-09,1.31344753067e-09
2000,665,8.81872676244e-09,1.32589151993e-09
2000,670,8.86043222132e-09,1.33815043797e-09
2000,675,8.89979940138e-09,1.35022077605e-09
2000,680,8.93683799951e-09,1.36209917517e-09
2000,685,8.97155941962e-09,1.37378242601e-09
2000,690,9.0039767006e-09,1.38526746875e-09
2000,695,9.0341044515e-09,1.3965513927e-09
2000,700,9.06195879342e-09,1.40763143573e-09
2000,705,9.0875573058e-09,1.41850498351e-09
2000,710,9.11091897366e-09,1.4291695686e-09
2000,715,9.13206413212e-09,1.43962286922e-09
2000,720,9.15101440541e-09,1.44986270797e-09
2000,725,9.16779263887e-09,1.4598870502e-09
2000,730,9.18242282446e-09,1.46969400231e-09
2000,735,9.19493002203e-09,1.47928180994e-09
2000,740,9.20534028009e-09,1.48864885598e-09
2000,745,9.21368056007e-09,1.4977936587e-09
2000,750,9.21997866761e-09,1.50671486978e-09
2000,755,9.2242631931e-09,1.51541127244e-09
2000,760,9.226563462e-09,1.52388177959e-09
2000,765,9.22690949323e-09,1.53212543196e-09
2000,770,9.22533196293e-09,1.54014139624e-09
2000,775,9.22186216969e-09,1.54792896314e-09
2000,780,9.21653199755e-09,1.55548754528e-09
2000,785,9.20937387409e-09,1.56281667502e-09
2000,790,9.20042072196e-09,1.56991600216e-09
2000,795,9.18970590451e-09,1.57678529142e-09
2000,800,9.177263167e-09,1.58342442e-09
2000,805,9.16312657671e-09,1.58983337495e-09
2000,810,9.14733046509e-09,1.59601225063e-09
2000,815,9.1299093753e-09,1.60196124622e-09
2000,820,9.11089801716e-09,1.60768066319e-09
2000,825,9.09033123042e-09,1.61317090288e-09
2000,830,9.06824395563e-09,1.61843246415e-09
2000,835,9.04467121076e-09,1.6234659409e-09
2000,840,9.01964807063e-09,1.62827201977e-09
2000,845,8.99320964644e-09,1.6328514776e-09
2000,850,8.96539106257e-09,1.63720517904e-09
2000,855,8.93622742947e-09,1.64133407393e-09
2000,860,8.90575381194e-09,1.64523919483e-09
2000,865,8.87400519423e-09,1.64892165445e-09
2000,870,8.84101644342e-09,1.65238264311e-09
2000,875,8.80682227393e-09,1.6556234263e-09
2000,880,8.77145721518e-09,1.65864534217e-09
2000,885,8.73495558433e-09,1.6614497992e-09
2000,890,8.69735146468e-09,1.66403827379e-09
2000,895,8.65867868943e-09,1.66641230786e-09
2000,900,8.61897082958e-09,1.66857350648e-09
2000,905,8.57826118396e-09,1.67052353544e-09
2000,910,8.5365827694e-09,1.67226411879e-09
2000,915,8.49396830947e-09,1.67379703633e-09
2000,920,8.45045022061e-09,1.67512412122e-09
2000,925,8.40606059571e-09,1.67624725749e-09
2000,930,8.36083118568e-09,1.67716837772e-09
2000,935,8.31479338024e-09,1.67788946085e-09
2000,940,8.26797818959e-09,1.67841253001e-09
2000,945,8.22041622815e-09,1.67873965059e-09
2000,950,8.17213770141e-09,1.67887292833e-09
2000,955,8.12317239632e-09,1.67881450751e-09
2000,960,8.07354967492e-09,1.67856656916e-09
2000,965,8.02329847054e-09,1.67813132925e-09
2000,970,7.97244728571e-09,1.67751103683e-09
2000,975,7.92102419057e-09,1.67670797207e-09
2000,980,7.86905682118e-09,1.67572444423e-09
2000,985,7.816572377e-09,1.67456278959e-09
2000,990,7.76359761742e-09,1.67322536936e-09
2000,995,7.71015885741e-09,1.67171456754e-09
2000,1000,7.65628196249e-09,1.67003278895e-09
2000,1005,7.60199234339e-09,1.66818245731e-09
2000,1010,7.54731495082e-09,1.66616601347e-09
2000,1015,7.49227427038e-09,1.66398591378e-09
2000,1020,7.43689431816e-09,1.66164462867e-09
2000,1025,7.38119863679e-09,1.65914464125e-09
2000,1030,7.32521029252e-09,1.65648844606e-09
2000,1035,7.26895187327e-09,1.65367854779e-09
2000,1040,7.21244548796e-09,1.65071746005e-09
2000,1045,7.15571276743e-09,1.64760770404e-09
2000,1050,7.09877486703e-09,1.64435180718e-09
2000,1055,7.04165247103e-09,1.64095230171e-09
2000,1060,6.98436579851e-09,1.63741172317e-09
2000,1065,6.92693461055e-09,1.63373260898e-09
2000,1070,6.86937821789e-09,1.62991749696e-09
2000,1075,6.81171548864e-09,1.62596892394e-09
2000,1080,6.75396485503e-09,1.62188942454e-09
2000,1085,6.69614431884e-09,1.61768152996e-09
2000,1090,6.63827145496e-09,1.61334776698e-09
2000,1095,6.58036341305e-09,1.60889065707e-09
2000,1100,6.52243691765e-09,1.60431271549e-09
2000,1105,6.46450826701e-09,1.59961645061e-09
2000,1110,6.40659333162e-09,1.59480436304e-09
2000,1115,6.34870755305e-09,1.58987894495e-09
2000,1120,6.29086594379e-09,1.58484267917e-09
2000,1125,6.23308308884e-09,1.57969803839e-09
2000,1130,6.17537314906e-09,1.57444748418e-09
2000,1135,6.11774986652e-09,1.56909346607e-09
2000,1140,6.06022657149e-09,1.56363842059e-09
2000,1145,6.00281619063e-09,1.55808477029e-09
2000,1150,5.9455312559e-09,1.55243492283e-09
2000,1155,5.88838391346e-09,1.54669127015e-09
2000,1160,5.83138593234e-09,1.54085618771e-09
2000,1165,5.77454871221e-09,1.53493203377e-09
2000,1170,5.71788329038e-09,1.52892114886e-09
2000,1175,5.66140034777e-09,1.5228258552e-09
2000,1180,5.6051102142e-09,1.5166484563e-09
2000,1185,5.54902287306e-09,1.51039123655e-09
2000,1190,5.4931479658e-09,1.50405646083e-09
2000,1195,5.43749479646e-09,1.49764637416e-09
2000,1200,5.38207233648e-09,1.49116320139e-09
2000,1205,5.32688922989e-09,1.48460914683e-09
2000,1210,5.2719537992e-09,1.47798639392e-09
2000,1215,5.21727405163e-09,1.47129710492e-09
2000,1220,5.16285768591e-09,1.46454342055e-09
2000,1225,5.10871209934e-09,1.45772745968e-09
2000,1230,5.05484439506e-09,1.45085131903e-09
2000,1235,5.0012613892e-09,1.44391707285e-09
2000,1240,4.94796961787e-09,1.43692677269e-09
2000,1245,4.8949753438e-09,1.42988244706e-09
2000,1250,4.84228456237e-09,1.42278610124e-09
2000,1255,4.78990300719e-09,1.41563971699e-09
2000,1260,4.73783615496e-09,1.40844525235e-09
2000,1265,4.68608922978e-09,1.40120464141e-09
2000,1270,4.6346672069e-09,1.39391979412e-09
2000,1275,4.58357481617e-09,1.38659259606e-09
2000,1280,4.53281654513e-09,1.37922490828e-09
2000,1285,4.48239664224e-09,1.37181856715e-09
2000,1290,4.43231912013e-09,1.36437538419e-09
2000,1295,4.38258775932e-09,1.35689714597e-09
2000,1300,4.33320611239e-09,1.349385614e-09
2000,1305,4.28417750876e-09,1.34184252466e-09
2000,1310,4.23550506007e-09,1.33426958913e-09
2000,1315,4.18719166624e-09,1.32666849342e-09
2000,1320,4.13924002185e-09,1.31904089831e-09
2000,1325,4.09165262304e-09,1.3113884394e-09
2000,1330,4.0444317744e-09,1.30371272714e-09
2000,1335,3.99757959591e-09,1.29601534688e-09
2000,1340,3.95109802963e-09,1.28829785895e-09
2000,1345,3.90498884602e-09,1.2805617987e-09
2000,1350,3.85925364983e-09,1.27280867656e-09
2000,1355,3.81389388543e-09,1.26503997814e-09
2000,1360,3.76891084172e-09,1.25725716425e-09
2000,1365,3.72430565656e-09,1.24946167101e-09
2000,1370,3.68007932087e-09,1.24165490987e-09
2000,1375,3.63623268252e-09,1.23383826769e-09
2000,1380,3.59276645002e-09,1.22601310685e-09
2000,1385,3.54968119621e-09,1.2181807653e-09
2000,1390,3.50697736198e-09,1.21034255674e-09
2000,1395,3.46465525993e-09,1.2024997707e-09
2000,1400,3.42271507821e-09,1.19465367277e-09
2000,1405,3.38115688423e-09,1.18680550481e-09
2000,1410,3.33998062838e-09,1.17895648512e-09
2000,1415,3.29918614766e-09,1.17110780879e-09
2000,1420,3.25877316916e-09,1.16326064786e-09
2000,1425,3.21874131328e-09,1.15541615168e-09
2000,1430,3.17909009679e-09,1.14757544709e-09
2000,1435,3.13981893569e-09,1.1397396387e-09
2000,1440,3.10092714785e-09,1.13190980911e-09
2000,1445,3.06241395546e-09,1.12408701905e-09
2000,1450,3.02427848749e-09,1.11627230755e-09
2000,1455,2.98651978205e-09,1.10846669208e-09
2000,1460,2.94913678878e-09,1.10067116858e-09
2000,1465,2.91212837135e-09,1.09288671157e-09
2000,1470,2.87549331008e-09,1.0851142742e-09
2000,1475,2.83923030465e-09,1.0773547883e-09
2000,1480,2.80333797708e-09,1.06960916449e-09
2000,1485,2.76781487475e-09,1.06187829223e-09
2000,1490,2.73265947362e-09,1.05416303997e-09
2000,1495,2.69787018153e-09,1.04646425535e-09
2000,1500,2.66344534154e-09,1.03878276535e-09
2000,1505,2.62938323538e-09,1.03111937659e-09
2000,1510,2.59568208676e-09,1.02347487557e-09
2000,1515,2.5623400647e-09,1.015850029e-09
2000,1520,2.52935528672e-09,1.00824558409e-09
2000,1525,2.49672582185e-09,1.00066226893e-09
2000,1530,2.46444969353e-09,9.93100792744e-10
2000,1535,2.43252488226e-09,9.85561846286e-10
2000,1540,2.40094932799e-09,9.78046102086e-10
2000,1545,2.36972093241e-09,9.70554214744e-10
2000,1550,2.33883756088e-09,9.63086821181e-10
2000,1555,2.30829704429e-09,9.55644540874e-10
2000,1560,2.27809718067e-09,9.48227976054e-10
2000,1565,2.24823573669e-09,9.40837711911e-10
2000,1570,2.21871044916e-09,9.33474316769e-10
2000,1575,2.1895190263e-09,9.26138342272e-10
2000,1580,2.16065914919e-09,9.18830323569e-10
2000,1585,2.13212847311e-09,9.11550779509e-10
2000,1590,2.10392462898e-09,9.04300212853e-10
2000,1595,2.07604522476e-09,8.97079110504e-10
2000,1600,2.04848784696e-09,8.89887943758e-10
2000,1605,2.02125006213e-09,8.82727168567e-10
2000,1610,1.99432941826e-09,8.75597225823e-10
2000,1615,1.96772344625e-09,8.68498541656e-10
2000,1620,1.94142966118e-09,8.61431527722e-10
2000,1625,1.91544556355e-09,8.54396581512e-10
2000,1630,1.88976864037e-09,8.47394086633e-10
2000,1635,1.86439636615e-09,8.40424413089e-10
2000,1640,1.83932620383e-09,8.33487917543e-10
2000,1645,1.81455560553e-09,8.26584943551e-10
2000,1650,1.7900820134e-09,8.19715821783e-10
2000,1655,1.76590286044e-09,8.12880870215e-10
2000,1660,1.74201557134e-09,8.06080394305e-10
2000,1665,1.71841756342e-09,7.99314687151e-10
2000,1670,1.6951062478e-09,7.92584029628e-10
2000,1675,1.6720790305e-09,7.8588869053e-10
2000,1680,1.64933331386e-09,7.79228926698e-10
2000,1685,1.62686649787e-09,7.72604983149e-10
2000,1690,1.60467598174e-09,7.6601709322e-10
2000,1695,1.5827591653e-09,7.5946547871e-10
2000,1700,1.56111345043e-09,7.5295035004e-10
2000,1705,1.53973624242e-09,7.46471906423e-10
2000,1710,1.51862495109e-09,7.40030336052e-10
2000,1715,1.4977769918e-09,7.33625816293e-10
2000,1720,1.47718978622e-09,7.27258513898e-10
2000,1725,1.4568607629e-09,7.20928585219e-10
2000,1730,1.43678735774e-09,7.14636176437e-10
2000,1735,1.41696701421e-09,7.08381423787e-10
2000,1740,1.39739718356e-09,7.02164453792e-10
2000,1745,1.37807532497e-09,6.95985383494e-10
2000,1750,1.35899890573e-09,6.89844320678e-10
2000,1755,1.34016540145e-09,6.83741364102e-10
2000,1760,1.3215722964e-09,6.77676603712e-10
2000,1765,1.30321708394e-09,6.71650120858e-10
2000,1770,1.2850972671e-09,6.65661988501e-10
2000,1775,1.26721035923e-09,6.59712271413e-10
2000,1780,1.24955388476e-09,6.53801026374e-10
2000,1785,1.23212537995e-09,6.47928302355e-10
2000,1790,1.21492239375e-09,6.42094140705e-10
2000,1795,1.19794248844e-09,6.36298575325e-10
2000,1800,1.18118324033e-09,6.30541632838e-10
2000,1805,1.16464224029e-09,6.24823332749e-10
2000,1810,1.14831709409e-09,6.1914368761e-10
2000,1815,1.1322054227e-09,6.13502703167e-10
2000,1820,1.11630486239e-09,6.07900378511e-10
2000,1825,1.10061306471e-09,6.0233670622e-10
2000,1830,1.08512769642e-09,5.968116725e-10
2000,1835,1.06984643938e-09,5.9132525732e-10
2000,1840,1.05476699038e-09,5.85877434545e-10
2000,1845,1.03988706108e-09,5.8046817207e-10
2000,1850,1.0252043779e-09,5.75097431952e-10
2000,1855,1.01071668206e-09,5.69765170537e-10
2000,1860,9.96421729715e-10,5.64471338598e-10
2000,1865,9.82317292112e-10,5.59215881464e-10
2000,1870,9.68401155875e-10,5.53998739156e-10
2000,1875,9.54671123338e-10,5.48819846522e-10
2000,1880,9.41125012914e-10,5.43679133376e-10
2000,1885,9.27760659481e-10,5.38576524632e-10
2000,1890,9.14575914765e-10,5.33511940446e-10
2000,1895,9.01568647685e-10,5.2848529635e-10
2000,1900,8.88736744666e-10,5.23496503388e-10
2000,1905,8.76078109884e-10,5.18545468247e-10
2000,1910,8.63590665463e-10,5.13632093389e-10
2000,1915,8.51272351602e-10,5.08756277172e-10
2000,1920,8.39121126656e-10,5.0391791397e-10
2000,1925,8.27134967162e-10,4.99116894288e-10
2000,1930,8.15311867836e-10,4.94353104866e-10
2000,1935,8.03649841537e-10,4.89626428784e-10
2000,1940,7.92146919216e-10,4.84936745558e-10
2000,1945,7.80801149851e-10,4.8028393123e-10
2000,1950,7.69610600385e-10,4.75667858459e-10
2000,1955,7.58573355651e-10,4.71088396603e-10
2000,1960,7.47687518316e-10,4.66545411805e-10
2000,1965,7.36951208813e-10,4.62038767076e-10
2000,1970,7.2636256529e-10,4.57568322376e-10
2000,1975,7.15919743563e-10,4.53133934701e-10
2000,1980,7.05620917075e-10,4.4873545817e-10
2000,1985,6.95464276873e-10,4.44372744116e-10
2000,1990,6.85448031594e-10,4.40045641175e-10
2000,1995,6.75570407468e-10,4.35753995385e-10
2000,2000,6.65829648337e-10,4.31497650284e-10
2000,2005,6.5622401569e-10,4.27276447011e-10
2000,2010,6.46751788708e-10,4.23090224404e-10
2000,2015,6.37411264316e-10,4.18938819107e-10
2000,2020,6.28200757238e-10,4.14822065668e-10
2000,2025,6.19118600041e-10,4.10739796641e-10
2000,2030,6.10163143151e-10,4.06691842679e-10
2000,2035,6.01332754852e-10,4.02678032636e-10
2000,2040,5.92625821239e-10,3.9869819365e-10
2000,2045,5.84040746128e-10,3.94752151231e-10
2000,2050,5.75575950917e-10,3.90839729344e-10
2000,2055,5.67229874406e-10,3.86960750483e-10
2000,2060,5.59000972568e-10,3.83115035746e-10
2000,2065,5.50887718294e-10,3.79302404904e-10
2000,2070,5.42888601119e-10,3.75522676462e-10
2000,2075,5.35002126944e-10,3.71775667725e-10
2000,2080,5.2722681777e-10,3.68061194856e-10
2000,2085,5.1956121146e-10,3.64379072934e-10
2000,2090,5.12003861544e-10,3.6072911601e-10
2000,2095,5.04553337073e-10,3.57111137165e-10
2000,2100,4.97208222531e-10,3.53524948558e-10
2000,2105,4.89967117805e-10,3.49970361487e-10
2000,2110,4.828286382e-10,3.46447186439e-10
2000,2115,4.75791414497e-10,3.42955233139e-10
2000,2120,4.68854093044e-10,3.3949431061e-10
2000,2125,4.62015335844e-10,3.36064227216e-10
2000,2130,4.55273820647e-10,3.32664790716e-10
2000,2135,4.48628241014e-10,3.29295808316e-10
2000,2140,4.42077306333e-10,3.25957086708e-10
2000,2145,4.35619741803e-10,3.22648432127e-10
2000,2150,4.29254288339e-10,3.19369650389e-10
2000,2155,4.2297970244e-10,3.16120546942e-10
2000,2160,4.16794755986e-10,3.12900926903e-10
2000,2165,4.10698235998e-10,3.09710595107e-10
2000,2170,4.04688944364e-10,3.06549356144e-10
2000,2175,3.98765697538e-10,3.03417014402e-10
2000,2180,3.92927326247e-10,3.00313374109e-10
2000,2185,3.87172675196e-10,2.97238239368e-10
2000,2190,3.81500602815e-10,2.94191414201e-10
2000,2195,3.75909981026e-10,2.91172702583e-10
2000,2200,3.70399695061e-10,2.88181908478e-10
2000,2205,3.64968643332e-10,2.85218835877e-10
2000,2210,3.5961573733e-10,2.8228328883e-10
2000,2215,3.54339901584e-10,2.7937507148e-10
2000,2220,3.49140073632e-10,2.76493988094e-10
2000,2225,3.44015204028e-10,2.73639843093e-10
2000,2230,3.38964256351e-10,2.70812441079e-10
2000,2235,3.33986207212e-10,2.68011586868e-10
2000,2240,3.29080046251e-10,2.65237085512e-10
2000,2245,3.24244776106e-10,2.62488742328e-10
2000,2250,3.19479412361e-10,2.59766362924e-10
2000,2255,3.1478298345e-10,2.57069753227e-10
2000,2260,3.10154530544e-10,2.54398719507e-10
2000,2265,3.0559310739e-10,2.51753068409e-10
2000,2270,3.01097780137e-10,2.49132606976e-10
2000,2275,2.96667627137e-10,2.46537142684e-10
2000,2280,2.92301738734e-10,2.43966483464e-10
2000,2285,2.87999217052e-10,2.41420437739e-10
2000,2290,2.83759175785e-10,2.38898814448e-10
2000,2295,2.7958074e-10,2.36401423077e-10
2000,2300,2.75463045951e-10,2.33928073689e-10
2000,2305,2.7140524092e-10,2.3147857695e-10
2000,2310,2.67406483073e-10,2.29052744154e-10
2000,2315,2.63465941338e-10,2.2665038725e-10
2000,2320,2.59582795305e-10,2.24271318857e-10
2000,2325,2.55756235134e-10,2.21915352292e-10
2000,2330,2.51985461484e-10,2.1958230158e-10
2000,2335,2.48269685437e-10,2.17271981473e-10
2000,2340,2.44608128429e-10,2.14984207459e-10
2000,2345,2.41000022184e-10,2.12718795776e-10
2000,2350,2.37444608628e-10,2.1047556342e-10
2000,2355,2.33941139805e-10,2.08254328154e-10
2000,2360,2.30488877784e-10,2.06054908516e-10
2000,2365,2.27087094543e-10,2.03877123826e-10
2000,2370,2.23735071862e-10,2.01720794195e-10
2000,2375,2.2043210119e-10,1.99585740536e-10
2000,2380,2.17177483522e-10,1.9747178457e-10
2000,2385,2.13970529266e-10,1.95378748841e-10
2000,2390,2.10810558109e-10,1.93306456724e-10
2000,2395,2.07696898892e-10,1.91254732443e-10
2000,2400,2.04628889483e-10,1.89223401078e-10
2000,2405,2.01605876662e-10,1.87212288588e-10
2000,2410,1.98627216006e-10,1.85221221818e-10
2000,2415,1.95692271792e-10,1.83250028518e-10
2000,2420,1.92800416893e-10,1.81298537354e-10
2000,2425,1.89951032687e-10,1.79366577925e-10
2000,2430,1.87143508971e-10,1.7745398077e-10
2000,2435,1.84377243869e-10,1.75560577384e-10
2000,2440,1.81651643749e-10,1.73686200223e-10
2000,2445,1.78966123128e-10,1.71830682712e-10
2000,2450,1.76320104586e-10,1.69993859253e-10
2000,2455,1.73713018665e-10,1.68175565225e-10
2000,2460,1.71144303774e-10,1.66375636991e-10
2000,2465,1.6861340608e-10,1.64593911895e-10
2000,2470,1.66119779408e-10,1.62830228263e-10
2000,2475,1.63662885128e-10,1.61084425405e-10
2000,2480,1.6124219205e-10,1.5935634361e-10
2000,2485,1.58857176318e-10,1.5764582415e-10
2000,2490,1.56507321303e-10,1.5595270927e-10
2000,2495,1.54192117503e-10,1.54276842199e-10
2000,2500,1.51911062452e-10,1.52618067138e-10
2000,2505,1.49663660626e-10,1.50976229268e-10
2000,2510,1.47449423361e-10,1.49351174751e-10
2000,2515,1.45267868777e-10,1.47742750727e-10
2000,2520,1.43118521697e-10,1.46150805324e-10
2000,2525,1.41000913585e-10,1.44575187655e-10
2000,2530,1.38914582469e-10,1.43015747825e-10
2000,2535,1.36859072879e-10,1.41472336939e-10
2000,2540,1.34833935775e-10,1.39944807101e-10
2000,2545,1.32838728478e-10,1.3843301142e-10
2000,2550,1.30873014592e-10,1.36936804019e-10
2000,2555,1.28936363929e-10,1.35456040034e-10
2000,2560,1.27028352425e-10,1.3399057562e-10
2000,2565,1.25148562054e-10,1.32540267952e-10
2000,2570,1.2329658074e-10,1.31104975229e-10
2000,2575,1.2147200226e-10,1.29684556674e-10
2000,2580,1.19674426156e-10,1.28278872533e-10
2000,2585,1.17903457639e-10,1.26887784076e-10
2000,2590,1.16158707498e-10,1.25511153593e-10
2000,2595,1.14439792009e-10,1.24148844395e-10
2000,2600,1.12746332851e-10,1.22800720808e-10
2000,2605,1.11077957026e-10,1.21466648172e-10
2000,2610,1.09434296783e-10,1.20146492835e-10
2000,2615,1.07814989546e-10,1.18840122153e-10
2000,2620,1.06219677853e-10,1.17547404483e-10
2000,2625,1.04648009293e-10,1.16268209182e-10
2000,2630,1.03099636452e-10,1.15002406602e-10
2000,2635,1.01574216857e-10,1.13749868091e-10
2000,2640,1.00071412926e-10,1.12510465986e-10
2000,2645,9.85908919179e-11,1.11284073613e-10
2000,2650,9.71323258791e-11,1.10070565287e-10
2000,2655,9.56953915912e-11,1.08869816308e-10
2000,2660,9.42797705162e-11,1.07681702959e-10
2000,2665,9.28851487389e-11,1.06506102505e-10
2000,2670,9.15112169056e-11,1.05342893194e-10
2000,2675,9.01576701618e-11,1.04191954249e-10
2000,2680,8.88242080859e-11,1.03053165869e-10
2000,2685,8.75105346222e-11,1.01926409228e-10
2000,2690,8.62163580118e-11,1.00811566466e-10
2000,2695,8.49413907243e-11,9.97085206886e-11
2000,2700,8.36853493887e-11,9.86171559637e-11
2000,2705,8.24479547259e-11,9.75373573138e-11
2000,2710,8.12289314839e-11,9.64690107129e-11
2000,2715,8.00280083738e-11,9.54120030804e-11
2000,2720,7.884491801e-11,9.43662222768e-11
2000,2725,7.76793968521e-11,9.33315570979e-11
2000,2730,7.65311851508e-11,9.23078972699e-11
2000,2735,7.54000268959e-11,9.12951334449e-11
2000,2740,7.42856697667e-11,9.02931571963e-11
2000,2745,7.31878650849e-11,8.93018610146e-11
2000,2750,7.21063677692e-11,8.83211383037e-11
2000,2755,7.10409362903e-11,8.73508833774e-11
2000,2760,6.99913326278e-11,8.63909914558e-11
2000,2765,6.89573222264e-11,8.54413586623e-11
2000,2770,6.79386739529e-11,8.45018820205e-11
2000,2775,6.69351600524e-11,8.35724594503e-11
2000,2780,6.59465561047e-11,8.2652989765e-11
2000,2785,6.49726409796e-11,8.17433726671e-11
2000,2790,6.40131967924e-11,8.08435087437e-11
2000,2795,6.3068008859e-11,7.99532994623e-11
2000,2800,6.21368656502e-11,7.90726471648e-11
2000,2805,6.12195587468e-11,7.82014550622e-11
2000,2810,6.0315882794e-11,7.73396272282e-11
2000,2815,5.94256354569e-11,7.64870685921e-11
2000,2820,5.85486173755e-11,7.56436849322e-11
2000,2825,5.76846321208e-11,7.48093828686e-11
2000,2830,5.68334861512e-11,7.39840698556e-11
2000,2835,5.59949887696e-11,7.31676541748e-11
2000,2840,5.51689520807e-11,7.2360044928e-11
2000,2845,5.43551909498e-11,7.15611520307e-11
2000,2850,5.35535229611e-11,7.07708862059e-11
2000,2855,5.27637683774e-11,6.99891589783e-11
2000,2860,5.19857501002e-11,6.92158826696e-11
2000,2865,5.12192936303e-11,6.84509703931e-11
2000,2870,5.04642270292e-11,6.76943360506e-11
2000,2875,4.97203808814e-11,6.69458943283e-11
2000,2880,4.89875882569e-11,6.62055606937e-11
2000,2885,4.82656846758e-11,6.54732513925e-11
2000,2890,4.75545080722e-11,6.4748883446e-11
2000,2895,4.68538987605e-11,6.4032374648e-11
2000,2900,4.61636994022e-11,6.33236435618e-11
2000,2905,4.54837549735e-11,6.26226095169e-11
2000,2910,4.48139127338e-11,6.19291926053e-11
2000,2915,4.4154022196e-11,6.1243313677e-11
2000,2920,4.35039350963e-11,6.05648943355e-11
2000,2925,4.28635053653e-11,5.98938569322e-11
2000,2930,4.22325890994e-11,5.92301245605e-11
2000,2935,4.16110445323e-11,5.85736210495e-11
2000,2940,4.09987320066e-11,5.79242709569e-11
2000,2945,4.03955139449e-11,5.72819995617e-11
2000,2950,3.98012548215e-11,5.66467328568e-11
2000,2955,3.92158211323e-11,5.60183975412e-11
2000,2960,3.86390813652e-11,5.53969210127e-11
2000,2965,3.807090597e-11,5.47822313599e-11
2000,2970,3.75111673274e-11,5.41742573554e-11
2000,2975,3.69597397178e-11,5.35729284488e-11
2000,2980,3.64164992904e-11,5.29781747604e-11
2000,2985,3.5881324032e-11,5.23899270752e-11
2000,2990,3.53540937366e-11,5.18081168376e-11
2000,2995,3.48346899745e-11,5.12326761467e-11
2000,3000,3.43229960639e-11,5.06635377519e-11
2000,3005,3.38188970422e-11,5.0100635049e-11
2000,3010,3.33222796391e-11,4.95439020769e-11
2000,3015,3.28330322512e-11,4.89932735143e-11
2000,3020,3.23510449173e-11,4.84486846769e-11
2000,3025,3.18762092962e-11,4.79100715141e-11
2000,3030,3.14084186448e-11,4.73773706066e-11
2000,3035,3.09475677977e-11,4.68505191626e-11
2000,3040,3.04935531482e-11,4.63294550152e-11
2000,3045,3.00462726291e-11,4.58141166182e-11
2000,3050,2.96056256948e-11,4.53044430423e-11
2000,3055,2.9171513303e-11,4.48003739706e-11
2000,3060,2.87438378965e-11,4.43018496938e-11
2000,3065,2.83225033844e-11,4.38088111046e-11
2000,3070,2.79074151231e-11,4.33211996923e-11
2000,3075,2.74984798965e-11,4.28389575366e-11
2000,3080,2.70956058948e-11,4.23620273014e-11
2000,3085,2.66987026939e-11,4.18903522276e-11
2000,3090,2.63076812326e-11,4.14238761271e-11
2000,3095,2.59224537904e-11,4.09625433757e-11
2000,3100,2.55429339643e-11,4.05062989063e-11
2000,3105,2.51690366458e-11,4.00550882023e-11
2000,3110,2.48006779978e-11,3.96088572911e-11
2000,3115,2.44377754321e-11,3.91675527382e-11
2000,3120,2.40802475875e-11,3.87311216409e-11
2000,3125,2.37280143087e-11,3.82995116234e-11
2000,3130,2.33809966259e-11,3.7872670831e-11
2000,3135,2.30391167364e-11,3.74505479262e-11
2000,3140,2.27022979864e-11,3.70330920835e-11
2000,3145,2.23704648546e-11,3.66202529862e-11
2000,3150,2.20435429366e-11,3.62119808221e-11
2000,3155,2.17214589305e-11,3.58082262809e-11
2000,3160,2.14041406228e-11,3.54089405503e-11
2000,3165,2.10915168754e-11,3.50140753135e-11
2000,3170,2.07835176129e-11,3.46235827462e-11
2000,3175,2.0480073809e-11,3.42374155136e-11
2000,3180,2.01811174745e-11,3.38555267679e-11
2000,3185,1.98865816435e-11,3.34778701447e-11
2000,3190,1.95964003597e-11,3.31043997606e-11
2000,3195,1.93105086625e-11,3.27350702092e-11
2000,3200,1.9028842572e-11,3.23698365579e-11
2000,3205,1.87513390736e-11,3.20086543441e-11
2000,3210,1.84779361026e-11,3.16514795709e-11
2000,3215,1.82085725279e-11,3.12982687029e-11
2000,3220,1.79431881358e-11,3.09489786617e-11
2000,3225,1.76817236137e-11,3.06035668209e-11
2000,3230,1.74241205345e-11,3.02619910013e-11
2000,3235,1.7170321341e-11,2.99242094654e-11
2000,3240,1.69202693308e-11,2.95901809126e-11
2000,3245,1.66739086425e-11,2.92598644735e-11
2000,3250,1.64311842422e-11,2.89332197045e-11
2000,3255,1.61920419111e-11,2.86102065832e-11
2000,3260,1.59564282341e-11,2.82907855024e-11
2000,3265,1.57242905892e-11,2.79749172655e-11
2000,3270,1.54955771375e-11,2.76625630817e-11
2000,3275,1.52702368138e-11,2.73536845611e-11
2000,3280,1.50482193176e-11,2.70482437106e-11
2000,3285,1.48294751047e-11,2.67462029297e-11
2000,3290,1.46139553781e-11,2.64475250066e-11
2000,3295,1.44016120795e-11,2.61521731144e-11
2000,3300,1.41923978797e-11,2.58601108083e-11
2000,3305,1.39862661694e-11,2.55713020218e-11
2000,3310,1.37831710487e-11,2.52857110643e-11
2000,3315,1.35830673164e-11,2.50033026179e-11
2000,3320,1.33859104587e-11,2.47240417351e-11
2000,3325,1.31916566373e-11,2.44478938358e-11
2000,3330,1.30002626773e-11,2.4174824705e-11
2000,3335,1.28116860543e-11,2.39048004905e-11
2000,3340,1.26258848821e-11,2.36377876995e-11
2000,3345,1.24428179002e-11,2.33737531967e-11
2000,3350,1.22624444613e-11,2.31126642011e-11
2000,3355,1.20847245196e-11,2.28544882833e-11
2000,3360,1.19096186195e-11,2.25991933623e-11
2000,3365,1.17370878856e-11,2.23467477022e-11
2000,3370,1.15670940124e-11,2.20971199093e-11
2000,3375,1.13995992558e-11,2.18502789281e-11
2000,3380,1.12345664256e-11,2.16061940381e-11
2000,3385,1.10719588777e-11,2.13648348498e-11
2000,3390,1.09117405083e-11,2.11261713011e-11
2000,3395,1.07538757479e-11,2.08901736536e-11
2000,3400,1.05983295561e-11,2.06568124883e-11
2000,3405,1.04450674165e-11,2.04260587022e-11
2000,3410,1.02940553316e-11,2.01978835043e-11
2000,3415,1.01452598181e-11,1.99722584119e-11
2000,3420,9.99864790123e-12,1.97491552467e-11
2000,3425,9.85418710955e-12,1.95285461316e-11
2000,3430,9.71184546846e-12,1.9310403487e-11
2000,3435,9.57159149362e-12,1.90947000275e-11
2000,3440,9.43339418375e-12,1.88814087588e-11
2000,3445,9.2972230128e-12,1.86705029746e-11
2000,3450,9.16304792163e-12,1.84619562536e-11
2000,3455,9.0308393093e-12,1.82557424567e-11
2000,3460,8.90056802408e-12,1.80518357245e-11
2000,3465,8.77220535429e-12,1.78502104745e-11
2000,3470,8.64572301914e-12,1.76508413984e-11
2000,3475,8.52109315975e-12,1.74537034601e-11
2000,3480,8.39828833044e-12,1.7258771893e-11
2000,3485,8.27728149045e-12,1.70660221977e-11
2000,3490,8.15804599627e-12,1.68754301393e-11
2000,3495,8.04055559446e-12,1.66869717457e-11
2000,3500,7.92478441524e-12,1.65006233046e-11
2000,3505,7.81070696672e-12,1.63163613615e-11
2000,3510,7.69829812976e-12,1.61341627168e-11
2000,3515,7.58753315344e-12,1.59540044241e-11
2000,3520,7.47838765102e-12,1.5775863787e-11
2000,3525,7.37083759631e-12,1.55997183569e-11
2000,3530,7.26485932032e-12,1.54255459306e-11
2000,3535,7.16042950805e-12,1.52533245474e-11
2000,3540,7.0575251953e-12,1.50830324868e-11
2000,3545,6.95612376533e-12,1.4914648266e-11
2000,3550,6.85620294535e-12,1.4748150637e-11
2000,3555,6.75774080268e-12,1.45835185843e-11
2000,3560,6.66071574052e-12,1.44207313223e-11
2000,3565,6.5651064933e-12,1.42597682927e-11
2000,3570,6.47089212169e-12,1.41006091622e-11
2000,3575,6.37805200706e-12,1.39432338198e-11
2000,3580,6.28656584573e-12,1.37876223744e-11
2000,3585,6.19641364281e-12,1.36337551526e-11
2000,3590,6.10757570598e-12,1.34816126963e-11
2000,3595,6.02003263904e-12,1.333117576e-11
2000,3600,5.93376533554e-12,1.3182425309e-11
2000,3605,5.84875497254e-12,1.30353425171e-11
2000,3610,5.76498300455e-12,1.28899087641e-11
2000,3615,5.68243115785e-12,1.27461056336e-11
2000,3620,5.60108142511e-12,1.26039149114e-11
2000,3625,5.52091606053e-12,1.24633185826e-11
2000,3630,5.44191757547e-12,1.23242988301e-11
2000,3635,5.36406873446e-12,1.21868380321e-11
2000,3640,5.28735255184e-12,1.20509187601e-11
2000,3645,5.21175228873e-12,1.19165237773e-11
2000,3650,5.1372514504e-12,1.17836360358e-11
2000,3655,5.06383378402e-12,1.16522386752e-11
2000,3660,4.99148327653e-12,1.15223150203e-11
2000,3665,4.92018415278e-12,1.13938485792e-11
2000,3670,4.84992087364e-12,1.12668230416e-11
2000,3675,4.78067813406e-12,1.11412222762e-11
2000,3680,4.71244086107e-12,1.10170303298e-11
2000,3685,4.64519421157e-12,1.08942314244e-11
2000,3690,4.57892356986e-12,1.07728099562e-11
2000,3695,4.51361454492e-12,1.06527504932e-11
2000,3700,4.44925296737e-12,1.05340377739e-11
2000,3705,4.38582488614e-12,1.04166567052e-11
2000,3710,4.32331656488e-12,1.03005923608e-11
2000,3715,4.26171447808e-12,1.01858299795e-11
2000,3720,4.20100530705e-12,1.00723549638e-11
2000,3725,4.14117593571e-12,9.9601528776e-12
2000,3730,4.08221344629e-12,9.8492094453e-12
2000,3735,4.02410511512e-12,9.7395105497e-12
2000,3740,3.96683840834e-12,9.63104223057e-12
2000,3745,3.91040097785e-12,9.52379068302e-12
2000,3750,3.85478065737e-12,9.4177422559e-12
2000,3755,3.79996545876e-12,9.31288345017e-12
2000,3760,3.74594356855e-12,9.2092009173e-12
2000,3765,3.69270334482e-12,9.10668145767e-12
2000,3770,3.64023331433e-12,9.00531201893e-12
2000,3775,3.58852216989e-12,8.90507969437e-12
2000,3780,3.53755876809e-12,8.80597172124e-12
2000,3785,3.48733212717e-12,8.7079754792e-12
2000,3790,3.43783142513e-12,8.61107848859e-12
2000,3795,3.38904599801e-12,8.51526840881e-12
2000,3800,3.34096533823e-12,8.42053303667e-12
2000,3805,3.29357909303e-12,8.32686030479e-12
2000,3810,3.24687706289e-12,8.23423827996e-12
2000,3815,3.20084919996e-12,8.14265516154e-12
2000,3820,3.15548560639e-12,8.05209927991e-12
2000,3825,3.11077653258e-12,7.96255909492e-12
2000,3830,3.06671237535e-12,7.87402319439e-12
2000,3835,3.02328367594e-12,7.78648029262e-12
2000,3840,2.98048111796e-12,7.69991922901e-12
2000,3845,2.93829552515e-12,7.61432896662e-12
2000,3850,2.89671785915e-12,7.52969859088e-12
2000,3855,2.85573921708e-12,7.44601730824e-12
2000,3860,2.81535082923e-12,7.36327444496e-12
2000,3865,2.77554405657e-12,7.28145944584e-12
2000,3870,2.73631038845e-12,7.20056187307e-12
2000,3875,2.69764144018e-12,7.12057140504e-12
2000,3880,2.65952895084e-12,7.04147783524e-12
2000,3885,2.62196478111e-12,6.96327107108e-12
2000,3890,2.58494091116e-12,6.88594113288e-12
2000,3895,2.54844943882e-12,6.80947815267e-12
2000,3900,2.51248257773e-12,6.73387237319e-12
2000,3905,2.47703265569e-12,6.65911414671e-12
2000,3910,2.44209211312e-12,6.58519393397e-12
2000,3915,2.40765350163e-12,6.51210230307e-12
2000,3920,2.37370948267e-12,6.43982992831e-12
2000,3925,2.34025282625e-12,6.36836758906e-12
2000,3930,2.30727640971e-12,6.29770616862e-12
2000,3935,2.27477321654e-12,6.22783665302e-12
2000,3940,2.24273633515e-12,6.15875012988e-12
2000,3945,2.21115895766e-12,6.09043778717e-12
2000,3950,2.18003437867e-12,6.02289091206e-12
2000,3955,2.14935599396e-12,5.95610088971e-12
2000,3960,2.11911729911e-12,5.89005920208e-12
2000,3965,2.08931188811e-12,5.82475742677e-12
2000,3970,2.0599334519e-12,5.76018723582e-12
2000,3975,2.03097577679e-12,5.69634039462e-12
2000,3980,2.00243274292e-12,5.63320876072e-12
2000,3985,1.97429832258e-12,5.57078428282e-12
2000,3990,1.94656657859e-12,5.50905899961e-12
2000,3995,1.91923166262e-12,5.44802503881e-12
2000,4000,1.89228781345e-12,5.38767461613e-12
