temperature,wavenumber,cia_coefficient,uncertainty
241,3193,3.42e-46,2.53e-46
241,3194,3.27e-46,2.53e-46
241,3195,3.43e-46,2.53e-46
241,3196,3.09e-46,2.52e-46
241,3197,3.06e-46,2.52e-46
241,3198,2.99e-46,2.52e-46
241,3199,2.86e-46,2.52e-46
241,3200,3.08e-46,2.52e-46
241,3201,2.94e-46,2.52e-46
241,3202,2.78e-46,2.51e-46
241,3203,2.83e-46,2.51e-46
241,3204,2.55e-46,2.51e-46
241,3205,2.7e-46,2.51e-46
241,3206,2.55e-46,2.51e-46
241,3207,2.33e-46,2.51e-46
241,3208,2.53e-46,2.51e-46
241,3209,2.11e-46,2.5e-46
241,3210,2.28e-46,2.5e-46
241,3211,2.31e-46,2.5e-46
241,3212,2.22e-46,2.5e-46
241,3213,2.13e-46,2.5e-46
241,3214,1.76e-46,2.49e-46
241,3215,2.02e-46,2.5e-46
241,3216,1.99e-46,2.5e-46
241,3217,1.96e-46,2.49e-46
241,3218,2e-46,2.49e-46
241,3219,1.74e-46,2.49e-46
241,3220,1.82e-46,2.49e-46
241,3221,1.81e-46,2.49e-46
241,3222,1.79e-46,2.49e-46
241,3223,1.74e-46,2.49e-46
241,3224,1.65e-46,2.49e-46
241,3225,1.91e-46,2.49e-46
241,3226,1.88e-46,2.49e-46
241,3227,1.65e-46,2.48e-46
241,3228,1.61e-46,2.48e-46
241,3229,1.56e-46,2.48e-46
241,3230,1.64e-46,2.48e-46
241,3231,1.75e-46,2.49e-46
241,3232,1.71e-46,2.48e-46
241,3233,1.72e-46,2.48e-46
241,3234,1.67e-46,2.48e-46
241,3235,1.93e-46,2.49e-46
241,3236,1.75e-46,2.48e-46
241,3237,1.84e-46,2.48e-46
241,3238,1.86e-46,2.48e-46
241,3239,1.84e-46,2.48e-46
241,3240,1.83e-46,2.48e-46
241,3241,1.99e-46,2.48e-46
241,3242,1.98e-46,2.48e-46
241,3243,2.01e-46,2.48e-46
241,3244,1.96e-46,2.48e-46
241,3245,1.77e-46,2.48e-46
241,3246,1.97e-46,2.48e-46
241,3247,2.16e-46,2.48e-46
241,3248,2.21e-46,2.48e-46
241,3249,2.21e-46,2.48e-46
241,3250,2.18e-46,2.48e-46
241,3251,2.18e-46,2.48e-46
241,3252,2.32e-46,2.48e-46
241,3253,2.23e-46,2.48e-46
241,3254,2.3e-46,2.48e-46
241,3255,2.46e-46,2.48e-46
241,3256,2.38e-46,2.48e-46
241,3257,2.37e-46,2.48e-46
241,3258,2.4e-46,2.48e-46
241,3259,2.41e-46,2.48e-46
241,3260,2.42e-46,2.48e-46
241,3261,2.48e-46,2.48e-46
241,3262,2.43e-46,2.48e-46
241,3263,2.57e-46,2.48e-46
241,3264,2.8e-46,2.49e-46
241,3265,2.75e-46,2.48e-46
241,3266,2.86e-46,2.49e-46
241,3267,2.8e-46,2.48e-46
241,3268,2.86e-46,2.48e-46
241,3269,3e-46,2.49e-46
241,3270,3.01e-46,2.49e-46
241,3271,3.15e-46,2.49e-46
241,3272,3.13e-46,2.49e-46
241,3273,3.02e-46,2.49e-46
241,3274,3.06e-46,2.49e-46
241,3275,3.03e-46,2.49e-46
241,3276,2.94e-46,2.48e-46
241,3277,3.57e-46,2.49e-46
241,3278,3.39e-46,2.49e-46
241,3279,3.34e-46,2.49e-46
241,3280,3.32e-46,2.49e-46
241,3281,3.36e-46,2.49e-46
241,3282,3.67e-46,2.49e-46
241,3283,3.56e-46,2.49e-46
241,3284,3.64e-46,2.49e-46
241,3906,3.663e-45,3.76e-46
241,3907,3.605e-45,3.76e-46
241,3908,3.594e-45,3.76e-46
241,3909,3.597e-45,3.76e-46
241,3910,3.615e-45,3.77e-46
241,3911,3.658e-45,3.78e-46
241,3912,3.686e-45,3.8e-46
241,3913,3.716e-45,3.81e-46
241,3914,3.776e-45,3.83e-46
241,3915,3.867e-45,3.86e-46
241,3916,3.985e-45,3.9e-46
241,3917,4.072e-45,3.92e-46
241,3918,4.079e-45,3.93e-46
241,3919,4.094e-45,3.95e-46
241,3920,4.081e-45,3.95e-46
241,3921,4.18e-45,3.98e-46
241,3922,4.199e-45,3.98e-46
241,3923,4.239e-45,4e-46
241,3924,4.339e-45,4.04e-46
241,3925,4.333e-45,4.04e-46
241,3926,4.35e-45,4.05e-46
241,3927,4.41e-45,4.07e-46
241,3928,4.446e-45,4.09e-46
241,3929,4.453e-45,4.1e-46
241,3930,4.543e-45,4.13e-46
241,3931,4.648e-45,4.17e-46
241,3932,4.715e-45,4.19e-46
241,3933,4.767e-45,4.21e-46
241,3934,4.753e-45,4.22e-46
241,3935,4.792e-45,4.23e-46
241,3936,4.856e-45,4.26e-46
241,3937,4.903e-45,4.28e-46
241,3938,4.944e-45,4.3e-46
241,3939,5.042e-45,4.33e-46
241,3940,5.118e-45,4.35e-46
241,3941,5.199e-45,4.38e-46
241,3942,5.266e-45,4.41e-46
241,3943,5.31e-45,4.43e-46
241,3944,5.398e-45,4.46e-46
241,3945,5.445e-45,4.48e-46
241,3946,5.501e-45,4.51e-46
241,3947,5.568e-45,4.54e-46
241,3948,5.648e-45,4.57e-46
241,3949,5.726e-45,4.6e-46
241,3950,5.753e-45,4.61e-46
241,3951,5.847e-45,4.64e-46
241,3952,5.946e-45,4.68e-46
241,3953,5.953e-45,4.7e-46
241,3954,6.032e-45,4.72e-46
241,3955,6.131e-45,4.76e-46
241,3956,6.18e-45,4.79e-46
241,3957,6.266e-45,4.82e-46
241,3958,6.384e-45,4.86e-46
241,3959,6.478e-45,4.9e-46
241,3960,6.551e-45,4.92e-46
241,3961,6.665e-45,4.96e-46
241,3962,6.719e-45,4.99e-46
241,3963,6.806e-45,5.03e-46
241,3964,6.912e-45,5.06e-46
241,3965,7.013e-45,5.1e-46
241,3966,7.054e-45,5.13e-46
241,3967,7.147e-45,5.17e-46
241,3968,7.288e-45,5.22e-46
241,3969,7.384e-45,5.25e-46
241,3970,7.507e-45,5.3e-46
241,3971,7.623e-45,5.34e-46
241,3972,7.711e-45,5.38e-46
241,3973,7.773e-45,5.41e-46
241,3974,7.897e-45,5.45e-46
241,3975,8.038e-45,5.51e-46
241,3976,8.152e-45,5.55e-46
241,3977,8.271e-45,5.6e-46
241,3978,8.383e-45,5.64e-46
241,3979,8.5e-45,5.68e-46
241,3980,8.609e-45,5.73e-46
241,3981,8.714e-45,5.78e-46
241,3982,8.841e-45,5.82e-46
241,3983,8.974e-45,5.87e-46
241,3984,9.137e-45,5.93e-46
241,3985,9.246e-45,5.98e-46
241,3986,9.363e-45,6.03e-46
241,3987,9.507e-45,6.08e-46
241,3988,9.64e-45,6.13e-46
241,3989,9.766e-45,6.18e-46
241,3990,9.933e-45,6.25e-46
241,3991,1.0062e-44,6.3e-46
241,3992,1.0222e-44,6.36e-46
241,3993,1.0368e-44,6.42e-46
241,3994,1.0514e-44,6.48e-46
241,3995,1.0706e-44,6.54e-46
241,3996,1.0874e-44,6.6e-46
241,3997,1.1028e-44,6.67e-46
241,3998,1.1222e-44,6.73e-46
241,3999,1.1372e-44,6.79e-46
241,4000,1.1512e-44,6.85e-46
241,4001,1.1702e-44,6.93e-46
241,4002,1.1876e-44,6.99e-46
241,4003,1.2033e-44,7.06e-46
241,4004,1.2229e-44,7.13e-46
241,4005,1.2423e-44,7.21e-46
241,4006,1.2642e-44,7.28e-46
241,4007,1.2821e-44,7.35e-46
241,4008,1.3025e-44,7.43e-46
241,4009,1.3225e-44,7.51e-46
241,4010,1.3459e-44,7.59e-46
241,4011,1.3664e-44,7.66e-46
241,4012,1.3896e-44,7.74e-46
241,4013,1.409e-44,7.82e-46
241,4014,1.4293e-44,7.91e-46
241,4015,1.4511e-44,7.99e-46
241,4016,1.4769e-44,8.08e-46
241,4017,1.5018e-44,8.17e-46
241,4018,1.5278e-44,8.27e-46
241,4019,1.5525e-44,8.37e-46
241,4020,1.5816e-44,8.47e-46
241,4021,1.609e-44,8.57e-46
241,4022,1.6352e-44,8.66e-46
241,4023,1.6617e-44,8.76e-46
241,4024,1.6875e-44,8.86e-46
241,4025,1.7137e-44,8.96e-46
241,4026,1.7394e-44,9.05e-46
241,4027,1.7668e-44,9.16e-46
241,4028,1.7947e-44,9.26e-46
241,4029,1.818e-44,9.35e-46
241,4030,1.8516e-44,9.47e-46
241,4031,1.8805e-44,9.58e-46
241,4032,1.9107e-44,9.7e-46
241,4033,1.9453e-44,9.82e-46
241,4034,1.9786e-44,9.94e-46
241,4035,2.011e-44,1.01e-45
241,4036,2.043e-44,1.02e-45
241,4037,2.078e-44,1.03e-45
241,4038,2.112e-44,1.04e-45
241,4039,2.149e-44,1.06e-45
241,4040,2.187e-44,1.07e-45
241,4041,2.224e-44,1.08e-45
241,4042,2.259e-44,1.1e-45
241,4043,2.301e-44,1.11e-45
241,4044,2.339e-44,1.12e-45
241,4045,2.376e-44,1.14e-45
241,4046,2.415e-44,1.15e-45
241,4047,2.456e-44,1.17e-45
241,4048,2.499e-44,1.18e-45
241,4049,2.543e-44,1.2e-45
241,4050,2.587e-44,1.21e-45
241,4051,2.63e-44,1.23e-45
241,4052,2.676e-44,1.25e-45
241,4053,2.723e-44,1.26e-45
241,4054,2.77e-44,1.28e-45
241,4055,2.813e-44,1.29e-45
241,4056,2.864e-44,1.31e-45
241,4057,2.907e-44,1.33e-45
241,4058,2.955e-44,1.35e-45
241,4059,3.004e-44,1.36e-45
241,4060,3.064e-44,1.38e-45
241,4061,3.118e-44,1.4e-45
241,4062,3.167e-44,1.42e-45
241,4063,3.219e-44,1.44e-45
241,4064,3.275e-44,1.46e-45
241,4065,3.328e-44,1.48e-45
241,4066,3.389e-44,1.5e-45
241,4067,3.445e-44,1.52e-45
241,4068,3.499e-44,1.54e-45
241,4069,3.562e-44,1.56e-45
241,4070,3.623e-44,1.58e-45
241,4071,3.682e-44,1.6e-45
241,4072,3.743e-44,1.62e-45
241,4073,3.81e-44,1.65e-45
241,4074,3.876e-44,1.67e-45
241,4075,3.943e-44,1.69e-45
241,4076,4.005e-44,1.71e-45
241,4077,4.067e-44,1.74e-45
241,4078,4.134e-44,1.76e-45
241,4079,4.206e-44,1.78e-45
241,4080,4.275e-44,1.81e-45
241,4081,4.345e-44,1.83e-45
241,4082,4.419e-44,1.86e-45
241,4083,4.488e-44,1.88e-45
241,4084,4.565e-44,1.91e-45
241,4085,4.636e-44,1.93e-45
241,4086,4.709e-44,1.96e-45
241,4087,4.788e-44,1.98e-45
241,4088,4.865e-44,2.01e-45
241,4089,4.942e-44,2.04e-45
241,4090,5.012e-44,2.06e-45
241,4091,5.09e-44,2.09e-45
241,4092,5.172e-44,2.12e-45
241,4093,5.255e-44,2.14e-45
241,4094,5.332e-44,2.17e-45
241,4095,5.41e-44,2.2e-45
241,4096,5.493e-44,2.23e-45
241,4097,5.571e-44,2.26e-45
241,4098,5.654e-44,2.28e-45
241,4099,5.735e-44,2.31e-45
241,4100,5.813e-44,2.34e-45
241,4101,5.894e-44,2.37e-45
241,4102,5.973e-44,2.39e-45
241,4103,6.058e-44,2.42e-45
241,4104,6.144e-44,2.45e-45
241,4105,6.223e-44,2.48e-45
241,4106,6.304e-44,2.51e-45
241,4107,6.376e-44,2.53e-45
241,4108,6.461e-44,2.56e-45
241,4109,6.548e-44,2.59e-45
241,4110,6.63e-44,2.62e-45
241,4111,6.71e-44,2.65e-45
241,4112,6.789e-44,2.68e-45
241,4113,6.861e-44,2.7e-45
241,4114,6.946e-44,2.73e-45
241,4115,7.032e-44,2.76e-45
241,4116,7.114e-44,2.79e-45
241,4117,7.201e-44,2.82e-45
241,4118,7.28e-44,2.85e-45
241,4119,7.363e-44,2.87e-45
241,4120,7.445e-44,2.9e-45
241,4121,7.526e-44,2.93e-45
241,4122,7.602e-44,2.96e-45
241,4123,7.679e-44,2.98e-45
241,4124,7.751e-44,3.01e-45
241,4125,7.807e-44,3.02e-45
241,4126,7.875e-44,3.05e-45
241,4127,7.974e-44,3.08e-45
241,4128,8.062e-44,3.12e-45
241,4129,8.139e-44,3.14e-45
241,4130,8.215e-44,3.17e-45
241,4131,8.288e-44,3.19e-45
241,4132,8.354e-44,3.22e-45
241,4133,8.429e-44,3.24e-45
241,4134,8.501e-44,3.27e-45
241,4135,8.583e-44,3.3e-45
241,4136,8.664e-44,3.32e-45
241,4137,8.746e-44,3.35e-45
241,4138,8.83e-44,3.38e-45
241,4139,8.908e-44,3.4e-45
241,4140,8.975e-44,3.43e-45
241,4141,9.041e-44,3.45e-45
241,4142,9.107e-44,3.47e-45
241,4143,9.183e-44,3.49e-45
241,4144,9.319e-44,3.53e-45
241,4145,9.453e-44,3.58e-45
241,4146,9.55e-44,3.62e-45
241,4147,9.616e-44,3.64e-45
241,4148,9.654e-44,3.65e-45
241,4149,9.691e-44,3.66e-45
241,4150,9.705e-44,3.67e-45
241,4151,9.716e-44,3.68e-45
241,4152,9.721e-44,3.68e-45
241,4153,9.681e-44,3.66e-45
241,4154,9.494e-44,3.58e-45
241,4155,9.292e-44,3.45e-45
241,4156,9.5e-44,3.55e-45
241,4157,9.735e-44,3.67e-45
241,4158,9.829e-44,3.72e-45
241,4159,9.859e-44,3.73e-45
241,4160,9.822e-44,3.71e-45
241,4161,9.768e-44,3.69e-45
241,4162,9.782e-44,3.7e-45
241,4163,9.777e-44,3.71e-45
241,4164,9.745e-44,3.71e-45
241,4165,9.707e-44,3.7e-45
241,4166,9.667e-44,3.69e-45
241,4167,9.633e-44,3.68e-45
241,4168,9.607e-44,3.67e-45
241,4169,9.572e-44,3.66e-45
241,4170,9.543e-44,3.66e-45
241,4171,9.521e-44,3.65e-45
241,4172,9.504e-44,3.65e-45
241,4173,9.484e-44,3.64e-45
241,4174,9.469e-44,3.64e-45
241,4175,9.452e-44,3.63e-45
241,4176,9.433e-44,3.63e-45
241,4177,9.407e-44,3.62e-45
241,4178,9.383e-44,3.61e-45
241,4179,9.359e-44,3.61e-45
241,4180,9.334e-44,3.6e-45
241,4181,9.312e-44,3.59e-45
241,4182,9.284e-44,3.58e-45
241,4183,9.249e-44,3.57e-45
241,4184,9.213e-44,3.56e-45
241,4185,9.181e-44,3.55e-45
241,4186,9.149e-44,3.54e-45
241,4187,9.115e-44,3.53e-45
241,4188,9.068e-44,3.52e-45
241,4189,9.019e-44,3.5e-45
241,4190,8.972e-44,3.49e-45
241,4191,8.916e-44,3.47e-45
241,4192,8.867e-44,3.46e-45
241,4193,8.809e-44,3.44e-45
241,4194,8.766e-44,3.42e-45
241,4195,8.713e-44,3.41e-45
241,4196,8.658e-44,3.39e-45
241,4197,8.608e-44,3.37e-45
241,4198,8.555e-44,3.36e-45
241,4199,8.502e-44,3.34e-45
241,4200,8.437e-44,3.32e-45
241,4201,8.381e-44,3.3e-45
241,4202,8.326e-44,3.29e-45
241,4203,8.265e-44,3.27e-45
241,4204,8.198e-44,3.25e-45
241,4205,8.136e-44,3.23e-45
241,4206,8.075e-44,3.21e-45
241,4207,8.022e-44,3.19e-45
241,4208,7.96e-44,3.17e-45
241,4209,7.884e-44,3.15e-45
241,4210,7.815e-44,3.12e-45
241,4211,7.755e-44,3.11e-45
241,4212,7.696e-44,3.09e-45
241,4213,7.63e-44,3.06e-45
241,4214,7.567e-44,3.05e-45
241,4215,7.504e-44,3.03e-45
241,4216,7.439e-44,3.01e-45
241,4217,7.377e-44,2.98e-45
241,4218,7.307e-44,2.96e-45
241,4219,7.234e-44,2.94e-45
241,4220,7.162e-44,2.92e-45
241,4221,7.101e-44,2.9e-45
241,4222,7.037e-44,2.88e-45
241,4223,6.97e-44,2.86e-45
241,4224,6.901e-44,2.83e-45
241,4225,6.84e-44,2.81e-45
241,4226,6.775e-44,2.79e-45
241,4227,6.714e-44,2.77e-45
241,4228,6.645e-44,2.75e-45
241,4229,6.578e-44,2.73e-45
241,4230,6.515e-44,2.71e-45
241,4231,6.452e-44,2.69e-45
241,4232,6.394e-44,2.67e-45
241,4233,6.324e-44,2.65e-45
241,4234,6.265e-44,2.63e-45
241,4235,6.208e-44,2.61e-45
241,4236,6.149e-44,2.59e-45
241,4237,6.088e-44,2.57e-45
241,4238,6.025e-44,2.55e-45
241,4239,5.967e-44,2.53e-45
241,4240,5.907e-44,2.51e-45
241,4241,5.844e-44,2.49e-45
241,4242,5.784e-44,2.47e-45
241,4243,5.729e-44,2.45e-45
241,4244,5.679e-44,2.44e-45
241,4245,5.621e-44,2.42e-45
241,4246,5.566e-44,2.4e-45
241,4247,5.511e-44,2.38e-45
241,4248,5.458e-44,2.36e-45
241,4249,5.402e-44,2.35e-45
241,4250,5.348e-44,2.33e-45
241,4251,5.294e-44,2.31e-45
241,4252,5.241e-44,2.29e-45
241,4253,5.192e-44,2.28e-45
241,4254,5.143e-44,2.26e-45
241,4255,5.094e-44,2.24e-45
241,4256,5.044e-44,2.23e-45
241,4257,4.995e-44,2.21e-45
241,4258,4.959e-44,2.2e-45
241,4259,4.912e-44,2.18e-45
241,4260,4.856e-44,2.16e-45
241,4261,4.806e-44,2.15e-45
241,4262,4.759e-44,2.13e-45
241,4263,4.714e-44,2.12e-45
241,4264,4.67e-44,2.1e-45
241,4265,4.62e-44,2.09e-45
241,4266,4.571e-44,2.07e-45
241,4267,4.532e-44,2.06e-45
241,4268,4.491e-44,2.04e-45
241,4269,4.449e-44,2.03e-45
241,4270,4.405e-44,2.01e-45
241,4271,4.364e-44,2e-45
241,4272,4.33e-44,1.99e-45
241,4273,4.283e-44,1.97e-45
241,4274,4.243e-44,1.96e-45
241,4275,4.204e-44,1.94e-45
241,4276,4.168e-44,1.93e-45
241,4277,4.13e-44,1.92e-45
241,4278,4.091e-44,1.9e-45
241,4279,4.053e-44,1.89e-45
241,4280,4.017e-44,1.88e-45
241,4281,3.982e-44,1.87e-45
241,4282,3.944e-44,1.85e-45
241,4283,3.907e-44,1.84e-45
241,4284,3.875e-44,1.83e-45
241,4285,3.833e-44,1.82e-45
241,4286,3.799e-44,1.81e-45
241,4287,3.776e-44,1.8e-45
241,4288,3.741e-44,1.78e-45
241,4289,3.702e-44,1.77e-45
241,4290,3.672e-44,1.76e-45
241,4291,3.641e-44,1.75e-45
241,4292,3.611e-44,1.74e-45
241,4293,3.579e-44,1.73e-45
241,4294,3.546e-44,1.72e-45
241,4295,3.513e-44,1.7e-45
241,4296,3.482e-44,1.69e-45
241,4297,3.452e-44,1.68e-45
241,4298,3.425e-44,1.67e-45
241,4299,3.398e-44,1.66e-45
241,4300,3.367e-44,1.65e-45
241,4301,3.337e-44,1.64e-45
241,4302,3.311e-44,1.63e-45
241,4303,3.28e-44,1.62e-45
241,4304,3.253e-44,1.61e-45
241,4305,3.229e-44,1.6e-45
241,4306,3.206e-44,1.59e-45
241,4307,3.172e-44,1.58e-45
241,4308,3.145e-44,1.57e-45
241,4309,3.125e-44,1.57e-45
241,4310,3.101e-44,1.56e-45
241,4311,3.071e-44,1.55e-45
241,4312,3.048e-44,1.54e-45
241,4313,3.027e-44,1.53e-45
241,4314,3.002e-44,1.52e-45
241,4315,2.977e-44,1.51e-45
241,4316,2.956e-44,1.51e-45
241,4317,2.931e-44,1.5e-45
241,4318,2.906e-44,1.49e-45
241,4319,2.878e-44,1.48e-45
241,4320,2.857e-44,1.47e-45
241,4321,2.834e-44,1.46e-45
241,4322,2.814e-44,1.45e-45
241,4323,2.789e-44,1.45e-45
241,4324,2.77e-44,1.44e-45
241,4325,2.748e-44,1.43e-45
241,4326,2.726e-44,1.42e-45
241,4327,2.702e-44,1.41e-45
241,4328,2.678e-44,1.41e-45
241,4329,2.662e-44,1.4e-45
241,4330,2.647e-44,1.39e-45
241,4331,2.625e-44,1.39e-45
241,4332,2.606e-44,1.38e-45
241,4333,2.591e-44,1.37e-45
241,4334,2.572e-44,1.37e-45
241,4335,2.55e-44,1.36e-45
241,4336,2.526e-44,1.35e-45
241,4337,2.505e-44,1.34e-45
241,4338,2.492e-44,1.34e-45
241,4339,2.476e-44,1.33e-45
241,4340,2.458e-44,1.32e-45
241,4341,2.439e-44,1.32e-45
241,4342,2.419e-44,1.31e-45
241,4343,2.402e-44,1.3e-45
241,4344,2.382e-44,1.3e-45
241,4345,2.367e-44,1.29e-45
241,4346,2.35e-44,1.28e-45
241,4347,2.342e-44,1.28e-45
241,4348,2.326e-44,1.27e-45
241,4349,2.307e-44,1.27e-45
241,4350,2.292e-44,1.26e-45
241,4351,2.27e-44,1.26e-45
241,4352,2.256e-44,1.25e-45
241,4353,2.242e-44,1.24e-45
241,4354,2.229e-44,1.24e-45
241,4355,2.212e-44,1.23e-45
241,4356,2.205e-44,1.23e-45
241,4357,2.188e-44,1.22e-45
241,4358,2.166e-44,1.22e-45
241,4359,2.15e-44,1.21e-45
241,4360,2.139e-44,1.21e-45
241,4361,2.133e-44,1.2e-45
241,4362,2.118e-44,1.2e-45
241,4363,2.102e-44,1.19e-45
241,4364,2.09e-44,1.19e-45
241,4365,2.078e-44,1.18e-45
241,4366,2.065e-44,1.18e-45
241,4367,2.048e-44,1.17e-45
241,4368,2.037e-44,1.17e-45
241,4369,2.024e-44,1.16e-45
241,4370,2.008e-44,1.16e-45
241,4371,1.997e-44,1.15e-45
241,4372,1.987e-44,1.15e-45
241,4373,1.977e-44,1.14e-45
241,4374,1.968e-44,1.14e-45
241,4375,1.956e-44,1.14e-45
241,4376,1.947e-44,1.13e-45
241,4377,1.936e-44,1.13e-45
241,4378,1.918e-44,1.12e-45
241,4379,1.908e-44,1.12e-45
241,4380,1.901e-44,1.12e-45
241,4381,1.889e-44,1.11e-45
241,4382,1.88e-44,1.11e-45
241,4383,1.873e-44,1.11e-45
241,4384,1.86e-44,1.1e-45
241,4385,1.854e-44,1.1e-45
241,4386,1.844e-44,1.09e-45
241,4387,1.831e-44,1.09e-45
241,4388,1.829e-44,1.09e-45
241,4389,1.82e-44,1.09e-45
241,4390,1.809e-44,1.08e-45
241,4391,1.799e-44,1.08e-45
241,4392,1.793e-44,1.08e-45
241,4393,1.787e-44,1.07e-45
241,4394,1.78e-44,1.07e-45
241,4395,1.769e-44,1.07e-45
241,4396,1.761e-44,1.06e-45
241,4397,1.757e-44,1.06e-45
241,4398,1.752e-44,1.06e-45
241,4399,1.742e-44,1.06e-45
241,4400,1.73e-44,1.05e-45
241,4401,1.725e-44,1.05e-45
241,4402,1.721e-44,1.05e-45
241,4403,1.715e-44,1.05e-45
241,4404,1.711e-44,1.04e-45
241,4405,1.701e-44,1.04e-45
241,4406,1.694e-44,1.04e-45
241,4407,1.693e-44,1.04e-45
241,4408,1.688e-44,1.04e-45
241,4409,1.682e-44,1.03e-45
241,4410,1.677e-44,1.03e-45
241,4411,1.672e-44,1.03e-45
241,4412,1.663e-44,1.03e-45
241,4413,1.659e-44,1.03e-45
241,4414,1.655e-44,1.02e-45
241,4415,1.652e-44,1.02e-45
241,4416,1.65e-44,1.02e-45
241,4417,1.648e-44,1.02e-45
241,4418,1.643e-44,1.02e-45
241,4419,1.64e-44,1.02e-45
241,4420,1.634e-44,1.02e-45
241,4421,1.631e-44,1.02e-45
241,4422,1.629e-44,1.01e-45
241,4423,1.631e-44,1.01e-45
241,4424,1.627e-44,1.01e-45
241,4425,1.622e-44,1.01e-45
241,4426,1.619e-44,1.01e-45
241,4427,1.62e-44,1.01e-45
241,4428,1.617e-44,1.01e-45
241,4429,1.62e-44,1.01e-45
241,4430,1.618e-44,1.01e-45
241,4431,1.614e-44,1.01e-45
241,4432,1.611e-44,1.01e-45
241,4433,1.614e-44,1.01e-45
241,4434,1.613e-44,1.01e-45
241,4435,1.613e-44,1.01e-45
241,4436,1.619e-44,1.01e-45
241,4437,1.615e-44,1.01e-45
241,4438,1.614e-44,1.01e-45
241,4439,1.621e-44,1.01e-45
241,4440,1.617e-44,1.01e-45
241,4441,1.615e-44,1.01e-45
241,4442,1.62e-44,1.01e-45
241,4443,1.622e-44,1.01e-45
241,4444,1.622e-44,1.01e-45
241,4445,1.626e-44,1.01e-45
241,4446,1.626e-44,1.02e-45
241,4447,1.633e-44,1.02e-45
241,4448,1.635e-44,1.02e-45
241,4449,1.634e-44,1.02e-45
241,4450,1.642e-44,1.02e-45
241,4451,1.647e-44,1.02e-45
241,4452,1.644e-44,1.02e-45
241,4453,1.65e-44,1.02e-45
241,4454,1.656e-44,1.03e-45
241,4455,1.656e-44,1.03e-45
241,4456,1.662e-44,1.03e-45
241,4457,1.662e-44,1.03e-45
241,4458,1.667e-44,1.03e-45
241,4459,1.672e-44,1.03e-45
241,4460,1.676e-44,1.03e-45
241,4461,1.679e-44,1.04e-45
241,4462,1.682e-44,1.04e-45
241,4463,1.68e-44,1.04e-45
241,4464,1.686e-44,1.04e-45
241,4465,1.695e-44,1.04e-45
241,4466,1.696e-44,1.04e-45
241,4467,1.693e-44,1.04e-45
241,4468,1.695e-44,1.04e-45
241,4469,1.699e-44,1.05e-45
241,4470,1.711e-44,1.05e-45
241,4471,1.716e-44,1.05e-45
241,4472,1.722e-44,1.05e-45
241,4473,1.718e-44,1.05e-45
241,4474,1.721e-44,1.05e-45
241,4475,1.722e-44,1.05e-45
241,4476,1.725e-44,1.06e-45
241,4477,1.732e-44,1.06e-45
241,4478,1.733e-44,1.06e-45
241,4479,1.742e-44,1.06e-45
241,4480,1.752e-44,1.06e-45
241,4481,1.752e-44,1.07e-45
241,4482,1.746e-44,1.06e-45
241,4483,1.747e-44,1.07e-45
241,4484,1.747e-44,1.07e-45
241,4485,1.745e-44,1.07e-45
241,4486,1.745e-44,1.07e-45
241,4487,1.739e-44,1.06e-45
241,4488,1.739e-44,1.06e-45
241,4489,1.739e-44,1.06e-45
241,4490,1.739e-44,1.06e-45
241,4491,1.739e-44,1.06e-45
241,4492,1.739e-44,1.06e-45
241,4493,1.735e-44,1.06e-45
241,4494,1.734e-44,1.06e-45
241,4495,1.724e-44,1.06e-45
241,4496,1.713e-44,1.06e-45
241,4497,1.702e-44,1.05e-45
241,4498,1.707e-44,1.06e-45
241,4499,1.724e-44,1.06e-45
241,4500,1.723e-44,1.06e-45
241,4501,1.719e-44,1.06e-45
241,4502,1.714e-44,1.06e-45
241,4503,1.704e-44,1.06e-45
241,4504,1.701e-44,1.05e-45
241,4505,1.705e-44,1.06e-45
241,4506,1.698e-44,1.05e-45
241,4507,1.688e-44,1.05e-45
241,4508,1.689e-44,1.05e-45
241,4509,1.692e-44,1.05e-45
241,4510,1.693e-44,1.05e-45
241,4511,1.689e-44,1.05e-45
241,4512,1.684e-44,1.05e-45
241,4513,1.678e-44,1.05e-45
241,4514,1.675e-44,1.05e-45
241,4515,1.675e-44,1.04e-45
241,4516,1.669e-44,1.04e-45
241,4517,1.66e-44,1.04e-45
241,4518,1.652e-44,1.04e-45
241,4519,1.648e-44,1.03e-45
241,4520,1.641e-44,1.03e-45
241,4521,1.626e-44,1.03e-45
241,4522,1.619e-44,1.03e-45
241,4523,1.605e-44,1.02e-45
241,4524,1.596e-44,1.02e-45
241,4525,1.591e-44,1.02e-45
241,4526,1.586e-44,1.01e-45
241,4527,1.574e-44,1.01e-45
241,4528,1.562e-44,1e-45
241,4529,1.55e-44,1e-45
241,4530,1.5428e-44,9.98e-46
241,4531,1.5296e-44,9.94e-46
241,4532,1.52e-44,9.91e-46
241,4533,1.5083e-44,9.86e-46
241,4534,1.5037e-44,9.84e-46
241,4535,1.4923e-44,9.8e-46
241,4536,1.4811e-44,9.75e-46
241,4537,1.4672e-44,9.71e-46
241,4538,1.4616e-44,9.69e-46
241,4539,1.4576e-44,9.66e-46
241,4540,1.4397e-44,9.62e-46
241,4541,1.4292e-44,9.58e-46
241,4542,1.4202e-44,9.54e-46
241,4543,1.4088e-44,9.5e-46
241,4544,1.401e-44,9.47e-46
241,4545,1.3917e-44,9.44e-46
241,4546,1.3853e-44,9.4e-46
241,4547,1.3746e-44,9.36e-46
241,4548,1.3635e-44,9.33e-46
241,4549,1.3534e-44,9.3e-46
241,4550,1.3434e-44,9.27e-46
241,4551,1.3361e-44,9.23e-46
241,4552,1.3301e-44,9.2e-46
241,4553,1.326e-44,9.17e-46
241,4554,1.3173e-44,9.14e-46
241,4555,1.3022e-44,9.11e-46
241,4556,1.303e-44,9.09e-46
241,4557,1.2971e-44,9.06e-46
241,4558,1.2874e-44,9.04e-46
241,4559,1.2778e-44,9e-46
241,4560,1.2654e-44,8.96e-46
241,4561,1.2626e-44,8.93e-46
241,4562,1.2583e-44,8.91e-46
241,4563,1.251e-44,8.89e-46
241,4564,1.2489e-44,8.88e-46
241,4565,1.2395e-44,8.85e-46
241,4566,1.2317e-44,8.82e-46
241,4567,1.2285e-44,8.8e-46
241,4568,1.2208e-44,8.78e-46
241,4569,1.2175e-44,8.76e-46
241,4570,1.2162e-44,8.74e-46
241,4571,1.2075e-44,8.71e-46
241,4572,1.1973e-44,8.69e-46
241,4573,1.1994e-44,8.68e-46
241,4574,1.1957e-44,8.66e-46
241,4575,1.1881e-44,8.64e-46
241,4576,1.1795e-44,8.61e-46
241,4577,1.1747e-44,8.6e-46
241,4578,1.1737e-44,8.59e-46
241,4579,1.1696e-44,8.58e-46
241,4580,1.1626e-44,8.56e-46
241,4581,1.159e-44,8.54e-46
241,4582,1.1586e-44,8.53e-46
241,4583,1.158e-44,8.53e-46
241,4584,1.1568e-44,8.52e-46
241,4585,1.1536e-44,8.5e-46
241,4586,1.1481e-44,8.49e-46
241,4587,1.1442e-44,8.48e-46
241,4588,1.1373e-44,8.46e-46
241,4589,1.1398e-44,8.46e-46
241,4590,1.141e-44,8.46e-46
241,4591,1.1462e-44,8.47e-46
241,4592,1.1388e-44,8.46e-46
241,4593,1.1364e-44,8.45e-46
241,4594,1.1372e-44,8.45e-46
241,4595,1.1326e-44,8.44e-46
241,4596,1.1316e-44,8.43e-46
241,4597,1.1339e-44,8.44e-46
241,4598,1.1357e-44,8.45e-46
241,4599,1.1381e-44,8.45e-46
241,4600,1.1427e-44,8.46e-46
241,4601,1.142e-44,8.46e-46
241,4602,1.1402e-44,8.47e-46
241,4603,1.1438e-44,8.48e-46
241,4604,1.1461e-44,8.49e-46
241,4605,1.1493e-44,8.49e-46
241,4606,1.1507e-44,8.5e-46
241,4607,1.1528e-44,8.51e-46
241,4608,1.1585e-44,8.52e-46
241,4609,1.1611e-44,8.54e-46
241,4610,1.1678e-44,8.56e-46
241,4611,1.1648e-44,8.56e-46
241,4612,1.1707e-44,8.58e-46
241,4613,1.1739e-44,8.59e-46
241,4614,1.1822e-44,8.62e-46
241,4615,1.1891e-44,8.64e-46
241,4616,1.1888e-44,8.65e-46
241,4617,1.193e-44,8.68e-46
241,4618,1.1945e-44,8.69e-46
241,4619,1.2022e-44,8.72e-46
241,4620,1.2098e-44,8.75e-46
241,4621,1.2174e-44,8.78e-46
241,4622,1.2192e-44,8.8e-46
241,4623,1.2287e-44,8.82e-46
241,4624,1.2347e-44,8.85e-46
241,4625,1.2444e-44,8.89e-46
241,4626,1.2511e-44,8.92e-46
241,4627,1.2571e-44,8.94e-46
241,4628,1.2677e-44,8.98e-46
241,4629,1.2725e-44,9e-46
241,4630,1.2813e-44,9.03e-46
241,4631,1.2873e-44,9.07e-46
241,4632,1.2904e-44,9.09e-46
241,4633,1.2981e-44,9.13e-46
241,4634,1.3012e-44,9.15e-46
241,4635,1.3048e-44,9.18e-46
241,4636,1.3155e-44,9.22e-46
241,4637,1.3311e-44,9.27e-46
241,4638,1.3416e-44,9.31e-46
241,4639,1.3505e-44,9.35e-46
241,4640,1.3575e-44,9.38e-46
241,4641,1.3672e-44,9.43e-46
241,4642,1.3825e-44,9.5e-46
241,4643,1.3932e-44,9.55e-46
241,4644,1.4097e-44,9.6e-46
241,4645,1.4299e-44,9.67e-46
241,4646,1.4457e-44,9.75e-46
241,4647,1.4692e-44,9.82e-46
241,4648,1.485e-44,9.89e-46
241,4649,1.508e-44,9.97e-46
241,4650,1.533e-44,1.01e-45
241,4651,1.545e-44,1.01e-45
241,4652,1.561e-44,1.02e-45
241,4653,1.582e-44,1.03e-45
241,4654,1.599e-44,1.03e-45
241,4655,1.613e-44,1.04e-45
241,4656,1.625e-44,1.04e-45
241,4657,1.637e-44,1.05e-45
241,4658,1.648e-44,1.06e-45
241,4659,1.662e-44,1.06e-45
241,4660,1.677e-44,1.07e-45
241,4661,1.691e-44,1.07e-45
241,4662,1.701e-44,1.08e-45
241,4663,1.726e-44,1.09e-45
241,4664,1.745e-44,1.1e-45
241,4665,1.769e-44,1.11e-45
241,4666,1.792e-44,1.11e-45
241,4667,1.809e-44,1.12e-45
241,4668,1.828e-44,1.13e-45
241,4669,1.849e-44,1.14e-45
241,4670,1.874e-44,1.15e-45
241,4671,1.897e-44,1.16e-45
241,4672,1.913e-44,1.16e-45
241,4673,1.931e-44,1.17e-45
241,4674,1.956e-44,1.18e-45
241,4675,1.977e-44,1.19e-45
241,4676,2.002e-44,1.2e-45
241,4677,2.015e-44,1.21e-45
241,4678,2.033e-44,1.22e-45
241,4679,2.062e-44,1.22e-45
241,4680,2.081e-44,1.23e-45
241,4681,2.099e-44,1.24e-45
241,4682,2.121e-44,1.25e-45
241,4683,2.141e-44,1.26e-45
241,4684,2.16e-44,1.27e-45
241,4685,2.18e-44,1.28e-45
241,4686,2.205e-44,1.28e-45
241,4687,2.227e-44,1.29e-45
241,4688,2.241e-44,1.3e-45
241,4689,2.269e-44,1.31e-45
241,4690,2.28e-44,1.32e-45
241,4691,2.297e-44,1.32e-45
241,4692,2.317e-44,1.33e-45
241,4693,2.335e-44,1.34e-45
241,4694,2.349e-44,1.35e-45
241,4695,2.368e-44,1.35e-45
241,4696,2.388e-44,1.36e-45
241,4697,2.402e-44,1.37e-45
241,4698,2.425e-44,1.38e-45
241,4699,2.441e-44,1.38e-45
241,4700,2.456e-44,1.39e-45
241,4701,2.466e-44,1.4e-45
241,4702,2.478e-44,1.4e-45
241,4703,2.494e-44,1.41e-45
241,4704,2.503e-44,1.41e-45
241,4705,2.504e-44,1.42e-45
241,4706,2.511e-44,1.42e-45
241,4707,2.518e-44,1.42e-45
241,4708,2.517e-44,1.43e-45
241,4709,2.523e-44,1.43e-45
241,4710,2.525e-44,1.43e-45
241,4711,2.51e-44,1.43e-45
241,4712,2.497e-44,1.42e-45
241,4713,2.504e-44,1.43e-45
241,4714,2.543e-44,1.44e-45
241,4715,2.56e-44,1.45e-45
241,4716,2.568e-44,1.45e-45
241,4717,2.57e-44,1.45e-45
241,4718,2.573e-44,1.46e-45
241,4719,2.57e-44,1.46e-45
241,4720,2.57e-44,1.46e-45
241,4721,2.564e-44,1.46e-45
241,4722,2.553e-44,1.46e-45
241,4723,2.549e-44,1.46e-45
241,4724,2.556e-44,1.46e-45
241,4725,2.552e-44,1.46e-45
241,4726,2.549e-44,1.46e-45
241,4727,2.547e-44,1.45e-45
241,4728,2.544e-44,1.45e-45
241,4729,2.536e-44,1.45e-45
241,4730,2.525e-44,1.45e-45
241,4731,2.519e-44,1.45e-45
241,4732,2.513e-44,1.44e-45
241,4733,2.498e-44,1.44e-45
241,4734,2.483e-44,1.44e-45
241,4735,2.465e-44,1.43e-45
241,4736,2.449e-44,1.43e-45
241,4737,2.435e-44,1.42e-45
241,4738,2.422e-44,1.42e-45
241,4739,2.404e-44,1.41e-45
241,4740,2.378e-44,1.4e-45
241,4741,2.361e-44,1.4e-45
241,4742,2.347e-44,1.39e-45
241,4743,2.325e-44,1.39e-45
241,4744,2.303e-44,1.38e-45
241,4745,2.276e-44,1.37e-45
241,4746,2.253e-44,1.36e-45
241,4747,2.243e-44,1.36e-45
241,4748,2.224e-44,1.35e-45
241,4749,2.211e-44,1.35e-45
241,4750,2.195e-44,1.34e-45
241,4751,2.169e-44,1.33e-45
241,4752,2.146e-44,1.32e-45
241,4753,2.138e-44,1.32e-45
241,4754,2.133e-44,1.32e-45
241,4755,2.107e-44,1.31e-45
241,4756,2.093e-44,1.3e-45
241,4757,2.087e-44,1.3e-45
241,4758,2.074e-44,1.29e-45
241,4759,2.061e-44,1.29e-45
241,4760,2.048e-44,1.28e-45
241,4761,2.032e-44,1.27e-45
241,4762,2.015e-44,1.27e-45
241,4763,1.991e-44,1.26e-45
241,4764,1.972e-44,1.25e-45
241,4765,1.96e-44,1.25e-45
241,4766,1.949e-44,1.24e-45
241,4767,1.941e-44,1.24e-45
241,4768,1.93e-44,1.23e-45
241,4769,1.91e-44,1.22e-45
241,5599,3.71e-46,2.52e-46
241,5600,1.26e-46,2.51e-46
241,5601,1.19e-46,2.52e-46
241,5602,3.79e-46,2.55e-46
241,5603,4.97e-46,2.54e-46
241,5604,5.13e-46,2.55e-46
241,5605,2.29e-46,2.53e-46
241,5606,1.44e-46,2.52e-46
241,5607,1.68e-46,2.52e-46
241,5608,3.5e-46,2.53e-46
241,5609,1.97e-46,2.5e-46
241,5610,2.98e-46,2.52e-46
241,5611,2.51e-46,2.52e-46
241,5612,1.64e-46,2.48e-46
241,5613,6.4e-47,2.48e-46
241,5614,1.95e-46,2.51e-46
241,5615,2.36e-46,2.54e-46
241,5616,2.24e-46,2.53e-46
241,5617,1.84e-46,2.52e-46
241,5618,2.12e-46,2.52e-46
241,5619,3.93e-46,2.55e-46
241,5620,1.21e-46,2.52e-46
241,5621,2.77e-46,2.52e-46
241,5622,4.32e-46,2.53e-46
241,5623,1.64e-46,2.51e-46
241,5624,1.49e-46,2.51e-46
241,5625,1.42e-46,2.53e-46
241,5626,2.08e-46,2.52e-46
241,5627,2.66e-46,2.51e-46
241,5628,3.25e-46,2.51e-46
241,5629,3.1e-46,2.52e-46
241,5630,1.9e-46,2.51e-46
241,5631,8.8e-47,2.5e-46
241,5632,2.08e-46,2.5e-46
241,5633,2.14e-46,2.5e-46
241,5634,2.19e-46,2.51e-46
241,5635,1.81e-46,2.52e-46
241,5636,3.12e-46,2.53e-46
241,5637,2.56e-46,2.53e-46
241,5638,1.4e-46,2.51e-46
241,5639,3.85e-46,2.51e-46
241,5640,3.08e-46,2.51e-46
241,5641,8.9e-47,2.49e-46
241,5642,1e-46,2.49e-46
241,5643,1.64e-46,2.5e-46
241,5644,2.12e-46,2.52e-46
241,5645,3.1e-46,2.54e-46
241,5646,1.74e-46,2.52e-46
241,5647,1.8e-46,2.51e-46
241,5648,1.98e-46,2.5e-46
241,5649,4.05e-46,2.51e-46
241,5650,3.02e-46,2.52e-46
241,5651,1.6e-46,2.5e-46
241,5652,1.07e-46,2.51e-46
241,5653,2.04e-46,2.52e-46
241,5654,1.98e-46,2.51e-46
241,5655,3.37e-46,2.52e-46
241,5656,8.1e-47,2.48e-46
241,5657,1.31e-46,2.49e-46
241,5658,3.22e-46,2.51e-46
241,5659,1.39e-46,2.51e-46
241,5660,1.21e-46,2.52e-46
241,5661,2.9e-46,2.52e-46
241,5662,4.47e-46,2.53e-46
241,5663,2.54e-46,2.49e-46
241,5664,1.82e-46,2.49e-46
241,5665,8.4e-47,2.5e-46
241,5666,2.02e-46,2.52e-46
241,5667,1.99e-46,2.5e-46
241,5668,3.7e-46,2.51e-46
241,5669,3.74e-46,2.52e-46
241,5670,1.46e-46,2.5e-46
241,5671,0,2.49e-46
241,5672,6.9e-47,2.5e-46
241,5673,1.11e-46,2.5e-46
241,5674,1.64e-46,2.5e-46
241,5675,2.03e-46,2.5e-46
241,5676,2.62e-46,2.53e-46
241,5677,3.03e-46,2.53e-46
241,5678,1.74e-46,2.52e-46
241,5679,1.37e-46,2.51e-46
241,5680,2.91e-46,2.52e-46
241,5681,3.01e-46,2.51e-46
241,5682,3.71e-46,2.51e-46
241,5683,4.41e-46,2.52e-46
241,5684,2.49e-46,2.51e-46
241,5685,2.12e-46,2.49e-46
241,5686,1.83e-46,2.5e-46
241,5687,1.2e-46,2.48e-46
241,5688,2.8e-47,2.5e-46
241,5689,2.13e-46,2.52e-46
241,5690,3.59e-46,2.52e-46
241,5691,2.59e-46,2.51e-46
241,5692,1.37e-46,2.49e-46
241,5693,1.72e-46,2.5e-46
241,5694,3.23e-46,2.51e-46
241,5695,2.93e-46,2.51e-46
241,5696,2.92e-46,2.52e-46
241,5697,3.24e-46,2.52e-46
241,5698,2.66e-46,2.52e-46
241,5699,1.18e-46,2.52e-46
241,5700,3.69e-46,2.52e-46
241,5701,4.43e-46,2.5e-46
241,5702,2.28e-46,2.49e-46
241,5703,3.09e-46,2.53e-46
241,5704,3.82e-46,2.55e-46
241,5705,4.58e-46,2.55e-46
241,5706,1.58e-46,2.5e-46
241,5707,1.23e-46,2.49e-46
241,5708,3.74e-46,2.5e-46
241,5709,3.35e-46,2.5e-46
241,5710,3.01e-46,2.51e-46
241,5711,1.32e-46,2.51e-46
241,5712,1.21e-46,2.51e-46
241,5713,2.09e-46,2.53e-46
241,5714,8.7e-47,2.51e-46
241,5715,1.64e-46,2.49e-46
241,5716,3.08e-46,2.51e-46
241,5717,2.65e-46,2.5e-46
241,5718,2.74e-46,2.52e-46
241,5719,1.57e-46,2.49e-46
241,5720,2.78e-46,2.5e-46
241,5721,2.15e-46,2.52e-46
241,5722,1.24e-46,2.51e-46
241,5723,1.3e-47,2.48e-46
241,5724,3.57e-46,2.5e-46
241,5725,2.14e-46,2.47e-46
241,5726,1.12e-46,2.48e-46
241,5727,2.55e-46,2.51e-46
241,5728,1.72e-46,2.48e-46
241,5729,6e-47,2.49e-46
241,5730,2.72e-46,2.5e-46
241,5731,1.3e-46,2.51e-46
241,5732,3.3e-47,2.49e-46
241,5733,4.1e-47,2.47e-46
241,5734,2.24e-46,2.48e-46
241,5735,3.4e-47,2.49e-46
241,5736,2.97e-46,2.53e-46
241,5737,2.32e-46,2.52e-46
241,5738,1.61e-46,2.49e-46
241,5739,2.43e-46,2.5e-46
241,5740,1.66e-46,2.5e-46
241,5741,2.54e-46,2.51e-46
241,5742,1.43e-46,2.48e-46
241,5743,2.14e-46,2.52e-46
241,5744,1.9e-46,2.51e-46
241,5745,1.12e-46,2.5e-46
241,5746,2.22e-46,2.51e-46
241,5747,1.62e-46,2.48e-46
241,5748,2.45e-46,2.48e-46
241,5749,2.67e-46,2.5e-46
241,5750,1.42e-46,2.51e-46
241,5751,8.1e-47,2.51e-46
241,5752,0,2.48e-46
241,5753,5.5e-47,2.49e-46
241,5754,1.49e-46,2.49e-46
241,5755,6.7e-47,2.49e-46
241,5756,1.07e-46,2.49e-46
241,5757,1.35e-46,2.5e-46
241,5758,1.54e-46,2.48e-46
241,5759,1.9e-46,2.51e-46
241,5760,0,2.48e-46
241,5761,1.17e-46,2.49e-46
241,5762,2.08e-46,2.51e-46
241,5763,1.16e-46,2.5e-46
241,5764,1.7e-47,2.49e-46
241,5765,1.83e-46,2.5e-46
241,5766,1.5e-46,2.48e-46
241,5767,2.9e-46,2.5e-46
241,5768,1.96e-46,2.49e-46
241,5769,4.1e-47,2.49e-46
241,5770,2.64e-46,2.5e-46
241,5771,3e-46,2.51e-46
241,5772,1.79e-46,2.5e-46
241,5773,1.18e-46,2.5e-46
241,5774,1.25e-46,2.5e-46
241,5775,2.3e-46,2.52e-46
241,5776,1.83e-46,2.49e-46
241,5777,6e-47,2.46e-46
241,5778,6.3e-47,2.48e-46
241,5779,8.6e-47,2.47e-46
241,5780,1.67e-46,2.48e-46
241,5781,2.12e-46,2.5e-46
241,5782,1.73e-46,2.51e-46
241,5783,2.56e-46,2.53e-46
241,5784,2.33e-46,2.51e-46
241,5785,3.94e-46,2.51e-46
241,5786,2.36e-46,2.51e-46
241,5787,7.4e-47,2.49e-46
241,5788,1.57e-46,2.48e-46
241,5789,2.11e-46,2.5e-46
241,5790,1.97e-46,2.5e-46
241,5791,1.52e-46,2.49e-46
241,5792,3.6e-47,2.49e-46
241,5793,2.4e-46,2.52e-46
241,5794,2.1e-46,2.49e-46
241,5795,2.72e-46,2.49e-46
241,5796,6.8e-47,2.48e-46
241,5797,2.68e-46,2.48e-46
241,5798,8.6e-47,2.46e-46
241,5799,0,2.5e-46
241,5800,2.8e-47,2.51e-46
241,5801,6.8e-47,2.5e-46
241,5802,1.67e-46,2.49e-46
241,5803,9.2e-47,2.48e-46
241,5804,2.67e-46,2.49e-46
241,5805,1.31e-46,2.49e-46
241,5806,9.3e-47,2.48e-46
241,5807,1.9e-46,2.51e-46
241,5808,3.08e-46,2.51e-46
241,5809,3.27e-46,2.54e-46
241,5810,9.9e-47,2.51e-46
241,5811,1.63e-46,2.49e-46
241,5812,0,2.47e-46
241,5813,0,2.49e-46
241,5814,1.78e-46,2.49e-46
241,5815,1.2e-47,2.46e-46
241,5816,1.52e-46,2.49e-46
241,5817,1.63e-46,2.5e-46
241,5818,0,2.5e-46
241,5819,4.8e-47,2.5e-46
241,5820,3.39e-46,2.5e-46
241,5821,2.98e-46,2.51e-46
241,5822,1.06e-46,2.49e-46
241,5823,1.35e-46,2.51e-46
241,5824,2e-46,2.49e-46
241,5825,3.9e-47,2.47e-46
241,5826,2.5e-47,2.49e-46
241,5827,6.1e-47,2.48e-46
241,5828,3.07e-46,2.5e-46
241,5829,2.82e-46,2.49e-46
241,5830,8.9e-47,2.49e-46
241,5831,3.3e-47,2.48e-46
241,5832,1.6e-47,2.49e-46
241,5833,0,2.47e-46
241,5834,2.31e-46,2.48e-46
241,5835,3.47e-46,2.51e-46
241,5836,4.27e-46,2.51e-46
241,5837,2.5e-46,2.5e-46
241,5838,2.61e-46,2.47e-46
241,5839,1.64e-46,2.48e-46
241,5840,1.7e-47,2.46e-46
241,5841,2.23e-46,2.49e-46
241,5842,2.06e-46,2.51e-46
241,5843,2.82e-46,2.5e-46
241,5844,1.69e-46,2.49e-46
241,5845,1.8e-47,2.48e-46
241,5846,8.1e-47,2.46e-46
241,5847,1.33e-46,2.49e-46
241,5848,1.97e-46,2.49e-46
241,5849,2.14e-46,2.48e-46
241,5850,1.37e-46,2.48e-46
241,5851,2.95e-46,2.51e-46
241,5852,2.32e-46,2.5e-46
241,5853,9.8e-47,2.48e-46
241,5854,9.6e-47,2.49e-46
241,5855,8.4e-47,2.49e-46
241,5856,2.8e-47,2.47e-46
241,5857,2.6e-47,2.48e-46
241,5858,0,2.48e-46
241,5859,4.8e-47,2.49e-46
241,5860,1.83e-46,2.5e-46
241,5861,3.52e-46,2.5e-46
241,5862,1.89e-46,2.48e-46
241,5863,2.55e-46,2.51e-46
241,5864,9.5e-47,2.47e-46
241,5865,8.4e-47,2.47e-46
241,5866,2.22e-46,2.47e-46
241,5867,1.79e-46,2.49e-46
241,5868,1.7e-46,2.49e-46
241,5869,2.31e-46,2.5e-46
241,5870,2.33e-46,2.49e-46
241,5871,0,2.49e-46
241,5872,0,2.51e-46
241,5873,1.59e-46,2.49e-46
241,5874,1.42e-46,2.49e-46
241,5875,7.3e-47,2.49e-46
241,5876,1.3e-47,2.48e-46
241,5877,2.6e-46,2.51e-46
241,5878,4e-48,2.48e-46
241,5879,1.25e-46,2.49e-46
241,5880,0,2.49e-46
241,5881,0,2.48e-46
241,5882,0,2.48e-46
241,5883,0,2.47e-46
241,5884,3e-48,2.47e-46
241,5885,1.98e-46,2.48e-46
241,5886,1.9e-47,2.48e-46
241,5887,4.1e-47,2.46e-46
241,5888,1.14e-46,2.49e-46
241,5889,0,2.47e-46
241,5890,0,2.46e-46
241,5891,0,2.47e-46
241,5892,1.5e-47,2.47e-46
241,5893,6.8e-47,2.47e-46
241,5894,1e-46,2.46e-46
241,5895,0,2.47e-46
241,5896,6.2e-47,2.49e-46
241,5897,1.24e-46,2.48e-46
241,5898,1.16e-46,2.47e-46
241,5899,2.33e-46,2.5e-46
241,5900,2.18e-46,2.49e-46
241,5901,2.32e-46,2.49e-46
241,5902,5.1e-47,2.48e-46
241,5903,0,2.47e-46
241,5904,2.09e-46,2.49e-46
241,5905,3.35e-46,2.5e-46
241,5906,9.8e-47,2.47e-46
241,5907,3.43e-46,2.51e-46
241,5908,2.69e-46,2.51e-46
241,5909,2.5e-47,2.48e-46
241,5910,0,2.49e-46
241,5911,0,2.46e-46
241,5912,1.63e-46,2.5e-46
241,5913,2.18e-46,2.51e-46
241,5914,7.8e-47,2.51e-46
241,5915,1.34e-46,2.5e-46
241,5916,1.37e-46,2.48e-46
241,5917,3e-48,2.46e-46
241,5918,0,2.46e-46
241,5919,9.2e-47,2.46e-46
241,5920,7e-48,2.47e-46
241,5921,1.23e-46,2.49e-46
241,5922,3.12e-46,2.5e-46
241,5923,9.2e-47,2.49e-46
241,5924,1e-48,2.46e-46
241,5925,0,2.46e-46
241,5926,9e-48,2.46e-46
241,5927,0,2.44e-46
241,5928,4.9e-47,2.49e-46
241,5929,0,2.49e-46
241,5930,2.78e-46,2.51e-46
241,5931,3.12e-46,2.5e-46
241,5932,0,2.48e-46
241,5933,0,2.47e-46
241,5934,0,2.45e-46
241,5935,7.5e-47,2.48e-46
241,5936,9.3e-47,2.48e-46
241,5937,0,2.47e-46
241,5938,2.89e-46,2.48e-46
241,5939,1.72e-46,2.48e-46
241,5940,1.06e-46,2.49e-46
241,5941,1.62e-46,2.49e-46
241,5942,2.94e-46,2.47e-46
241,5943,2.14e-46,2.48e-46
241,5944,1.51e-46,2.46e-46
241,5945,0,2.46e-46
241,5946,2.18e-46,2.51e-46
241,5947,1.25e-46,2.49e-46
241,5948,3.48e-46,2.49e-46
241,5949,2.51e-46,2.47e-46
241,5950,0,2.44e-46
241,5951,3e-48,2.47e-46
241,5952,7.8e-47,2.47e-46
241,5953,0,2.45e-46
241,5954,0,2.45e-46
241,5955,1.35e-46,2.47e-46
241,5956,8.9e-47,2.48e-46
241,5957,0,2.48e-46
241,5958,0,2.48e-46
241,5959,2.92e-46,2.46e-46
241,5960,9e-47,2.47e-46
241,5961,0,2.46e-46
241,5962,0,2.46e-46
294,3193,6.4e-47,3.98e-46
294,3194,7.2e-47,3.98e-46
294,3195,8.6e-47,3.98e-46
294,3196,6.9e-47,3.97e-46
294,3197,2.3e-47,3.96e-46
294,3198,9e-48,3.96e-46
294,3199,0,3.96e-46
294,3200,1.9e-47,3.97e-46
294,3201,1.8e-47,3.97e-46
294,3202,0,3.96e-46
294,3203,2.3e-47,3.97e-46
294,3204,0,3.95e-46
294,3205,2e-48,3.96e-46
294,3206,0,3.96e-46
294,3207,0,3.95e-46
294,3208,0,3.96e-46
294,3209,0,3.93e-46
294,3210,0,3.94e-46
294,3211,0,3.93e-46
294,3212,0,3.94e-46
294,3213,0,3.94e-46
294,3214,0,3.93e-46
294,3215,0,3.93e-46
294,3216,0,3.94e-46
294,3217,0,3.93e-46
294,3218,0,3.93e-46
294,3219,0,3.92e-46
294,3220,0,3.92e-46
294,3221,0,3.92e-46
294,3222,0,3.92e-46
294,3223,0,3.93e-46
294,3224,0,3.92e-46
294,3225,0,3.92e-46
294,3226,0,3.91e-46
294,3227,0,3.91e-46
294,3228,0,3.91e-46
294,3229,0,3.91e-46
294,3230,0,3.91e-46
294,3231,0,3.91e-46
294,3232,0,3.9e-46
294,3233,0,3.9e-46
294,3234,0,3.9e-46
294,3235,0,3.91e-46
294,3236,0,3.9e-46
294,3237,0,3.9e-46
294,3238,0,3.9e-46
294,3239,0,3.9e-46
294,3240,0,3.9e-46
294,3241,0,3.89e-46
294,3242,0,3.9e-46
294,3243,0,3.9e-46
294,3244,0,3.88e-46
294,3245,0,3.89e-46
294,3246,0,3.89e-46
294,3247,0,3.89e-46
294,3248,0,3.89e-46
294,3249,0,3.89e-46
294,3250,0,3.9e-46
294,3251,0,3.9e-46
294,3252,0,3.89e-46
294,3253,0,3.89e-46
294,3254,0,3.88e-46
294,3255,0,3.88e-46
294,3256,0,3.89e-46
294,3257,0,3.89e-46
294,3258,0,3.89e-46
294,3259,0,3.89e-46
294,3260,0,3.89e-46
294,3261,0,3.89e-46
294,3262,0,3.89e-46
294,3263,0,3.89e-46
294,3264,0,3.88e-46
294,3265,0,3.88e-46
294,3266,0,3.89e-46
294,3267,0,3.9e-46
294,3268,0,3.9e-46
294,3269,0,3.9e-46
294,3270,0,3.9e-46
294,3271,0,3.9e-46
294,3272,0,3.9e-46
294,3273,0,3.89e-46
294,3274,0,3.89e-46
294,3275,0,3.88e-46
294,3276,0,3.87e-46
294,3277,0,3.91e-46
294,3278,0,3.9e-46
294,3279,0,3.9e-46
294,3280,0,3.9e-46
294,3281,0,3.9e-46
294,3282,0,3.9e-46
294,3283,0,3.9e-46
294,3284,0,3.9e-46
294,3949,7.758e-45,7.72e-46
294,3950,7.791e-45,7.74e-46
294,3951,7.622e-45,7.69e-46
294,3952,7.582e-45,7.69e-46
294,3953,7.601e-45,7.72e-46
294,3954,7.624e-45,7.73e-46
294,3955,7.719e-45,7.77e-46
294,3956,7.844e-45,7.82e-46
294,3957,7.994e-45,7.88e-46
294,3958,8.092e-45,7.93e-46
294,3959,8.15e-45,7.95e-46
294,3960,8.244e-45,8e-46
294,3961,8.475e-45,8.08e-46
294,3962,8.714e-45,8.17e-46
294,3963,8.608e-45,8.14e-46
294,3964,8.629e-45,8.16e-46
294,3965,8.711e-45,8.2e-46
294,3966,8.829e-45,8.24e-46
294,3967,8.953e-45,8.3e-46
294,3968,9.148e-45,8.36e-46
294,3969,9.327e-45,8.44e-46
294,3970,9.42e-45,8.48e-46
294,3971,9.535e-45,8.52e-46
294,3972,9.689e-45,8.59e-46
294,3973,9.823e-45,8.65e-46
294,3974,9.984e-45,8.69e-46
294,3975,1.0137e-44,8.76e-46
294,3976,1.0289e-44,8.82e-46
294,3977,1.0294e-44,8.84e-46
294,3978,1.0359e-44,8.88e-46
294,3979,1.0514e-44,8.94e-46
294,3980,1.0688e-44,9e-46
294,3981,1.0847e-44,9.07e-46
294,3982,1.1007e-44,9.13e-46
294,3983,1.1142e-44,9.19e-46
294,3984,1.1289e-44,9.24e-46
294,3985,1.1473e-44,9.31e-46
294,3986,1.1622e-44,9.37e-46
294,3987,1.1744e-44,9.43e-46
294,3988,1.1911e-44,9.49e-46
294,3989,1.2123e-44,9.58e-46
294,3990,1.2352e-44,9.67e-46
294,3991,1.2476e-44,9.72e-46
294,3992,1.2631e-44,9.77e-46
294,3993,1.2824e-44,9.85e-46
294,3994,1.3019e-44,9.93e-46
294,3995,1.323e-44,1e-45
294,3996,1.338e-44,1.01e-45
294,3997,1.353e-44,1.01e-45
294,3998,1.375e-44,1.02e-45
294,3999,1.396e-44,1.03e-45
294,4000,1.416e-44,1.04e-45
294,4001,1.432e-44,1.05e-45
294,4002,1.449e-44,1.05e-45
294,4003,1.472e-44,1.06e-45
294,4004,1.493e-44,1.07e-45
294,4005,1.517e-44,1.08e-45
294,4006,1.539e-44,1.09e-45
294,4007,1.563e-44,1.1e-45
294,4008,1.591e-44,1.11e-45
294,4009,1.611e-44,1.12e-45
294,4010,1.632e-44,1.12e-45
294,4011,1.653e-44,1.13e-45
294,4012,1.677e-44,1.14e-45
294,4013,1.701e-44,1.15e-45
294,4014,1.724e-44,1.16e-45
294,4015,1.75e-44,1.17e-45
294,4016,1.781e-44,1.18e-45
294,4017,1.81e-44,1.19e-45
294,4018,1.837e-44,1.2e-45
294,4019,1.87e-44,1.21e-45
294,4020,1.901e-44,1.22e-45
294,4021,1.929e-44,1.23e-45
294,4022,1.96e-44,1.25e-45
294,4023,1.992e-44,1.26e-45
294,4024,2.026e-44,1.27e-45
294,4025,2.062e-44,1.28e-45
294,4026,2.09e-44,1.29e-45
294,4027,2.114e-44,1.3e-45
294,4028,2.143e-44,1.32e-45
294,4029,2.155e-44,1.32e-45
294,4030,2.18e-44,1.33e-45
294,4031,2.216e-44,1.34e-45
294,4032,2.253e-44,1.36e-45
294,4033,2.284e-44,1.37e-45
294,4034,2.323e-44,1.38e-45
294,4035,2.361e-44,1.4e-45
294,4036,2.397e-44,1.41e-45
294,4037,2.435e-44,1.42e-45
294,4038,2.47e-44,1.44e-45
294,4039,2.503e-44,1.45e-45
294,4040,2.542e-44,1.47e-45
294,4041,2.584e-44,1.48e-45
294,4042,2.626e-44,1.49e-45
294,4043,2.667e-44,1.51e-45
294,4044,2.711e-44,1.52e-45
294,4045,2.754e-44,1.54e-45
294,4046,2.791e-44,1.55e-45
294,4047,2.827e-44,1.57e-45
294,4048,2.869e-44,1.58e-45
294,4049,2.912e-44,1.6e-45
294,4050,2.956e-44,1.61e-45
294,4051,3.002e-44,1.63e-45
294,4052,3.046e-44,1.65e-45
294,4053,3.091e-44,1.66e-45
294,4054,3.138e-44,1.68e-45
294,4055,3.185e-44,1.7e-45
294,4056,3.232e-44,1.72e-45
294,4057,3.278e-44,1.73e-45
294,4058,3.325e-44,1.75e-45
294,4059,3.376e-44,1.76e-45
294,4060,3.43e-44,1.78e-45
294,4061,3.48e-44,1.8e-45
294,4062,3.528e-44,1.82e-45
294,4063,3.581e-44,1.84e-45
294,4064,3.636e-44,1.86e-45
294,4065,3.687e-44,1.88e-45
294,4066,3.74e-44,1.9e-45
294,4067,3.795e-44,1.91e-45
294,4068,3.849e-44,1.93e-45
294,4069,3.907e-44,1.95e-45
294,4070,3.961e-44,1.97e-45
294,4071,4.021e-44,1.99e-45
294,4072,4.079e-44,2.01e-45
294,4073,4.134e-44,2.04e-45
294,4074,4.193e-44,2.06e-45
294,4075,4.257e-44,2.08e-45
294,4076,4.318e-44,2.1e-45
294,4077,4.379e-44,2.12e-45
294,4078,4.439e-44,2.14e-45
294,4079,4.503e-44,2.16e-45
294,4080,4.565e-44,2.19e-45
294,4081,4.629e-44,2.21e-45
294,4082,4.692e-44,2.23e-45
294,4083,4.755e-44,2.25e-45
294,4084,4.817e-44,2.28e-45
294,4085,4.884e-44,2.3e-45
294,4086,4.951e-44,2.32e-45
294,4087,5.016e-44,2.34e-45
294,4088,5.085e-44,2.37e-45
294,4089,5.152e-44,2.39e-45
294,4090,5.214e-44,2.41e-45
294,4091,5.278e-44,2.44e-45
294,4092,5.344e-44,2.46e-45
294,4093,5.411e-44,2.48e-45
294,4094,5.48e-44,2.51e-45
294,4095,5.547e-44,2.53e-45
294,4096,5.617e-44,2.55e-45
294,4097,5.68e-44,2.58e-45
294,4098,5.749e-44,2.6e-45
294,4099,5.817e-44,2.63e-45
294,4100,5.884e-44,2.65e-45
294,4101,5.948e-44,2.67e-45
294,4102,6.015e-44,2.69e-45
294,4103,6.084e-44,2.72e-45
294,4104,6.152e-44,2.74e-45
294,4105,6.219e-44,2.77e-45
294,4106,6.287e-44,2.79e-45
294,4107,6.35e-44,2.81e-45
294,4108,6.414e-44,2.83e-45
294,4109,6.482e-44,2.86e-45
294,4110,6.547e-44,2.88e-45
294,4111,6.61e-44,2.9e-45
294,4112,6.675e-44,2.93e-45
294,4113,6.74e-44,2.95e-45
294,4114,6.804e-44,2.97e-45
294,4115,6.865e-44,2.99e-45
294,4116,6.93e-44,3.02e-45
294,4117,6.997e-44,3.04e-45
294,4118,7.061e-44,3.06e-45
294,4119,7.123e-44,3.08e-45
294,4120,7.188e-44,3.1e-45
294,4121,7.249e-44,3.13e-45
294,4122,7.303e-44,3.15e-45
294,4123,7.354e-44,3.16e-45
294,4124,7.397e-44,3.18e-45
294,4125,7.423e-44,3.18e-45
294,4126,7.467e-44,3.19e-45
294,4127,7.564e-44,3.23e-45
294,4128,7.645e-44,3.27e-45
294,4129,7.706e-44,3.29e-45
294,4130,7.762e-44,3.31e-45
294,4131,7.816e-44,3.33e-45
294,4132,7.865e-44,3.34e-45
294,4133,7.918e-44,3.36e-45
294,4134,7.973e-44,3.38e-45
294,4135,8.025e-44,3.4e-45
294,4136,8.081e-44,3.42e-45
294,4137,8.138e-44,3.44e-45
294,4138,8.196e-44,3.46e-45
294,4139,8.251e-44,3.48e-45
294,4140,8.291e-44,3.49e-45
294,4141,8.335e-44,3.51e-45
294,4142,8.37e-44,3.52e-45
294,4143,8.394e-44,3.52e-45
294,4144,8.49e-44,3.55e-45
294,4145,8.615e-44,3.6e-45
294,4146,8.689e-44,3.62e-45
294,4147,8.728e-44,3.64e-45
294,4148,8.76e-44,3.65e-45
294,4149,8.781e-44,3.66e-45
294,4150,8.799e-44,3.67e-45
294,4151,8.807e-44,3.67e-45
294,4152,8.804e-44,3.67e-45
294,4153,8.767e-44,3.66e-45
294,4154,8.589e-44,3.58e-45
294,4155,8.334e-44,3.43e-45
294,4156,8.535e-44,3.52e-45
294,4157,8.792e-44,3.66e-45
294,4158,8.884e-44,3.7e-45
294,4159,8.904e-44,3.71e-45
294,4160,8.873e-44,3.7e-45
294,4161,8.827e-44,3.67e-45
294,4162,8.85e-44,3.69e-45
294,4163,8.862e-44,3.7e-45
294,4164,8.847e-44,3.7e-45
294,4165,8.821e-44,3.69e-45
294,4166,8.794e-44,3.69e-45
294,4167,8.772e-44,3.68e-45
294,4168,8.753e-44,3.68e-45
294,4169,8.732e-44,3.67e-45
294,4170,8.712e-44,3.67e-45
294,4171,8.699e-44,3.67e-45
294,4172,8.687e-44,3.66e-45
294,4173,8.674e-44,3.66e-45
294,4174,8.662e-44,3.66e-45
294,4175,8.649e-44,3.65e-45
294,4176,8.636e-44,3.65e-45
294,4177,8.62e-44,3.65e-45
294,4178,8.604e-44,3.64e-45
294,4179,8.584e-44,3.63e-45
294,4180,8.567e-44,3.63e-45
294,4181,8.548e-44,3.62e-45
294,4182,8.521e-44,3.62e-45
294,4183,8.496e-44,3.61e-45
294,4184,8.474e-44,3.6e-45
294,4185,8.449e-44,3.6e-45
294,4186,8.43e-44,3.59e-45
294,4187,8.415e-44,3.58e-45
294,4188,8.388e-44,3.58e-45
294,4189,8.342e-44,3.56e-45
294,4190,8.296e-44,3.55e-45
294,4191,8.257e-44,3.54e-45
294,4192,8.216e-44,3.53e-45
294,4193,8.18e-44,3.51e-45
294,4194,8.143e-44,3.5e-45
294,4195,8.107e-44,3.49e-45
294,4196,8.064e-44,3.48e-45
294,4197,8.018e-44,3.46e-45
294,4198,7.974e-44,3.45e-45
294,4199,7.932e-44,3.44e-45
294,4200,7.891e-44,3.42e-45
294,4201,7.847e-44,3.41e-45
294,4202,7.8e-44,3.4e-45
294,4203,7.754e-44,3.38e-45
294,4204,7.697e-44,3.36e-45
294,4205,7.655e-44,3.35e-45
294,4206,7.611e-44,3.34e-45
294,4207,7.565e-44,3.32e-45
294,4208,7.512e-44,3.3e-45
294,4209,7.456e-44,3.29e-45
294,4210,7.407e-44,3.27e-45
294,4211,7.353e-44,3.25e-45
294,4212,7.308e-44,3.24e-45
294,4213,7.262e-44,3.22e-45
294,4214,7.207e-44,3.21e-45
294,4215,7.158e-44,3.19e-45
294,4216,7.11e-44,3.18e-45
294,4217,7.06e-44,3.16e-45
294,4218,7.008e-44,3.14e-45
294,4219,6.947e-44,3.13e-45
294,4220,6.889e-44,3.11e-45
294,4221,6.835e-44,3.09e-45
294,4222,6.777e-44,3.07e-45
294,4223,6.731e-44,3.05e-45
294,4224,6.682e-44,3.04e-45
294,4225,6.625e-44,3.02e-45
294,4226,6.57e-44,3e-45
294,4227,6.518e-44,2.99e-45
294,4228,6.466e-44,2.97e-45
294,4229,6.409e-44,2.95e-45
294,4230,6.356e-44,2.93e-45
294,4231,6.306e-44,2.92e-45
294,4232,6.255e-44,2.9e-45
294,4233,6.205e-44,2.88e-45
294,4234,6.152e-44,2.87e-45
294,4235,6.099e-44,2.85e-45
294,4236,6.046e-44,2.83e-45
294,4237,5.995e-44,2.82e-45
294,4238,5.945e-44,2.8e-45
294,4239,5.898e-44,2.79e-45
294,4240,5.85e-44,2.77e-45
294,4241,5.8e-44,2.75e-45
294,4242,5.747e-44,2.74e-45
294,4243,5.697e-44,2.72e-45
294,4244,5.651e-44,2.7e-45
294,4245,5.601e-44,2.69e-45
294,4246,5.552e-44,2.67e-45
294,4247,5.502e-44,2.65e-45
294,4248,5.448e-44,2.64e-45
294,4249,5.402e-44,2.62e-45
294,4250,5.357e-44,2.61e-45
294,4251,5.311e-44,2.59e-45
294,4252,5.268e-44,2.58e-45
294,4253,5.223e-44,2.56e-45
294,4254,5.182e-44,2.55e-45
294,4255,5.134e-44,2.53e-45
294,4256,5.085e-44,2.52e-45
294,4257,5.043e-44,2.5e-45
294,4258,5.01e-44,2.49e-45
294,4259,4.979e-44,2.48e-45
294,4260,4.931e-44,2.47e-45
294,4261,4.872e-44,2.45e-45
294,4262,4.827e-44,2.43e-45
294,4263,4.787e-44,2.42e-45
294,4264,4.743e-44,2.4e-45
294,4265,4.698e-44,2.39e-45
294,4266,4.66e-44,2.38e-45
294,4267,4.621e-44,2.36e-45
294,4268,4.583e-44,2.35e-45
294,4269,4.546e-44,2.34e-45
294,4270,4.507e-44,2.32e-45
294,4271,4.468e-44,2.31e-45
294,4272,4.428e-44,2.3e-45
294,4273,4.392e-44,2.28e-45
294,4274,4.351e-44,2.27e-45
294,4275,4.315e-44,2.26e-45
294,4276,4.281e-44,2.25e-45
294,4277,4.24e-44,2.23e-45
294,4278,4.201e-44,2.22e-45
294,4279,4.17e-44,2.21e-45
294,4280,4.133e-44,2.2e-45
294,4281,4.093e-44,2.18e-45
294,4282,4.068e-44,2.17e-45
294,4283,4.039e-44,2.16e-45
294,4284,4.004e-44,2.15e-45
294,4285,3.969e-44,2.14e-45
294,4286,3.935e-44,2.13e-45
294,4287,3.898e-44,2.12e-45
294,4288,3.867e-44,2.1e-45
294,4289,3.842e-44,2.1e-45
294,4290,3.805e-44,2.08e-45
294,4291,3.773e-44,2.07e-45
294,4292,3.75e-44,2.06e-45
294,4293,3.716e-44,2.05e-45
294,4294,3.682e-44,2.04e-45
294,4295,3.655e-44,2.03e-45
294,4296,3.626e-44,2.02e-45
294,4297,3.596e-44,2.01e-45
294,4298,3.564e-44,2e-45
294,4299,3.536e-44,1.99e-45
294,4300,3.51e-44,1.98e-45
294,4301,3.484e-44,1.97e-45
294,4302,3.452e-44,1.96e-45
294,4303,3.427e-44,1.95e-45
294,4304,3.402e-44,1.94e-45
294,4305,3.371e-44,1.93e-45
294,4306,3.343e-44,1.92e-45
294,4307,3.318e-44,1.91e-45
294,4308,3.297e-44,1.9e-45
294,4309,3.271e-44,1.89e-45
294,4310,3.249e-44,1.88e-45
294,4311,3.219e-44,1.87e-45
294,4312,3.196e-44,1.87e-45
294,4313,3.171e-44,1.86e-45
294,4314,3.146e-44,1.85e-45
294,4315,3.126e-44,1.84e-45
294,4316,3.105e-44,1.83e-45
294,4317,3.084e-44,1.82e-45
294,4318,3.053e-44,1.81e-45
294,4319,3.029e-44,1.81e-45
294,4320,3.005e-44,1.8e-45
294,4321,2.983e-44,1.79e-45
294,4322,2.963e-44,1.78e-45
294,4323,2.936e-44,1.77e-45
294,4324,2.917e-44,1.76e-45
294,4325,2.899e-44,1.76e-45
294,4326,2.871e-44,1.75e-45
294,4327,2.851e-44,1.74e-45
294,4328,2.83e-44,1.73e-45
294,4329,2.812e-44,1.73e-45
294,4330,2.792e-44,1.72e-45
294,4331,2.775e-44,1.71e-45
294,4332,2.756e-44,1.71e-45
294,4333,2.734e-44,1.7e-45
294,4334,2.71e-44,1.69e-45
294,4335,2.694e-44,1.68e-45
294,4336,2.675e-44,1.68e-45
294,4337,2.66e-44,1.67e-45
294,4338,2.642e-44,1.66e-45
294,4339,2.617e-44,1.66e-45
294,4340,2.606e-44,1.65e-45
294,4341,2.587e-44,1.64e-45
294,4342,2.562e-44,1.64e-45
294,4343,2.545e-44,1.63e-45
294,4344,2.531e-44,1.62e-45
294,4345,2.514e-44,1.62e-45
294,4346,2.496e-44,1.61e-45
294,4347,2.478e-44,1.6e-45
294,4348,2.463e-44,1.6e-45
294,4349,2.446e-44,1.59e-45
294,4350,2.432e-44,1.59e-45
294,4351,2.416e-44,1.58e-45
294,4352,2.399e-44,1.57e-45
294,4353,2.38e-44,1.57e-45
294,4354,2.368e-44,1.56e-45
294,4355,2.351e-44,1.56e-45
294,4356,2.335e-44,1.55e-45
294,4357,2.318e-44,1.54e-45
294,4358,2.305e-44,1.54e-45
294,4359,2.287e-44,1.53e-45
294,4360,2.274e-44,1.53e-45
294,4361,2.264e-44,1.52e-45
294,4362,2.247e-44,1.52e-45
294,4363,2.236e-44,1.51e-45
294,4364,2.22e-44,1.51e-45
294,4365,2.207e-44,1.5e-45
294,4366,2.188e-44,1.5e-45
294,4367,2.176e-44,1.49e-45
294,4368,2.167e-44,1.49e-45
294,4369,2.156e-44,1.48e-45
294,4370,2.142e-44,1.48e-45
294,4371,2.12e-44,1.47e-45
294,4372,2.112e-44,1.47e-45
294,4373,2.105e-44,1.46e-45
294,4374,2.095e-44,1.46e-45
294,4375,2.08e-44,1.45e-45
294,4376,2.065e-44,1.45e-45
294,4377,2.055e-44,1.44e-45
294,4378,2.049e-44,1.44e-45
294,4379,2.042e-44,1.44e-45
294,4380,2.029e-44,1.43e-45
294,4381,2.015e-44,1.43e-45
294,4382,2.003e-44,1.42e-45
294,4383,1.988e-44,1.42e-45
294,4384,1.983e-44,1.42e-45
294,4385,1.968e-44,1.41e-45
294,4386,1.956e-44,1.41e-45
294,4387,1.945e-44,1.4e-45
294,4388,1.934e-44,1.4e-45
294,4389,1.928e-44,1.4e-45
294,4390,1.925e-44,1.39e-45
294,4391,1.913e-44,1.39e-45
294,4392,1.904e-44,1.39e-45
294,4393,1.896e-44,1.38e-45
294,4394,1.887e-44,1.38e-45
294,4395,1.875e-44,1.38e-45
294,4396,1.866e-44,1.37e-45
294,4397,1.862e-44,1.37e-45
294,4398,1.855e-44,1.37e-45
294,4399,1.844e-44,1.36e-45
294,4400,1.836e-44,1.36e-45
294,4401,1.826e-44,1.35e-45
294,4402,1.818e-44,1.35e-45
294,4403,1.816e-44,1.35e-45
294,4404,1.805e-44,1.35e-45
294,4405,1.8e-44,1.34e-45
294,4406,1.79e-44,1.34e-45
294,4407,1.787e-44,1.34e-45
294,4408,1.776e-44,1.34e-45
294,4409,1.767e-44,1.33e-45
294,4410,1.76e-44,1.33e-45
294,4411,1.755e-44,1.33e-45
294,4412,1.754e-44,1.33e-45
294,4413,1.749e-44,1.33e-45
294,4414,1.742e-44,1.32e-45
294,4415,1.737e-44,1.32e-45
294,4416,1.727e-44,1.32e-45
294,4417,1.728e-44,1.32e-45
294,4418,1.722e-44,1.31e-45
294,4419,1.719e-44,1.31e-45
294,4420,1.713e-44,1.31e-45
294,4421,1.712e-44,1.31e-45
294,4422,1.706e-44,1.31e-45
294,4423,1.7e-44,1.31e-45
294,4424,1.701e-44,1.31e-45
294,4425,1.694e-44,1.3e-45
294,4426,1.688e-44,1.3e-45
294,4427,1.68e-44,1.3e-45
294,4428,1.681e-44,1.3e-45
294,4429,1.68e-44,1.3e-45
294,4430,1.679e-44,1.3e-45
294,4431,1.679e-44,1.3e-45
294,4432,1.671e-44,1.3e-45
294,4433,1.677e-44,1.29e-45
294,4434,1.674e-44,1.29e-45
294,4435,1.671e-44,1.29e-45
294,4436,1.672e-44,1.29e-45
294,4437,1.667e-44,1.29e-45
294,4438,1.666e-44,1.29e-45
294,4439,1.663e-44,1.29e-45
294,4440,1.656e-44,1.29e-45
294,4441,1.657e-44,1.29e-45
294,4442,1.655e-44,1.29e-45
294,4443,1.659e-44,1.29e-45
294,4444,1.664e-44,1.29e-45
294,4445,1.662e-44,1.29e-45
294,4446,1.66e-44,1.29e-45
294,4447,1.654e-44,1.29e-45
294,4448,1.651e-44,1.29e-45
294,4449,1.651e-44,1.29e-45
294,4450,1.658e-44,1.29e-45
294,4451,1.655e-44,1.29e-45
294,4452,1.656e-44,1.29e-45
294,4453,1.657e-44,1.29e-45
294,4454,1.656e-44,1.29e-45
294,4455,1.656e-44,1.29e-45
294,4456,1.653e-44,1.28e-45
294,4457,1.651e-44,1.29e-45
294,4458,1.654e-44,1.29e-45
294,4459,1.657e-44,1.29e-45
294,4460,1.66e-44,1.29e-45
294,4461,1.654e-44,1.28e-45
294,4462,1.648e-44,1.28e-45
294,4463,1.648e-44,1.28e-45
294,4464,1.654e-44,1.28e-45
294,4465,1.654e-44,1.28e-45
294,4466,1.65e-44,1.28e-45
294,4467,1.654e-44,1.29e-45
294,4468,1.651e-44,1.28e-45
294,4469,1.648e-44,1.28e-45
294,4470,1.651e-44,1.29e-45
294,4471,1.655e-44,1.28e-45
294,4472,1.655e-44,1.29e-45
294,4473,1.647e-44,1.29e-45
294,4474,1.647e-44,1.28e-45
294,4475,1.651e-44,1.28e-45
294,4476,1.651e-44,1.28e-45
294,4477,1.654e-44,1.28e-45
294,4478,1.654e-44,1.29e-45
294,4479,1.655e-44,1.29e-45
294,4480,1.653e-44,1.29e-45
294,4481,1.651e-44,1.29e-45
294,4482,1.656e-44,1.28e-45
294,4483,1.65e-44,1.28e-45
294,4484,1.644e-44,1.28e-45
294,4485,1.64e-44,1.28e-45
294,4486,1.636e-44,1.28e-45
294,4487,1.635e-44,1.28e-45
294,4488,1.632e-44,1.28e-45
294,4489,1.629e-44,1.28e-45
294,4490,1.628e-44,1.28e-45
294,4491,1.624e-44,1.28e-45
294,4492,1.624e-44,1.28e-45
294,4493,1.622e-44,1.28e-45
294,4494,1.624e-44,1.28e-45
294,4495,1.616e-44,1.27e-45
294,4496,1.608e-44,1.27e-45
294,4497,1.589e-44,1.27e-45
294,4498,1.588e-44,1.26e-45
294,4499,1.603e-44,1.27e-45
294,4500,1.599e-44,1.27e-45
294,4501,1.6e-44,1.27e-45
294,4502,1.602e-44,1.27e-45
294,4503,1.593e-44,1.26e-45
294,4504,1.585e-44,1.26e-45
294,4505,1.578e-44,1.26e-45
294,4506,1.575e-44,1.26e-45
294,4507,1.573e-44,1.26e-45
294,4508,1.574e-44,1.26e-45
294,4509,1.575e-44,1.26e-45
294,4510,1.57e-44,1.26e-45
294,4511,1.564e-44,1.25e-45
294,4512,1.559e-44,1.25e-45
294,4513,1.556e-44,1.25e-45
294,4514,1.553e-44,1.25e-45
294,4515,1.545e-44,1.25e-45
294,4516,1.546e-44,1.25e-45
294,4517,1.542e-44,1.25e-45
294,4518,1.54e-44,1.24e-45
294,4519,1.527e-44,1.24e-45
294,4520,1.517e-44,1.24e-45
294,4521,1.51e-44,1.23e-45
294,4522,1.503e-44,1.23e-45
294,4523,1.499e-44,1.23e-45
294,4524,1.495e-44,1.23e-45
294,4525,1.485e-44,1.23e-45
294,4526,1.482e-44,1.22e-45
294,4527,1.474e-44,1.22e-45
294,4528,1.465e-44,1.22e-45
294,4529,1.463e-44,1.22e-45
294,4530,1.445e-44,1.21e-45
294,4531,1.441e-44,1.21e-45
294,4532,1.434e-44,1.21e-45
294,4533,1.425e-44,1.2e-45
294,4534,1.426e-44,1.2e-45
294,4535,1.415e-44,1.2e-45
294,4536,1.409e-44,1.2e-45
294,4537,1.399e-44,1.19e-45
294,4538,1.391e-44,1.19e-45
294,4539,1.381e-44,1.19e-45
294,4540,1.375e-44,1.19e-45
294,4541,1.371e-44,1.18e-45
294,4542,1.358e-44,1.18e-45
294,4543,1.351e-44,1.18e-45
294,4544,1.346e-44,1.18e-45
294,4545,1.342e-44,1.17e-45
294,4546,1.333e-44,1.17e-45
294,4547,1.329e-44,1.17e-45
294,4548,1.323e-44,1.17e-45
294,4549,1.312e-44,1.16e-45
294,4550,1.303e-44,1.16e-45
294,4551,1.302e-44,1.16e-45
294,4552,1.299e-44,1.15e-45
294,4553,1.288e-44,1.15e-45
294,4554,1.283e-44,1.15e-45
294,4555,1.282e-44,1.15e-45
294,4556,1.272e-44,1.15e-45
294,4557,1.267e-44,1.14e-45
294,4558,1.257e-44,1.14e-45
294,4559,1.255e-44,1.14e-45
294,4560,1.25e-44,1.14e-45
294,4561,1.247e-44,1.14e-45
294,4562,1.242e-44,1.13e-45
294,4563,1.23e-44,1.13e-45
294,4564,1.23e-44,1.13e-45
294,4565,1.228e-44,1.13e-45
294,4566,1.225e-44,1.13e-45
294,4567,1.222e-44,1.13e-45
294,4568,1.217e-44,1.12e-45
294,4569,1.213e-44,1.12e-45
294,4570,1.204e-44,1.12e-45
294,4571,1.198e-44,1.12e-45
294,4572,1.2e-44,1.12e-45
294,4573,1.2e-44,1.12e-45
294,4574,1.189e-44,1.12e-45
294,4575,1.186e-44,1.11e-45
294,4576,1.184e-44,1.11e-45
294,4577,1.182e-44,1.11e-45
294,4578,1.181e-44,1.11e-45
294,4579,1.177e-44,1.11e-45
294,4580,1.179e-44,1.11e-45
294,4581,1.173e-44,1.11e-45
294,4582,1.172e-44,1.11e-45
294,4583,1.167e-44,1.11e-45
294,4584,1.166e-44,1.11e-45
294,4585,1.164e-44,1.11e-45
294,4586,1.165e-44,1.1e-45
294,4587,1.164e-44,1.1e-45
294,4588,1.163e-44,1.1e-45
294,4589,1.159e-44,1.1e-45
294,4590,1.153e-44,1.1e-45
294,4591,1.166e-44,1.11e-45
294,4592,1.168e-44,1.1e-45
294,4593,1.157e-44,1.1e-45
294,4594,1.153e-44,1.1e-45
294,4595,1.148e-44,1.1e-45
294,4596,1.15e-44,1.1e-45
294,4597,1.158e-44,1.1e-45
294,4598,1.153e-44,1.1e-45
294,4599,1.158e-44,1.1e-45
294,4600,1.167e-44,1.11e-45
294,4601,1.166e-44,1.11e-45
294,4602,1.166e-44,1.11e-45
294,4603,1.168e-44,1.11e-45
294,4604,1.174e-44,1.11e-45
294,4605,1.183e-44,1.11e-45
294,4606,1.18e-44,1.11e-45
294,4607,1.171e-44,1.11e-45
294,4608,1.175e-44,1.11e-45
294,4609,1.182e-44,1.12e-45
294,4610,1.188e-44,1.12e-45
294,4611,1.19e-44,1.12e-45
294,4612,1.186e-44,1.12e-45
294,4613,1.2e-44,1.12e-45
294,4614,1.207e-44,1.12e-45
294,4615,1.203e-44,1.13e-45
294,4616,1.21e-44,1.13e-45
294,4617,1.21e-44,1.13e-45
294,4618,1.223e-44,1.13e-45
294,4619,1.238e-44,1.14e-45
294,4620,1.241e-44,1.14e-45
294,4621,1.24e-44,1.14e-45
294,4622,1.24e-44,1.14e-45
294,4623,1.242e-44,1.14e-45
294,4624,1.254e-44,1.15e-45
294,4625,1.261e-44,1.15e-45
294,4626,1.267e-44,1.15e-45
294,4627,1.269e-44,1.15e-45
294,4628,1.274e-44,1.15e-45
294,4629,1.279e-44,1.16e-45
294,4630,1.285e-44,1.16e-45
294,4631,1.289e-44,1.16e-45
294,4632,1.295e-44,1.17e-45
294,4633,1.303e-44,1.17e-45
294,4634,1.311e-44,1.17e-45
294,4635,1.312e-44,1.18e-45
294,4636,1.323e-44,1.18e-45
294,4637,1.333e-44,1.18e-45
294,4638,1.338e-44,1.19e-45
294,4639,1.344e-44,1.19e-45
294,4640,1.349e-44,1.19e-45
294,4641,1.363e-44,1.2e-45
294,4642,1.368e-44,1.2e-45
294,4643,1.383e-44,1.21e-45
294,4644,1.392e-44,1.21e-45
294,4645,1.4e-44,1.21e-45
294,4646,1.42e-44,1.22e-45
294,4647,1.439e-44,1.23e-45
294,4648,1.458e-44,1.24e-45
294,4649,1.472e-44,1.24e-45
294,4650,1.484e-44,1.25e-45
294,4651,1.503e-44,1.25e-45
294,4652,1.514e-44,1.26e-45
294,4653,1.534e-44,1.27e-45
294,4654,1.555e-44,1.27e-45
294,4655,1.567e-44,1.28e-45
294,4656,1.573e-44,1.28e-45
294,4657,1.584e-44,1.29e-45
294,4658,1.594e-44,1.29e-45
294,4659,1.601e-44,1.3e-45
294,4660,1.607e-44,1.3e-45
294,4661,1.618e-44,1.3e-45
294,4662,1.627e-44,1.31e-45
294,4663,1.641e-44,1.32e-45
294,4664,1.654e-44,1.32e-45
294,4665,1.675e-44,1.33e-45
294,4666,1.689e-44,1.34e-45
294,4667,1.702e-44,1.34e-45
294,4668,1.723e-44,1.35e-45
294,4669,1.736e-44,1.35e-45
294,4670,1.757e-44,1.36e-45
294,4671,1.766e-44,1.37e-45
294,4672,1.782e-44,1.37e-45
294,4673,1.803e-44,1.38e-45
294,4674,1.814e-44,1.39e-45
294,4675,1.828e-44,1.39e-45
294,4676,1.846e-44,1.4e-45
294,4677,1.868e-44,1.41e-45
294,4678,1.882e-44,1.41e-45
294,4679,1.892e-44,1.42e-45
294,4680,1.909e-44,1.42e-45
294,4681,1.923e-44,1.43e-45
294,4682,1.935e-44,1.44e-45
294,4683,1.95e-44,1.44e-45
294,4684,1.973e-44,1.45e-45
294,4685,1.986e-44,1.46e-45
294,4686,2e-44,1.46e-45
294,4687,2.013e-44,1.47e-45
294,4688,2.028e-44,1.48e-45
294,4689,2.053e-44,1.48e-45
294,4690,2.065e-44,1.49e-45
294,4691,2.075e-44,1.49e-45
294,4692,2.089e-44,1.5e-45
294,4693,2.096e-44,1.5e-45
294,4694,2.113e-44,1.51e-45
294,4695,2.124e-44,1.51e-45
294,4696,2.142e-44,1.52e-45
294,4697,2.156e-44,1.53e-45
294,4698,2.169e-44,1.53e-45
294,4699,2.179e-44,1.54e-45
294,4700,2.187e-44,1.54e-45
294,4701,2.204e-44,1.54e-45
294,4702,2.213e-44,1.55e-45
294,4703,2.206e-44,1.55e-45
294,4704,2.212e-44,1.55e-45
294,4705,2.213e-44,1.56e-45
294,4706,2.218e-44,1.56e-45
294,4707,2.232e-44,1.56e-45
294,4708,2.226e-44,1.57e-45
294,4709,2.218e-44,1.57e-45
294,4710,2.222e-44,1.57e-45
294,4711,2.222e-44,1.56e-45
294,4712,2.197e-44,1.56e-45
294,4713,2.2e-44,1.56e-45
294,4714,2.235e-44,1.57e-45
294,4715,2.248e-44,1.58e-45
294,4716,2.257e-44,1.58e-45
294,4717,2.256e-44,1.59e-45
294,4718,2.263e-44,1.59e-45
294,4719,2.262e-44,1.59e-45
294,4720,2.268e-44,1.59e-45
294,4721,2.267e-44,1.59e-45
294,4722,2.255e-44,1.59e-45
294,4723,2.249e-44,1.59e-45
294,4724,2.248e-44,1.59e-45
294,4725,2.248e-44,1.59e-45
294,4726,2.249e-44,1.59e-45
294,4727,2.246e-44,1.58e-45
294,4728,2.243e-44,1.58e-45
294,4729,2.24e-44,1.58e-45
294,4730,2.232e-44,1.58e-45
294,4731,2.222e-44,1.58e-45
294,4732,2.221e-44,1.58e-45
294,4733,2.211e-44,1.58e-45
294,4734,2.193e-44,1.57e-45
294,4735,2.178e-44,1.57e-45
294,4736,2.173e-44,1.56e-45
294,4737,2.166e-44,1.56e-45
294,4738,2.154e-44,1.55e-45
294,4739,2.143e-44,1.55e-45
294,4740,2.122e-44,1.55e-45
294,4741,2.109e-44,1.54e-45
294,4742,2.09e-44,1.53e-45
294,4743,2.072e-44,1.53e-45
294,4744,2.068e-44,1.53e-45
294,4745,2.058e-44,1.52e-45
294,4746,2.042e-44,1.52e-45
294,4747,2.029e-44,1.51e-45
294,4748,2.017e-44,1.51e-45
294,4749,2.005e-44,1.5e-45
294,4750,2.001e-44,1.5e-45
294,4751,1.971e-44,1.49e-45
294,4752,1.952e-44,1.48e-45
294,4753,1.948e-44,1.48e-45
294,4754,1.954e-44,1.48e-45
294,4755,1.927e-44,1.47e-45
294,4756,1.915e-44,1.47e-45
294,4757,1.904e-44,1.46e-45
294,4758,1.891e-44,1.46e-45
294,4759,1.874e-44,1.45e-45
294,4760,1.863e-44,1.44e-45
294,4761,1.854e-44,1.44e-45
294,4762,1.835e-44,1.43e-45
294,4763,1.833e-44,1.43e-45
294,4764,1.822e-44,1.42e-45
294,4765,1.812e-44,1.42e-45
294,4766,1.798e-44,1.42e-45
294,4767,1.805e-44,1.41e-45
294,4768,1.819e-44,1.42e-45
294,4769,1.786e-44,1.41e-45
294,5599,0,3.91e-46
294,5600,0,3.99e-46
294,5601,0,4.02e-46
294,5602,0,3.99e-46
294,5603,0,3.92e-46
294,5604,0,3.95e-46
294,5605,0,3.93e-46
294,5606,0,3.98e-46
294,5607,0,3.98e-46
294,5608,0,3.95e-46
294,5609,0,4.03e-46
294,5610,7.2e-47,4.01e-46
294,5611,3.2e-47,4.03e-46
294,5612,0,4.02e-46
294,5613,0,3.94e-46
294,5614,0,3.91e-46
294,5615,0,3.91e-46
294,5616,0,3.86e-46
294,5617,0,3.93e-46
294,5618,0,3.94e-46
294,5619,0,3.98e-46
294,5620,0,3.96e-46
294,5621,0,3.99e-46
294,5622,0,3.92e-46
294,5623,0,3.94e-46
294,5624,0,3.93e-46
294,5625,0,3.95e-46
294,5626,0,3.97e-46
294,5627,6.3e-47,4e-46
294,5628,0,3.96e-46
294,5629,0,3.93e-46
294,5630,0,3.92e-46
294,5631,0,3.99e-46
294,5632,0,3.98e-46
294,5633,0,3.94e-46
294,5634,0,3.88e-46
294,5635,0,3.79e-46
294,5636,0,3.88e-46
294,5637,0,3.93e-46
294,5638,0,3.97e-46
294,5639,0,3.91e-46
294,5640,0,3.93e-46
294,5641,0,3.97e-46
294,5642,0,3.96e-46
294,5643,0,3.87e-46
294,5644,0,3.87e-46
294,5645,0,3.88e-46
294,5646,0,3.92e-46
294,5647,0,3.9e-46
294,5648,0,3.93e-46
294,5649,0,3.98e-46
294,5650,0,4.03e-46
294,5651,3.7e-47,4.04e-46
294,5652,0,3.94e-46
294,5653,0,3.89e-46
294,5654,0,3.91e-46
294,5655,0,3.92e-46
294,5656,0,3.87e-46
294,5657,0,3.9e-46
294,5658,0,3.9e-46
294,5659,0,3.96e-46
294,5660,0,3.95e-46
294,5661,0,4.02e-46
294,5662,0,4.01e-46
294,5663,0,3.95e-46
294,5664,0,3.9e-46
294,5665,0,3.9e-46
294,5666,0,3.94e-46
294,5667,0,3.96e-46
294,5668,0,3.97e-46
294,5669,0,3.97e-46
294,5670,0,3.91e-46
294,5671,0,3.86e-46
294,5672,0,3.88e-46
294,5673,0,3.89e-46
294,5674,0,3.9e-46
294,5675,0,3.86e-46
294,5676,0,3.96e-46
294,5677,0,3.92e-46
294,5678,0,3.91e-46
294,5679,0,3.84e-46
294,5680,0,3.85e-46
294,5681,0,3.87e-46
294,5682,0,3.9e-46
294,5683,0,3.95e-46
294,5684,0,3.99e-46
294,5685,0,3.93e-46
294,5686,0,3.86e-46
294,5687,0,3.81e-46
294,5688,0,3.91e-46
294,5689,0,3.95e-46
294,5690,0,3.95e-46
294,5691,0,3.96e-46
294,5692,0,3.91e-46
294,5693,0,3.89e-46
294,5694,0,3.88e-46
294,5695,0,3.87e-46
294,5696,0,3.87e-46
294,5697,0,3.86e-46
294,5698,0,3.89e-46
294,5699,0,4e-46
294,5700,0,3.93e-46
294,5701,0,3.89e-46
294,5702,0,3.92e-46
294,5703,0,3.89e-46
294,5704,0,3.92e-46
294,5705,0,3.92e-46
294,5706,0,3.88e-46
294,5707,0,3.9e-46
294,5708,0,3.91e-46
294,5709,0,3.86e-46
294,5710,0,3.91e-46
294,5711,0,3.99e-46
294,5712,0,3.97e-46
294,5713,0,3.84e-46
294,5714,0,3.86e-46
294,5715,0,3.91e-46
294,5716,0,3.96e-46
294,5717,0,3.94e-46
294,5718,0,3.87e-46
294,5719,0,3.88e-46
294,5720,0,3.9e-46
294,5721,0,3.92e-46
294,5722,0,3.94e-46
294,5723,0,3.92e-46
294,5724,0,3.92e-46
294,5725,0,3.92e-46
294,5726,0,3.93e-46
294,5727,0,3.93e-46
294,5728,0,3.87e-46
294,5729,0,3.91e-46
294,5730,0,3.87e-46
294,5731,0,3.86e-46
294,5732,0,3.89e-46
294,5733,0,3.91e-46
294,5734,0,3.89e-46
294,5735,0,3.95e-46
294,5736,0,3.89e-46
294,5737,0,3.82e-46
294,5738,0,3.8e-46
294,5739,0,3.82e-46
294,5740,0,3.9e-46
294,5741,4.8e-47,3.99e-46
294,5742,0,3.98e-46
294,5743,0,3.94e-46
294,5744,0,3.86e-46
294,5745,0,3.86e-46
294,5746,0,3.82e-46
294,5747,0,3.83e-46
294,5748,0,3.97e-46
294,5749,0,3.88e-46
294,5750,0,3.86e-46
294,5751,0,3.85e-46
294,5752,0,3.84e-46
294,5753,0,3.9e-46
294,5754,0,3.94e-46
294,5755,0,3.93e-46
294,5756,0,3.96e-46
294,5757,0,3.89e-46
294,5758,0,3.88e-46
294,5759,0,3.87e-46
294,5760,0,3.88e-46
294,5761,0,3.8e-46
294,5762,0,3.78e-46
294,5763,0,3.88e-46
294,5764,0,3.86e-46
294,5765,0,3.91e-46
294,5766,0,3.93e-46
294,5767,0,3.9e-46
294,5768,0,3.83e-46
294,5769,0,3.87e-46
294,5770,0,3.86e-46
294,5771,0,3.88e-46
294,5772,0,3.97e-46
294,5773,0,3.95e-46
294,5774,1.24e-46,3.95e-46
294,5775,1.31e-46,3.97e-46
294,5776,0,3.96e-46
294,5777,0,3.91e-46
294,5778,0,3.84e-46
294,5779,0,3.84e-46
294,5780,0,3.87e-46
294,5781,0,3.87e-46
294,5782,0,3.92e-46
294,5783,0,3.96e-46
294,5784,0,3.89e-46
294,5785,0,3.85e-46
294,5786,0,3.89e-46
294,5787,0,3.89e-46
294,5788,0,3.91e-46
294,5789,0,3.88e-46
294,5790,0,3.87e-46
294,5791,0,3.85e-46
294,5792,0,3.8e-46
294,5793,0,3.83e-46
294,5794,0,3.87e-46
294,5795,0,3.84e-46
294,5796,0,3.86e-46
294,5797,0,3.87e-46
294,5798,0,3.87e-46
294,5799,0,3.86e-46
294,5800,0,3.95e-46
294,5801,0,3.9e-46
294,5802,0,3.84e-46
294,5803,0,3.88e-46
294,5804,0,3.95e-46
294,5805,0,3.95e-46
294,5806,0,3.85e-46
294,5807,0,3.73e-46
294,5808,0,3.83e-46
294,5809,0,3.95e-46
294,5810,0,3.97e-46
294,5811,0,3.92e-46
294,5812,0,3.86e-46
294,5813,0,3.86e-46
294,5814,0,3.82e-46
294,5815,0,3.91e-46
294,5816,0,3.96e-46
294,5817,1.9e-47,3.94e-46
294,5818,0,3.93e-46
294,5819,0,3.9e-46
294,5820,0,3.85e-46
294,5821,0,3.86e-46
294,5822,0,3.86e-46
294,5823,0,3.9e-46
294,5824,0,3.95e-46
294,5825,0,3.96e-46
294,5826,0,3.93e-46
294,5827,0,3.82e-46
294,5828,0,3.84e-46
294,5829,0,3.92e-46
294,5830,0,3.9e-46
294,5831,0,3.82e-46
294,5832,0,3.83e-46
294,5833,0,3.84e-46
294,5834,0,3.86e-46
294,5835,0,3.85e-46
294,5836,0,3.88e-46
294,5837,0,3.91e-46
294,5838,0,3.84e-46
294,5839,0,3.79e-46
294,5840,0,3.8e-46
294,5841,0,3.78e-46
294,5842,0,3.82e-46
294,5843,0,3.91e-46
294,5844,0,3.89e-46
294,5845,0,3.84e-46
294,5846,0,3.85e-46
294,5847,0,3.85e-46
294,5848,0,3.79e-46
294,5849,0,3.74e-46
294,5850,0,3.86e-46
294,5851,0,3.8e-46
294,5852,0,3.77e-46
294,5853,0,3.83e-46
294,5854,0,3.86e-46
294,5855,0,3.89e-46
294,5856,0,3.94e-46
294,5857,0,3.96e-46
294,5858,0,3.93e-46
294,5859,0,3.8e-46
294,5860,0,3.79e-46
294,5861,0,3.87e-46
294,5862,0,3.87e-46
294,5863,0,3.89e-46
294,5864,0,3.93e-46
294,5865,0,3.91e-46
294,5866,0,3.88e-46
294,5867,0,3.91e-46
294,5868,0,3.91e-46
294,5869,0,3.92e-46
294,5870,0,3.86e-46
294,5871,0,3.82e-46
294,5872,0,3.82e-46
294,5873,0,3.92e-46
294,5874,0,3.93e-46
294,5875,0,3.87e-46
294,5876,0,3.89e-46
294,5877,0,3.79e-46
294,5878,0,3.92e-46
294,5879,0,3.91e-46
294,5880,0,3.85e-46
294,5881,0,3.83e-46
294,5882,0,3.81e-46
294,5883,0,3.82e-46
294,5884,0,3.85e-46
294,5885,0,3.89e-46
294,5886,0,3.92e-46
294,5887,0,3.91e-46
294,5888,0,3.88e-46
294,5889,0,3.83e-46
294,5890,0,3.84e-46
294,5891,0,3.84e-46
294,5892,0,3.85e-46
294,5893,0,3.8e-46
294,5894,0,3.85e-46
294,5895,6e-48,3.97e-46
294,5896,4.2e-47,4.01e-46
294,5897,0,3.93e-46
294,5898,0,3.84e-46
294,5899,0,3.85e-46
294,5900,0,3.84e-46
294,5901,0,3.86e-46
294,5902,0,3.85e-46
294,5903,0,3.89e-46
294,5904,0,3.9e-46
294,5905,0,3.95e-46
294,5906,0,3.88e-46
294,5907,0,3.83e-46
294,5908,0,3.85e-46
294,5909,0,3.92e-46
294,5910,0,3.81e-46
294,5911,0,3.8e-46
294,5912,0,3.83e-46
294,5913,0,3.87e-46
294,5914,0,3.86e-46
294,5915,0,3.88e-46
294,5916,0,3.91e-46
294,5917,0,3.93e-46
294,5918,0,3.97e-46
294,5919,0,3.91e-46
294,5920,0,3.83e-46
294,5921,0,3.76e-46
294,5922,0,3.74e-46
294,5923,0,3.75e-46
294,5924,0,3.86e-46
294,5925,3.1e-47,3.96e-46
294,5926,0,4.01e-46
294,5927,0,3.9e-46
294,5928,0,3.87e-46
294,5929,0,3.82e-46
294,5930,0,3.89e-46
294,5931,0,3.94e-46
294,5932,0,3.97e-46
294,5933,0,3.85e-46
294,5934,0,3.88e-46
294,5935,1.9e-47,3.93e-46
294,5936,0,3.9e-46
294,5937,0,3.91e-46
294,5938,3.1e-47,3.95e-46
294,5939,0,3.95e-46
294,5940,0,3.87e-46
294,5941,0,3.86e-46
294,5942,0,3.87e-46
294,5943,0,3.91e-46
294,5944,0,4.02e-46
294,5945,0,3.93e-46
294,5946,0,3.87e-46
294,5947,0,3.86e-46
294,5948,0,3.84e-46
294,5949,0,3.86e-46
294,5950,0,3.84e-46
294,5951,0,3.78e-46
294,5952,0,3.9e-46
294,5953,0,3.92e-46
294,5954,0,3.92e-46
294,5955,0,3.95e-46
294,5956,0,3.95e-46
294,5957,0,3.89e-46
294,5958,0,3.94e-46
294,5959,0,3.77e-46
294,5960,0,3.84e-46
294,5961,0,3.92e-46
294,5962,0,3.8e-46
349,3193,0,8.4e-46
349,3194,0,8.4e-46
349,3195,0,8.4e-46
349,3196,0,8.4e-46
349,3197,0,8.4e-46
349,3198,0,8.4e-46
349,3199,0,8.4e-46
349,3200,0,8.39e-46
349,3201,0,8.4e-46
349,3202,0,8.4e-46
349,3203,0,8.4e-46
349,3204,0,8.4e-46
349,3205,0,8.39e-46
349,3206,0,8.39e-46
349,3207,0,8.39e-46
349,3208,0,8.39e-46
349,3209,0,8.39e-46
349,3210,0,8.4e-46
349,3211,0,8.39e-46
349,3212,0,8.39e-46
349,3213,0,8.39e-46
349,3214,0,8.39e-46
349,3215,0,8.38e-46
349,3216,0,8.39e-46
349,3217,0,8.39e-46
349,3218,0,8.38e-46
349,3219,0,8.39e-46
349,3220,0,8.39e-46
349,3221,0,8.38e-46
349,3222,0,8.39e-46
349,3223,0,8.38e-46
349,3224,0,8.38e-46
349,3225,0,8.38e-46
349,3226,0,8.38e-46
349,3227,0,8.38e-46
349,3228,0,8.38e-46
349,3229,0,8.39e-46
349,3230,0,8.39e-46
349,3231,0,8.39e-46
349,3232,0,8.38e-46
349,3233,0,8.39e-46
349,3234,0,8.38e-46
349,3235,0,8.38e-46
349,3236,0,8.39e-46
349,3237,0,8.39e-46
349,3238,0,8.38e-46
349,3239,0,8.38e-46
349,3240,0,8.39e-46
349,3241,0,8.39e-46
349,3242,0,8.39e-46
349,3243,0,8.39e-46
349,3244,0,8.39e-46
349,3245,0,8.4e-46
349,3246,0,8.39e-46
349,3247,0,8.39e-46
349,3248,0,8.39e-46
349,3249,0,8.39e-46
349,3250,0,8.39e-46
349,3251,0,8.39e-46
349,3252,0,8.39e-46
349,3253,0,8.39e-46
349,3254,0,8.4e-46
349,3255,0,8.4e-46
349,3256,0,8.4e-46
349,3257,0,8.4e-46
349,3258,0,8.4e-46
349,3259,0,8.4e-46
349,3260,0,8.4e-46
349,3261,0,8.4e-46
349,3262,0,8.4e-46
349,3263,0,8.4e-46
349,3264,0,8.4e-46
349,3265,0,8.41e-46
349,3266,0,8.4e-46
349,3267,0,8.41e-46
349,3268,0,8.41e-46
349,3269,0,8.41e-46
349,3270,0,8.42e-46
349,3271,0,8.42e-46
349,3272,0,8.41e-46
349,3273,0,8.4e-46
349,3274,0,8.45e-46
349,3275,0,8.43e-46
349,3276,0,8.39e-46
349,3277,0,8.43e-46
349,3278,0,8.44e-46
349,3279,0,8.43e-46
349,3280,0,8.43e-46
349,3281,0,8.43e-46
349,3282,0,8.43e-46
349,3283,0,8.43e-46
349,3284,0,8.44e-46
349,3949,1.094e-44,1.23e-45
349,3950,1.071e-44,1.22e-45
349,3951,9.97e-45,1.2e-45
349,3952,9.59e-45,1.19e-45
349,3953,9.61e-45,1.19e-45
349,3954,9.61e-45,1.19e-45
349,3955,9.74e-45,1.2e-45
349,3956,9.97e-45,1.21e-45
349,3957,1.024e-44,1.21e-45
349,3958,1.027e-44,1.22e-45
349,3959,1.021e-44,1.22e-45
349,3960,1.046e-44,1.22e-45
349,3961,1.104e-44,1.24e-45
349,3962,1.167e-44,1.26e-45
349,3963,1.097e-44,1.24e-45
349,3964,1.078e-44,1.24e-45
349,3965,1.087e-44,1.24e-45
349,3966,1.089e-44,1.24e-45
349,3967,1.093e-44,1.24e-45
349,3968,1.131e-44,1.26e-45
349,3969,1.173e-44,1.27e-45
349,3970,1.178e-44,1.27e-45
349,3971,1.184e-44,1.27e-45
349,3972,1.202e-44,1.28e-45
349,3973,1.219e-44,1.28e-45
349,3974,1.239e-44,1.29e-45
349,3975,1.277e-44,1.3e-45
349,3976,1.305e-44,1.31e-45
349,3977,1.277e-44,1.31e-45
349,3978,1.266e-44,1.3e-45
349,3979,1.278e-44,1.31e-45
349,3980,1.306e-44,1.32e-45
349,3981,1.319e-44,1.32e-45
349,3982,1.341e-44,1.33e-45
349,3983,1.352e-44,1.33e-45
349,3984,1.364e-44,1.34e-45
349,3985,1.384e-44,1.34e-45
349,3986,1.397e-44,1.35e-45
349,3987,1.416e-44,1.36e-45
349,3988,1.435e-44,1.36e-45
349,3989,1.471e-44,1.37e-45
349,3990,1.51e-44,1.39e-45
349,3991,1.524e-44,1.39e-45
349,3992,1.523e-44,1.39e-45
349,3993,1.539e-44,1.4e-45
349,3994,1.565e-44,1.41e-45
349,3995,1.593e-44,1.42e-45
349,3996,1.6e-44,1.42e-45
349,3997,1.614e-44,1.43e-45
349,3998,1.635e-44,1.43e-45
349,3999,1.655e-44,1.44e-45
349,4000,1.675e-44,1.45e-45
349,4001,1.705e-44,1.46e-45
349,4002,1.721e-44,1.46e-45
349,4003,1.748e-44,1.47e-45
349,4004,1.764e-44,1.48e-45
349,4005,1.786e-44,1.49e-45
349,4006,1.809e-44,1.5e-45
349,4007,1.838e-44,1.5e-45
349,4008,1.874e-44,1.52e-45
349,4009,1.901e-44,1.53e-45
349,4010,1.92e-44,1.53e-45
349,4011,1.935e-44,1.54e-45
349,4012,1.959e-44,1.55e-45
349,4013,1.983e-44,1.56e-45
349,4014,2.011e-44,1.57e-45
349,4015,2.04e-44,1.57e-45
349,4016,2.07e-44,1.59e-45
349,4017,2.099e-44,1.6e-45
349,4018,2.128e-44,1.61e-45
349,4019,2.168e-44,1.62e-45
349,4020,2.196e-44,1.63e-45
349,4021,2.231e-44,1.64e-45
349,4022,2.263e-44,1.65e-45
349,4023,2.305e-44,1.66e-45
349,4024,2.348e-44,1.68e-45
349,4025,2.393e-44,1.69e-45
349,4026,2.423e-44,1.7e-45
349,4027,2.461e-44,1.72e-45
349,4028,2.505e-44,1.73e-45
349,4029,2.455e-44,1.72e-45
349,4030,2.46e-44,1.72e-45
349,4031,2.509e-44,1.74e-45
349,4032,2.562e-44,1.76e-45
349,4033,2.594e-44,1.77e-45
349,4034,2.632e-44,1.78e-45
349,4035,2.669e-44,1.79e-45
349,4036,2.704e-44,1.81e-45
349,4037,2.743e-44,1.82e-45
349,4038,2.782e-44,1.83e-45
349,4039,2.82e-44,1.85e-45
349,4040,2.86e-44,1.86e-45
349,4041,2.897e-44,1.87e-45
349,4042,2.94e-44,1.89e-45
349,4043,2.99e-44,1.9e-45
349,4044,3.036e-44,1.92e-45
349,4045,3.081e-44,1.94e-45
349,4046,3.112e-44,1.94e-45
349,4047,3.135e-44,1.95e-45
349,4048,3.18e-44,1.97e-45
349,4049,3.227e-44,1.99e-45
349,4050,3.272e-44,2e-45
349,4051,3.318e-44,2.02e-45
349,4052,3.357e-44,2.03e-45
349,4053,3.405e-44,2.05e-45
349,4054,3.451e-44,2.06e-45
349,4055,3.493e-44,2.08e-45
349,4056,3.541e-44,2.09e-45
349,4057,3.582e-44,2.11e-45
349,4058,3.622e-44,2.12e-45
349,4059,3.673e-44,2.14e-45
349,4060,3.729e-44,2.16e-45
349,4061,3.775e-44,2.17e-45
349,4062,3.819e-44,2.19e-45
349,4063,3.868e-44,2.21e-45
349,4064,3.919e-44,2.22e-45
349,4065,3.961e-44,2.24e-45
349,4066,4.012e-44,2.26e-45
349,4067,4.077e-44,2.28e-45
349,4068,4.126e-44,2.29e-45
349,4069,4.172e-44,2.31e-45
349,4070,4.223e-44,2.33e-45
349,4071,4.277e-44,2.35e-45
349,4072,4.328e-44,2.37e-45
349,4073,4.384e-44,2.38e-45
349,4074,4.441e-44,2.4e-45
349,4075,4.499e-44,2.42e-45
349,4076,4.552e-44,2.44e-45
349,4077,4.597e-44,2.46e-45
349,4078,4.652e-44,2.48e-45
349,4079,4.712e-44,2.5e-45
349,4080,4.775e-44,2.52e-45
349,4081,4.834e-44,2.54e-45
349,4082,4.89e-44,2.56e-45
349,4083,4.936e-44,2.57e-45
349,4084,4.993e-44,2.59e-45
349,4085,5.043e-44,2.61e-45
349,4086,5.105e-44,2.63e-45
349,4087,5.172e-44,2.65e-45
349,4088,5.233e-44,2.68e-45
349,4089,5.287e-44,2.69e-45
349,4090,5.329e-44,2.71e-45
349,4091,5.384e-44,2.73e-45
349,4092,5.446e-44,2.75e-45
349,4093,5.503e-44,2.77e-45
349,4094,5.563e-44,2.79e-45
349,4095,5.621e-44,2.81e-45
349,4096,5.676e-44,2.83e-45
349,4097,5.733e-44,2.85e-45
349,4098,5.785e-44,2.87e-45
349,4099,5.842e-44,2.89e-45
349,4100,5.898e-44,2.91e-45
349,4101,5.953e-44,2.93e-45
349,4102,6.002e-44,2.94e-45
349,4103,6.06e-44,2.96e-45
349,4104,6.125e-44,2.98e-45
349,4105,6.182e-44,3.01e-45
349,4106,6.237e-44,3.03e-45
349,4107,6.292e-44,3.04e-45
349,4108,6.344e-44,3.06e-45
349,4109,6.398e-44,3.08e-45
349,4110,6.448e-44,3.1e-45
349,4111,6.494e-44,3.12e-45
349,4112,6.548e-44,3.13e-45
349,4113,6.599e-44,3.15e-45
349,4114,6.651e-44,3.17e-45
349,4115,6.705e-44,3.19e-45
349,4116,6.763e-44,3.21e-45
349,4117,6.809e-44,3.23e-45
349,4118,6.854e-44,3.24e-45
349,4119,6.899e-44,3.26e-45
349,4120,6.951e-44,3.28e-45
349,4121,7.004e-44,3.3e-45
349,4122,7.048e-44,3.31e-45
349,4123,7.081e-44,3.32e-45
349,4124,7.11e-44,3.33e-45
349,4125,7.099e-44,3.32e-45
349,4126,7.106e-44,3.31e-45
349,4127,7.211e-44,3.36e-45
349,4128,7.296e-44,3.4e-45
349,4129,7.351e-44,3.42e-45
349,4130,7.396e-44,3.43e-45
349,4131,7.433e-44,3.45e-45
349,4132,7.476e-44,3.46e-45
349,4133,7.518e-44,3.48e-45
349,4134,7.552e-44,3.49e-45
349,4135,7.586e-44,3.5e-45
349,4136,7.624e-44,3.52e-45
349,4137,7.675e-44,3.53e-45
349,4138,7.723e-44,3.55e-45
349,4139,7.756e-44,3.56e-45
349,4140,7.782e-44,3.57e-45
349,4141,7.817e-44,3.58e-45
349,4142,7.834e-44,3.59e-45
349,4143,7.821e-44,3.57e-45
349,4144,7.897e-44,3.6e-45
349,4145,8.004e-44,3.64e-45
349,4146,8.059e-44,3.66e-45
349,4147,8.095e-44,3.68e-45
349,4148,8.124e-44,3.69e-45
349,4149,8.136e-44,3.69e-45
349,4150,8.154e-44,3.7e-45
349,4151,8.162e-44,3.71e-45
349,4152,8.155e-44,3.71e-45
349,4153,8.132e-44,3.7e-45
349,4154,7.966e-44,3.63e-45
349,4155,7.67e-44,3.47e-45
349,4156,7.864e-44,3.55e-45
349,4157,8.124e-44,3.69e-45
349,4158,8.203e-44,3.72e-45
349,4159,8.232e-44,3.73e-45
349,4160,8.206e-44,3.72e-45
349,4161,8.149e-44,3.69e-45
349,4162,8.176e-44,3.71e-45
349,4163,8.192e-44,3.73e-45
349,4164,8.185e-44,3.73e-45
349,4165,8.168e-44,3.72e-45
349,4166,8.154e-44,3.72e-45
349,4167,8.139e-44,3.72e-45
349,4168,8.12e-44,3.71e-45
349,4169,8.104e-44,3.71e-45
349,4170,8.092e-44,3.71e-45
349,4171,8.085e-44,3.71e-45
349,4172,8.073e-44,3.7e-45
349,4173,8.063e-44,3.7e-45
349,4174,8.053e-44,3.7e-45
349,4175,8.039e-44,3.7e-45
349,4176,8.031e-44,3.69e-45
349,4177,8.013e-44,3.69e-45
349,4178,8.004e-44,3.69e-45
349,4179,7.991e-44,3.68e-45
349,4180,7.97e-44,3.68e-45
349,4181,7.943e-44,3.67e-45
349,4182,7.939e-44,3.67e-45
349,4183,7.928e-44,3.67e-45
349,4184,7.907e-44,3.66e-45
349,4185,7.883e-44,3.65e-45
349,4186,7.864e-44,3.65e-45
349,4187,7.857e-44,3.65e-45
349,4188,7.841e-44,3.64e-45
349,4189,7.811e-44,3.63e-45
349,4190,7.768e-44,3.62e-45
349,4191,7.73e-44,3.61e-45
349,4192,7.702e-44,3.6e-45
349,4193,7.681e-44,3.59e-45
349,4194,7.645e-44,3.58e-45
349,4195,7.602e-44,3.57e-45
349,4196,7.562e-44,3.56e-45
349,4197,7.532e-44,3.55e-45
349,4198,7.507e-44,3.54e-45
349,4199,7.467e-44,3.53e-45
349,4200,7.429e-44,3.52e-45
349,4201,7.402e-44,3.51e-45
349,4202,7.353e-44,3.49e-45
349,4203,7.317e-44,3.48e-45
349,4204,7.284e-44,3.47e-45
349,4205,7.248e-44,3.46e-45
349,4206,7.209e-44,3.45e-45
349,4207,7.165e-44,3.44e-45
349,4208,7.132e-44,3.42e-45
349,4209,7.087e-44,3.41e-45
349,4210,7.04e-44,3.4e-45
349,4211,7.003e-44,3.39e-45
349,4212,6.961e-44,3.37e-45
349,4213,6.922e-44,3.36e-45
349,4214,6.891e-44,3.35e-45
349,4215,6.847e-44,3.34e-45
349,4216,6.8e-44,3.32e-45
349,4217,6.754e-44,3.31e-45
349,4218,6.698e-44,3.29e-45
349,4219,6.663e-44,3.28e-45
349,4220,6.62e-44,3.27e-45
349,4221,6.562e-44,3.25e-45
349,4222,6.526e-44,3.24e-45
349,4223,6.481e-44,3.22e-45
349,4224,6.439e-44,3.21e-45
349,4225,6.401e-44,3.2e-45
349,4226,6.359e-44,3.18e-45
349,4227,6.313e-44,3.17e-45
349,4228,6.27e-44,3.15e-45
349,4229,6.217e-44,3.14e-45
349,4230,6.177e-44,3.13e-45
349,4231,6.128e-44,3.11e-45
349,4232,6.081e-44,3.1e-45
349,4233,6.034e-44,3.08e-45
349,4234,5.992e-44,3.07e-45
349,4235,5.952e-44,3.05e-45
349,4236,5.899e-44,3.04e-45
349,4237,5.854e-44,3.02e-45
349,4238,5.814e-44,3.01e-45
349,4239,5.765e-44,3e-45
349,4240,5.729e-44,2.98e-45
349,4241,5.694e-44,2.97e-45
349,4242,5.643e-44,2.96e-45
349,4243,5.599e-44,2.94e-45
349,4244,5.544e-44,2.93e-45
349,4245,5.513e-44,2.92e-45
349,4246,5.473e-44,2.9e-45
349,4247,5.434e-44,2.89e-45
349,4248,5.385e-44,2.87e-45
349,4249,5.345e-44,2.86e-45
349,4250,5.312e-44,2.85e-45
349,4251,5.269e-44,2.84e-45
349,4252,5.223e-44,2.82e-45
349,4253,5.179e-44,2.81e-45
349,4254,5.142e-44,2.8e-45
349,4255,5.09e-44,2.78e-45
349,4256,5.058e-44,2.77e-45
349,4257,5.027e-44,2.76e-45
349,4258,5.003e-44,2.75e-45
349,4259,4.977e-44,2.74e-45
349,4260,4.928e-44,2.72e-45
349,4261,4.878e-44,2.71e-45
349,4262,4.829e-44,2.69e-45
349,4263,4.785e-44,2.68e-45
349,4264,4.738e-44,2.67e-45
349,4265,4.71e-44,2.66e-45
349,4266,4.677e-44,2.64e-45
349,4267,4.638e-44,2.63e-45
349,4268,4.595e-44,2.62e-45
349,4269,4.559e-44,2.61e-45
349,4270,4.521e-44,2.6e-45
349,4271,4.492e-44,2.58e-45
349,4272,4.458e-44,2.57e-45
349,4273,4.425e-44,2.56e-45
349,4274,4.388e-44,2.55e-45
349,4275,4.351e-44,2.54e-45
349,4276,4.322e-44,2.53e-45
349,4277,4.288e-44,2.52e-45
349,4278,4.252e-44,2.51e-45
349,4279,4.218e-44,2.49e-45
349,4280,4.19e-44,2.48e-45
349,4281,4.154e-44,2.47e-45
349,4282,4.118e-44,2.46e-45
349,4283,4.086e-44,2.45e-45
349,4284,4.051e-44,2.44e-45
349,4285,4.026e-44,2.43e-45
349,4286,3.999e-44,2.42e-45
349,4287,3.971e-44,2.41e-45
349,4288,3.931e-44,2.4e-45
349,4289,3.902e-44,2.39e-45
349,4290,3.864e-44,2.38e-45
349,4291,3.834e-44,2.37e-45
349,4292,3.809e-44,2.36e-45
349,4293,3.783e-44,2.35e-45
349,4294,3.763e-44,2.34e-45
349,4295,3.725e-44,2.33e-45
349,4296,3.695e-44,2.32e-45
349,4297,3.676e-44,2.31e-45
349,4298,3.646e-44,2.3e-45
349,4299,3.618e-44,2.29e-45
349,4300,3.584e-44,2.28e-45
349,4301,3.562e-44,2.28e-45
349,4302,3.534e-44,2.27e-45
349,4303,3.51e-44,2.26e-45
349,4304,3.482e-44,2.25e-45
349,4305,3.454e-44,2.24e-45
349,4306,3.425e-44,2.23e-45
349,4307,3.406e-44,2.22e-45
349,4308,3.387e-44,2.21e-45
349,4309,3.355e-44,2.2e-45
349,4310,3.331e-44,2.2e-45
349,4311,3.305e-44,2.19e-45
349,4312,3.274e-44,2.18e-45
349,4313,3.259e-44,2.17e-45
349,4314,3.227e-44,2.16e-45
349,4315,3.203e-44,2.16e-45
349,4316,3.183e-44,2.15e-45
349,4317,3.168e-44,2.14e-45
349,4318,3.144e-44,2.13e-45
349,4319,3.115e-44,2.12e-45
349,4320,3.095e-44,2.12e-45
349,4321,3.077e-44,2.11e-45
349,4322,3.052e-44,2.1e-45
349,4323,3.029e-44,2.09e-45
349,4324,3.009e-44,2.09e-45
349,4325,2.984e-44,2.08e-45
349,4326,2.966e-44,2.07e-45
349,4327,2.941e-44,2.06e-45
349,4328,2.924e-44,2.06e-45
349,4329,2.909e-44,2.05e-45
349,4330,2.883e-44,2.04e-45
349,4331,2.873e-44,2.04e-45
349,4332,2.853e-44,2.03e-45
349,4333,2.83e-44,2.02e-45
349,4334,2.813e-44,2.02e-45
349,4335,2.788e-44,2.01e-45
349,4336,2.766e-44,2e-45
349,4337,2.756e-44,2e-45
349,4338,2.732e-44,1.99e-45
349,4339,2.717e-44,1.98e-45
349,4340,2.702e-44,1.98e-45
349,4341,2.681e-44,1.97e-45
349,4342,2.664e-44,1.96e-45
349,4343,2.635e-44,1.96e-45
349,4344,2.622e-44,1.95e-45
349,4345,2.609e-44,1.95e-45
349,4346,2.593e-44,1.94e-45
349,4347,2.57e-44,1.93e-45
349,4348,2.549e-44,1.93e-45
349,4349,2.532e-44,1.92e-45
349,4350,2.52e-44,1.92e-45
349,4351,2.503e-44,1.91e-45
349,4352,2.493e-44,1.9e-45
349,4353,2.474e-44,1.9e-45
349,4354,2.461e-44,1.89e-45
349,4355,2.453e-44,1.89e-45
349,4356,2.436e-44,1.88e-45
349,4357,2.409e-44,1.88e-45
349,4358,2.392e-44,1.87e-45
349,4359,2.377e-44,1.87e-45
349,4360,2.369e-44,1.86e-45
349,4361,2.35e-44,1.85e-45
349,4362,2.334e-44,1.85e-45
349,4363,2.325e-44,1.85e-45
349,4364,2.313e-44,1.84e-45
349,4365,2.3e-44,1.84e-45
349,4366,2.282e-44,1.83e-45
349,4367,2.268e-44,1.83e-45
349,4368,2.261e-44,1.82e-45
349,4369,2.247e-44,1.82e-45
349,4370,2.229e-44,1.81e-45
349,4371,2.217e-44,1.81e-45
349,4372,2.203e-44,1.8e-45
349,4373,2.188e-44,1.8e-45
349,4374,2.189e-44,1.79e-45
349,4375,2.176e-44,1.79e-45
349,4376,2.16e-44,1.79e-45
349,4377,2.152e-44,1.78e-45
349,4378,2.14e-44,1.78e-45
349,4379,2.127e-44,1.77e-45
349,4380,2.112e-44,1.77e-45
349,4381,2.095e-44,1.77e-45
349,4382,2.077e-44,1.76e-45
349,4383,2.074e-44,1.76e-45
349,4384,2.065e-44,1.75e-45
349,4385,2.058e-44,1.75e-45
349,4386,2.04e-44,1.74e-45
349,4387,2.036e-44,1.74e-45
349,4388,2.026e-44,1.74e-45
349,4389,2.014e-44,1.74e-45
349,4390,2.001e-44,1.73e-45
349,4391,2.003e-44,1.73e-45
349,4392,1.996e-44,1.73e-45
349,4393,1.982e-44,1.72e-45
349,4394,1.971e-44,1.72e-45
349,4395,1.956e-44,1.71e-45
349,4396,1.953e-44,1.71e-45
349,4397,1.94e-44,1.71e-45
349,4398,1.933e-44,1.7e-45
349,4399,1.927e-44,1.7e-45
349,4400,1.922e-44,1.7e-45
349,4401,1.917e-44,1.7e-45
349,4402,1.904e-44,1.69e-45
349,4403,1.9e-44,1.69e-45
349,4404,1.883e-44,1.69e-45
349,4405,1.871e-44,1.68e-45
349,4406,1.868e-44,1.68e-45
349,4407,1.857e-44,1.68e-45
349,4408,1.862e-44,1.68e-45
349,4409,1.853e-44,1.67e-45
349,4410,1.85e-44,1.67e-45
349,4411,1.842e-44,1.67e-45
349,4412,1.834e-44,1.67e-45
349,4413,1.817e-44,1.66e-45
349,4414,1.823e-44,1.66e-45
349,4415,1.813e-44,1.66e-45
349,4416,1.811e-44,1.66e-45
349,4417,1.806e-44,1.66e-45
349,4418,1.8e-44,1.65e-45
349,4419,1.79e-44,1.65e-45
349,4420,1.784e-44,1.65e-45
349,4421,1.781e-44,1.65e-45
349,4422,1.789e-44,1.65e-45
349,4423,1.779e-44,1.64e-45
349,4424,1.764e-44,1.64e-45
349,4425,1.755e-44,1.64e-45
349,4426,1.756e-44,1.64e-45
349,4427,1.758e-44,1.64e-45
349,4428,1.754e-44,1.63e-45
349,4429,1.762e-44,1.63e-45
349,4430,1.762e-44,1.63e-45
349,4431,1.753e-44,1.63e-45
349,4432,1.745e-44,1.63e-45
349,4433,1.733e-44,1.63e-45
349,4434,1.741e-44,1.63e-45
349,4435,1.722e-44,1.62e-45
349,4436,1.724e-44,1.62e-45
349,4437,1.717e-44,1.62e-45
349,4438,1.721e-44,1.62e-45
349,4439,1.724e-44,1.62e-45
349,4440,1.714e-44,1.62e-45
349,4441,1.713e-44,1.62e-45
349,4442,1.709e-44,1.61e-45
349,4443,1.706e-44,1.61e-45
349,4444,1.698e-44,1.61e-45
349,4445,1.698e-44,1.61e-45
349,4446,1.704e-44,1.61e-45
349,4447,1.7e-44,1.61e-45
349,4448,1.694e-44,1.61e-45
349,4449,1.69e-44,1.61e-45
349,4450,1.687e-44,1.61e-45
349,4451,1.682e-44,1.6e-45
349,4452,1.683e-44,1.6e-45
349,4453,1.675e-44,1.6e-45
349,4454,1.673e-44,1.6e-45
349,4455,1.663e-44,1.6e-45
349,4456,1.667e-44,1.6e-45
349,4457,1.671e-44,1.6e-45
349,4458,1.663e-44,1.6e-45
349,4459,1.66e-44,1.6e-45
349,4460,1.666e-44,1.6e-45
349,4461,1.667e-44,1.6e-45
349,4462,1.651e-44,1.59e-45
349,4463,1.646e-44,1.59e-45
349,4464,1.646e-44,1.59e-45
349,4465,1.653e-44,1.59e-45
349,4466,1.661e-44,1.59e-45
349,4467,1.658e-44,1.59e-45
349,4468,1.644e-44,1.59e-45
349,4469,1.642e-44,1.59e-45
349,4470,1.649e-44,1.59e-45
349,4471,1.646e-44,1.59e-45
349,4472,1.635e-44,1.58e-45
349,4473,1.636e-44,1.58e-45
349,4474,1.646e-44,1.58e-45
349,4475,1.633e-44,1.58e-45
349,4476,1.635e-44,1.58e-45
349,4477,1.639e-44,1.58e-45
349,4478,1.635e-44,1.58e-45
349,4479,1.627e-44,1.58e-45
349,4480,1.623e-44,1.58e-45
349,4481,1.627e-44,1.58e-45
349,4482,1.615e-44,1.58e-45
349,4483,1.619e-44,1.58e-45
349,4484,1.627e-44,1.58e-45
349,4485,1.608e-44,1.57e-45
349,4486,1.602e-44,1.57e-45
349,4487,1.605e-44,1.57e-45
349,4488,1.594e-44,1.57e-45
349,4489,1.594e-44,1.57e-45
349,4490,1.596e-44,1.57e-45
349,4491,1.599e-44,1.57e-45
349,4492,1.602e-44,1.57e-45
349,4493,1.595e-44,1.56e-45
349,4494,1.572e-44,1.56e-45
349,4495,1.574e-44,1.56e-45
349,4496,1.575e-44,1.56e-45
349,4497,1.574e-44,1.56e-45
349,4498,1.564e-44,1.56e-45
349,4499,1.575e-44,1.56e-45
349,4500,1.565e-44,1.55e-45
349,4501,1.562e-44,1.56e-45
349,4502,1.56e-44,1.55e-45
349,4503,1.56e-44,1.55e-45
349,4504,1.561e-44,1.55e-45
349,4505,1.551e-44,1.55e-45
349,4506,1.548e-44,1.55e-45
349,4507,1.538e-44,1.55e-45
349,4508,1.539e-44,1.55e-45
349,4509,1.533e-44,1.54e-45
349,4510,1.529e-44,1.54e-45
349,4511,1.523e-44,1.54e-45
349,4512,1.527e-44,1.54e-45
349,4513,1.522e-44,1.54e-45
349,4514,1.518e-44,1.54e-45
349,4515,1.52e-44,1.54e-45
349,4516,1.515e-44,1.54e-45
349,4517,1.503e-44,1.53e-45
349,4518,1.497e-44,1.53e-45
349,4519,1.485e-44,1.53e-45
349,4520,1.493e-44,1.53e-45
349,4521,1.483e-44,1.52e-45
349,4522,1.482e-44,1.52e-45
349,4523,1.47e-44,1.52e-45
349,4524,1.478e-44,1.52e-45
349,4525,1.474e-44,1.52e-45
349,4526,1.464e-44,1.52e-45
349,4527,1.46e-44,1.51e-45
349,4528,1.443e-44,1.51e-45
349,4529,1.436e-44,1.51e-45
349,4530,1.426e-44,1.51e-45
349,4531,1.427e-44,1.5e-45
349,4532,1.425e-44,1.5e-45
349,4533,1.42e-44,1.5e-45
349,4534,1.416e-44,1.5e-45
349,4535,1.413e-44,1.5e-45
349,4536,1.398e-44,1.49e-45
349,4537,1.391e-44,1.49e-45
349,4538,1.391e-44,1.49e-45
349,4539,1.388e-44,1.49e-45
349,4540,1.382e-44,1.49e-45
349,4541,1.371e-44,1.48e-45
349,4542,1.362e-44,1.48e-45
349,4543,1.364e-44,1.48e-45
349,4544,1.367e-44,1.48e-45
349,4545,1.354e-44,1.48e-45
349,4546,1.345e-44,1.48e-45
349,4547,1.334e-44,1.47e-45
349,4548,1.338e-44,1.47e-45
349,4549,1.337e-44,1.47e-45
349,4550,1.329e-44,1.47e-45
349,4551,1.322e-44,1.47e-45
349,4552,1.316e-44,1.47e-45
349,4553,1.313e-44,1.46e-45
349,4554,1.311e-44,1.46e-45
349,4555,1.304e-44,1.46e-45
349,4556,1.303e-44,1.46e-45
349,4557,1.301e-44,1.46e-45
349,4558,1.296e-44,1.46e-45
349,4559,1.283e-44,1.46e-45
349,4560,1.27e-44,1.45e-45
349,4561,1.262e-44,1.45e-45
349,4562,1.271e-44,1.45e-45
349,4563,1.276e-44,1.45e-45
349,4564,1.277e-44,1.45e-45
349,4565,1.281e-44,1.45e-45
349,4566,1.274e-44,1.45e-45
349,4567,1.258e-44,1.45e-45
349,4568,1.252e-44,1.44e-45
349,4569,1.252e-44,1.44e-45
349,4570,1.242e-44,1.44e-45
349,4571,1.251e-44,1.44e-45
349,4572,1.257e-44,1.44e-45
349,4573,1.253e-44,1.44e-45
349,4574,1.261e-44,1.44e-45
349,4575,1.245e-44,1.44e-45
349,4576,1.23e-44,1.44e-45
349,4577,1.241e-44,1.44e-45
349,4578,1.236e-44,1.44e-45
349,4579,1.226e-44,1.43e-45
349,4580,1.222e-44,1.43e-45
349,4581,1.219e-44,1.43e-45
349,4582,1.223e-44,1.43e-45
349,4583,1.227e-44,1.43e-45
349,4584,1.216e-44,1.43e-45
349,4585,1.23e-44,1.43e-45
349,4586,1.227e-44,1.43e-45
349,4587,1.218e-44,1.43e-45
349,4588,1.219e-44,1.43e-45
349,4589,1.212e-44,1.43e-45
349,4590,1.218e-44,1.43e-45
349,4591,1.229e-44,1.43e-45
349,4592,1.235e-44,1.43e-45
349,4593,1.222e-44,1.43e-45
349,4594,1.225e-44,1.43e-45
349,4595,1.222e-44,1.43e-45
349,4596,1.223e-44,1.43e-45
349,4597,1.215e-44,1.43e-45
349,4598,1.224e-44,1.43e-45
349,4599,1.236e-44,1.43e-45
349,4600,1.232e-44,1.43e-45
349,4601,1.226e-44,1.43e-45
349,4602,1.244e-44,1.44e-45
349,4603,1.243e-44,1.44e-45
349,4604,1.231e-44,1.44e-45
349,4605,1.238e-44,1.44e-45
349,4606,1.248e-44,1.44e-45
349,4607,1.236e-44,1.44e-45
349,4608,1.226e-44,1.44e-45
349,4609,1.236e-44,1.44e-45
349,4610,1.241e-44,1.44e-45
349,4611,1.254e-44,1.44e-45
349,4612,1.273e-44,1.45e-45
349,4613,1.281e-44,1.45e-45
349,4614,1.273e-44,1.45e-45
349,4615,1.27e-44,1.45e-45
349,4616,1.275e-44,1.45e-45
349,4617,1.277e-44,1.45e-45
349,4618,1.278e-44,1.45e-45
349,4619,1.286e-44,1.45e-45
349,4620,1.291e-44,1.46e-45
349,4621,1.299e-44,1.46e-45
349,4622,1.306e-44,1.46e-45
349,4623,1.307e-44,1.46e-45
349,4624,1.301e-44,1.46e-45
349,4625,1.304e-44,1.46e-45
349,4626,1.316e-44,1.47e-45
349,4627,1.329e-44,1.47e-45
349,4628,1.336e-44,1.47e-45
349,4629,1.342e-44,1.48e-45
349,4630,1.347e-44,1.48e-45
349,4631,1.352e-44,1.48e-45
349,4632,1.354e-44,1.48e-45
349,4633,1.364e-44,1.48e-45
349,4634,1.365e-44,1.48e-45
349,4635,1.361e-44,1.49e-45
349,4636,1.366e-44,1.49e-45
349,4637,1.384e-44,1.49e-45
349,4638,1.386e-44,1.5e-45
349,4639,1.373e-44,1.5e-45
349,4640,1.392e-44,1.5e-45
349,4641,1.404e-44,1.5e-45
349,4642,1.41e-44,1.51e-45
349,4643,1.422e-44,1.51e-45
349,4644,1.424e-44,1.51e-45
349,4645,1.436e-44,1.52e-45
349,4646,1.445e-44,1.52e-45
349,4647,1.46e-44,1.52e-45
349,4648,1.476e-44,1.53e-45
349,4649,1.493e-44,1.53e-45
349,4650,1.491e-44,1.54e-45
349,4651,1.491e-44,1.54e-45
349,4652,1.524e-44,1.55e-45
349,4653,1.539e-44,1.55e-45
349,4654,1.555e-44,1.56e-45
349,4655,1.565e-44,1.56e-45
349,4656,1.578e-44,1.57e-45
349,4657,1.583e-44,1.57e-45
349,4658,1.592e-44,1.57e-45
349,4659,1.597e-44,1.58e-45
349,4660,1.599e-44,1.58e-45
349,4661,1.626e-44,1.58e-45
349,4662,1.628e-44,1.59e-45
349,4663,1.618e-44,1.59e-45
349,4664,1.622e-44,1.59e-45
349,4665,1.646e-44,1.59e-45
349,4666,1.671e-44,1.6e-45
349,4667,1.67e-44,1.61e-45
349,4668,1.678e-44,1.61e-45
349,4669,1.696e-44,1.61e-45
349,4670,1.719e-44,1.62e-45
349,4671,1.739e-44,1.63e-45
349,4672,1.733e-44,1.63e-45
349,4673,1.743e-44,1.63e-45
349,4674,1.756e-44,1.64e-45
349,4675,1.772e-44,1.64e-45
349,4676,1.768e-44,1.64e-45
349,4677,1.794e-44,1.65e-45
349,4678,1.811e-44,1.65e-45
349,4679,1.797e-44,1.66e-45
349,4680,1.81e-44,1.66e-45
349,4681,1.832e-44,1.67e-45
349,4682,1.85e-44,1.67e-45
349,4683,1.867e-44,1.68e-45
349,4684,1.883e-44,1.68e-45
349,4685,1.88e-44,1.68e-45
349,4686,1.905e-44,1.69e-45
349,4687,1.913e-44,1.69e-45
349,4688,1.913e-44,1.69e-45
349,4689,1.934e-44,1.7e-45
349,4690,1.944e-44,1.7e-45
349,4691,1.96e-44,1.71e-45
349,4692,1.96e-44,1.71e-45
349,4693,1.976e-44,1.71e-45
349,4694,1.987e-44,1.72e-45
349,4695,2.004e-44,1.72e-45
349,4696,2.01e-44,1.73e-45
349,4697,2.015e-44,1.73e-45
349,4698,2.018e-44,1.73e-45
349,4699,2.025e-44,1.73e-45
349,4700,2.046e-44,1.74e-45
349,4701,2.05e-44,1.74e-45
349,4702,2.037e-44,1.74e-45
349,4703,2.035e-44,1.74e-45
349,4704,2.051e-44,1.75e-45
349,4705,2.063e-44,1.75e-45
349,4706,2.077e-44,1.75e-45
349,4707,2.075e-44,1.75e-45
349,4708,2.062e-44,1.75e-45
349,4709,2.053e-44,1.76e-45
349,4710,2.048e-44,1.75e-45
349,4711,2.049e-44,1.75e-45
349,4712,2.015e-44,1.74e-45
349,4713,2.027e-44,1.75e-45
349,4714,2.077e-44,1.76e-45
349,4715,2.08e-44,1.76e-45
349,4716,2.082e-44,1.77e-45
349,4717,2.08e-44,1.77e-45
349,4718,2.075e-44,1.77e-45
349,4719,2.068e-44,1.77e-45
349,4720,2.081e-44,1.77e-45
349,4721,2.078e-44,1.77e-45
349,4722,2.089e-44,1.77e-45
349,4723,2.091e-44,1.77e-45
349,4724,2.088e-44,1.77e-45
349,4725,2.079e-44,1.77e-45
349,4726,2.071e-44,1.77e-45
349,4727,2.067e-44,1.77e-45
349,4728,2.07e-44,1.77e-45
349,4729,2.055e-44,1.76e-45
349,4730,2.05e-44,1.76e-45
349,4731,2.052e-44,1.76e-45
349,4732,2.053e-44,1.76e-45
349,4733,2.051e-44,1.76e-45
349,4734,2.024e-44,1.75e-45
349,4735,2.011e-44,1.75e-45
349,4736,2.013e-44,1.75e-45
349,4737,2.016e-44,1.75e-45
349,4738,2.007e-44,1.74e-45
349,4739,2.002e-44,1.74e-45
349,4740,1.99e-44,1.74e-45
349,4741,1.975e-44,1.73e-45
349,4742,1.957e-44,1.73e-45
349,4743,1.961e-44,1.73e-45
349,4744,1.958e-44,1.72e-45
349,4745,1.947e-44,1.72e-45
349,4746,1.934e-44,1.72e-45
349,4747,1.913e-44,1.71e-45
349,4748,1.908e-44,1.71e-45
349,4749,1.885e-44,1.7e-45
349,4750,1.883e-44,1.7e-45
349,4751,1.876e-44,1.7e-45
349,4752,1.854e-44,1.77e-45
349,4753,1.856e-44,1.78e-45
349,4754,1.861e-44,1.94e-45
349,4755,1.836e-44,1.93e-45
349,4756,1.821e-44,2.12e-45
349,4757,1.8e-44,2.12e-45
349,4758,1.788e-44,2.24e-45
349,4759,1.767e-44,2.23e-45
349,4760,1.752e-44,2.09e-45
349,4761,1.751e-44,2.32e-45
349,4762,1.741e-44,2.12e-45
349,4763,1.735e-44,2.38e-45
349,4764,1.725e-44,2.18e-45
349,4765,1.723e-44,2.79e-45
349,4766,1.714e-44,2.43e-45
349,4767,1.753e-44,2.11e-45
349,4768,1.833e-44,2.19e-45
349,4769,1.749e-44,2.17e-45
349,5599,0,8.47e-46
349,5600,0,8.44e-46
349,5601,0,8.43e-46
349,5602,0,8.41e-46
349,5603,0,8.44e-46
349,5604,0,8.44e-46
349,5605,0,8.41e-46
349,5606,0,8.44e-46
349,5607,0,8.41e-46
349,5608,0,8.38e-46
349,5609,0,8.42e-46
349,5610,0,8.41e-46
349,5611,0,8.43e-46
349,5612,0,8.42e-46
349,5613,0,8.38e-46
349,5614,0,8.41e-46
349,5615,0,8.42e-46
349,5616,0,8.4e-46
349,5617,0,8.4e-46
349,5618,0,8.4e-46
349,5619,0,8.4e-46
349,5620,0,8.41e-46
349,5621,0,8.4e-46
349,5622,0,8.36e-46
349,5623,0,8.4e-46
349,5624,0,8.4e-46
349,5625,0,8.41e-46
349,5626,0,8.43e-46
349,5627,0,8.38e-46
349,5628,0,8.39e-46
349,5629,0,8.43e-46
349,5630,0,8.41e-46
349,5631,0,8.4e-46
349,5632,0,8.4e-46
349,5633,0,8.43e-46
349,5634,0,8.37e-46
349,5635,0,8.38e-46
349,5636,0,8.4e-46
349,5637,0,8.4e-46
349,5638,0,8.39e-46
349,5639,0,8.42e-46
349,5640,0,8.45e-46
349,5641,0,8.46e-46
349,5642,0,8.4e-46
349,5643,0,8.38e-46
349,5644,0,8.4e-46
349,5645,0,8.38e-46
349,5646,0,8.4e-46
349,5647,0,8.39e-46
349,5648,0,8.35e-46
349,5649,0,8.38e-46
349,5650,0,8.42e-46
349,5651,0,8.43e-46
349,5652,0,8.45e-46
349,5653,0,8.39e-46
349,5654,0,8.4e-46
349,5655,0,8.38e-46
349,5656,0,8.39e-46
349,5657,0,8.4e-46
349,5658,0,8.38e-46
349,5659,0,8.44e-46
349,5660,0,8.43e-46
349,5661,0,8.42e-46
349,5662,0,8.41e-46
349,5663,0,8.37e-46
349,5664,0,8.39e-46
349,5665,0,8.41e-46
349,5666,0,8.42e-46
349,5667,0,8.41e-46
349,5668,0,8.41e-46
349,5669,0,8.39e-46
349,5670,0,8.36e-46
349,5671,0,8.39e-46
349,5672,0,8.39e-46
349,5673,0,8.45e-46
349,5674,0,8.43e-46
349,5675,0,8.45e-46
349,5676,0,8.39e-46
349,5677,0,8.37e-46
349,5678,0,8.4e-46
349,5679,0,8.39e-46
349,5680,0,8.4e-46
349,5681,0,8.42e-46
349,5682,0,8.4e-46
349,5683,0,8.41e-46
349,5684,0,8.38e-46
349,5685,0,8.39e-46
349,5686,0,8.4e-46
349,5687,0,8.39e-46
349,5688,0,8.35e-46
349,5689,0,8.36e-46
349,5690,0,8.38e-46
349,5691,0,8.41e-46
349,5692,0,8.42e-46
349,5693,0,8.41e-46
349,5694,0,8.39e-46
349,5695,0,8.39e-46
349,5696,0,8.36e-46
349,5697,0,8.41e-46
349,5698,0,8.44e-46
349,5699,0,8.43e-46
349,5700,0,8.34e-46
349,5701,0,8.35e-46
349,5702,0,8.43e-46
349,5703,0,8.41e-46
349,5704,0,8.4e-46
349,5705,0,8.42e-46
349,5706,0,8.41e-46
349,5707,0,8.36e-46
349,5708,0,8.36e-46
349,5709,0,8.39e-46
349,5710,0,8.39e-46
349,5711,0,8.4e-46
349,5712,0,8.41e-46
349,5713,0,8.42e-46
349,5714,0,8.42e-46
349,5715,0,8.33e-46
349,5716,0,8.38e-46
349,5717,0,8.39e-46
349,5718,0,8.35e-46
349,5719,0,8.38e-46
349,5720,0,8.41e-46
349,5721,0,8.42e-46
349,5722,0,8.38e-46
349,5723,0,8.37e-46
349,5724,0,8.41e-46
349,5725,0,8.38e-46
349,5726,0,8.35e-46
349,5727,0,8.36e-46
349,5728,0,8.4e-46
349,5729,0,8.44e-46
349,5730,0,8.37e-46
349,5731,0,8.37e-46
349,5732,0,8.36e-46
349,5733,0,8.39e-46
349,5734,0,8.42e-46
349,5735,0,8.41e-46
349,5736,0,8.44e-46
349,5737,0,8.4e-46
349,5738,0,8.39e-46
349,5739,0,8.4e-46
349,5740,0,8.38e-46
349,5741,0,8.4e-46
349,5742,0,8.36e-46
349,5743,0,8.39e-46
349,5744,0,8.4e-46
349,5745,0,8.37e-46
349,5746,0,8.34e-46
349,5747,0,8.34e-46
349,5748,0,8.33e-46
349,5749,0,8.36e-46
349,5750,0,8.43e-46
349,5751,0,8.39e-46
349,5752,0,8.41e-46
349,5753,0,8.39e-46
349,5754,0,8.37e-46
349,5755,0,8.4e-46
349,5756,0,8.36e-46
349,5757,0,8.3e-46
349,5758,0,8.43e-46
349,5759,0,8.42e-46
349,5760,0,8.38e-46
349,5761,0,8.4e-46
349,5762,0,8.37e-46
349,5763,0,8.4e-46
349,5764,0,8.41e-46
349,5765,0,8.41e-46
349,5766,0,8.44e-46
349,5767,0,8.37e-46
349,5768,0,8.4e-46
349,5769,0,8.45e-46
349,5770,0,8.39e-46
349,5771,0,8.41e-46
349,5772,0,8.36e-46
349,5773,0,8.39e-46
349,5774,0,8.38e-46
349,5775,0,8.39e-46
349,5776,0,8.4e-46
349,5777,0,8.35e-46
349,5778,0,8.39e-46
349,5779,0,8.43e-46
349,5780,0,8.4e-46
349,5781,0,8.41e-46
349,5782,0,8.41e-46
349,5783,0,8.39e-46
349,5784,0,8.36e-46
349,5785,0,8.41e-46
349,5786,0,8.38e-46
349,5787,0,8.38e-46
349,5788,0,8.37e-46
349,5789,0,8.38e-46
349,5790,0,8.4e-46
349,5791,0,8.39e-46
349,5792,0,8.4e-46
349,5793,0,8.36e-46
349,5794,0,8.36e-46
349,5795,0,8.36e-46
349,5796,0,8.41e-46
349,5797,0,8.41e-46
349,5798,0,8.36e-46
349,5799,0,8.36e-46
349,5800,0,8.39e-46
349,5801,0,8.39e-46
349,5802,0,8.39e-46
349,5803,0,8.39e-46
349,5804,0,8.42e-46
349,5805,0,8.43e-46
349,5806,0,8.4e-46
349,5807,0,8.41e-46
349,5808,0,8.41e-46
349,5809,0,8.4e-46
349,5810,0,8.4e-46
349,5811,0,8.39e-46
349,5812,0,8.36e-46
349,5813,0,8.35e-46
349,5814,0,8.4e-46
349,5815,0,8.37e-46
349,5816,0,8.38e-46
349,5817,4.7e-47,8.45e-46
349,5818,0,8.39e-46
349,5819,0,8.44e-46
349,5820,1.58e-46,8.43e-46
349,5821,0,8.36e-46
349,5822,0,8.38e-46
349,5823,0,8.37e-46
349,5824,0,8.35e-46
349,5825,0,8.35e-46
349,5826,0,8.37e-46
349,5827,1.38e-46,8.46e-46
349,5828,1.1e-47,8.41e-46
349,5829,0,8.36e-46
349,5830,0,8.4e-46
349,5831,0,8.39e-46
349,5832,0,8.4e-46
349,5833,0,8.39e-46
349,5834,0,8.39e-46
349,5835,0,8.39e-46
349,5836,0,8.35e-46
349,5837,0,8.39e-46
349,5838,0,8.42e-46
349,5839,0,8.37e-46
349,5840,0,8.4e-46
349,5841,0,8.4e-46
349,5842,0,8.37e-46
349,5843,0,8.43e-46
349,5844,0,8.38e-46
349,5845,0,8.39e-46
349,5846,0,8.41e-46
349,5847,0,8.39e-46
349,5848,0,8.32e-46
349,5849,0,8.39e-46
349,5850,0,8.42e-46
349,5851,0,8.35e-46
349,5852,0,8.36e-46
349,5853,0,8.42e-46
349,5854,0,8.39e-46
349,5855,0,8.4e-46
349,5856,0,8.4e-46
349,5857,0,8.38e-46
349,5858,0,8.37e-46
349,5859,0,8.38e-46
349,5860,0,8.39e-46
349,5861,0,8.38e-46
349,5862,0,8.41e-46
349,5863,0,8.33e-46
349,5864,0,8.35e-46
349,5865,0,8.42e-46
349,5866,0,8.43e-46
349,5867,0,8.38e-46
349,5868,0,8.38e-46
349,5869,5.7e-47,8.39e-46
349,5870,1.37e-46,8.44e-46
349,5871,6.8e-47,8.42e-46
349,5872,0,8.29e-46
349,5873,0,8.33e-46
349,5874,0,8.37e-46
349,5875,0,8.4e-46
349,5876,1.55e-46,8.42e-46
349,5877,2.1e-46,8.4e-46
349,5878,0,8.41e-46
349,5879,1.85e-46,8.43e-46
349,5880,8.2e-47,8.41e-46
349,5881,0,8.35e-46
349,5882,0,8.33e-46
349,5883,0,8.38e-46
349,5884,0,8.4e-46
349,5885,0,8.39e-46
349,5886,0,8.36e-46
349,5887,0,8.35e-46
349,5888,0,8.36e-46
349,5889,0,8.38e-46
349,5890,0,8.4e-46
349,5891,0,8.39e-46
349,5892,3.6e-47,8.42e-46
349,5893,0,8.37e-46
349,5894,0,8.33e-46
349,5895,0,8.39e-46
349,5896,5.4e-47,8.43e-46
349,5897,0,8.38e-46
349,5898,0,8.39e-46
349,5899,8.8e-47,8.41e-46
349,5900,9.3e-47,8.41e-46
349,5901,0,8.42e-46
349,5902,1.48e-46,8.45e-46
349,5903,1.68e-46,8.41e-46
349,5904,0,8.37e-46
349,5905,0,8.37e-46
349,5906,0,8.31e-46
349,5907,0,8.33e-46
349,5908,0,8.35e-46
349,5909,0,8.38e-46
349,5910,0,8.42e-46
349,5911,2.6e-47,8.43e-46
349,5912,0,8.38e-46
349,5913,9.7e-47,8.39e-46
349,5914,0,8.39e-46
349,5915,0,8.37e-46
349,5916,7.1e-47,8.39e-46
349,5917,0,8.38e-46
349,5918,0,8.35e-46
349,5919,0,8.38e-46
349,5920,2e-46,8.43e-46
349,5921,0,8.38e-46
349,5922,0,8.39e-46
349,5923,0,8.39e-46
349,5924,0,8.35e-46
349,5925,0,8.33e-46
349,5926,0,8.35e-46
349,5927,1.16e-46,8.37e-46
349,5928,0,8.39e-46
349,5929,2.65e-46,8.45e-46
349,5930,0,8.39e-46
349,5931,0,8.34e-46
349,5932,0,8.36e-46
349,5933,0,8.43e-46
349,5934,0,8.41e-46
349,5935,0,8.41e-46
349,5936,0,8.38e-46
349,5937,0,8.38e-46
349,5938,4.36e-46,8.43e-46
349,5939,0,8.35e-46
349,5940,0,8.39e-46
349,5941,3.3e-47,8.45e-46
349,5942,0,8.41e-46
349,5943,0,8.41e-46
349,5944,0,8.35e-46
349,5945,0,8.37e-46
349,5946,0,8.4e-46
349,5947,0,8.35e-46
349,5948,0,8.37e-46
349,5949,0,8.34e-46
349,5950,0,8.38e-46
349,5951,0,8.41e-46
349,5952,0,8.37e-46
349,5953,0,8.44e-46
349,5954,1.43e-46,8.44e-46
349,5955,0,8.36e-46
349,5956,0,8.35e-46
349,5957,0,8.39e-46
349,5958,0,8.37e-46
349,5959,0,8.32e-46
349,5960,0,8.37e-46
349,5961,0,8.25e-46
349,5962,0,8.37e-46
399,3193,0,2.23e-45
399,3194,0,2.23e-45
399,3195,0,2.23e-45
399,3196,0,2.23e-45
399,3197,0,2.23e-45
399,3198,0,2.23e-45
399,3199,0,2.23e-45
399,3200,0,2.23e-45
399,3201,0,2.23e-45
399,3202,0,2.23e-45
399,3203,0,2.23e-45
399,3204,0,2.23e-45
399,3205,0,2.23e-45
399,3206,0,2.23e-45
399,3207,0,2.23e-45
399,3208,0,2.23e-45
399,3209,0,2.23e-45
399,3210,0,2.23e-45
399,3211,0,2.23e-45
399,3212,0,2.23e-45
399,3213,0,2.23e-45
399,3214,0,2.23e-45
399,3215,0,2.23e-45
399,3216,0,2.23e-45
399,3217,0,2.23e-45
399,3218,0,2.23e-45
399,3219,0,2.23e-45
399,3220,0,2.23e-45
399,3221,0,2.23e-45
399,3222,0,2.23e-45
399,3223,0,2.23e-45
399,3224,0,2.23e-45
399,3225,0,2.23e-45
399,3226,0,2.23e-45
399,3227,0,2.23e-45
399,3228,0,2.23e-45
399,3229,0,2.23e-45
399,3230,0,2.23e-45
399,3231,0,2.23e-45
399,3232,0,2.23e-45
399,3233,0,2.23e-45
399,3234,0,2.23e-45
399,3235,0,2.23e-45
399,3236,0,2.23e-45
399,3237,0,2.23e-45
399,3238,0,2.23e-45
399,3239,0,2.23e-45
399,3240,0,2.23e-45
399,3241,0,2.23e-45
399,3242,0,2.23e-45
399,3243,0,2.23e-45
399,3244,0,2.23e-45
399,3245,0,2.23e-45
399,3246,0,2.23e-45
399,3247,0,2.23e-45
399,3248,0,2.23e-45
399,3249,0,2.23e-45
399,3250,0,2.23e-45
399,3251,0,2.23e-45
399,3252,0,2.23e-45
399,3253,0,2.23e-45
399,3254,0,2.23e-45
399,3255,0,2.23e-45
399,3256,0,2.23e-45
399,3257,0,2.23e-45
399,3258,0,2.23e-45
399,3259,0,2.23e-45
399,3260,0,2.23e-45
399,3261,0,2.23e-45
399,3262,0,2.23e-45
399,3263,0,2.23e-45
399,3264,0,2.23e-45
399,3265,0,2.23e-45
399,3266,0,2.23e-45
399,3267,0,2.23e-45
399,3268,0,2.23e-45
399,3269,0,2.23e-45
399,3270,0,2.23e-45
399,3271,0,2.23e-45
399,3272,0,2.23e-45
399,3273,0,2.23e-45
399,3274,0,2.23e-45
399,3275,0,2.23e-45
399,3276,0,2.23e-45
399,3277,0,2.23e-45
399,3278,0,2.23e-45
399,3279,0,2.23e-45
399,3280,0,2.23e-45
399,3281,0,2.23e-45
399,3282,0,2.23e-45
399,3283,0,2.23e-45
399,3284,0,2.23e-45
399,3977,1.675e-44,2.74e-45
399,3978,1.611e-44,2.73e-45
399,3979,1.631e-44,2.73e-45
399,3980,1.676e-44,2.74e-45
399,3981,1.692e-44,2.75e-45
399,3982,1.707e-44,2.75e-45
399,3983,1.7e-44,2.75e-45
399,3984,1.708e-44,2.76e-45
399,3985,1.73e-44,2.76e-45
399,3986,1.742e-44,2.77e-45
399,3987,1.762e-44,2.77e-45
399,3988,1.786e-44,2.78e-45
399,3989,1.868e-44,2.8e-45
399,3990,1.968e-44,2.83e-45
399,3991,1.952e-44,2.83e-45
399,3992,1.915e-44,2.82e-45
399,3993,1.922e-44,2.82e-45
399,3994,1.946e-44,2.83e-45
399,3995,1.988e-44,2.84e-45
399,3996,1.979e-44,2.84e-45
399,3997,1.98e-44,2.84e-45
399,3998,2.002e-44,2.84e-45
399,3999,2.027e-44,2.85e-45
399,4000,2.059e-44,2.86e-45
399,4001,2.106e-44,2.87e-45
399,4002,2.122e-44,2.88e-45
399,4003,2.15e-44,2.89e-45
399,4004,2.147e-44,2.89e-45
399,4005,2.168e-44,2.89e-45
399,4006,2.188e-44,2.9e-45
399,4007,2.215e-44,2.91e-45
399,4008,2.26e-44,2.92e-45
399,4009,2.288e-44,2.93e-45
399,4010,2.291e-44,2.93e-45
399,4011,2.312e-44,2.94e-45
399,4012,2.342e-44,2.95e-45
399,4013,2.376e-44,2.96e-45
399,4014,2.407e-44,2.97e-45
399,4015,2.436e-44,2.98e-45
399,4016,2.466e-44,2.99e-45
399,4017,2.502e-44,3e-45
399,4018,2.522e-44,3e-45
399,4019,2.553e-44,3.01e-45
399,4020,2.587e-44,3.02e-45
399,4021,2.615e-44,3.03e-45
399,4022,2.657e-44,3.04e-45
399,4023,2.696e-44,2.63e-45
399,4024,2.751e-44,2.63e-45
399,4025,2.806e-44,2.63e-45
399,4026,2.851e-44,2.63e-45
399,4027,2.914e-44,2.63e-45
399,4028,3.041e-44,2.63e-45
399,4029,2.872e-44,2.63e-45
399,4030,2.805e-44,2.63e-45
399,4031,2.885e-44,3.11e-45
399,4032,2.944e-44,3.13e-45
399,4033,2.994e-44,3.14e-45
399,4034,3.04e-44,3.16e-45
399,4035,3.074e-44,3.17e-45
399,4036,3.114e-44,3.18e-45
399,4037,3.149e-44,3.19e-45
399,4038,3.183e-44,3.2e-45
399,4039,3.228e-44,3.22e-45
399,4040,3.269e-44,3.23e-45
399,4041,3.307e-44,3.24e-45
399,4042,3.352e-44,3.25e-45
399,4043,3.402e-44,3.27e-45
399,4044,3.462e-44,3.29e-45
399,4045,3.501e-44,3.3e-45
399,4046,3.519e-44,3.3e-45
399,4047,3.544e-44,3.31e-45
399,4048,3.587e-44,3.32e-45
399,4049,3.627e-44,3.34e-45
399,4050,3.674e-44,3.35e-45
399,4051,3.715e-44,3.36e-45
399,4052,3.76e-44,3.38e-45
399,4053,3.798e-44,3.39e-45
399,4054,3.842e-44,3.4e-45
399,4055,3.889e-44,3.42e-45
399,4056,3.918e-44,3.43e-45
399,4057,3.964e-44,3.44e-45
399,4058,4.017e-44,3.46e-45
399,4059,4.067e-44,3.47e-45
399,4060,4.117e-44,3.49e-45
399,4061,4.161e-44,3.5e-45
399,4062,4.201e-44,3.51e-45
399,4063,4.249e-44,3.53e-45
399,4064,4.296e-44,3.54e-45
399,4065,4.336e-44,3.56e-45
399,4066,4.378e-44,3.57e-45
399,4067,4.425e-44,3.59e-45
399,4068,4.481e-44,3.6e-45
399,4069,4.523e-44,3.62e-45
399,4070,4.571e-44,3.63e-45
399,4071,4.627e-44,3.65e-45
399,4072,4.668e-44,3.66e-45
399,4073,4.719e-44,3.68e-45
399,4074,4.778e-44,3.69e-45
399,4075,4.836e-44,3.71e-45
399,4076,4.883e-44,3.73e-45
399,4077,4.929e-44,3.74e-45
399,4078,4.981e-44,3.76e-45
399,4079,5.039e-44,3.78e-45
399,4080,5.085e-44,3.79e-45
399,4081,5.13e-44,3.81e-45
399,4082,5.178e-44,3.82e-45
399,4083,5.227e-44,3.84e-45
399,4084,5.28e-44,3.85e-45
399,4085,5.321e-44,3.87e-45
399,4086,5.373e-44,3.89e-45
399,4087,5.438e-44,3.91e-45
399,4088,5.5e-44,3.92e-45
399,4089,5.542e-44,3.94e-45
399,4090,5.581e-44,3.95e-45
399,4091,5.632e-44,3.97e-45
399,4092,5.681e-44,3.98e-45
399,4093,5.734e-44,4e-45
399,4094,5.777e-44,4.01e-45
399,4095,5.823e-44,4.03e-45
399,4096,5.87e-44,4.04e-45
399,4097,5.93e-44,4.06e-45
399,4098,5.976e-44,4.08e-45
399,4099,6.023e-44,4.09e-45
399,4100,6.069e-44,4.11e-45
399,4101,6.114e-44,4.12e-45
399,4102,6.16e-44,4.14e-45
399,4103,6.207e-44,4.15e-45
399,4104,6.266e-44,4.17e-45
399,4105,6.325e-44,4.19e-45
399,4106,6.379e-44,4.21e-45
399,4107,6.416e-44,4.22e-45
399,4108,6.453e-44,4.23e-45
399,4109,6.499e-44,4.25e-45
399,4110,6.542e-44,4.27e-45
399,4111,6.583e-44,4.28e-45
399,4112,6.629e-44,4.29e-45
399,4113,6.669e-44,4.31e-45
399,4114,6.714e-44,4.32e-45
399,4115,6.753e-44,4.33e-45
399,4116,6.795e-44,4.35e-45
399,4117,6.841e-44,4.36e-45
399,4118,6.885e-44,4.38e-45
399,4119,6.926e-44,4.39e-45
399,4120,6.967e-44,4.41e-45
399,4121,7.009e-44,4.42e-45
399,4122,7.046e-44,4.43e-45
399,4123,7.073e-44,4.44e-45
399,4124,7.087e-44,4.45e-45
399,4125,7.055e-44,4.43e-45
399,4126,7.031e-44,4.41e-45
399,4127,7.145e-44,4.46e-45
399,4128,7.226e-44,4.49e-45
399,4129,7.278e-44,4.51e-45
399,4130,7.32e-44,4.52e-45
399,4131,7.356e-44,4.54e-45
399,4132,7.39e-44,4.55e-45
399,4133,7.429e-44,4.56e-45
399,4134,7.461e-44,4.57e-45
399,4135,7.488e-44,4.58e-45
399,4136,7.512e-44,4.59e-45
399,4137,7.549e-44,4.6e-45
399,4138,7.592e-44,4.62e-45
399,4139,7.612e-44,4.63e-45
399,4140,7.64e-44,4.63e-45
399,4141,7.66e-44,4.64e-45
399,4142,7.666e-44,4.64e-45
399,4143,7.625e-44,4.62e-45
399,4144,7.677e-44,4.63e-45
399,4145,7.794e-44,4.68e-45
399,4146,7.848e-44,4.7e-45
399,4147,7.872e-44,4.71e-45
399,4148,7.899e-44,4.72e-45
399,4149,7.917e-44,4.72e-45
399,4150,7.927e-44,4.73e-45
399,4151,7.92e-44,4.73e-45
399,4152,7.926e-44,4.74e-45
399,4153,7.903e-44,4.73e-45
399,4154,7.756e-44,4.67e-45
399,4155,7.439e-44,4.51e-45
399,4156,7.624e-44,4.59e-45
399,4157,7.886e-44,4.71e-45
399,4158,7.96e-44,4.74e-45
399,4159,7.986e-44,4.75e-45
399,4160,7.962e-44,4.75e-45
399,4161,7.908e-44,4.72e-45
399,4162,7.932e-44,4.74e-45
399,4163,7.958e-44,4.75e-45
399,4164,7.947e-44,4.75e-45
399,4165,7.941e-44,4.75e-45
399,4166,7.933e-44,4.75e-45
399,4167,7.928e-44,4.75e-45
399,4168,7.918e-44,4.75e-45
399,4169,7.9e-44,4.74e-45
399,4170,7.89e-44,4.74e-45
399,4171,7.875e-44,4.74e-45
399,4172,7.869e-44,4.74e-45
399,4173,7.869e-44,4.74e-45
399,4174,7.859e-44,4.74e-45
399,4175,7.85e-44,4.73e-45
399,4176,7.845e-44,4.73e-45
399,4177,7.826e-44,4.73e-45
399,4178,7.813e-44,4.72e-45
399,4179,7.802e-44,4.72e-45
399,4180,7.788e-44,4.72e-45
399,4181,7.778e-44,4.72e-45
399,4182,7.774e-44,4.71e-45
399,4183,7.751e-44,4.71e-45
399,4184,7.728e-44,4.7e-45
399,4185,7.716e-44,4.7e-45
399,4186,7.707e-44,4.7e-45
399,4187,7.699e-44,4.7e-45
399,4188,7.674e-44,4.69e-45
399,4189,7.649e-44,4.68e-45
399,4190,7.619e-44,4.67e-45
399,4191,7.589e-44,4.67e-45
399,4192,7.563e-44,4.66e-45
399,4193,7.539e-44,4.65e-45
399,4194,7.516e-44,4.64e-45
399,4195,7.482e-44,4.63e-45
399,4196,7.447e-44,4.63e-45
399,4197,7.42e-44,4.62e-45
399,4198,7.399e-44,4.61e-45
399,4199,7.366e-44,4.6e-45
399,4200,7.339e-44,4.59e-45
399,4201,7.313e-44,4.58e-45
399,4202,7.281e-44,4.58e-45
399,4203,7.251e-44,4.57e-45
399,4204,7.219e-44,4.56e-45
399,4205,7.186e-44,4.55e-45
399,4206,7.15e-44,4.54e-45
399,4207,7.115e-44,4.53e-45
399,4208,7.086e-44,4.52e-45
399,4209,7.05e-44,4.51e-45
399,4210,7.007e-44,4.5e-45
399,4211,6.975e-44,4.49e-45
399,4212,6.944e-44,4.48e-45
399,4213,6.912e-44,4.47e-45
399,4214,6.874e-44,4.46e-45
399,4215,6.849e-44,4.45e-45
399,4216,6.814e-44,4.44e-45
399,4217,6.777e-44,4.43e-45
399,4218,6.743e-44,4.42e-45
399,4219,6.7e-44,4.41e-45
399,4220,6.654e-44,4.4e-45
399,4221,6.608e-44,4.38e-45
399,4222,6.573e-44,4.37e-45
399,4223,6.539e-44,4.36e-45
399,4224,6.502e-44,4.35e-45
399,4225,6.454e-44,4.34e-45
399,4226,6.42e-44,4.33e-45
399,4227,6.386e-44,4.31e-45
399,4228,6.346e-44,4.3e-45
399,4229,6.305e-44,4.29e-45
399,4230,6.267e-44,4.28e-45
399,4231,6.233e-44,4.27e-45
399,4232,6.19e-44,4.26e-45
399,4233,6.147e-44,4.25e-45
399,4234,6.114e-44,4.24e-45
399,4235,6.072e-44,4.22e-45
399,4236,6.029e-44,4.21e-45
399,4237,5.989e-44,4.2e-45
399,4238,5.957e-44,4.19e-45
399,4239,5.921e-44,4.18e-45
399,4240,5.886e-44,4.17e-45
399,4241,5.849e-44,4.16e-45
399,4242,5.805e-44,4.14e-45
399,4243,5.758e-44,4.13e-45
399,4244,5.727e-44,4.12e-45
399,4245,5.69e-44,4.11e-45
399,4246,5.65e-44,4.1e-45
399,4247,5.616e-44,4.09e-45
399,4248,5.577e-44,4.08e-45
399,4249,5.535e-44,4.07e-45
399,4250,5.492e-44,4.06e-45
399,4251,5.454e-44,4.04e-45
399,4252,5.433e-44,4.03e-45
399,4253,5.397e-44,4.02e-45
399,4254,5.359e-44,4.01e-45
399,4255,5.321e-44,4e-45
399,4256,5.279e-44,3.99e-45
399,4257,5.249e-44,3.98e-45
399,4258,5.229e-44,3.97e-45
399,4259,5.209e-44,3.97e-45
399,4260,5.158e-44,3.95e-45
399,4261,5.115e-44,3.94e-45
399,4262,5.07e-44,3.93e-45
399,4263,5.031e-44,3.91e-45
399,4264,4.989e-44,3.9e-45
399,4265,4.954e-44,3.89e-45
399,4266,4.922e-44,3.88e-45
399,4267,4.888e-44,3.87e-45
399,4268,4.854e-44,3.86e-45
399,4269,4.82e-44,3.85e-45
399,4270,4.789e-44,3.84e-45
399,4271,4.759e-44,3.83e-45
399,4272,4.727e-44,3.82e-45
399,4273,4.694e-44,3.81e-45
399,4274,4.657e-44,3.8e-45
399,4275,4.626e-44,3.8e-45
399,4276,4.587e-44,3.78e-45
399,4277,4.557e-44,3.77e-45
399,4278,4.524e-44,3.77e-45
399,4279,4.495e-44,3.76e-45
399,4280,4.465e-44,3.74e-45
399,4281,4.432e-44,3.74e-45
399,4282,4.395e-44,3.73e-45
399,4283,4.374e-44,3.72e-45
399,4284,4.344e-44,3.71e-45
399,4285,4.308e-44,3.7e-45
399,4286,4.269e-44,3.69e-45
399,4287,4.257e-44,3.68e-45
399,4288,4.232e-44,3.67e-45
399,4289,4.195e-44,3.66e-45
399,4290,4.165e-44,3.66e-45
399,4291,4.141e-44,3.65e-45
399,4292,4.105e-44,3.64e-45
399,4293,4.081e-44,3.63e-45
399,4294,4.058e-44,3.62e-45
399,4295,4.039e-44,3.61e-45
399,4296,4.008e-44,3.61e-45
399,4297,3.97e-44,3.6e-45
399,4298,3.944e-44,3.59e-45
399,4299,3.918e-44,3.58e-45
399,4300,3.901e-44,3.57e-45
399,4301,3.872e-44,3.57e-45
399,4302,3.839e-44,3.56e-45
399,4303,3.804e-44,3.55e-45
399,4304,3.785e-44,3.54e-45
399,4305,3.763e-44,3.53e-45
399,4306,3.738e-44,3.53e-45
399,4307,3.715e-44,3.52e-45
399,4308,3.686e-44,3.51e-45
399,4309,3.657e-44,3.5e-45
399,4310,3.644e-44,3.5e-45
399,4311,3.615e-44,3.49e-45
399,4312,3.594e-44,3.48e-45
399,4313,3.579e-44,3.48e-45
399,4314,3.562e-44,3.47e-45
399,4315,3.526e-44,3.46e-45
399,4316,3.507e-44,3.45e-45
399,4317,3.479e-44,3.45e-45
399,4318,3.456e-44,3.44e-45
399,4319,3.437e-44,3.43e-45
399,4320,3.41e-44,3.43e-45
399,4321,3.385e-44,3.42e-45
399,4322,3.369e-44,3.41e-45
399,4323,3.349e-44,3.41e-45
399,4324,3.315e-44,3.4e-45
399,4325,3.296e-44,3.39e-45
399,4326,3.282e-44,3.39e-45
399,4327,3.258e-44,3.38e-45
399,4328,3.241e-44,3.37e-45
399,4329,3.218e-44,3.37e-45
399,4330,3.208e-44,3.36e-45
399,4331,3.194e-44,3.36e-45
399,4332,3.164e-44,3.35e-45
399,4333,3.146e-44,3.34e-45
399,4334,3.123e-44,3.34e-45
399,4335,3.101e-44,3.33e-45
399,4336,3.083e-44,3.32e-45
399,4337,3.061e-44,3.32e-45
399,4338,3.038e-44,3.31e-45
399,4339,3.018e-44,3.31e-45
399,4340,2.999e-44,3.3e-45
399,4341,2.985e-44,3.3e-45
399,4342,2.965e-44,3.29e-45
399,4343,2.946e-44,3.28e-45
399,4344,2.932e-44,3.28e-45
399,4345,2.913e-44,3.27e-45
399,4346,2.9e-44,3.27e-45
399,4347,2.882e-44,3.26e-45
399,4348,2.865e-44,3.26e-45
399,4349,2.85e-44,3.26e-45
399,4350,2.837e-44,3.25e-45
399,4351,2.824e-44,3.24e-45
399,4352,2.8e-44,3.24e-45
399,4353,2.782e-44,3.23e-45
399,4354,2.766e-44,3.23e-45
399,4355,2.747e-44,3.22e-45
399,4356,2.739e-44,3.22e-45
399,4357,2.724e-44,3.22e-45
399,4358,2.701e-44,3.21e-45
399,4359,2.689e-44,3.21e-45
399,4360,2.669e-44,3.2e-45
399,4361,2.659e-44,3.2e-45
399,4362,2.648e-44,3.19e-45
399,4363,2.63e-44,3.19e-45
399,4364,2.61e-44,3.18e-45
399,4365,2.597e-44,3.18e-45
399,4366,2.596e-44,3.17e-45
399,4367,2.576e-44,3.17e-45
399,4368,2.555e-44,3.16e-45
399,4369,2.537e-44,3.16e-45
399,4370,2.528e-44,3.16e-45
399,4371,2.514e-44,3.15e-45
399,4372,2.501e-44,3.15e-45
399,4373,2.495e-44,3.15e-45
399,4374,2.48e-44,3.14e-45
399,4375,2.462e-44,3.14e-45
399,4376,2.44e-44,3.13e-45
399,4377,2.436e-44,3.13e-45
399,4378,2.441e-44,3.12e-45
399,4379,2.427e-44,3.12e-45
399,4380,2.413e-44,3.12e-45
399,4381,2.398e-44,3.11e-45
399,4382,2.378e-44,3.11e-45
399,4383,2.365e-44,3.1e-45
399,4384,2.355e-44,3.1e-45
399,4385,2.336e-44,3.1e-45
399,4386,2.33e-44,3.1e-45
399,4387,2.328e-44,3.09e-45
399,4388,2.317e-44,3.09e-45
399,4389,2.309e-44,3.09e-45
399,4390,2.289e-44,3.08e-45
399,4391,2.277e-44,3.08e-45
399,4392,2.268e-44,3.08e-45
399,4393,2.262e-44,3.07e-45
399,4394,2.257e-44,3.07e-45
399,4395,2.248e-44,3.07e-45
399,4396,2.236e-44,3.06e-45
399,4397,2.217e-44,3.06e-45
399,4398,2.218e-44,3.06e-45
399,4399,2.211e-44,3.05e-45
399,4400,2.207e-44,3.05e-45
399,4401,2.194e-44,3.05e-45
399,4402,2.185e-44,3.05e-45
399,4403,2.174e-44,3.04e-45
399,4404,2.164e-44,3.04e-45
399,4405,2.158e-44,3.04e-45
399,4406,2.155e-44,3.04e-45
399,4407,2.142e-44,3.03e-45
399,4408,2.136e-44,3.03e-45
399,4409,2.126e-44,3.03e-45
399,4410,2.11e-44,3.02e-45
399,4411,2.115e-44,3.02e-45
399,4412,2.105e-44,3.02e-45
399,4413,2.091e-44,3.02e-45
399,4414,2.086e-44,3.01e-45
399,4415,2.076e-44,3.01e-45
399,4416,2.076e-44,3.01e-45
399,4417,2.076e-44,3.01e-45
399,4418,2.071e-44,3.01e-45
399,4419,2.059e-44,3e-45
399,4420,2.044e-44,3e-45
399,4421,2.045e-44,3e-45
399,4422,2.047e-44,3e-45
399,4423,2.042e-44,3e-45
399,4424,2.028e-44,2.99e-45
399,4425,2.025e-44,2.99e-45
399,4426,2.014e-44,2.99e-45
399,4427,2.009e-44,2.99e-45
399,4428,2.005e-44,2.99e-45
399,4429,2.005e-44,2.99e-45
399,4430,1.986e-44,2.98e-45
399,4431,1.978e-44,2.98e-45
399,4432,1.985e-44,2.98e-45
399,4433,1.984e-44,2.98e-45
399,4434,1.973e-44,2.98e-45
399,4435,1.974e-44,2.98e-45
399,4436,1.967e-44,2.98e-45
399,4437,1.954e-44,2.97e-45
399,4438,1.945e-44,2.97e-45
399,4439,1.947e-44,2.97e-45
399,4440,1.943e-44,2.97e-45
399,4441,1.931e-44,2.96e-45
399,4442,1.922e-44,2.96e-45
399,4443,1.928e-44,2.96e-45
399,4444,1.924e-44,2.96e-45
399,4445,1.916e-44,2.96e-45
399,4446,1.908e-44,2.96e-45
399,4447,1.9e-44,2.95e-45
399,4448,1.895e-44,2.95e-45
399,4449,1.892e-44,2.95e-45
399,4450,1.896e-44,2.95e-45
399,4451,1.885e-44,2.95e-45
399,4452,1.882e-44,2.95e-45
399,4453,1.87e-44,2.94e-45
399,4454,1.864e-44,2.94e-45
399,4455,1.863e-44,2.94e-45
399,4456,1.85e-44,2.94e-45
399,4457,1.857e-44,2.94e-45
399,4458,1.855e-44,2.94e-45
399,4459,1.848e-44,2.94e-45
399,4460,1.84e-44,2.94e-45
399,4461,1.84e-44,2.93e-45
399,4462,1.844e-44,2.93e-45
399,4463,1.841e-44,2.93e-45
399,4464,1.836e-44,2.93e-45
399,4465,1.822e-44,2.93e-45
399,4466,1.819e-44,2.93e-45
399,4467,1.819e-44,2.93e-45
399,4468,1.808e-44,2.93e-45
399,4469,1.809e-44,2.93e-45
399,4470,1.807e-44,2.92e-45
399,4471,1.804e-44,2.92e-45
399,4472,1.803e-44,2.92e-45
399,4473,1.801e-44,2.92e-45
399,4474,1.8e-44,2.92e-45
399,4475,1.785e-44,2.92e-45
399,4476,1.781e-44,2.92e-45
399,4477,1.778e-44,2.92e-45
399,4478,1.776e-44,2.92e-45
399,4479,1.778e-44,2.91e-45
399,4480,1.78e-44,2.91e-45
399,4481,1.772e-44,2.91e-45
399,4482,1.769e-44,2.91e-45
399,4483,1.766e-44,2.91e-45
399,4484,1.753e-44,2.91e-45
399,4485,1.744e-44,2.91e-45
399,4486,1.741e-44,2.9e-45
399,4487,1.745e-44,2.9e-45
399,4488,1.737e-44,2.9e-45
399,4489,1.729e-44,2.9e-45
399,4490,1.729e-44,2.9e-45
399,4491,1.73e-44,2.9e-45
399,4492,1.72e-44,2.9e-45
399,4493,1.719e-44,2.89e-45
399,4494,1.712e-44,2.89e-45
399,4495,1.701e-44,2.89e-45
399,4496,1.704e-44,2.89e-45
399,4497,1.681e-44,2.89e-45
399,4498,1.676e-44,2.89e-45
399,4499,1.687e-44,2.88e-45
399,4500,1.693e-44,2.88e-45
399,4501,1.692e-44,2.88e-45
399,4502,1.68e-44,2.88e-45
399,4503,1.668e-44,2.88e-45
399,4504,1.661e-44,2.88e-45
399,4505,1.654e-44,2.88e-45
399,4506,1.657e-44,2.88e-45
399,4507,1.652e-44,2.87e-45
399,4508,1.65e-44,2.87e-45
399,4509,1.644e-44,2.87e-45
399,4510,1.637e-44,2.87e-45
399,4511,1.634e-44,2.87e-45
399,4512,1.629e-44,2.87e-45
399,4513,1.625e-44,2.87e-45
399,4514,1.619e-44,2.87e-45
399,4515,1.626e-44,2.87e-45
399,4516,1.62e-44,2.86e-45
399,4517,1.62e-44,2.86e-45
399,4518,1.612e-44,2.86e-45
399,4519,1.594e-44,2.86e-45
399,4520,1.584e-44,2.86e-45
399,4521,1.583e-44,2.86e-45
399,4522,1.586e-44,2.85e-45
399,4523,1.585e-44,2.85e-45
399,4524,1.584e-44,2.85e-45
399,4525,1.573e-44,2.85e-45
399,4526,1.562e-44,2.85e-45
399,4527,1.564e-44,2.85e-45
399,4528,1.559e-44,2.85e-45
399,4529,1.547e-44,2.84e-45
399,4530,1.551e-44,2.84e-45
399,4531,1.537e-44,2.84e-45
399,4532,1.528e-44,2.84e-45
399,4533,1.53e-44,2.84e-45
399,4534,1.534e-44,2.84e-45
399,4535,1.524e-44,2.84e-45
399,4536,1.505e-44,2.83e-45
399,4537,1.499e-44,2.83e-45
399,4538,1.498e-44,2.83e-45
399,4539,1.502e-44,2.83e-45
399,4540,1.49e-44,2.82e-45
399,4541,1.482e-44,2.83e-45
399,4542,1.48e-44,2.82e-45
399,4543,1.472e-44,2.82e-45
399,4544,1.463e-44,2.82e-45
399,4545,1.461e-44,2.82e-45
399,4546,1.469e-44,2.82e-45
399,4547,1.459e-44,2.81e-45
399,4548,1.447e-44,2.81e-45
399,4549,1.438e-44,2.81e-45
399,4550,1.428e-44,2.81e-45
399,4551,1.442e-44,2.81e-45
399,4552,1.436e-44,2.81e-45
399,4553,1.426e-44,2.81e-45
399,4554,1.415e-44,2.8e-45
399,4555,1.409e-44,2.8e-45
399,4556,1.409e-44,2.8e-45
399,4557,1.412e-44,2.8e-45
399,4558,1.404e-44,2.8e-45
399,4559,1.402e-44,2.8e-45
399,4560,1.387e-44,2.8e-45
399,4561,1.399e-44,2.8e-45
399,4562,1.391e-44,2.8e-45
399,4563,1.389e-44,2.8e-45
399,4564,1.38e-44,2.79e-45
399,4565,1.381e-44,2.8e-45
399,4566,1.381e-44,2.8e-45
399,4567,1.377e-44,2.79e-45
399,4568,1.371e-44,2.79e-45
399,4569,1.371e-44,2.79e-45
399,4570,1.366e-44,2.79e-45
399,4571,1.356e-44,2.79e-45
399,4572,1.355e-44,2.79e-45
399,4573,1.366e-44,2.79e-45
399,4574,1.356e-44,2.79e-45
399,4575,1.35e-44,2.79e-45
399,4576,1.352e-44,2.79e-45
399,4577,1.351e-44,2.79e-45
399,4578,1.34e-44,2.78e-45
399,4579,1.349e-44,2.78e-45
399,4580,1.346e-44,2.78e-45
399,4581,1.348e-44,2.78e-45
399,4582,1.343e-44,2.78e-45
399,4583,1.336e-44,2.78e-45
399,4584,1.325e-44,2.78e-45
399,4585,1.332e-44,2.78e-45
399,4586,1.342e-44,2.78e-45
399,4587,1.335e-44,2.78e-45
399,4588,1.328e-44,2.78e-45
399,4589,1.327e-44,2.78e-45
399,4590,1.319e-44,2.78e-45
399,4591,1.335e-44,2.78e-45
399,4592,1.341e-44,2.78e-45
399,4593,1.335e-44,2.78e-45
399,4594,1.325e-44,2.78e-45
399,4595,1.319e-44,2.78e-45
399,4596,1.32e-44,2.78e-45
399,4597,1.326e-44,2.78e-45
399,4598,1.333e-44,2.78e-45
399,4599,1.327e-44,2.78e-45
399,4600,1.329e-44,2.78e-45
399,4601,1.333e-44,2.78e-45
399,4602,1.33e-44,2.78e-45
399,4603,1.332e-44,2.78e-45
399,4604,1.341e-44,2.78e-45
399,4605,1.343e-44,2.78e-45
399,4606,1.34e-44,2.78e-45
399,4607,1.342e-44,2.78e-45
399,4608,1.344e-44,2.78e-45
399,4609,1.34e-44,2.78e-45
399,4610,1.34e-44,2.78e-45
399,4611,1.351e-44,2.79e-45
399,4612,1.345e-44,2.79e-45
399,4613,1.355e-44,2.79e-45
399,4614,1.367e-44,2.79e-45
399,4615,1.36e-44,2.79e-45
399,4616,1.354e-44,2.79e-45
399,4617,1.361e-44,2.79e-45
399,4618,1.368e-44,2.79e-45
399,4619,1.366e-44,2.79e-45
399,4620,1.377e-44,2.79e-45
399,4621,1.388e-44,2.79e-45
399,4622,1.392e-44,2.8e-45
399,4623,1.379e-44,2.8e-45
399,4624,1.38e-44,2.8e-45
399,4625,1.388e-44,2.8e-45
399,4626,1.399e-44,2.8e-45
399,4627,1.399e-44,2.8e-45
399,4628,1.401e-44,2.81e-45
399,4629,1.407e-44,2.81e-45
399,4630,1.407e-44,2.81e-45
399,4631,1.414e-44,2.81e-45
399,4632,1.416e-44,2.81e-45
399,4633,1.416e-44,2.81e-45
399,4634,1.433e-44,2.81e-45
399,4635,1.441e-44,2.81e-45
399,4636,1.442e-44,2.82e-45
399,4637,1.44e-44,2.82e-45
399,4638,1.44e-44,2.82e-45
399,4639,1.449e-44,2.82e-45
399,4640,1.447e-44,2.82e-45
399,4641,1.451e-44,2.82e-45
399,4642,1.454e-44,2.83e-45
399,4643,1.469e-44,2.83e-45
399,4644,1.486e-44,2.83e-45
399,4645,1.476e-44,2.83e-45
399,4646,1.48e-44,2.83e-45
399,4647,1.494e-44,2.84e-45
399,4648,1.51e-44,2.84e-45
399,4649,1.507e-44,2.84e-45
399,4650,1.522e-44,2.85e-45
399,4651,1.534e-44,2.85e-45
399,4652,1.545e-44,2.85e-45
399,4653,1.565e-44,2.85e-45
399,4654,1.57e-44,2.86e-45
399,4655,1.581e-44,2.87e-45
399,4656,1.593e-44,2.87e-45
399,4657,1.603e-44,2.87e-45
399,4658,1.611e-44,2.87e-45
399,4659,1.626e-44,2.87e-45
399,4660,1.635e-44,2.88e-45
399,4661,1.646e-44,2.88e-45
399,4662,1.645e-44,2.88e-45
399,4663,1.604e-44,2.88e-45
399,4664,1.609e-44,2.88e-45
399,4665,1.63e-44,2.88e-45
399,4666,1.652e-44,2.89e-45
399,4667,1.66e-44,2.89e-45
399,4668,1.658e-44,2.89e-45
399,4669,1.684e-44,2.9e-45
399,4670,1.704e-44,2.9e-45
399,4671,1.706e-44,2.9e-45
399,4672,1.711e-44,2.9e-45
399,4673,1.724e-44,2.91e-45
399,4674,1.729e-44,2.91e-45
399,4675,1.732e-44,2.91e-45
399,4676,1.754e-44,2.92e-45
399,4677,1.77e-44,2.92e-45
399,4678,1.769e-44,2.92e-45
399,4679,1.765e-44,2.92e-45
399,4680,1.777e-44,2.93e-45
399,4681,1.789e-44,2.93e-45
399,4682,1.798e-44,2.93e-45
399,4683,1.808e-44,2.93e-45
399,4684,1.813e-44,2.94e-45
399,4685,1.823e-44,2.94e-45
399,4686,1.83e-44,2.94e-45
399,4687,1.843e-44,2.94e-45
399,4688,1.861e-44,2.95e-45
399,4689,1.876e-44,2.95e-45
399,4690,1.874e-44,2.95e-45
399,4691,1.878e-44,2.95e-45
399,4692,1.889e-44,2.95e-45
399,4693,1.89e-44,2.96e-45
399,4694,1.892e-44,2.96e-45
399,4695,1.909e-44,2.96e-45
399,4696,1.916e-44,2.96e-45
399,4697,1.925e-44,2.97e-45
399,4698,1.927e-44,2.97e-45
399,4699,1.917e-44,2.97e-45
399,4700,1.924e-44,2.97e-45
399,4701,1.937e-44,2.97e-45
399,4702,1.93e-44,2.97e-45
399,4703,1.936e-44,2.97e-45
399,4704,1.947e-44,2.98e-45
399,4705,1.954e-44,2.98e-45
399,4706,1.961e-44,2.98e-45
399,4707,1.956e-44,2.98e-45
399,4708,1.949e-44,2.98e-45
399,4709,1.954e-44,2.98e-45
399,4710,1.937e-44,2.98e-45
399,4711,1.933e-44,2.98e-45
399,4712,1.914e-44,2.97e-45
399,4713,1.907e-44,2.98e-45
399,4714,1.947e-44,2.98e-45
399,4715,1.952e-44,2.98e-45
399,4716,1.958e-44,2.99e-45
399,4717,1.95e-44,2.99e-45
399,4718,1.964e-44,2.99e-45
399,4719,1.95e-44,2.99e-45
399,4720,1.956e-44,2.99e-45
399,4721,1.945e-44,2.99e-45
399,4722,1.957e-44,2.99e-45
399,4723,1.949e-44,2.99e-45
399,4724,1.944e-44,2.98e-45
399,4725,1.944e-44,2.98e-45
399,4726,1.936e-44,2.98e-45
399,4727,1.933e-44,2.98e-45
399,4728,1.929e-44,2.98e-45
399,4729,1.92e-44,2.98e-45
399,4730,1.912e-44,2.98e-45
399,4731,1.921e-44,2.98e-45
399,4732,1.921e-44,2.98e-45
399,4733,1.949e-44,2.98e-45
399,4734,1.905e-44,2.97e-45
399,4735,1.882e-44,2.97e-45
399,4736,1.877e-44,2.97e-45
399,4737,1.88e-44,2.97e-45
399,4738,1.872e-44,2.96e-45
399,4739,1.862e-44,2.96e-45
399,4740,1.85e-44,2.96e-45
399,4741,1.85e-44,2.95e-45
399,4742,1.839e-44,2.95e-45
399,4743,1.823e-44,2.95e-45
399,4744,1.826e-44,2.95e-45
399,4745,1.803e-44,2.94e-45
399,4746,1.802e-44,2.94e-45
399,4747,1.792e-44,2.94e-45
399,4748,1.787e-44,2.94e-45
399,4749,1.771e-44,2.93e-45
399,4750,1.761e-44,2.93e-45
399,4751,1.741e-44,2.92e-45
399,4752,1.705e-44,2.92e-45
399,4753,1.724e-44,3.51e-45
399,4754,1.72e-44,3.24e-45
399,4755,1.711e-44,3.61e-45
399,4756,1.652e-44,3.37e-45
399,4757,1.651e-44,4.1e-45
399,4758,1.625e-44,3.76e-45
399,4759,1.614e-44,3.74e-45
399,4760,1.601e-44,3.68e-45
399,4761,1.623e-44,3.61e-45
399,4762,1.608e-44,4.18e-45
399,4763,1.591e-44,3.63e-45
399,4764,1.571e-44,4.52e-45
399,4765,1.551e-44,4.13e-45
399,4766,1.556e-44,5.72e-45
399,4767,1.628e-44,4.61e-45
399,4768,1.772e-44,2.71e-45
399,4769,1.628e-44,3.57e-45
399,5599,6e-46,2.25e-45
399,5600,5.1e-46,2.25e-45
399,5601,4.1e-46,2.25e-45
399,5602,1.4e-46,2.24e-45
399,5603,0,2.24e-45
399,5604,0,2.24e-45
399,5605,3e-47,2.24e-45
399,5606,2.4e-46,2.25e-45
399,5607,9e-47,2.25e-45
399,5608,0,2.24e-45
399,5609,2.4e-46,2.24e-45
399,5610,1e-46,2.25e-45
399,5611,2.1e-46,2.24e-45
399,5612,2.8e-46,2.24e-45
399,5613,0,2.24e-45
399,5614,7e-47,2.25e-45
399,5615,0,2.24e-45
399,5616,0,2.24e-45
399,5617,-0,2.25e-45
399,5618,1.6e-46,2.25e-45
399,5619,2.6e-46,2.25e-45
399,5620,0,2.24e-45
399,5621,1.9e-46,2.25e-45
399,5622,2.3e-46,2.24e-45
399,5623,0,2.24e-45
399,5624,0,2.24e-45
399,5625,1.8e-46,2.25e-45
399,5626,2.2e-46,2.25e-45
399,5627,0,2.24e-45
399,5628,0,2.24e-45
399,5629,0,2.24e-45
399,5630,5e-47,2.24e-45
399,5631,2.2e-46,2.25e-45
399,5632,1.9e-46,2.25e-45
399,5633,1.7e-46,2.24e-45
399,5634,5.2e-46,2.25e-45
399,5635,2.5e-46,2.24e-45
399,5636,2.8e-46,2.24e-45
399,5637,3.5e-46,2.25e-45
399,5638,3.3e-46,2.25e-45
399,5639,0,2.24e-45
399,5640,2e-47,2.25e-45
399,5641,3.3e-46,2.24e-45
399,5642,1.3e-46,2.24e-45
399,5643,2.6e-46,2.24e-45
399,5644,1e-46,2.24e-45
399,5645,0,2.24e-45
399,5646,7e-47,2.24e-45
399,5647,5e-47,2.24e-45
399,5648,0,2.25e-45
399,5649,0,2.24e-45
399,5650,2.3e-46,2.25e-45
399,5651,2.8e-46,2.25e-45
399,5652,3e-47,2.24e-45
399,5653,2.4e-46,2.24e-45
399,5654,8e-47,2.25e-45
399,5655,2.4e-46,2.25e-45
399,5656,1.9e-46,2.24e-45
399,5657,0,2.23e-45
399,5658,0,2.23e-45
399,5659,0,2.24e-45
399,5660,0,2.24e-45
399,5661,0,2.24e-45
399,5662,0,2.24e-45
399,5663,0,2.23e-45
399,5664,0,2.23e-45
399,5665,1e-47,2.24e-45
399,5666,7e-47,2.24e-45
399,5667,3.5e-46,2.24e-45
399,5668,2.8e-46,2.24e-45
399,5669,2.3e-46,2.25e-45
399,5670,4.2e-46,2.25e-45
399,5671,0,2.24e-45
399,5672,0,2.23e-45
399,5673,0,2.24e-45
399,5674,0,2.24e-45
399,5675,8e-47,2.24e-45
399,5676,2.7e-46,2.24e-45
399,5677,0,2.23e-45
399,5678,0,2.24e-45
399,5679,0,2.24e-45
399,5680,1.2e-46,2.24e-45
399,5681,0,2.24e-45
399,5682,1.1e-46,2.24e-45
399,5683,0,2.24e-45
399,5684,0,2.23e-45
399,5685,0,2.23e-45
399,5686,0,2.24e-45
399,5687,2e-47,2.24e-45
399,5688,1.8e-46,2.24e-45
399,5689,2.5e-46,2.25e-45
399,5690,5e-47,2.25e-45
399,5691,0,2.24e-45
399,5692,0,2.24e-45
399,5693,0,2.24e-45
399,5694,0,2.24e-45
399,5695,0,2.23e-45
399,5696,1.6e-46,2.24e-45
399,5697,0,2.24e-45
399,5698,0,2.24e-45
399,5699,6e-47,2.24e-45
399,5700,2.1e-46,2.25e-45
399,5701,0,2.24e-45
399,5702,0,2.24e-45
399,5703,0,2.23e-45
399,5704,0,2.23e-45
399,5705,0,2.24e-45
399,5706,0,2.24e-45
399,5707,0,2.24e-45
399,5708,0,2.24e-45
399,5709,1e-47,2.24e-45
399,5710,1.1e-46,2.24e-45
399,5711,5e-46,2.24e-45
399,5712,0,2.24e-45
399,5713,0,2.24e-45
399,5714,0,2.23e-45
399,5715,0,2.23e-45
399,5716,0,2.22e-45
399,5717,0,2.24e-45
399,5718,1e-46,2.24e-45
399,5719,1.5e-46,2.24e-45
399,5720,0,2.24e-45
399,5721,0,2.23e-45
399,5722,0,2.23e-45
399,5723,0,2.23e-45
399,5724,1e-47,2.23e-45
399,5725,9e-47,2.24e-45
399,5726,0,2.24e-45
399,5727,0,2.23e-45
399,5728,0,2.23e-45
399,5729,0,2.24e-45
399,5730,0,2.23e-45
399,5731,0,2.23e-45
399,5732,0,2.24e-45
399,5733,0,2.24e-45
399,5734,0,2.24e-45
399,5735,1.7e-46,2.25e-45
399,5736,1.1e-46,2.25e-45
399,5737,3e-46,2.24e-45
399,5738,8e-47,2.25e-45
399,5739,2.7e-46,2.25e-45
399,5740,0,2.24e-45
399,5741,0,2.24e-45
399,5742,0,2.23e-45
399,5743,0,2.24e-45
399,5744,4.7e-46,2.25e-45
399,5745,3e-46,2.24e-45
399,5746,0,2.23e-45
399,5747,0,2.23e-45
399,5748,0,2.24e-45
399,5749,0,2.23e-45
399,5750,0,2.23e-45
399,5751,0,2.24e-45
399,5752,0,2.24e-45
399,5753,0,2.24e-45
399,5754,0,2.23e-45
399,5755,0,2.23e-45
399,5756,0,2.23e-45
399,5757,0,2.24e-45
399,5758,2.8e-46,2.24e-45
399,5759,1.9e-46,2.24e-45
399,5760,0,2.24e-45
399,5761,0,2.23e-45
399,5762,0,2.24e-45
399,5763,0,2.24e-45
399,5764,0,2.24e-45
399,5765,4e-47,2.24e-45
399,5766,0,2.24e-45
399,5767,0,2.23e-45
399,5768,0,2.23e-45
399,5769,0,2.23e-45
399,5770,3.5e-46,2.25e-45
399,5771,0,2.24e-45
399,5772,0,2.23e-45
399,5773,0,2.23e-45
399,5774,0,2.23e-45
399,5775,0,2.23e-45
399,5776,1.5e-46,2.24e-45
399,5777,6.5e-46,2.25e-45
399,5778,0,2.24e-45
399,5779,0,2.23e-45
399,5780,0,2.23e-45
399,5781,1e-47,2.24e-45
399,5782,0,2.23e-45
399,5783,0,2.23e-45
399,5784,0,2.23e-45
399,5785,0,2.23e-45
399,5786,0,2.24e-45
399,5787,1.1e-46,2.24e-45
399,5788,2.1e-46,2.25e-45
399,5789,5.1e-46,2.25e-45
399,5790,0,2.23e-45
399,5791,0,2.23e-45
399,5792,0,2.23e-45
399,5793,0,2.24e-45
399,5794,0,2.24e-45
399,5795,0,2.24e-45
399,5796,1.1e-46,2.24e-45
399,5797,0,2.24e-45
399,5798,1e-47,2.24e-45
399,5799,0,2.23e-45
399,5800,0,2.23e-45
399,5801,0,2.24e-45
399,5802,0,2.23e-45
399,5803,2e-46,2.23e-45
399,5804,0,2.23e-45
399,5805,0,2.24e-45
399,5806,0,2.24e-45
399,5807,0,2.23e-45
399,5808,0,2.23e-45
399,5809,0,2.23e-45
399,5810,0,2.23e-45
399,5811,0,2.24e-45
399,5812,1.8e-46,2.24e-45
399,5813,4.1e-46,2.23e-45
399,5814,0,2.23e-45
399,5815,0,2.23e-45
399,5816,0,2.23e-45
399,5817,0,2.23e-45
399,5818,0,2.24e-45
399,5819,4e-47,2.24e-45
399,5820,2e-46,2.24e-45
399,5821,0,2.24e-45
399,5822,0,2.23e-45
399,5823,0,2.23e-45
399,5824,0,2.24e-45
399,5825,0,2.24e-45
399,5826,0,2.22e-45
399,5827,0,2.22e-45
399,5828,0,2.23e-45
399,5829,0,2.24e-45
399,5830,0,2.24e-45
399,5831,0,2.23e-45
399,5832,0,2.23e-45
399,5833,0,2.23e-45
399,5834,0,2.23e-45
399,5835,0,2.24e-45
399,5836,0,2.22e-45
399,5837,0,2.22e-45
399,5838,0,2.22e-45
399,5839,0,2.22e-45
399,5840,0,2.23e-45
399,5841,0,2.23e-45
399,5842,0,2.23e-45
399,5843,0,2.23e-45
399,5844,0,2.23e-45
399,5845,0,2.23e-45
399,5846,0,2.23e-45
399,5847,0,2.23e-45
399,5848,0,2.23e-45
399,5849,0,2.23e-45
399,5850,0,2.23e-45
399,5851,1.3e-46,2.24e-45
399,5852,0,2.24e-45
399,5853,0,2.23e-45
399,5854,0,2.23e-45
399,5855,0,2.22e-45
399,5856,0,2.22e-45
399,5857,0,2.23e-45
399,5858,0,2.23e-45
399,5859,0,2.23e-45
399,5860,0,2.23e-45
399,5861,0,2.23e-45
399,5862,4e-47,2.24e-45
399,5863,0,2.24e-45
399,5864,0,2.23e-45
399,5865,0,2.23e-45
399,5866,0,2.22e-45
399,5867,0,2.22e-45
399,5868,0,2.23e-45
399,5869,0,2.23e-45
399,5870,4e-47,2.23e-45
399,5871,0,2.23e-45
399,5872,0,2.23e-45
399,5873,0,2.23e-45
399,5874,0,2.23e-45
399,5875,0,2.23e-45
399,5876,0,2.23e-45
399,5877,0,2.22e-45
399,5878,0,2.23e-45
399,5879,0,2.23e-45
399,5880,0,2.23e-45
399,5881,0,2.23e-45
399,5882,0,2.22e-45
399,5883,0,2.23e-45
399,5884,0,2.23e-45
399,5885,0,2.23e-45
399,5886,0,2.23e-45
399,5887,0,2.23e-45
399,5888,0,2.23e-45
399,5889,0,2.23e-45
399,5890,0,2.23e-45
399,5891,0,2.23e-45
399,5892,0,2.23e-45
399,5893,0,2.23e-45
399,5894,0,2.23e-45
399,5895,0,2.22e-45
399,5896,0,2.22e-45
399,5897,0,2.22e-45
399,5898,0,2.23e-45
399,5899,0,2.23e-45
399,5900,0,2.23e-45
399,5901,0,2.22e-45
399,5902,0,2.22e-45
399,5903,0,2.22e-45
399,5904,0,2.23e-45
399,5905,0,2.23e-45
399,5906,0,2.23e-45
399,5907,0,2.24e-45
399,5908,0,2.23e-45
399,5909,0,2.22e-45
399,5910,1.5e-46,2.23e-45
399,5911,0,2.23e-45
399,5912,0,2.23e-45
399,5913,0,2.23e-45
399,5914,0,2.23e-45
399,5915,0,2.23e-45
399,5916,0,2.23e-45
399,5917,0,2.23e-45
399,5918,0,2.23e-45
399,5919,0,2.23e-45
399,5920,0,2.23e-45
399,5921,0,2.23e-45
399,5922,0,2.23e-45
399,5923,0,2.22e-45
399,5924,0,2.22e-45
399,5925,0,2.22e-45
399,5926,0,2.23e-45
399,5927,0,2.23e-45
399,5928,0,2.23e-45
399,5929,0,2.22e-45
399,5930,0,2.23e-45
399,5931,5e-47,2.23e-45
399,5932,0,2.23e-45
399,5933,0,2.23e-45
399,5934,1.5e-46,2.24e-45
399,5935,0,2.23e-45
399,5936,0,2.22e-45
399,5937,0,2.22e-45
399,5938,0,2.23e-45
399,5939,0,2.23e-45
399,5940,0,2.22e-45
399,5941,0,2.22e-45
399,5942,0,2.23e-45
399,5943,0,2.23e-45
399,5944,0,2.22e-45
399,5945,0,2.22e-45
399,5946,0,2.23e-45
399,5947,0,2.23e-45
399,5948,0,2.22e-45
399,5949,0,2.23e-45
399,5950,0,2.23e-45
399,5951,0,2.23e-45
399,5952,0,2.23e-45
399,5953,0,2.24e-45
399,5954,0,2.22e-45
399,5955,0,2.22e-45
399,5956,0,2.22e-45
399,5957,0,2.22e-45
399,5958,0,2.23e-45
399,5959,0,2.22e-45
399,5960,0,2.22e-45
399,5961,0,2.22e-45
399,5962,0,2.23e-45
451,3193,0,1.63e-45
451,3194,0,1.63e-45
451,3195,0,1.63e-45
451,3196,0,1.63e-45
451,3197,0,1.63e-45
451,3198,0,1.64e-45
451,3199,0,1.63e-45
451,3200,0,1.63e-45
451,3201,0,1.63e-45
451,3202,0,1.63e-45
451,3203,0,1.63e-45
451,3204,0,1.63e-45
451,3205,0,1.63e-45
451,3206,0,1.63e-45
451,3207,0,1.63e-45
451,3208,0,1.63e-45
451,3209,0,1.63e-45
451,3210,0,1.64e-45
451,3211,0,1.63e-45
451,3212,0,1.63e-45
451,3213,0,1.63e-45
451,3214,0,1.64e-45
451,3215,0,1.63e-45
451,3216,0,1.63e-45
451,3217,0,1.63e-45
451,3218,0,1.63e-45
451,3219,0,1.64e-45
451,3220,0,1.64e-45
451,3221,0,1.63e-45
451,3222,0,1.63e-45
451,3223,0,1.63e-45
451,3224,0,1.63e-45
451,3225,0,1.63e-45
451,3226,0,1.63e-45
451,3227,0,1.64e-45
451,3228,0,1.64e-45
451,3229,0,1.64e-45
451,3230,0,1.64e-45
451,3231,0,1.64e-45
451,3232,0,1.64e-45
451,3233,0,1.64e-45
451,3234,0,1.63e-45
451,3235,0,1.63e-45
451,3236,0,1.63e-45
451,3237,0,1.63e-45
451,3238,0,1.63e-45
451,3239,0,1.63e-45
451,3240,0,1.63e-45
451,3241,0,1.63e-45
451,3242,0,1.63e-45
451,3243,0,1.63e-45
451,3244,0,1.64e-45
451,3245,0,1.65e-45
451,3246,0,1.64e-45
451,3247,0,1.64e-45
451,3248,0,1.63e-45
451,3249,0,1.63e-45
451,3250,0,1.63e-45
451,3251,0,1.63e-45
451,3252,0,1.63e-45
451,3253,0,1.64e-45
451,3254,0,1.65e-45
451,3255,0,1.64e-45
451,3256,0,1.65e-45
451,3257,0,1.64e-45
451,3258,0,1.64e-45
451,3259,0,1.64e-45
451,3260,0,1.64e-45
451,3261,0,1.64e-45
451,3262,0,1.64e-45
451,3263,0,1.64e-45
451,3264,0,1.64e-45
451,3265,0,1.64e-45
451,3266,0,1.64e-45
451,3267,0,1.64e-45
451,3268,0,1.63e-45
451,3269,0,1.64e-45
451,3270,0,1.64e-45
451,3271,0,1.64e-45
451,3272,0,1.64e-45
451,3273,0,1.65e-45
451,3274,0,1.66e-45
451,3275,0,1.65e-45
451,3276,0,1.65e-45
451,3277,2e-47,1.66e-45
451,3278,0,1.65e-45
451,3279,0,1.65e-45
451,3280,0,1.65e-45
451,3281,0,1.64e-45
451,3282,0,1.65e-45
451,3283,0,1.67e-45
451,3284,0,1.67e-45
451,3996,2.199e-44,2.5e-45
451,3997,2.194e-44,2.47e-45
451,3998,2.217e-44,2.48e-45
451,3999,2.25e-44,2.5e-45
451,4000,2.288e-44,2.52e-45
451,4001,2.372e-44,2.55e-45
451,4002,2.385e-44,2.56e-45
451,4003,2.43e-44,2.6e-45
451,4004,2.379e-44,2.56e-45
451,4005,2.365e-44,2.55e-45
451,4006,2.395e-44,2.55e-45
451,4007,2.42e-44,2.56e-45
451,4008,2.454e-44,2.59e-45
451,4009,2.483e-44,2.6e-45
451,4010,2.51e-44,2.59e-45
451,4011,2.526e-44,2.59e-45
451,4012,2.55e-44,2.6e-45
451,4013,2.583e-44,2.61e-45
451,4014,2.629e-44,2.64e-45
451,4015,2.668e-44,2.66e-45
451,4016,2.709e-44,2.68e-45
451,4017,2.74e-44,2.7e-45
451,4018,2.742e-44,2.68e-45
451,4019,2.756e-44,2.68e-45
451,4020,2.779e-44,2.69e-45
451,4021,2.805e-44,2.68e-45
451,4022,2.842e-44,5.82e-45
451,4023,2.888e-44,5.82e-45
451,4024,2.945e-44,5.82e-45
451,4025,3.005e-44,5.82e-45
451,4026,3.067e-44,5.82e-45
451,4027,3.183e-44,5.82e-45
451,4028,3.469e-44,5.82e-45
451,4029,3.111e-44,5.82e-45
451,4030,2.922e-44,5.82e-45
451,4031,3.05e-44,5.82e-45
451,4032,3.122e-44,5.82e-45
451,4033,3.19e-44,5.82e-45
451,4034,3.243e-44,2.84e-45
451,4035,3.271e-44,2.85e-45
451,4036,3.304e-44,2.86e-45
451,4037,3.351e-44,2.87e-45
451,4038,3.387e-44,2.9e-45
451,4039,3.424e-44,2.93e-45
451,4040,3.472e-44,2.93e-45
451,4041,3.509e-44,2.93e-45
451,4042,3.547e-44,2.94e-45
451,4043,3.59e-44,2.96e-45
451,4044,3.631e-44,2.99e-45
451,4045,3.672e-44,3.01e-45
451,4046,3.7e-44,3e-45
451,4047,3.727e-44,2.99e-45
451,4048,3.762e-44,3.01e-45
451,4049,3.799e-44,3.02e-45
451,4050,3.84e-44,3.04e-45
451,4051,3.884e-44,3.05e-45
451,4052,3.924e-44,3.07e-45
451,4053,3.955e-44,3.08e-45
451,4054,3.995e-44,3.09e-45
451,4055,4.043e-44,3.1e-45
451,4056,4.08e-44,3.11e-45
451,4057,4.113e-44,3.13e-45
451,4058,4.16e-44,3.14e-45
451,4059,4.208e-44,3.16e-45
451,4060,4.255e-44,3.18e-45
451,4061,4.298e-44,3.2e-45
451,4062,4.329e-44,3.2e-45
451,4063,4.364e-44,3.22e-45
451,4064,4.41e-44,3.23e-45
451,4065,4.455e-44,3.24e-45
451,4066,4.489e-44,3.26e-45
451,4067,4.531e-44,3.27e-45
451,4068,4.583e-44,3.29e-45
451,4069,4.63e-44,3.3e-45
451,4070,4.673e-44,3.32e-45
451,4071,4.711e-44,3.34e-45
451,4072,4.764e-44,3.35e-45
451,4073,4.814e-44,3.37e-45
451,4074,4.87e-44,3.4e-45
451,4075,4.923e-44,3.46e-45
451,4076,4.963e-44,3.45e-45
451,4077,5.001e-44,3.44e-45
451,4078,5.049e-44,3.45e-45
451,4079,5.1e-44,3.49e-45
451,4080,5.148e-44,3.5e-45
451,4081,5.179e-44,3.5e-45
451,4082,5.209e-44,3.51e-45
451,4083,5.255e-44,3.52e-45
451,4084,5.295e-44,3.54e-45
451,4085,5.337e-44,3.55e-45
451,4086,5.384e-44,3.57e-45
451,4087,5.443e-44,3.59e-45
451,4088,5.494e-44,3.62e-45
451,4089,5.531e-44,3.63e-45
451,4090,5.558e-44,3.63e-45
451,4091,5.588e-44,3.64e-45
451,4092,5.64e-44,3.66e-45
451,4093,5.684e-44,3.67e-45
451,4094,5.732e-44,3.69e-45
451,4095,5.781e-44,3.7e-45
451,4096,5.815e-44,3.72e-45
451,4097,5.867e-44,3.73e-45
451,4098,5.9e-44,3.75e-45
451,4099,5.93e-44,3.76e-45
451,4100,5.977e-44,3.77e-45
451,4101,6.014e-44,3.79e-45
451,4102,6.048e-44,3.8e-45
451,4103,6.095e-44,3.82e-45
451,4104,6.151e-44,3.84e-45
451,4105,6.198e-44,3.87e-45
451,4106,6.244e-44,3.89e-45
451,4107,6.282e-44,3.89e-45
451,4108,6.321e-44,3.9e-45
451,4109,6.373e-44,3.94e-45
451,4110,6.402e-44,3.98e-45
451,4111,6.425e-44,3.95e-45
451,4112,6.454e-44,3.95e-45
451,4113,6.487e-44,3.96e-45
451,4114,6.528e-44,3.97e-45
451,4115,6.567e-44,3.98e-45
451,4116,6.587e-44,3.99e-45
451,4117,6.62e-44,4.01e-45
451,4118,6.655e-44,4.02e-45
451,4119,6.696e-44,4.03e-45
451,4120,6.735e-44,4.05e-45
451,4121,6.769e-44,4.06e-45
451,4122,6.788e-44,4.06e-45
451,4123,6.812e-44,4.07e-45
451,4124,6.822e-44,4.08e-45
451,4125,6.765e-44,4.05e-45
451,4126,6.714e-44,4.01e-45
451,4127,6.837e-44,4.08e-45
451,4128,6.933e-44,4.12e-45
451,4129,6.987e-44,4.14e-45
451,4130,7.026e-44,4.15e-45
451,4131,7.056e-44,4.16e-45
451,4132,7.084e-44,4.17e-45
451,4133,7.108e-44,4.19e-45
451,4134,7.14e-44,4.21e-45
451,4135,7.156e-44,4.21e-45
451,4136,7.178e-44,4.21e-45
451,4137,7.209e-44,4.22e-45
451,4138,7.229e-44,4.23e-45
451,4139,7.262e-44,4.24e-45
451,4140,7.276e-44,4.25e-45
451,4141,7.285e-44,4.26e-45
451,4142,7.29e-44,4.28e-45
451,4143,7.244e-44,4.26e-45
451,4144,7.279e-44,4.24e-45
451,4145,7.375e-44,4.28e-45
451,4146,7.418e-44,4.3e-45
451,4147,7.443e-44,4.31e-45
451,4148,7.471e-44,4.31e-45
451,4149,7.489e-44,4.32e-45
451,4150,7.501e-44,4.33e-45
451,4151,7.497e-44,4.33e-45
451,4152,7.496e-44,4.33e-45
451,4153,7.493e-44,4.33e-45
451,4154,7.353e-44,4.27e-45
451,4155,7.019e-44,4.11e-45
451,4156,7.199e-44,4.18e-45
451,4157,7.456e-44,4.31e-45
451,4158,7.525e-44,4.34e-45
451,4159,7.543e-44,4.35e-45
451,4160,7.527e-44,4.34e-45
451,4161,7.473e-44,4.31e-45
451,4162,7.494e-44,4.33e-45
451,4163,7.52e-44,4.34e-45
451,4164,7.513e-44,4.35e-45
451,4165,7.504e-44,4.34e-45
451,4166,7.492e-44,4.34e-45
451,4167,7.473e-44,4.34e-45
451,4168,7.467e-44,4.34e-45
451,4169,7.465e-44,4.33e-45
451,4170,7.461e-44,4.34e-45
451,4171,7.446e-44,4.34e-45
451,4172,7.445e-44,4.34e-45
451,4173,7.444e-44,4.35e-45
451,4174,7.435e-44,4.36e-45
451,4175,7.428e-44,4.34e-45
451,4176,7.41e-44,4.33e-45
451,4177,7.403e-44,4.33e-45
451,4178,7.395e-44,4.32e-45
451,4179,7.387e-44,4.32e-45
451,4180,7.377e-44,4.32e-45
451,4181,7.372e-44,4.32e-45
451,4182,7.358e-44,4.32e-45
451,4183,7.339e-44,4.31e-45
451,4184,7.326e-44,4.31e-45
451,4185,7.32e-44,4.3e-45
451,4186,7.309e-44,4.3e-45
451,4187,7.309e-44,4.31e-45
451,4188,7.303e-44,4.3e-45
451,4189,7.276e-44,4.29e-45
451,4190,7.251e-44,4.28e-45
451,4191,7.212e-44,4.28e-45
451,4192,7.18e-44,4.27e-45
451,4193,7.15e-44,4.26e-45
451,4194,7.137e-44,4.26e-45
451,4195,7.115e-44,4.25e-45
451,4196,7.084e-44,4.24e-45
451,4197,7.072e-44,4.24e-45
451,4198,7.043e-44,4.23e-45
451,4199,7.004e-44,4.22e-45
451,4200,6.984e-44,4.21e-45
451,4201,6.959e-44,4.2e-45
451,4202,6.941e-44,4.2e-45
451,4203,6.922e-44,4.2e-45
451,4204,6.887e-44,4.19e-45
451,4205,6.86e-44,4.17e-45
451,4206,6.825e-44,4.16e-45
451,4207,6.801e-44,4.15e-45
451,4208,6.778e-44,4.14e-45
451,4209,6.743e-44,4.14e-45
451,4210,6.708e-44,4.12e-45
451,4211,6.684e-44,4.11e-45
451,4212,6.656e-44,4.11e-45
451,4213,6.622e-44,4.1e-45
451,4214,6.59e-44,4.09e-45
451,4215,6.573e-44,4.09e-45
451,4216,6.559e-44,4.08e-45
451,4217,6.522e-44,4.07e-45
451,4218,6.49e-44,4.06e-45
451,4219,6.444e-44,4.04e-45
451,4220,6.408e-44,4.03e-45
451,4221,6.373e-44,4.02e-45
451,4222,6.338e-44,4.01e-45
451,4223,6.307e-44,4e-45
451,4224,6.272e-44,3.99e-45
451,4225,6.236e-44,3.98e-45
451,4226,6.203e-44,3.97e-45
451,4227,6.169e-44,3.96e-45
451,4228,6.138e-44,3.95e-45
451,4229,6.103e-44,3.94e-45
451,4230,6.075e-44,3.94e-45
451,4231,6.032e-44,3.93e-45
451,4232,5.994e-44,3.91e-45
451,4233,5.964e-44,3.89e-45
451,4234,5.93e-44,3.89e-45
451,4235,5.893e-44,3.88e-45
451,4236,5.858e-44,3.86e-45
451,4237,5.834e-44,3.85e-45
451,4238,5.794e-44,3.84e-45
451,4239,5.769e-44,3.84e-45
451,4240,5.732e-44,3.83e-45
451,4241,5.691e-44,3.81e-45
451,4242,5.651e-44,3.8e-45
451,4243,5.62e-44,3.79e-45
451,4244,5.585e-44,3.78e-45
451,4245,5.549e-44,3.77e-45
451,4246,5.516e-44,3.76e-45
451,4247,5.483e-44,3.75e-45
451,4248,5.449e-44,3.73e-45
451,4249,5.419e-44,3.72e-45
451,4250,5.386e-44,3.72e-45
451,4251,5.357e-44,3.71e-45
451,4252,5.322e-44,3.7e-45
451,4253,5.283e-44,3.69e-45
451,4254,5.255e-44,3.68e-45
451,4255,5.227e-44,3.67e-45
451,4256,5.196e-44,3.66e-45
451,4257,5.172e-44,3.65e-45
451,4258,5.164e-44,3.64e-45
451,4259,5.128e-44,3.64e-45
451,4260,5.084e-44,3.62e-45
451,4261,5.042e-44,3.61e-45
451,4262,4.998e-44,3.59e-45
451,4263,4.956e-44,3.58e-45
451,4264,4.923e-44,3.57e-45
451,4265,4.893e-44,3.56e-45
451,4266,4.866e-44,3.55e-45
451,4267,4.837e-44,3.54e-45
451,4268,4.795e-44,3.53e-45
451,4269,4.761e-44,3.52e-45
451,4270,4.734e-44,3.51e-45
451,4271,4.713e-44,3.5e-45
451,4272,4.677e-44,3.49e-45
451,4273,4.64e-44,3.48e-45
451,4274,4.617e-44,3.47e-45
451,4275,4.579e-44,3.46e-45
451,4276,4.546e-44,3.45e-45
451,4277,4.531e-44,3.44e-45
451,4278,4.499e-44,3.44e-45
451,4279,4.464e-44,3.43e-45
451,4280,4.438e-44,3.42e-45
451,4281,4.409e-44,3.4e-45
451,4282,4.366e-44,3.39e-45
451,4283,4.348e-44,3.39e-45
451,4284,4.327e-44,3.38e-45
451,4285,4.295e-44,3.37e-45
451,4286,4.259e-44,3.36e-45
451,4287,4.223e-44,3.35e-45
451,4288,4.204e-44,3.34e-45
451,4289,4.175e-44,3.33e-45
451,4290,4.147e-44,3.32e-45
451,4291,4.118e-44,3.31e-45
451,4292,4.09e-44,3.31e-45
451,4293,4.065e-44,3.29e-45
451,4294,4.041e-44,3.28e-45
451,4295,4.026e-44,3.28e-45
451,4296,4.005e-44,3.28e-45
451,4297,3.97e-44,3.27e-45
451,4298,3.93e-44,3.25e-45
451,4299,3.909e-44,3.24e-45
451,4300,3.886e-44,3.24e-45
451,4301,3.864e-44,3.23e-45
451,4302,3.836e-44,3.22e-45
451,4303,3.821e-44,3.21e-45
451,4304,3.796e-44,3.21e-45
451,4305,3.766e-44,3.2e-45
451,4306,3.743e-44,3.19e-45
451,4307,3.707e-44,3.18e-45
451,4308,3.688e-44,3.17e-45
451,4309,3.667e-44,3.17e-45
451,4310,3.647e-44,3.16e-45
451,4311,3.624e-44,3.15e-45
451,4312,3.594e-44,3.14e-45
451,4313,3.586e-44,3.13e-45
451,4314,3.568e-44,3.13e-45
451,4315,3.532e-44,3.12e-45
451,4316,3.518e-44,3.11e-45
451,4317,3.487e-44,3.11e-45
451,4318,3.453e-44,3.1e-45
451,4319,3.437e-44,3.09e-45
451,4320,3.41e-44,3.08e-45
451,4321,3.388e-44,3.07e-45
451,4322,3.368e-44,3.07e-45
451,4323,3.355e-44,3.06e-45
451,4324,3.338e-44,3.05e-45
451,4325,3.314e-44,3.05e-45
451,4326,3.296e-44,3.04e-45
451,4327,3.27e-44,3.03e-45
451,4328,3.249e-44,3.03e-45
451,4329,3.234e-44,3.02e-45
451,4330,3.214e-44,3.02e-45
451,4331,3.203e-44,3.01e-45
451,4332,3.176e-44,3e-45
451,4333,3.153e-44,2.99e-45
451,4334,3.137e-44,2.99e-45
451,4335,3.113e-44,2.98e-45
451,4336,3.094e-44,2.97e-45
451,4337,3.074e-44,2.97e-45
451,4338,3.05e-44,2.96e-45
451,4339,3.037e-44,2.96e-45
451,4340,3.019e-44,2.95e-45
451,4341,3.001e-44,2.94e-45
451,4342,2.986e-44,2.94e-45
451,4343,2.969e-44,2.93e-45
451,4344,2.946e-44,2.93e-45
451,4345,2.922e-44,2.92e-45
451,4346,2.916e-44,2.91e-45
451,4347,2.893e-44,2.91e-45
451,4348,2.879e-44,2.9e-45
451,4349,2.86e-44,2.9e-45
451,4350,2.849e-44,2.89e-45
451,4351,2.835e-44,2.89e-45
451,4352,2.82e-44,2.88e-45
451,4353,2.801e-44,2.88e-45
451,4354,2.78e-44,2.87e-45
451,4355,2.768e-44,2.86e-45
451,4356,2.751e-44,2.86e-45
451,4357,2.737e-44,2.86e-45
451,4358,2.716e-44,2.85e-45
451,4359,2.697e-44,2.84e-45
451,4360,2.694e-44,2.84e-45
451,4361,2.675e-44,2.83e-45
451,4362,2.656e-44,2.83e-45
451,4363,2.65e-44,2.82e-45
451,4364,2.634e-44,2.82e-45
451,4365,2.616e-44,2.81e-45
451,4366,2.605e-44,2.81e-45
451,4367,2.601e-44,2.8e-45
451,4368,2.571e-44,2.8e-45
451,4369,2.549e-44,2.79e-45
451,4370,2.541e-44,2.79e-45
451,4371,2.529e-44,2.79e-45
451,4372,2.515e-44,2.78e-45
451,4373,2.519e-44,2.78e-45
451,4374,2.497e-44,2.77e-45
451,4375,2.47e-44,2.76e-45
451,4376,2.459e-44,2.76e-45
451,4377,2.458e-44,2.76e-45
451,4378,2.457e-44,2.76e-45
451,4379,2.445e-44,2.75e-45
451,4380,2.419e-44,2.75e-45
451,4381,2.407e-44,2.74e-45
451,4382,2.41e-44,2.74e-45
451,4383,2.397e-44,2.73e-45
451,4384,2.382e-44,2.73e-45
451,4385,2.372e-44,2.72e-45
451,4386,2.357e-44,2.72e-45
451,4387,2.36e-44,2.72e-45
451,4388,2.325e-44,2.71e-45
451,4389,2.324e-44,2.71e-45
451,4390,2.328e-44,2.71e-45
451,4391,2.316e-44,2.71e-45
451,4392,2.296e-44,2.7e-45
451,4393,2.287e-44,2.7e-45
451,4394,2.282e-44,2.69e-45
451,4395,2.283e-44,2.69e-45
451,4396,2.269e-44,2.69e-45
451,4397,2.257e-44,2.68e-45
451,4398,2.247e-44,2.68e-45
451,4399,2.241e-44,2.68e-45
451,4400,2.229e-44,2.67e-45
451,4401,2.218e-44,2.67e-45
451,4402,2.199e-44,2.67e-45
451,4403,2.181e-44,2.66e-45
451,4404,2.182e-44,2.66e-45
451,4405,2.174e-44,2.65e-45
451,4406,2.178e-44,2.65e-45
451,4407,2.172e-44,2.65e-45
451,4408,2.156e-44,2.65e-45
451,4409,2.14e-44,2.65e-45
451,4410,2.133e-44,2.64e-45
451,4411,2.126e-44,2.64e-45
451,4412,2.122e-44,2.63e-45
451,4413,2.109e-44,2.63e-45
451,4414,2.107e-44,2.63e-45
451,4415,2.105e-44,2.63e-45
451,4416,2.102e-44,2.63e-45
451,4417,2.095e-44,2.62e-45
451,4418,2.083e-44,2.62e-45
451,4419,2.065e-44,2.62e-45
451,4420,2.065e-44,2.61e-45
451,4421,2.054e-44,2.61e-45
451,4422,2.047e-44,2.61e-45
451,4423,2.036e-44,2.61e-45
451,4424,2.028e-44,2.6e-45
451,4425,2.025e-44,2.6e-45
451,4426,2.014e-44,2.6e-45
451,4427,2.011e-44,2.59e-45
451,4428,1.998e-44,2.59e-45
451,4429,1.998e-44,2.59e-45
451,4430,1.984e-44,2.58e-45
451,4431,1.984e-44,2.59e-45
451,4432,1.982e-44,2.58e-45
451,4433,1.967e-44,2.58e-45
451,4434,1.962e-44,2.58e-45
451,4435,1.954e-44,2.57e-45
451,4436,1.939e-44,2.57e-45
451,4437,1.941e-44,2.57e-45
451,4438,1.943e-44,2.57e-45
451,4439,1.933e-44,2.57e-45
451,4440,1.914e-44,2.56e-45
451,4441,1.915e-44,2.56e-45
451,4442,1.912e-44,2.56e-45
451,4443,1.915e-44,2.56e-45
451,4444,1.906e-44,2.56e-45
451,4445,1.895e-44,2.56e-45
451,4446,1.879e-44,2.55e-45
451,4447,1.886e-44,2.55e-45
451,4448,1.876e-44,2.54e-45
451,4449,1.878e-44,2.54e-45
451,4450,1.869e-44,2.54e-45
451,4451,1.858e-44,2.54e-45
451,4452,1.847e-44,2.54e-45
451,4453,1.846e-44,2.54e-45
451,4454,1.85e-44,2.53e-45
451,4455,1.834e-44,2.53e-45
451,4456,1.832e-44,2.53e-45
451,4457,1.833e-44,2.53e-45
451,4458,1.825e-44,2.52e-45
451,4459,1.818e-44,2.52e-45
451,4460,1.82e-44,2.52e-45
451,4461,1.818e-44,2.51e-45
451,4462,1.804e-44,2.52e-45
451,4463,1.783e-44,2.52e-45
451,4464,1.781e-44,2.51e-45
451,4465,1.777e-44,2.51e-45
451,4466,1.777e-44,2.51e-45
451,4467,1.782e-44,2.51e-45
451,4468,1.774e-44,2.51e-45
451,4469,1.768e-44,2.51e-45
451,4470,1.769e-44,2.51e-45
451,4471,1.764e-44,2.5e-45
451,4472,1.761e-44,2.5e-45
451,4473,1.741e-44,2.5e-45
451,4474,1.732e-44,2.5e-45
451,4475,1.738e-44,2.5e-45
451,4476,1.739e-44,2.49e-45
451,4477,1.735e-44,2.49e-45
451,4478,1.733e-44,2.49e-45
451,4479,1.735e-44,2.49e-45
451,4480,1.726e-44,2.49e-45
451,4481,1.715e-44,2.48e-45
451,4482,1.705e-44,2.48e-45
451,4483,1.707e-44,2.48e-45
451,4484,1.691e-44,2.48e-45
451,4485,1.679e-44,2.47e-45
451,4486,1.675e-44,2.47e-45
451,4487,1.665e-44,2.47e-45
451,4488,1.667e-44,2.47e-45
451,4489,1.662e-44,2.47e-45
451,4490,1.66e-44,2.47e-45
451,4491,1.661e-44,2.47e-45
451,4492,1.665e-44,2.46e-45
451,4493,1.653e-44,2.46e-45
451,4494,1.654e-44,2.46e-45
451,4495,1.643e-44,2.46e-45
451,4496,1.639e-44,2.46e-45
451,4497,1.632e-44,2.45e-45
451,4498,1.618e-44,2.45e-45
451,4499,1.605e-44,2.45e-45
451,4500,1.607e-44,2.45e-45
451,4501,1.63e-44,2.45e-45
451,4502,1.622e-44,2.45e-45
451,4503,1.596e-44,2.44e-45
451,4504,1.605e-44,2.44e-45
451,4505,1.607e-44,2.44e-45
451,4506,1.602e-44,2.44e-45
451,4507,1.582e-44,2.44e-45
451,4508,1.565e-44,2.43e-45
451,4509,1.579e-44,2.44e-45
451,4510,1.573e-44,2.43e-45
451,4511,1.569e-44,2.43e-45
451,4512,1.572e-44,2.43e-45
451,4513,1.553e-44,2.43e-45
451,4514,1.553e-44,2.43e-45
451,4515,1.548e-44,2.43e-45
451,4516,1.537e-44,2.42e-45
451,4517,1.538e-44,2.42e-45
451,4518,1.543e-44,2.42e-45
451,4519,1.541e-44,2.42e-45
451,4520,1.539e-44,2.42e-45
451,4521,1.526e-44,2.41e-45
451,4522,1.51e-44,2.41e-45
451,4523,1.51e-44,2.41e-45
451,4524,1.493e-44,2.41e-45
451,4525,1.492e-44,2.41e-45
451,4526,1.498e-44,2.4e-45
451,4527,1.493e-44,2.4e-45
451,4528,1.487e-44,2.4e-45
451,4529,1.477e-44,2.4e-45
451,4530,1.475e-44,2.4e-45
451,4531,1.456e-44,2.39e-45
451,4532,1.46e-44,2.39e-45
451,4533,1.463e-44,2.39e-45
451,4534,1.462e-44,2.39e-45
451,4535,1.463e-44,2.39e-45
451,4536,1.461e-44,2.39e-45
451,4537,1.453e-44,2.39e-45
451,4538,1.428e-44,2.38e-45
451,4539,1.427e-44,2.38e-45
451,4540,1.43e-44,2.38e-45
451,4541,1.423e-44,2.38e-45
451,4542,1.426e-44,2.38e-45
451,4543,1.423e-44,2.37e-45
451,4544,1.402e-44,2.37e-45
451,4545,1.399e-44,2.37e-45
451,4546,1.399e-44,2.37e-45
451,4547,1.394e-44,2.37e-45
451,4548,1.403e-44,2.37e-45
451,4549,1.39e-44,2.37e-45
451,4550,1.381e-44,2.37e-45
451,4551,1.385e-44,2.37e-45
451,4552,1.379e-44,2.36e-45
451,4553,1.372e-44,2.36e-45
451,4554,1.364e-44,2.36e-45
451,4555,1.362e-44,2.36e-45
451,4556,1.366e-44,2.36e-45
451,4557,1.363e-44,2.36e-45
451,4558,1.342e-44,2.35e-45
451,4559,1.347e-44,2.36e-45
451,4560,1.344e-44,2.35e-45
451,4561,1.339e-44,2.35e-45
451,4562,1.335e-44,2.35e-45
451,4563,1.34e-44,2.35e-45
451,4564,1.335e-44,2.35e-45
451,4565,1.342e-44,2.35e-45
451,4566,1.325e-44,2.35e-45
451,4567,1.312e-44,2.34e-45
451,4568,1.303e-44,2.34e-45
451,4569,1.312e-44,2.34e-45
451,4570,1.309e-44,2.34e-45
451,4571,1.313e-44,2.34e-45
451,4572,1.295e-44,2.34e-45
451,4573,1.315e-44,2.34e-45
451,4574,1.307e-44,2.34e-45
451,4575,1.291e-44,2.34e-45
451,4576,1.29e-44,2.33e-45
451,4577,1.297e-44,2.34e-45
451,4578,1.299e-44,2.34e-45
451,4579,1.295e-44,2.33e-45
451,4580,1.283e-44,2.34e-45
451,4581,1.286e-44,2.33e-45
451,4582,1.281e-44,2.33e-45
451,4583,1.282e-44,2.33e-45
451,4584,1.297e-44,2.34e-45
451,4585,1.273e-44,2.33e-45
451,4586,1.275e-44,2.33e-45
451,4587,1.268e-44,2.33e-45
451,4588,1.255e-44,2.33e-45
451,4589,1.257e-44,2.33e-45
451,4590,1.26e-44,2.33e-45
451,4591,1.265e-44,2.33e-45
451,4592,1.265e-44,2.33e-45
451,4593,1.258e-44,2.33e-45
451,4594,1.257e-44,2.33e-45
451,4595,1.255e-44,2.33e-45
451,4596,1.256e-44,2.33e-45
451,4597,1.254e-44,2.33e-45
451,4598,1.238e-44,2.33e-45
451,4599,1.25e-44,2.33e-45
451,4600,1.234e-44,2.33e-45
451,4601,1.237e-44,2.33e-45
451,4602,1.246e-44,2.34e-45
451,4603,1.249e-44,2.33e-45
451,4604,1.252e-44,2.33e-45
451,4605,1.252e-44,2.33e-45
451,4606,1.255e-44,2.33e-45
451,4607,1.25e-44,2.34e-45
451,4608,1.234e-44,2.34e-45
451,4609,1.235e-44,2.33e-45
451,4610,1.246e-44,2.34e-45
451,4611,1.248e-44,2.34e-45
451,4612,1.245e-44,2.34e-45
451,4613,1.229e-44,2.33e-45
451,4614,1.227e-44,2.33e-45
451,4615,1.242e-44,2.34e-45
451,4616,1.256e-44,2.34e-45
451,4617,1.257e-44,2.34e-45
451,4618,1.244e-44,2.34e-45
451,4619,1.249e-44,2.34e-45
451,4620,1.265e-44,2.34e-45
451,4621,1.254e-44,2.34e-45
451,4622,1.251e-44,2.34e-45
451,4623,1.245e-44,2.34e-45
451,4624,1.256e-44,2.34e-45
451,4625,1.264e-44,2.35e-45
451,4626,1.244e-44,2.35e-45
451,4627,1.255e-44,2.35e-45
451,4628,1.277e-44,2.35e-45
451,4629,1.272e-44,2.35e-45
451,4630,1.261e-44,2.35e-45
451,4631,1.266e-44,2.35e-45
451,4632,1.276e-44,2.35e-45
451,4633,1.282e-44,2.36e-45
451,4634,1.283e-44,2.36e-45
451,4635,1.273e-44,2.36e-45
451,4636,1.287e-44,2.36e-45
451,4637,1.305e-44,2.37e-45
451,4638,1.295e-44,2.37e-45
451,4639,1.278e-44,2.37e-45
451,4640,1.278e-44,2.37e-45
451,4641,1.282e-44,2.37e-45
451,4642,1.302e-44,2.37e-45
451,4643,1.303e-44,2.37e-45
451,4644,1.299e-44,2.37e-45
451,4645,1.311e-44,2.38e-45
451,4646,1.321e-44,2.38e-45
451,4647,1.317e-44,2.38e-45
451,4648,1.326e-44,2.38e-45
451,4649,1.336e-44,2.39e-45
451,4650,1.328e-44,2.39e-45
451,4651,1.339e-44,2.39e-45
451,4652,1.366e-44,2.4e-45
451,4653,1.378e-44,2.4e-45
451,4654,1.39e-44,2.4e-45
451,4655,1.397e-44,2.41e-45
451,4656,1.403e-44,2.41e-45
451,4657,1.413e-44,2.41e-45
451,4658,1.426e-44,2.41e-45
451,4659,1.437e-44,2.42e-45
451,4660,1.416e-44,2.42e-45
451,4661,1.439e-44,2.42e-45
451,4662,1.478e-44,2.42e-45
451,4663,1.399e-44,2.41e-45
451,4664,1.408e-44,2.41e-45
451,4665,1.442e-44,2.42e-45
451,4666,1.461e-44,2.43e-45
451,4667,1.452e-44,2.43e-45
451,4668,1.47e-44,2.43e-45
451,4669,1.476e-44,2.43e-45
451,4670,1.49e-44,2.44e-45
451,4671,1.482e-44,2.44e-45
451,4672,1.487e-44,2.44e-45
451,4673,1.499e-44,2.44e-45
451,4674,1.502e-44,2.45e-45
451,4675,1.512e-44,2.45e-45
451,4676,1.525e-44,2.45e-45
451,4677,1.539e-44,2.45e-45
451,4678,1.536e-44,2.46e-45
451,4679,1.53e-44,2.46e-45
451,4680,1.544e-44,2.46e-45
451,4681,1.56e-44,2.46e-45
451,4682,1.573e-44,2.47e-45
451,4683,1.579e-44,2.46e-45
451,4684,1.579e-44,2.47e-45
451,4685,1.584e-44,2.47e-45
451,4686,1.581e-44,2.47e-45
451,4687,1.599e-44,2.48e-45
451,4688,1.602e-44,2.47e-45
451,4689,1.61e-44,2.48e-45
451,4690,1.613e-44,2.48e-45
451,4691,1.637e-44,2.48e-45
451,4692,1.64e-44,2.49e-45
451,4693,1.635e-44,2.49e-45
451,4694,1.637e-44,2.49e-45
451,4695,1.638e-44,2.49e-45
451,4696,1.654e-44,2.49e-45
451,4697,1.655e-44,2.49e-45
451,4698,1.672e-44,2.49e-45
451,4699,1.69e-44,2.5e-45
451,4700,1.682e-44,2.5e-45
451,4701,1.687e-44,2.5e-45
451,4702,1.689e-44,2.5e-45
451,4703,1.689e-44,2.51e-45
451,4704,1.676e-44,2.5e-45
451,4705,1.675e-44,2.5e-45
451,4706,1.67e-44,2.5e-45
451,4707,1.654e-44,2.5e-45
451,4708,1.673e-44,2.5e-45
451,4709,1.667e-44,2.51e-45
451,4710,1.662e-44,2.5e-45
451,4711,1.647e-44,2.51e-45
451,4712,1.619e-44,2.5e-45
451,4713,1.605e-44,2.5e-45
451,4714,1.658e-44,2.51e-45
451,4715,1.655e-44,2.5e-45
451,4716,1.662e-44,2.51e-45
451,4717,1.639e-44,2.5e-45
451,4718,1.649e-44,2.51e-45
451,4719,1.646e-44,2.51e-45
451,4720,1.67e-44,2.51e-45
451,4721,1.635e-44,2.5e-45
451,4722,1.656e-44,2.51e-45
451,4723,1.63e-44,2.5e-45
451,4724,1.631e-44,2.5e-45
451,4725,1.634e-44,2.5e-45
451,4726,1.641e-44,2.5e-45
451,4727,1.642e-44,2.51e-45
451,4728,1.612e-44,2.5e-45
451,4729,1.632e-44,2.5e-45
451,4730,1.605e-44,2.5e-45
451,4731,1.601e-44,2.49e-45
451,4732,1.614e-44,2.5e-45
451,4733,1.694e-44,2.52e-45
451,4734,1.611e-44,2.49e-45
451,4735,1.57e-44,2.48e-45
451,4736,1.574e-44,2.49e-45
451,4737,1.583e-44,2.49e-45
451,4738,1.585e-44,2.48e-45
451,4739,1.574e-44,2.48e-45
451,4740,1.554e-44,2.47e-45
451,4741,1.539e-44,2.47e-45
451,4742,1.55e-44,2.47e-45
451,4743,1.536e-44,2.47e-45
451,4744,1.529e-44,2.47e-45
451,4745,1.511e-44,2.46e-45
451,4746,1.514e-44,2.46e-45
451,4747,1.488e-44,2.45e-45
451,4748,1.5e-44,2.45e-45
451,4749,1.491e-44,2.45e-45
451,4750,1.489e-44,2.45e-45
451,4751,1.468e-44,2.44e-45
451,4752,1.454e-44,2.41e-45
451,4753,1.469e-44,3.33e-45
451,4754,1.423e-44,2.81e-45
451,4755,1.469e-44,3.58e-45
451,4756,1.42e-44,2.69e-45
451,4757,1.413e-44,4.16e-45
451,4758,1.379e-44,3.41e-45
451,4759,1.414e-44,3.54e-45
451,4760,1.395e-44,3.31e-45
451,4761,1.388e-44,2.83e-45
451,4762,1.384e-44,3.96e-45
451,4763,1.362e-44,3.03e-45
451,4764,1.379e-44,5.02e-45
451,4765,1.356e-44,4.03e-45
451,4766,1.347e-44,7.12e-45
451,4767,1.448e-44,5.27e-45
451,4768,1.717e-44,2.14e-45
451,4769,1.487e-44,3.56e-45
451,5599,0,1.66e-45
451,5600,0,1.67e-45
451,5601,0,1.65e-45
451,5602,0,1.66e-45
451,5603,0,1.66e-45
451,5604,0,1.66e-45
451,5605,0,1.66e-45
451,5606,0,1.66e-45
451,5607,0,1.66e-45
451,5608,0,1.65e-45
451,5609,0,1.65e-45
451,5610,0,1.65e-45
451,5611,0,1.65e-45
451,5612,0,1.66e-45
451,5613,-0,1.66e-45
451,5614,0,1.65e-45
451,5615,0,1.65e-45
451,5616,0,1.66e-45
451,5617,0,1.66e-45
451,5618,0,1.65e-45
451,5619,0,1.65e-45
451,5620,0,1.65e-45
451,5621,0,1.65e-45
451,5622,5e-47,1.66e-45
451,5623,0,1.66e-45
451,5624,0,1.65e-45
451,5625,0,1.64e-45
451,5626,0,1.65e-45
451,5627,0,1.65e-45
451,5628,0,1.66e-45
451,5629,0,1.65e-45
451,5630,0,1.65e-45
451,5631,0,1.65e-45
451,5632,0,1.65e-45
451,5633,0,1.65e-45
451,5634,0,1.65e-45
451,5635,0,1.65e-45
451,5636,0,1.65e-45
451,5637,0,1.65e-45
451,5638,0,1.64e-45
451,5639,0,1.65e-45
451,5640,0,1.65e-45
451,5641,0,1.65e-45
451,5642,0,1.65e-45
451,5643,0,1.65e-45
451,5644,0,1.64e-45
451,5645,0,1.64e-45
451,5646,0,1.64e-45
451,5647,0,1.65e-45
451,5648,0,1.65e-45
451,5649,0,1.65e-45
451,5650,0,1.64e-45
451,5651,0,1.65e-45
451,5652,0,1.64e-45
451,5653,0,1.65e-45
451,5654,0,1.65e-45
451,5655,0,1.65e-45
451,5656,0,1.65e-45
451,5657,0,1.64e-45
451,5658,0,1.64e-45
451,5659,0,1.64e-45
451,5660,0,1.64e-45
451,5661,0,1.64e-45
451,5662,0,1.65e-45
451,5663,0,1.65e-45
451,5664,0,1.64e-45
451,5665,0,1.63e-45
451,5666,0,1.65e-45
451,5667,0,1.64e-45
451,5668,0,1.65e-45
451,5669,0,1.64e-45
451,5670,0,1.64e-45
451,5671,0,1.64e-45
451,5672,0,1.65e-45
451,5673,0,1.65e-45
451,5674,0,1.65e-45
451,5675,0,1.64e-45
451,5676,0,1.64e-45
451,5677,0,1.65e-45
451,5678,0,1.64e-45
451,5679,0,1.64e-45
451,5680,0,1.64e-45
451,5681,0,1.64e-45
451,5682,0,1.65e-45
451,5683,0,1.65e-45
451,5684,0,1.64e-45
451,5685,0,1.64e-45
451,5686,0,1.65e-45
451,5687,0,1.64e-45
451,5688,0,1.65e-45
451,5689,0,1.65e-45
451,5690,0,1.65e-45
451,5691,0,1.65e-45
451,5692,0,1.65e-45
451,5693,0,1.64e-45
451,5694,0,1.64e-45
451,5695,0,1.64e-45
451,5696,0,1.64e-45
451,5697,0,1.64e-45
451,5698,0,1.65e-45
451,5699,0,1.65e-45
451,5700,0,1.65e-45
451,5701,0,1.63e-45
451,5702,0,1.64e-45
451,5703,0,1.64e-45
451,5704,0,1.64e-45
451,5705,0,1.64e-45
451,5706,0,1.63e-45
451,5707,0,1.64e-45
451,5708,0,1.64e-45
451,5709,0,1.64e-45
451,5710,0,1.63e-45
451,5711,0,1.64e-45
451,5712,0,1.65e-45
451,5713,0,1.64e-45
451,5714,0,1.64e-45
451,5715,0,1.63e-45
451,5716,0,1.64e-45
451,5717,0,1.65e-45
451,5718,0,1.65e-45
451,5719,0,1.65e-45
451,5720,0,1.64e-45
451,5721,0,1.63e-45
451,5722,0,1.62e-45
451,5723,0,1.63e-45
451,5724,0,1.65e-45
451,5725,0,1.65e-45
451,5726,0,1.65e-45
451,5727,0,1.63e-45
451,5728,0,1.64e-45
451,5729,0,1.65e-45
451,5730,0,1.64e-45
451,5731,0,1.64e-45
451,5732,0,1.63e-45
451,5733,0,1.63e-45
451,5734,0,1.64e-45
451,5735,0,1.64e-45
451,5736,0,1.65e-45
451,5737,0,1.65e-45
451,5738,0,1.63e-45
451,5739,0,1.64e-45
451,5740,0,1.63e-45
451,5741,0,1.62e-45
451,5742,0,1.63e-45
451,5743,0,1.64e-45
451,5744,0,1.64e-45
451,5745,0,1.63e-45
451,5746,0,1.63e-45
451,5747,0,1.64e-45
451,5748,0,1.65e-45
451,5749,0,1.66e-45
451,5750,0,1.64e-45
451,5751,0,1.63e-45
451,5752,0,1.63e-45
451,5753,0,1.63e-45
451,5754,0,1.65e-45
451,5755,0,1.63e-45
451,5756,0,1.63e-45
451,5757,0,1.63e-45
451,5758,0,1.64e-45
451,5759,0,1.64e-45
451,5760,0,1.63e-45
451,5761,0,1.64e-45
451,5762,0,1.64e-45
451,5763,0,1.65e-45
451,5764,0,1.64e-45
451,5765,0,1.63e-45
451,5766,0,1.63e-45
451,5767,0,1.63e-45
451,5768,0,1.64e-45
451,5769,0,1.63e-45
451,5770,0,1.64e-45
451,5771,0,1.64e-45
451,5772,0,1.64e-45
451,5773,0,1.65e-45
451,5774,0,1.63e-45
451,5775,0,1.62e-45
451,5776,0,1.63e-45
451,5777,0,1.63e-45
451,5778,0,1.64e-45
451,5779,0,1.63e-45
451,5780,0,1.63e-45
451,5781,0,1.64e-45
451,5782,0,1.64e-45
451,5783,0,1.63e-45
451,5784,0,1.63e-45
451,5785,0,1.64e-45
451,5786,0,1.63e-45
451,5787,0,1.64e-45
451,5788,0,1.63e-45
451,5789,0,1.64e-45
451,5790,0,1.63e-45
451,5791,0,1.63e-45
451,5792,0,1.63e-45
451,5793,0,1.64e-45
451,5794,0,1.64e-45
451,5795,0,1.63e-45
451,5796,0,1.64e-45
451,5797,0,1.63e-45
451,5798,0,1.64e-45
451,5799,0,1.63e-45
451,5800,0,1.64e-45
451,5801,0,1.62e-45
451,5802,0,1.63e-45
451,5803,0,1.63e-45
451,5804,0,1.63e-45
451,5805,0,1.63e-45
451,5806,0,1.62e-45
451,5807,0,1.63e-45
451,5808,0,1.63e-45
451,5809,0,1.63e-45
451,5810,0,1.64e-45
451,5811,0,1.63e-45
451,5812,0,1.63e-45
451,5813,0,1.63e-45
451,5814,0,1.63e-45
451,5815,0,1.63e-45
451,5816,0,1.63e-45
451,5817,0,1.64e-45
451,5818,0,1.63e-45
451,5819,0,1.63e-45
451,5820,0,1.63e-45
451,5821,0,1.63e-45
451,5822,0,1.64e-45
451,5823,0,1.63e-45
451,5824,0,1.63e-45
451,5825,0,1.63e-45
451,5826,0,1.63e-45
451,5827,0,1.63e-45
451,5828,0,1.63e-45
451,5829,0,1.63e-45
451,5830,0,1.64e-45
451,5831,0,1.64e-45
451,5832,0,1.62e-45
451,5833,0,1.62e-45
451,5834,0,1.63e-45
451,5835,0,1.64e-45
451,5836,0,1.64e-45
451,5837,0,1.64e-45
451,5838,0,1.63e-45
451,5839,0,1.62e-45
451,5840,0,1.62e-45
451,5841,0,1.63e-45
451,5842,0,1.63e-45
451,5843,0,1.63e-45
451,5844,0,1.63e-45
451,5845,0,1.63e-45
451,5846,0,1.64e-45
451,5847,0,1.64e-45
451,5848,0,1.63e-45
451,5849,0,1.63e-45
451,5850,0,1.63e-45
451,5851,0,1.63e-45
451,5852,0,1.63e-45
451,5853,0,1.63e-45
451,5854,0,1.64e-45
451,5855,0,1.63e-45
451,5856,0,1.64e-45
451,5857,0,1.63e-45
451,5858,0,1.64e-45
451,5859,0,1.63e-45
451,5860,0,1.63e-45
451,5861,0,1.64e-45
451,5862,0,1.63e-45
451,5863,0,1.62e-45
451,5864,0,1.63e-45
451,5865,0,1.63e-45
451,5866,0,1.64e-45
451,5867,0,1.63e-45
451,5868,0,1.64e-45
451,5869,0,1.64e-45
451,5870,0,1.63e-45
451,5871,0,1.63e-45
451,5872,0,1.63e-45
451,5873,0,1.63e-45
451,5874,0,1.63e-45
451,5875,0,1.63e-45
451,5876,0,1.63e-45
451,5877,0,1.62e-45
451,5878,0,1.64e-45
451,5879,0,1.64e-45
451,5880,0,1.63e-45
451,5881,0,1.63e-45
451,5882,0,1.63e-45
451,5883,0,1.62e-45
451,5884,0,1.64e-45
451,5885,0,1.63e-45
451,5886,0,1.63e-45
451,5887,0,1.62e-45
451,5888,0,1.64e-45
451,5889,0,1.65e-45
451,5890,0,1.64e-45
451,5891,0,1.62e-45
451,5892,0,1.63e-45
451,5893,0,1.62e-45
451,5894,0,1.61e-45
451,5895,0,1.63e-45
451,5896,0,1.63e-45
451,5897,0,1.62e-45
451,5898,0,1.62e-45
451,5899,0,1.63e-45
451,5900,0,1.63e-45
451,5901,0,1.64e-45
451,5902,0,1.63e-45
451,5903,0,1.63e-45
451,5904,0,1.62e-45
451,5905,0,1.62e-45
451,5906,0,1.62e-45
451,5907,0,1.63e-45
451,5908,0,1.63e-45
451,5909,0,1.63e-45
451,5910,0,1.64e-45
451,5911,0,1.63e-45
451,5912,0,1.63e-45
451,5913,0,1.63e-45
451,5914,0,1.63e-45
451,5915,0,1.63e-45
451,5916,0,1.64e-45
451,5917,0,1.63e-45
451,5918,0,1.62e-45
451,5919,0,1.63e-45
451,5920,0,1.63e-45
451,5921,0,1.63e-45
451,5922,0,1.62e-45
451,5923,0,1.62e-45
451,5924,0,1.62e-45
451,5925,0,1.63e-45
451,5926,0,1.63e-45
451,5927,0,1.62e-45
451,5928,0,1.62e-45
451,5929,0,1.63e-45
451,5930,0,1.63e-45
451,5931,0,1.63e-45
451,5932,0,1.63e-45
451,5933,0,1.63e-45
451,5934,0,1.63e-45
451,5935,0,1.63e-45
451,5936,0,1.63e-45
451,5937,0,1.63e-45
451,5938,0,1.63e-45
451,5939,0,1.62e-45
451,5940,0,1.62e-45
451,5941,0,1.62e-45
451,5942,0,1.63e-45
451,5943,0,1.62e-45
451,5944,0,1.62e-45
451,5945,0,1.62e-45
451,5946,0,1.62e-45
451,5947,0,1.63e-45
451,5948,0,1.63e-45
451,5949,0,1.63e-45
451,5950,0,1.63e-45
451,5951,0,1.62e-45
451,5952,0,1.62e-45
451,5953,0,1.62e-45
451,5954,0,1.62e-45
451,5955,0,1.63e-45
451,5956,0,1.63e-45
451,5957,0,1.62e-45
451,5958,0,1.62e-45
451,5959,0,1.63e-45
451,5960,0,1.62e-45
451,5961,0,1.62e-45
451,5962,0,1.62e-45
498,3193,0,2.46e-45
498,3194,0,2.45e-45
498,3195,0,2.45e-45
498,3196,0,2.46e-45
498,3197,0,2.47e-45
498,3198,0,2.48e-45
498,3199,0,2.47e-45
498,3200,0,2.46e-45
498,3201,0,2.46e-45
498,3202,0,2.47e-45
498,3203,0,2.47e-45
498,3204,0,2.47e-45
498,3205,0,2.45e-45
498,3206,0,2.45e-45
498,3207,0,2.45e-45
498,3208,0,2.46e-45
498,3209,0,2.48e-45
498,3210,0,2.48e-45
498,3211,0,2.47e-45
498,3212,0,2.46e-45
498,3213,0,2.47e-45
498,3214,0,2.48e-45
498,3215,0,2.48e-45
498,3216,0,2.47e-45
498,3217,0,2.47e-45
498,3218,0,2.47e-45
498,3219,0,2.49e-45
498,3220,0,2.49e-45
498,3221,0,2.48e-45
498,3222,0,2.47e-45
498,3223,0,2.46e-45
498,3224,0,2.46e-45
498,3225,0,2.47e-45
498,3226,0,2.47e-45
498,3227,0,2.48e-45
498,3228,0,2.49e-45
498,3229,0,2.5e-45
498,3230,0,2.52e-45
498,3231,0,2.52e-45
498,3232,0,2.5e-45
498,3233,0,2.49e-45
498,3234,0,2.48e-45
498,3235,0,2.47e-45
498,3236,0,2.48e-45
498,3237,0,2.48e-45
498,3238,0,2.47e-45
498,3239,0,2.47e-45
498,3240,0,2.48e-45
498,3241,0,2.47e-45
498,3242,0,2.48e-45
498,3243,0,2.48e-45
498,3244,0,2.49e-45
498,3245,0,2.51e-45
498,3246,0,2.5e-45
498,3247,0,2.49e-45
498,3248,0,2.48e-45
498,3249,0,2.47e-45
498,3250,0,2.47e-45
498,3251,0,2.47e-45
498,3252,0,2.48e-45
498,3253,0,2.49e-45
498,3254,0,2.51e-45
498,3255,0,2.51e-45
498,3256,0,2.53e-45
498,3257,0,2.52e-45
498,3258,0,2.51e-45
498,3259,0,2.49e-45
498,3260,0,2.49e-45
498,3261,0,2.49e-45
498,3262,0,2.48e-45
498,3263,0,2.48e-45
498,3264,0,2.49e-45
498,3265,0,2.49e-45
498,3266,0,2.49e-45
498,3267,0,2.48e-45
498,3268,0,2.48e-45
498,3269,0,2.48e-45
498,3270,0,2.49e-45
498,3271,0,2.5e-45
498,3272,0,2.5e-45
498,3273,0,2.52e-45
498,3274,0,2.54e-45
498,3275,0,2.53e-45
498,3276,0,2.54e-45
498,3277,0,2.54e-45
498,3278,0,2.52e-45
498,3279,0,2.53e-45
498,3280,0,2.51e-45
498,3281,0,2.5e-45
498,3282,0,2.53e-45
498,3283,0,2.61e-45
498,3284,0,2.6e-45
498,3996,2.531e-44,3.38e-45
498,3997,2.406e-44,3.27e-45
498,3998,2.408e-44,3.25e-45
498,3999,2.428e-44,3.21e-45
498,4000,2.449e-44,3.17e-45
498,4001,2.469e-44,3.05e-45
498,4002,2.489e-44,2.99e-45
498,4003,2.509e-44,2.96e-45
498,4004,2.53e-44,3.13e-45
498,4005,2.55e-44,3.28e-45
498,4006,2.57e-44,3.32e-45
498,4007,2.59e-44,3.33e-45
498,4008,2.62e-44,3.39e-45
498,4009,2.677e-44,3.4e-45
498,4010,2.688e-44,3.35e-45
498,4011,2.677e-44,3.35e-45
498,4012,2.685e-44,3.35e-45
498,4013,2.707e-44,3.3e-45
498,4014,2.729e-44,3.26e-45
498,4015,2.75e-44,3.25e-45
498,4016,2.772e-44,3.2e-45
498,4017,2.794e-44,3.19e-45
498,4018,2.816e-44,3.27e-45
498,4019,2.837e-44,3.34e-45
498,4020,2.859e-44,3.37e-45
498,4021,2.881e-44,3.39e-45
498,4022,2.903e-44,3.4e-45
498,4023,2.93e-44,1.04e-44
498,4024,3.01e-44,1.04e-44
498,4025,3.11e-44,1.04e-44
498,4026,3.19e-44,1.04e-44
498,4027,3.37e-44,1.04e-44
498,4028,3.89e-44,1.04e-44
498,4029,3.29e-44,1.04e-44
498,4030,2.9e-44,1.04e-44
498,4031,3.08e-44,1.04e-44
498,4032,3.19e-44,1.04e-44
498,4033,3.277e-44,3.52e-45
498,4034,3.311e-44,3.52e-45
498,4035,3.345e-44,3.54e-45
498,4036,3.378e-44,3.5e-45
498,4037,3.412e-44,3.48e-45
498,4038,3.445e-44,3.45e-45
498,4039,3.479e-44,3.47e-45
498,4040,3.513e-44,3.46e-45
498,4041,3.546e-44,3.52e-45
498,4042,3.58e-44,3.57e-45
498,4043,3.614e-44,3.58e-45
498,4044,3.647e-44,3.6e-45
498,4045,3.681e-44,3.64e-45
498,4046,3.715e-44,3.61e-45
498,4047,3.748e-44,3.63e-45
498,4048,3.782e-44,3.66e-45
498,4049,3.824e-44,3.67e-45
498,4050,3.883e-44,3.7e-45
498,4051,3.923e-44,3.72e-45
498,4052,3.937e-44,3.72e-45
498,4053,3.956e-44,3.72e-45
498,4054,3.994e-44,3.72e-45
498,4055,4.053e-44,3.74e-45
498,4056,4.073e-44,3.74e-45
498,4057,4.088e-44,3.75e-45
498,4058,4.141e-44,3.77e-45
498,4059,4.186e-44,3.79e-45
498,4060,4.253e-44,3.83e-45
498,4061,4.293e-44,3.84e-45
498,4062,4.317e-44,3.84e-45
498,4063,4.346e-44,3.84e-45
498,4064,4.368e-44,3.84e-45
498,4065,4.411e-44,3.85e-45
498,4066,4.451e-44,3.86e-45
498,4067,4.482e-44,3.87e-45
498,4068,4.512e-44,3.88e-45
498,4069,4.556e-44,3.89e-45
498,4070,4.606e-44,3.91e-45
498,4071,4.651e-44,3.93e-45
498,4072,4.698e-44,3.94e-45
498,4073,4.737e-44,3.94e-45
498,4074,4.776e-44,3.89e-45
498,4075,4.815e-44,3.9e-45
498,4076,4.855e-44,3.91e-45
498,4077,4.894e-44,3.95e-45
498,4078,4.933e-44,3.98e-45
498,4079,4.972e-44,4.05e-45
498,4080,5.012e-44,4.04e-45
498,4081,5.051e-44,4.05e-45
498,4082,5.09e-44,4.07e-45
498,4083,5.135e-44,4.08e-45
498,4084,5.189e-44,4.09e-45
498,4085,5.228e-44,4.11e-45
498,4086,5.276e-44,4.13e-45
498,4087,5.337e-44,4.17e-45
498,4088,5.386e-44,4.22e-45
498,4089,5.43e-44,4.2e-45
498,4090,5.416e-44,4.17e-45
498,4091,5.432e-44,4.18e-45
498,4092,5.473e-44,4.19e-45
498,4093,5.526e-44,4.2e-45
498,4094,5.546e-44,4.21e-45
498,4095,5.565e-44,4.22e-45
498,4096,5.617e-44,4.23e-45
498,4097,5.658e-44,4.24e-45
498,4098,5.703e-44,4.26e-45
498,4099,5.721e-44,4.26e-45
498,4100,5.758e-44,4.28e-45
498,4101,5.795e-44,4.29e-45
498,4102,5.829e-44,4.3e-45
498,4103,5.861e-44,4.31e-45
498,4104,5.895e-44,4.32e-45
498,4105,5.928e-44,4.33e-45
498,4106,5.961e-44,4.36e-45
498,4107,5.994e-44,4.34e-45
498,4108,6.027e-44,4.33e-45
498,4109,6.06e-44,4.31e-45
498,4110,6.093e-44,4.36e-45
498,4111,6.126e-44,4.35e-45
498,4112,6.159e-44,4.39e-45
498,4113,6.192e-44,4.41e-45
498,4114,6.225e-44,4.42e-45
498,4115,6.258e-44,4.44e-45
498,4116,6.287e-44,4.45e-45
498,4117,6.324e-44,4.47e-45
498,4118,6.342e-44,4.48e-45
498,4119,6.377e-44,4.49e-45
498,4120,6.426e-44,4.5e-45
498,4121,6.448e-44,4.51e-45
498,4122,6.459e-44,4.51e-45
498,4123,6.486e-44,4.52e-45
498,4124,6.479e-44,4.52e-45
498,4125,6.392e-44,4.49e-45
498,4126,6.332e-44,4.45e-45
498,4127,6.484e-44,4.51e-45
498,4128,6.574e-44,4.55e-45
498,4129,6.627e-44,4.57e-45
498,4130,6.649e-44,4.58e-45
498,4131,6.694e-44,4.59e-45
498,4132,6.748e-44,4.62e-45
498,4133,6.796e-44,4.66e-45
498,4134,6.825e-44,4.68e-45
498,4135,6.794e-44,4.66e-45
498,4136,6.785e-44,4.63e-45
498,4137,6.818e-44,4.64e-45
498,4138,6.86e-44,4.67e-45
498,4139,6.884e-44,4.69e-45
498,4140,6.895e-44,4.68e-45
498,4141,6.91e-44,4.67e-45
498,4142,6.925e-44,4.68e-45
498,4143,6.939e-44,4.72e-45
498,4144,6.954e-44,4.69e-45
498,4145,6.974e-44,4.7e-45
498,4146,6.983e-44,4.71e-45
498,4147,7.011e-44,4.71e-45
498,4148,7.045e-44,4.71e-45
498,4149,7.033e-44,4.72e-45
498,4150,7.028e-44,4.72e-45
498,4151,7.041e-44,4.72e-45
498,4152,7.052e-44,4.72e-45
498,4153,7.04e-44,4.73e-45
498,4154,6.911e-44,4.68e-45
498,4155,6.577e-44,4.53e-45
498,4156,6.742e-44,4.59e-45
498,4157,6.998e-44,4.7e-45
498,4158,7.063e-44,4.74e-45
498,4159,7.085e-44,4.76e-45
498,4160,7.065e-44,4.75e-45
498,4161,6.999e-44,4.71e-45
498,4162,7.02e-44,4.72e-45
498,4163,7.045e-44,4.73e-45
498,4164,7.034e-44,4.73e-45
498,4165,7.027e-44,4.73e-45
498,4166,7.026e-44,4.73e-45
498,4167,7.018e-44,4.73e-45
498,4168,6.992e-44,4.72e-45
498,4169,7.002e-44,4.73e-45
498,4170,6.998e-44,4.73e-45
498,4171,6.986e-44,4.73e-45
498,4172,6.977e-44,4.72e-45
498,4173,6.968e-44,4.69e-45
498,4174,6.958e-44,4.71e-45
498,4175,6.949e-44,4.71e-45
498,4176,6.939e-44,4.72e-45
498,4177,6.933e-44,4.72e-45
498,4178,6.927e-44,4.71e-45
498,4179,6.916e-44,4.71e-45
498,4180,6.907e-44,4.71e-45
498,4181,6.912e-44,4.73e-45
498,4182,6.911e-44,4.73e-45
498,4183,6.872e-44,4.71e-45
498,4184,6.855e-44,4.7e-45
498,4185,6.845e-44,4.69e-45
498,4186,6.846e-44,4.7e-45
498,4187,6.845e-44,4.71e-45
498,4188,6.843e-44,4.71e-45
498,4189,6.809e-44,4.69e-45
498,4190,6.782e-44,4.69e-45
498,4191,6.751e-44,4.68e-45
498,4192,6.745e-44,4.67e-45
498,4193,6.715e-44,4.67e-45
498,4194,6.71e-44,4.68e-45
498,4195,6.677e-44,4.67e-45
498,4196,6.653e-44,4.65e-45
498,4197,6.623e-44,4.64e-45
498,4198,6.585e-44,4.63e-45
498,4199,6.563e-44,4.63e-45
498,4200,6.539e-44,4.61e-45
498,4201,6.515e-44,4.6e-45
498,4202,6.491e-44,4.59e-45
498,4203,6.468e-44,4.58e-45
498,4204,6.444e-44,4.59e-45
498,4205,6.42e-44,4.57e-45
498,4206,6.396e-44,4.56e-45
498,4207,6.373e-44,4.57e-45
498,4208,6.333e-44,4.57e-45
498,4209,6.306e-44,4.55e-45
498,4210,6.267e-44,4.54e-45
498,4211,6.261e-44,4.54e-45
498,4212,6.244e-44,4.53e-45
498,4213,6.184e-44,4.52e-45
498,4214,6.171e-44,4.52e-45
498,4215,6.175e-44,4.52e-45
498,4216,6.148e-44,4.51e-45
498,4217,6.112e-44,4.51e-45
498,4218,6.098e-44,4.5e-45
498,4219,6.055e-44,4.49e-45
498,4220,6.018e-44,4.47e-45
498,4221,5.981e-44,4.47e-45
498,4222,5.937e-44,4.46e-45
498,4223,5.925e-44,4.45e-45
498,4224,5.878e-44,4.44e-45
498,4225,5.853e-44,4.43e-45
498,4226,5.837e-44,4.42e-45
498,4227,5.802e-44,4.41e-45
498,4228,5.762e-44,4.4e-45
498,4229,5.73e-44,4.38e-45
498,4230,5.699e-44,4.36e-45
498,4231,5.667e-44,4.36e-45
498,4232,5.635e-44,4.36e-45
498,4233,5.603e-44,4.35e-45
498,4234,5.561e-44,4.35e-45
498,4235,5.509e-44,4.34e-45
498,4236,5.482e-44,4.33e-45
498,4237,5.453e-44,4.31e-45
498,4238,5.428e-44,4.31e-45
498,4239,5.404e-44,4.31e-45
498,4240,5.38e-44,4.3e-45
498,4241,5.333e-44,4.29e-45
498,4242,5.309e-44,4.28e-45
498,4243,5.278e-44,4.27e-45
498,4244,5.256e-44,4.26e-45
498,4245,5.209e-44,4.25e-45
498,4246,5.173e-44,4.24e-45
498,4247,5.14e-44,4.23e-45
498,4248,5.112e-44,4.22e-45
498,4249,5.086e-44,4.21e-45
498,4250,5.071e-44,4.21e-45
498,4251,5.043e-44,4.21e-45
498,4252,5.003e-44,4.2e-45
498,4253,4.972e-44,4.19e-45
498,4254,4.959e-44,4.17e-45
498,4255,4.908e-44,4.17e-45
498,4256,4.894e-44,4.17e-45
498,4257,4.862e-44,4.16e-45
498,4258,4.825e-44,4.14e-45
498,4259,4.808e-44,4.13e-45
498,4260,4.774e-44,4.12e-45
498,4261,4.74e-44,4.11e-45
498,4262,4.681e-44,4.1e-45
498,4263,4.634e-44,4.09e-45
498,4264,4.615e-44,4.08e-45
498,4265,4.589e-44,4.07e-45
498,4266,4.564e-44,4.07e-45
498,4267,4.521e-44,4.06e-45
498,4268,4.492e-44,4.05e-45
498,4269,4.444e-44,4.04e-45
498,4270,4.414e-44,4.03e-45
498,4271,4.419e-44,4.02e-45
498,4272,4.384e-44,4.01e-45
498,4273,4.35e-44,4.01e-45
498,4274,4.314e-44,3.99e-45
498,4275,4.272e-44,3.98e-45
498,4276,4.239e-44,3.98e-45
498,4277,4.204e-44,3.97e-45
498,4278,4.2e-44,3.96e-45
498,4279,4.165e-44,3.96e-45
498,4280,4.146e-44,3.95e-45
498,4281,4.119e-44,3.94e-45
498,4282,4.078e-44,3.93e-45
498,4283,4.042e-44,3.92e-45
498,4284,4.011e-44,3.91e-45
498,4285,3.987e-44,3.9e-45
498,4286,3.963e-44,3.9e-45
498,4287,3.946e-44,3.89e-45
498,4288,3.91e-44,3.88e-45
498,4289,3.897e-44,3.88e-45
498,4290,3.861e-44,3.87e-45
498,4291,3.84e-44,3.86e-45
498,4292,3.79e-44,3.85e-45
498,4293,3.777e-44,3.84e-45
498,4294,3.739e-44,3.83e-45
498,4295,3.735e-44,3.83e-45
498,4296,3.728e-44,3.82e-45
498,4297,3.672e-44,3.81e-45
498,4298,3.637e-44,3.8e-45
498,4299,3.637e-44,3.8e-45
498,4300,3.619e-44,3.79e-45
498,4301,3.57e-44,3.78e-45
498,4302,3.544e-44,3.78e-45
498,4303,3.537e-44,3.77e-45
498,4304,3.527e-44,3.77e-45
498,4305,3.487e-44,3.76e-45
498,4306,3.458e-44,3.75e-45
498,4307,3.446e-44,3.75e-45
498,4308,3.424e-44,3.74e-45
498,4309,3.381e-44,3.73e-45
498,4310,3.368e-44,3.72e-45
498,4311,3.35e-44,3.72e-45
498,4312,3.336e-44,3.71e-45
498,4313,3.312e-44,3.7e-45
498,4314,3.262e-44,3.7e-45
498,4315,3.227e-44,3.69e-45
498,4316,3.199e-44,3.68e-45
498,4317,3.194e-44,3.68e-45
498,4318,3.174e-44,3.67e-45
498,4319,3.129e-44,3.66e-45
498,4320,3.143e-44,3.66e-45
498,4321,3.133e-44,3.66e-45
498,4322,3.09e-44,3.64e-45
498,4323,3.058e-44,3.64e-45
498,4324,3.039e-44,3.63e-45
498,4325,3.033e-44,3.62e-45
498,4326,3e-44,3.62e-45
498,4327,2.986e-44,3.61e-45
498,4328,2.982e-44,3.61e-45
498,4329,2.956e-44,3.6e-45
498,4330,2.91e-44,3.6e-45
498,4331,2.904e-44,3.59e-45
498,4332,2.864e-44,3.59e-45
498,4333,2.86e-44,3.58e-45
498,4334,2.857e-44,3.57e-45
498,4335,2.817e-44,3.56e-45
498,4336,2.8e-44,3.56e-45
498,4337,2.781e-44,3.56e-45
498,4338,2.773e-44,3.55e-45
498,4339,2.769e-44,3.55e-45
498,4340,2.743e-44,3.54e-45
498,4341,2.699e-44,3.53e-45
498,4342,2.676e-44,3.53e-45
498,4343,2.678e-44,3.52e-45
498,4344,2.645e-44,3.52e-45
498,4345,2.622e-44,3.51e-45
498,4346,2.629e-44,3.51e-45
498,4347,2.614e-44,3.5e-45
498,4348,2.615e-44,3.5e-45
498,4349,2.586e-44,3.5e-45
498,4350,2.567e-44,3.49e-45
498,4351,2.539e-44,3.49e-45
498,4352,2.538e-44,3.48e-45
498,4353,2.521e-44,3.48e-45
498,4354,2.504e-44,3.47e-45
498,4355,2.479e-44,3.47e-45
498,4356,2.454e-44,3.46e-45
498,4357,2.444e-44,3.46e-45
498,4358,2.437e-44,3.45e-45
498,4359,2.417e-44,3.45e-45
498,4360,2.409e-44,3.44e-45
498,4361,2.387e-44,3.44e-45
498,4362,2.393e-44,3.44e-45
498,4363,2.378e-44,3.43e-45
498,4364,2.354e-44,3.43e-45
498,4365,2.347e-44,3.42e-45
498,4366,2.33e-44,3.42e-45
498,4367,2.321e-44,3.41e-45
498,4368,2.293e-44,3.41e-45
498,4369,2.265e-44,3.4e-45
498,4370,2.258e-44,3.4e-45
498,4371,2.264e-44,3.4e-45
498,4372,2.264e-44,3.4e-45
498,4373,2.253e-44,3.39e-45
498,4374,2.228e-44,3.39e-45
498,4375,2.203e-44,3.38e-45
498,4376,2.213e-44,3.38e-45
498,4377,2.214e-44,3.38e-45
498,4378,2.171e-44,3.37e-45
498,4379,2.162e-44,3.37e-45
498,4380,2.155e-44,3.36e-45
498,4381,2.15e-44,3.36e-45
498,4382,2.145e-44,3.36e-45
498,4383,2.15e-44,3.36e-45
498,4384,2.139e-44,3.36e-45
498,4385,2.108e-44,3.35e-45
498,4386,2.103e-44,3.35e-45
498,4387,2.083e-44,3.34e-45
498,4388,2.067e-44,3.34e-45
498,4389,2.052e-44,3.33e-45
498,4390,2.051e-44,3.33e-45
498,4391,2.052e-44,3.33e-45
498,4392,2.02e-44,3.32e-45
498,4393,2.012e-44,3.32e-45
498,4394,2.017e-44,3.32e-45
498,4395,2.003e-44,3.32e-45
498,4396,2.011e-44,3.31e-45
498,4397,1.99e-44,3.31e-45
498,4398,1.987e-44,3.31e-45
498,4399,1.967e-44,3.31e-45
498,4400,1.962e-44,3.3e-45
498,4401,1.949e-44,3.3e-45
498,4402,1.942e-44,3.3e-45
498,4403,1.946e-44,3.29e-45
498,4404,1.94e-44,3.29e-45
498,4405,1.924e-44,3.29e-45
498,4406,1.914e-44,3.29e-45
498,4407,1.906e-44,3.29e-45
498,4408,1.875e-44,3.28e-45
498,4409,1.89e-44,3.28e-45
498,4410,1.874e-44,3.28e-45
498,4411,1.872e-44,3.28e-45
498,4412,1.851e-44,3.27e-45
498,4413,1.836e-44,3.27e-45
498,4414,1.852e-44,3.26e-45
498,4415,1.839e-44,3.26e-45
498,4416,1.822e-44,3.26e-45
498,4417,1.81e-44,3.26e-45
498,4418,1.814e-44,3.25e-45
498,4419,1.795e-44,3.25e-45
498,4420,1.813e-44,3.25e-45
498,4421,1.801e-44,3.25e-45
498,4422,1.784e-44,3.24e-45
498,4423,1.788e-44,3.24e-45
498,4424,1.755e-44,3.24e-45
498,4425,1.745e-44,3.23e-45
498,4426,1.759e-44,3.23e-45
498,4427,1.756e-44,3.23e-45
498,4428,1.736e-44,3.23e-45
498,4429,1.715e-44,3.22e-45
498,4430,1.715e-44,3.22e-45
498,4431,1.711e-44,3.22e-45
498,4432,1.694e-44,3.22e-45
498,4433,1.714e-44,3.22e-45
498,4434,1.699e-44,3.22e-45
498,4435,1.689e-44,3.21e-45
498,4436,1.702e-44,3.21e-45
498,4437,1.686e-44,3.21e-45
498,4438,1.692e-44,3.21e-45
498,4439,1.683e-44,3.21e-45
498,4440,1.661e-44,3.2e-45
498,4441,1.643e-44,3.2e-45
498,4442,1.666e-44,3.2e-45
498,4443,1.671e-44,3.2e-45
498,4444,1.666e-44,3.2e-45
498,4445,1.626e-44,3.19e-45
498,4446,1.628e-44,3.19e-45
498,4447,1.64e-44,3.19e-45
498,4448,1.647e-44,3.19e-45
498,4449,1.626e-44,3.18e-45
498,4450,1.634e-44,3.18e-45
498,4451,1.624e-44,3.18e-45
498,4452,1.612e-44,3.18e-45
498,4453,1.615e-44,3.18e-45
498,4454,1.595e-44,3.18e-45
498,4455,1.597e-44,3.17e-45
498,4456,1.607e-44,3.17e-45
498,4457,1.604e-44,3.17e-45
498,4458,1.596e-44,3.17e-45
498,4459,1.587e-44,3.17e-45
498,4460,1.584e-44,3.17e-45
498,4461,1.562e-44,3.16e-45
498,4462,1.588e-44,3.17e-45
498,4463,1.575e-44,3.16e-45
498,4464,1.565e-44,3.16e-45
498,4465,1.551e-44,3.16e-45
498,4466,1.54e-44,3.15e-45
498,4467,1.547e-44,3.15e-45
498,4468,1.541e-44,3.15e-45
498,4469,1.55e-44,3.15e-45
498,4470,1.541e-44,3.15e-45
498,4471,1.534e-44,3.15e-45
498,4472,1.516e-44,3.14e-45
498,4473,1.528e-44,3.15e-45
498,4474,1.528e-44,3.15e-45
498,4475,1.511e-44,3.15e-45
498,4476,1.52e-44,3.14e-45
498,4477,1.499e-44,3.14e-45
498,4478,1.504e-44,3.14e-45
498,4479,1.517e-44,3.14e-45
498,4480,1.523e-44,3.13e-45
498,4481,1.487e-44,3.13e-45
498,4482,1.473e-44,3.13e-45
498,4483,1.478e-44,3.13e-45
498,4484,1.5e-44,3.13e-45
498,4485,1.48e-44,3.13e-45
498,4486,1.463e-44,3.12e-45
498,4487,1.475e-44,3.13e-45
498,4488,1.476e-44,3.12e-45
498,4489,1.456e-44,3.12e-45
498,4490,1.462e-44,3.12e-45
498,4491,1.45e-44,3.12e-45
498,4492,1.453e-44,3.12e-45
498,4493,1.442e-44,3.11e-45
498,4494,1.437e-44,3.11e-45
498,4495,1.457e-44,3.12e-45
498,4496,1.443e-44,3.11e-45
498,4497,1.406e-44,3.1e-45
498,4498,1.443e-44,3.11e-45
498,4499,1.449e-44,3.11e-45
498,4500,1.43e-44,3.11e-45
498,4501,1.424e-44,3.1e-45
498,4502,1.429e-44,3.1e-45
498,4503,1.428e-44,3.1e-45
498,4504,1.422e-44,3.1e-45
498,4505,1.439e-44,3.1e-45
498,4506,1.421e-44,3.1e-45
498,4507,1.411e-44,3.1e-45
498,4508,1.392e-44,3.09e-45
498,4509,1.409e-44,3.1e-45
498,4510,1.417e-44,3.1e-45
498,4511,1.41e-44,3.1e-45
498,4512,1.385e-44,3.09e-45
498,4513,1.385e-44,3.09e-45
498,4514,1.403e-44,3.09e-45
498,4515,1.392e-44,3.09e-45
498,4516,1.388e-44,3.09e-45
498,4517,1.369e-44,3.08e-45
498,4518,1.366e-44,3.08e-45
498,4519,1.365e-44,3.08e-45
498,4520,1.355e-44,3.08e-45
498,4521,1.356e-44,3.08e-45
498,4522,1.367e-44,3.08e-45
498,4523,1.385e-44,3.08e-45
498,4524,1.366e-44,3.07e-45
498,4525,1.345e-44,3.07e-45
498,4526,1.339e-44,3.07e-45
498,4527,1.311e-44,3.07e-45
498,4528,1.328e-44,3.07e-45
498,4529,1.341e-44,3.07e-45
498,4530,1.363e-44,3.07e-45
498,4531,1.367e-44,3.07e-45
498,4532,1.336e-44,3.06e-45
498,4533,1.328e-44,3.06e-45
498,4534,1.321e-44,3.06e-45
498,4535,1.316e-44,3.06e-45
498,4536,1.326e-44,3.06e-45
498,4537,1.308e-44,3.06e-45
498,4538,1.284e-44,3.05e-45
498,4539,1.299e-44,3.05e-45
498,4540,1.307e-44,3.05e-45
498,4541,1.299e-44,3.05e-45
498,4542,1.302e-44,3.05e-45
498,4543,1.29e-44,3.05e-45
498,4544,1.273e-44,3.05e-45
498,4545,1.289e-44,3.05e-45
498,4546,1.299e-44,3.05e-45
498,4547,1.285e-44,3.05e-45
498,4548,1.267e-44,3.04e-45
498,4549,1.271e-44,3.04e-45
498,4550,1.284e-44,3.04e-45
498,4551,1.295e-44,3.04e-45
498,4552,1.291e-44,3.04e-45
498,4553,1.302e-44,3.04e-45
498,4554,1.268e-44,3.04e-45
498,4555,1.247e-44,3.03e-45
498,4556,1.258e-44,3.03e-45
498,4557,1.269e-44,3.03e-45
498,4558,1.269e-44,3.03e-45
498,4559,1.263e-44,3.03e-45
498,4560,1.301e-44,3.04e-45
498,4561,1.278e-44,3.03e-45
498,4562,1.26e-44,3.03e-45
498,4563,1.26e-44,3.03e-45
498,4564,1.276e-44,3.03e-45
498,4565,1.281e-44,3.03e-45
498,4566,1.255e-44,3.03e-45
498,4567,1.251e-44,3.03e-45
498,4568,1.236e-44,3.03e-45
498,4569,1.245e-44,3.02e-45
498,4570,1.278e-44,3.03e-45
498,4571,1.27e-44,3.02e-45
498,4572,1.244e-44,3.02e-45
498,4573,1.236e-44,3.02e-45
498,4574,1.247e-44,3.02e-45
498,4575,1.26e-44,3.02e-45
498,4576,1.271e-44,3.02e-45
498,4577,1.247e-44,3.02e-45
498,4578,1.213e-44,3.02e-45
498,4579,1.219e-44,3.02e-45
498,4580,1.243e-44,3.02e-45
498,4581,1.275e-44,3.02e-45
498,4582,1.284e-44,3.02e-45
498,4583,1.279e-44,3.02e-45
498,4584,1.274e-44,3.02e-45
498,4585,1.265e-44,3.02e-45
498,4586,1.228e-44,3.02e-45
498,4587,1.207e-44,3.01e-45
498,4588,1.249e-44,3.02e-45
498,4589,1.265e-44,3.02e-45
498,4590,1.227e-44,3.01e-45
498,4591,1.203e-44,3.01e-45
498,4592,1.26e-44,3.02e-45
498,4593,1.285e-44,3.02e-45
498,4594,1.26e-44,3.02e-45
498,4595,1.25e-44,3.02e-45
498,4596,1.244e-44,3.02e-45
498,4597,1.246e-44,3.02e-45
498,4598,1.263e-44,3.02e-45
498,4599,1.268e-44,3.02e-45
498,4600,1.239e-44,3.02e-45
498,4601,1.235e-44,3.02e-45
498,4602,1.235e-44,3.02e-45
498,4603,1.232e-44,3.02e-45
498,4604,1.257e-44,3.02e-45
498,4605,1.254e-44,3.02e-45
498,4606,1.274e-44,3.02e-45
498,4607,1.273e-44,3.02e-45
498,4608,1.307e-44,3.02e-45
498,4609,1.296e-44,3.02e-45
498,4610,1.269e-44,3.02e-45
498,4611,1.253e-44,3.02e-45
498,4612,1.274e-44,3.02e-45
498,4613,1.29e-44,3.02e-45
498,4614,1.274e-44,3.02e-45
498,4615,1.274e-44,3.02e-45
498,4616,1.296e-44,3.03e-45
498,4617,1.292e-44,3.02e-45
498,4618,1.267e-44,3.02e-45
498,4619,1.27e-44,3.03e-45
498,4620,1.295e-44,3.03e-45
498,4621,1.319e-44,3.03e-45
498,4622,1.325e-44,3.03e-45
498,4623,1.324e-44,3.04e-45
498,4624,1.306e-44,3.03e-45
498,4625,1.276e-44,3.02e-45
498,4626,1.303e-44,3.03e-45
498,4627,1.358e-44,3.04e-45
498,4628,1.318e-44,3.03e-45
498,4629,1.349e-44,3.04e-45
498,4630,1.325e-44,3.04e-45
498,4631,1.326e-44,3.04e-45
498,4632,1.367e-44,3.04e-45
498,4633,1.37e-44,3.04e-45
498,4634,1.349e-44,3.04e-45
498,4635,1.348e-44,3.04e-45
498,4636,1.388e-44,3.05e-45
498,4637,1.401e-44,3.05e-45
498,4638,1.371e-44,3.04e-45
498,4639,1.368e-44,3.04e-45
498,4640,1.379e-44,3.05e-45
498,4641,1.359e-44,3.05e-45
498,4642,1.357e-44,3.05e-45
498,4643,1.387e-44,3.06e-45
498,4644,1.42e-44,3.06e-45
498,4645,1.401e-44,3.06e-45
498,4646,1.376e-44,3.05e-45
498,4647,1.39e-44,3.06e-45
498,4648,1.394e-44,3.06e-45
498,4649,1.42e-44,3.06e-45
498,4650,1.461e-44,3.06e-45
498,4651,1.422e-44,3.06e-45
498,4652,1.423e-44,3.06e-45
498,4653,1.445e-44,3.07e-45
498,4654,1.477e-44,3.07e-45
498,4655,1.49e-44,3.08e-45
498,4656,1.472e-44,3.07e-45
498,4657,1.483e-44,3.07e-45
498,4658,1.501e-44,3.08e-45
498,4659,1.517e-44,3.08e-45
498,4660,1.511e-44,3.08e-45
498,4661,1.552e-44,3.09e-45
498,4662,1.564e-44,3.09e-45
498,4663,1.501e-44,3.08e-45
498,4664,1.521e-44,3.09e-45
498,4665,1.52e-44,3.09e-45
498,4666,1.523e-44,3.09e-45
498,4667,1.538e-44,3.09e-45
498,4668,1.538e-44,3.09e-45
498,4669,1.571e-44,3.09e-45
498,4670,1.577e-44,3.1e-45
498,4671,1.575e-44,3.1e-45
498,4672,1.569e-44,3.1e-45
498,4673,1.586e-44,3.1e-45
498,4674,1.58e-44,3.1e-45
498,4675,1.582e-44,3.1e-45
498,4676,1.6e-44,3.1e-45
498,4677,1.611e-44,3.11e-45
498,4678,1.632e-44,3.11e-45
498,4679,1.607e-44,3.11e-45
498,4680,1.628e-44,3.11e-45
498,4681,1.655e-44,3.11e-45
498,4682,1.649e-44,3.11e-45
498,4683,1.661e-44,3.12e-45
498,4684,1.671e-44,3.12e-45
498,4685,1.644e-44,3.11e-45
498,4686,1.665e-44,3.11e-45
498,4687,1.684e-44,3.12e-45
498,4688,1.681e-44,3.12e-45
498,4689,1.686e-44,3.12e-45
498,4690,1.717e-44,3.12e-45
498,4691,1.738e-44,3.13e-45
498,4692,1.695e-44,3.12e-45
498,4693,1.707e-44,3.12e-45
498,4694,1.702e-44,3.12e-45
498,4695,1.727e-44,3.13e-45
498,4696,1.739e-44,3.13e-45
498,4697,1.744e-44,3.13e-45
498,4698,1.762e-44,3.13e-45
498,4699,1.727e-44,3.13e-45
498,4700,1.715e-44,3.13e-45
498,4701,1.731e-44,3.13e-45
498,4702,1.735e-44,3.13e-45
498,4703,1.752e-44,3.13e-45
498,4704,1.733e-44,3.13e-45
498,4705,1.741e-44,3.13e-45
498,4706,1.72e-44,3.13e-45
498,4707,1.742e-44,3.13e-45
498,4708,1.722e-44,3.13e-45
498,4709,1.712e-44,3.13e-45
498,4710,1.724e-44,3.13e-45
498,4711,1.698e-44,3.13e-45
498,4712,1.709e-44,3.13e-45
498,4713,1.652e-44,3.12e-45
498,4714,1.678e-44,3.12e-45
498,4715,1.66e-44,3.12e-45
498,4716,1.7e-44,3.13e-45
498,4717,1.651e-44,3.12e-45
498,4718,1.66e-44,3.13e-45
498,4719,1.675e-44,3.12e-45
498,4720,1.694e-44,3.13e-45
498,4721,1.665e-44,3.12e-45
498,4722,1.727e-44,3.14e-45
498,4723,1.676e-44,3.12e-45
498,4724,1.658e-44,3.12e-45
498,4725,1.668e-44,3.13e-45
498,4726,1.69e-44,3.91e-45
498,4727,1.663e-44,3.73e-45
498,4728,1.643e-44,3.69e-45
498,4729,1.688e-44,3.94e-45
498,4730,1.635e-44,3.82e-45
498,4731,1.636e-44,4.83e-45
498,4732,1.641e-44,3.58e-45
498,4733,1.782e-44,3.11e-45
498,4734,1.655e-44,3.39e-45
498,4735,1.592e-44,5e-45
498,4736,1.629e-44,5.11e-45
498,4737,1.601e-44,4.54e-45
498,4738,1.566e-44,4.87e-45
498,4739,1.569e-44,4.38e-45
498,4740,1.568e-44,4.97e-45
498,4741,1.566e-44,4.74e-45
498,4742,1.531e-44,5.05e-45
498,4743,1.538e-44,4.82e-45
498,4744,1.562e-44,4.98e-45
498,4745,1.521e-44,4.83e-45
498,4746,1.545e-44,5.2e-45
498,4747,1.495e-44,5.27e-45
498,4748,1.533e-44,5.57e-45
498,4749,1.486e-44,5.67e-45
498,4750,1.47e-44,5.46e-45
498,4751,1.471e-44,6.14e-45
498,4752,1.422e-44,5.46e-45
498,4753,1.444e-44,6.93e-45
498,4754,1.398e-44,5.92e-45
498,4755,1.516e-44,7.27e-45
498,4756,1.404e-44,5.61e-45
498,4757,1.433e-44,7.98e-45
498,4758,1.417e-44,6.4e-45
498,4759,1.487e-44,6.46e-45
498,4760,1.392e-44,6.33e-45
498,4761,1.426e-44,5.97e-45
498,4762,1.459e-44,7.78e-45
498,4763,1.383e-44,6.33e-45
498,4764,1.408e-44,9.56e-45
498,4765,1.362e-44,7.89e-45
498,4766,1.36e-44,1.3e-44
498,4767,1.46e-44,1.08e-44
498,4768,1.847e-44,6.49e-45
498,4769,1.49e-44,8.49e-45
498,5599,0,2.51e-45
498,5600,0,2.51e-45
498,5601,0,2.46e-45
498,5602,0,2.49e-45
498,5603,0,2.52e-45
498,5604,0,2.51e-45
498,5605,0,2.48e-45
498,5606,0,2.47e-45
498,5607,0,2.47e-45
498,5608,0,2.47e-45
498,5609,0,2.46e-45
498,5610,0,2.47e-45
498,5611,0,2.46e-45
498,5612,0,2.48e-45
498,5613,0,2.48e-45
498,5614,0,2.48e-45
498,5615,0,2.47e-45
498,5616,0,2.47e-45
498,5617,0,2.46e-45
498,5618,0,2.46e-45
498,5619,0,2.46e-45
498,5620,0,2.47e-45
498,5621,0,2.48e-45
498,5622,0,2.47e-45
498,5623,0,2.46e-45
498,5624,0,2.47e-45
498,5625,0,2.48e-45
498,5626,0,2.46e-45
498,5627,0,2.46e-45
498,5628,0,2.47e-45
498,5629,0,2.47e-45
498,5630,0,2.48e-45
498,5631,0,2.49e-45
498,5632,0,2.46e-45
498,5633,0,2.46e-45
498,5634,0,2.46e-45
498,5635,0,2.47e-45
498,5636,0,2.46e-45
498,5637,0,2.47e-45
498,5638,0,2.46e-45
498,5639,0,2.46e-45
498,5640,0,2.47e-45
498,5641,0,2.47e-45
498,5642,0,2.46e-45
498,5643,0,2.46e-45
498,5644,0,2.46e-45
498,5645,0,2.47e-45
498,5646,0,2.47e-45
498,5647,0,2.46e-45
498,5648,0,2.46e-45
498,5649,0,2.46e-45
498,5650,0,2.46e-45
498,5651,0,2.47e-45
498,5652,0,2.47e-45
498,5653,0,2.47e-45
498,5654,0,2.47e-45
498,5655,0,2.48e-45
498,5656,0,2.47e-45
498,5657,0,2.46e-45
498,5658,0,2.46e-45
498,5659,0,2.46e-45
498,5660,0,2.46e-45
498,5661,0,2.46e-45
498,5662,0,2.47e-45
498,5663,0,2.45e-45
498,5664,0,2.46e-45
498,5665,0,2.47e-45
498,5666,0,2.47e-45
498,5667,0,2.45e-45
498,5668,0,2.46e-45
498,5669,0,2.45e-45
498,5670,0,2.45e-45
498,5671,0,2.46e-45
498,5672,0,2.46e-45
498,5673,0,2.46e-45
498,5674,0,2.45e-45
498,5675,0,2.46e-45
498,5676,0,2.46e-45
498,5677,0,2.47e-45
498,5678,0,2.46e-45
498,5679,0,2.46e-45
498,5680,0,2.46e-45
498,5681,0,2.46e-45
498,5682,0,2.46e-45
498,5683,0,2.46e-45
498,5684,0,2.46e-45
498,5685,0,2.46e-45
498,5686,0,2.46e-45
498,5687,0,2.46e-45
498,5688,0,2.47e-45
498,5689,0,2.46e-45
498,5690,0,2.46e-45
498,5691,0,2.46e-45
498,5692,0,2.47e-45
498,5693,0,2.46e-45
498,5694,0,2.45e-45
498,5695,0,2.46e-45
498,5696,0,2.46e-45
498,5697,0,2.46e-45
498,5698,0,2.47e-45
498,5699,0,2.47e-45
498,5700,0,2.46e-45
498,5701,0,2.46e-45
498,5702,0,2.47e-45
498,5703,0,2.46e-45
498,5704,0,2.46e-45
498,5705,0,2.47e-45
498,5706,0,2.46e-45
498,5707,0,2.46e-45
498,5708,0,2.48e-45
498,5709,0,2.47e-45
498,5710,0,2.46e-45
498,5711,0,2.47e-45
498,5712,0,2.47e-45
498,5713,0,2.47e-45
498,5714,0,2.46e-45
498,5715,0,2.46e-45
498,5716,0,2.46e-45
498,5717,0,2.45e-45
498,5718,0,2.46e-45
498,5719,0,2.46e-45
498,5720,0,2.46e-45
498,5721,0,2.47e-45
498,5722,0,2.48e-45
498,5723,0,2.47e-45
498,5724,0,2.46e-45
498,5725,0,2.46e-45
498,5726,0,2.47e-45
498,5727,0,2.46e-45
498,5728,0,2.46e-45
498,5729,0,2.47e-45
498,5730,0,2.47e-45
498,5731,0,2.45e-45
498,5732,0,2.46e-45
498,5733,0,2.47e-45
498,5734,0,2.47e-45
498,5735,0,2.47e-45
498,5736,0,2.47e-45
498,5737,0,2.47e-45
498,5738,0,2.47e-45
498,5739,0,2.45e-45
498,5740,0,2.46e-45
498,5741,0,2.47e-45
498,5742,0,2.47e-45
498,5743,0,2.47e-45
498,5744,0,2.47e-45
498,5745,0,2.46e-45
498,5746,0,2.47e-45
498,5747,0,2.47e-45
498,5748,0,2.47e-45
498,5749,0,2.47e-45
498,5750,0,2.46e-45
498,5751,0,2.46e-45
498,5752,0,2.47e-45
498,5753,0,2.47e-45
498,5754,0,2.47e-45
498,5755,0,2.47e-45
498,5756,0,2.46e-45
498,5757,0,2.47e-45
498,5758,0,2.47e-45
498,5759,0,2.48e-45
498,5760,0,2.49e-45
498,5761,0,2.47e-45
498,5762,0,2.47e-45
498,5763,0,2.46e-45
498,5764,0,2.46e-45
498,5765,0,2.47e-45
498,5766,0,2.48e-45
498,5767,0,2.48e-45
498,5768,0,2.48e-45
498,5769,0,2.47e-45
498,5770,0,2.47e-45
498,5771,0,2.46e-45
498,5772,0,2.47e-45
498,5773,0,2.48e-45
498,5774,0,2.47e-45
498,5775,0,2.47e-45
498,5776,0,2.48e-45
498,5777,0,2.47e-45
498,5778,0,2.46e-45
498,5779,0,2.47e-45
498,5780,0,2.48e-45
498,5781,0,2.48e-45
498,5782,0,2.47e-45
498,5783,0,2.48e-45
498,5784,0,2.47e-45
498,5785,0,2.47e-45
498,5786,0,2.46e-45
498,5787,0,2.46e-45
498,5788,0,2.46e-45
498,5789,0,2.47e-45
498,5790,0,2.47e-45
498,5791,0,2.47e-45
498,5792,0,2.46e-45
498,5793,0,2.47e-45
498,5794,0,2.47e-45
498,5795,0,2.48e-45
498,5796,0,2.47e-45
498,5797,0,2.46e-45
498,5798,0,2.47e-45
498,5799,0,2.46e-45
498,5800,0,2.47e-45
498,5801,0,2.48e-45
498,5802,0,2.48e-45
498,5803,0,2.48e-45
498,5804,0,2.47e-45
498,5805,0,2.47e-45
498,5806,0,2.46e-45
498,5807,0,2.46e-45
498,5808,0,2.46e-45
498,5809,0,2.46e-45
498,5810,0,2.48e-45
498,5811,0,2.48e-45
498,5812,0,2.48e-45
498,5813,0,2.48e-45
498,5814,0,2.46e-45
498,5815,0,2.47e-45
498,5816,0,2.48e-45
498,5817,0,2.47e-45
498,5818,0,2.46e-45
498,5819,0,2.46e-45
498,5820,0,2.46e-45
498,5821,0,2.46e-45
498,5822,0,2.47e-45
498,5823,0,2.48e-45
498,5824,0,2.48e-45
498,5825,0,2.48e-45
498,5826,0,2.48e-45
498,5827,0,2.48e-45
498,5828,0,2.47e-45
498,5829,0,2.47e-45
498,5830,0,2.48e-45
498,5831,0,2.46e-45
498,5832,0,2.48e-45
498,5833,0,2.49e-45
498,5834,0,2.47e-45
498,5835,0,2.47e-45
498,5836,0,2.47e-45
498,5837,0,2.46e-45
498,5838,0,2.46e-45
498,5839,0,2.47e-45
498,5840,0,2.49e-45
498,5841,0,2.48e-45
498,5842,0,2.48e-45
498,5843,0,2.48e-45
498,5844,0,2.47e-45
498,5845,0,2.48e-45
498,5846,0,2.47e-45
498,5847,0,2.47e-45
498,5848,0,2.47e-45
498,5849,0,2.48e-45
498,5850,0,2.48e-45
498,5851,0,2.47e-45
498,5852,0,2.47e-45
498,5853,0,2.48e-45
498,5854,0,2.47e-45
498,5855,0,2.47e-45
498,5856,0,2.47e-45
498,5857,0,2.47e-45
498,5858,0,2.47e-45
498,5859,0,2.47e-45
498,5860,0,2.47e-45
498,5861,0,2.47e-45
498,5862,0,2.48e-45
498,5863,0,2.48e-45
498,5864,0,2.48e-45
498,5865,0,2.48e-45
498,5866,0,2.48e-45
498,5867,0,2.47e-45
498,5868,0,2.47e-45
498,5869,0,2.47e-45
498,5870,0,2.47e-45
498,5871,0,2.47e-45
498,5872,0,2.48e-45
498,5873,0,2.47e-45
498,5874,0,2.47e-45
498,5875,0,2.47e-45
498,5876,0,2.47e-45
498,5877,0,2.48e-45
498,5878,0,2.48e-45
498,5879,0,2.47e-45
498,5880,0,2.48e-45
498,5881,0,2.48e-45
498,5882,0,2.48e-45
498,5883,0,2.48e-45
498,5884,0,2.47e-45
498,5885,0,2.48e-45
498,5886,0,2.47e-45
498,5887,0,2.48e-45
498,5888,0,2.47e-45
498,5889,0,2.47e-45
498,5890,0,2.48e-45
498,5891,0,2.48e-45
498,5892,0,2.47e-45
498,5893,0,2.48e-45
498,5894,0,2.47e-45
498,5895,0,2.47e-45
498,5896,0,2.47e-45
498,5897,0,2.47e-45
498,5898,0,2.48e-45
498,5899,0,2.48e-45
498,5900,0,2.48e-45
498,5901,0,2.47e-45
498,5902,0,2.47e-45
498,5903,0,2.47e-45
498,5904,0,2.48e-45
498,5905,0,2.48e-45
498,5906,0,2.47e-45
498,5907,0,2.47e-45
498,5908,0,2.47e-45
498,5909,0,2.49e-45
498,5910,0,2.48e-45
498,5911,0,2.47e-45
498,5912,0,2.47e-45
498,5913,0,2.48e-45
498,5914,0,2.48e-45
498,5915,0,2.48e-45
498,5916,0,2.48e-45
498,5917,0,2.48e-45
498,5918,0,2.49e-45
498,5919,0,2.49e-45
498,5920,0,2.46e-45
498,5921,0,2.47e-45
498,5922,0,2.47e-45
498,5923,0,2.48e-45
498,5924,0,2.48e-45
498,5925,0,2.49e-45
498,5926,0,2.48e-45
498,5927,0,2.48e-45
498,5928,0,2.48e-45
498,5929,0,2.47e-45
498,5930,0,2.48e-45
498,5931,0,2.48e-45
498,5932,0,2.48e-45
498,5933,0,2.47e-45
498,5934,0,2.47e-45
498,5935,0,2.47e-45
498,5936,0,2.48e-45
498,5937,0,2.47e-45
498,5938,0,2.47e-45
498,5939,0,2.49e-45
498,5940,0,2.48e-45
498,5941,4.8e-46,2.48e-45
498,5942,0,2.48e-45
498,5943,0,2.47e-45
498,5944,0,2.47e-45
498,5945,0,2.48e-45
498,5946,9e-46,2.48e-45
498,5947,0,2.47e-45
498,5948,0,2.47e-45
498,5949,0,2.47e-45
498,5950,0,2.47e-45
498,5951,0,2.48e-45
498,5952,0,2.48e-45
498,5953,0,2.47e-45
498,5954,0,2.46e-45
498,5955,0,2.47e-45
498,5956,0,2.48e-45
498,5957,0,2.47e-45
498,5958,0,2.47e-45
498,5959,0,2.47e-45
498,5960,0,2.47e-45
498,5961,0,2.48e-45
498,5962,0,2.48e-45
